---------------------------------------
Begin Slurm Prolog: Sep-10-2026 16:22:49
Job ID:    13072382
User ID:   wahrens6
Account:   gts-wahrens6
Job name:  saps-competition
Partition: cpu-small
QOS:       inferno
---------------------------------------
INFO:root:Using SAPS config: {'//': 'Competition config using ASV-native include entries. Each include is one competitor environment with its own dependencies.', 'environment_type': 'virtualenv', 'install_command': ['in-dir={env_dir} python -mpip install {build_dir} --force-reinstall'], 'timeout': 60, 'resume': True, 'metrics': ['time'], 'tag': ['standard'], 'saps_dir': 'competition/run_local/task_0', 'env_dir': 'competition/run_local/task_0/env', 'results_dir': 'competition/run_local/task_0/results', 'matrix': {'env_nobuild': {'SAPS_LOG_PATH': ['/storage/scratch1/7/wahrens6/SparseArrayProgrammingSuite/competition/run_13072363/task_5/results/chunk-5/diagnostics.log'], 'REMOTE_STORAGE_BACKEND': ['s3'], 'REMOTE_STORAGE_BUCKET': ['sparse-array-programming-suite'], 'SAPS_CACHE_DIR': ['/storage/scratch1/7/wahrens6/SparseArrayProgrammingSuite/.saps/outputs/cache'], 'SAPS_MANIFEST_PATH': ['/storage/scratch1/7/wahrens6/SparseArrayProgrammingSuite/manifest.json']}}, 'exclude': [{'env_nobuild': {'SAPS_FRAMEWORK': None}}], 'include': [{'python': '3.12', 'req': {'array-api-compat': '1.15.0', 'lark': '1.3.1', 'networkx': '3.6', 'numpy': '2.3', 'scipy': '1.17.1', 'sparse': '0.17.0', 'ssgetpy': '1.0rc2'}, 'env_nobuild': {'SAPS_FRAMEWORK': 'frameworks/saps_numpy.py', 'SAPS_REPO_ROOT': '.', 'SAPS_LOG_PATH': '/storage/scratch1/7/wahrens6/SparseArrayProgrammingSuite/competition/run_13072363/task_5/results/chunk-5/diagnostics.log', 'REMOTE_STORAGE_BACKEND': 's3', 'REMOTE_STORAGE_BUCKET': 'sparse-array-programming-suite', 'SAPS_CACHE_DIR': '/storage/scratch1/7/wahrens6/SparseArrayProgrammingSuite/.saps/outputs/cache', 'SAPS_MANIFEST_PATH': '/storage/scratch1/7/wahrens6/SparseArrayProgrammingSuite/manifest.json'}}, {'python': '3.12', 'req': {'array-api-compat': '1.15.0', 'lark': '1.3.1', 'networkx': '3.6', 'numpy': '2.3', 'scipy': '1.17.1', 'sparse': '0.17.0', 'ssgetpy': '1.0rc2'}, 'env_nobuild': {'SAPS_FRAMEWORK': 'frameworks/saps_scipy.py', 'SAPS_REPO_ROOT': '.', 'SAPS_LOG_PATH': '/storage/scratch1/7/wahrens6/SparseArrayProgrammingSuite/competition/run_13072363/task_5/results/chunk-5/diagnostics.log', 'REMOTE_STORAGE_BACKEND': 's3', 'REMOTE_STORAGE_BUCKET': 'sparse-array-programming-suite', 'SAPS_CACHE_DIR': '/storage/scratch1/7/wahrens6/SparseArrayProgrammingSuite/.saps/outputs/cache', 'SAPS_MANIFEST_PATH': '/storage/scratch1/7/wahrens6/SparseArrayProgrammingSuite/manifest.json'}}, {'python': '3.12', 'req': {'array-api-compat': '1.15.0', 'lark': '1.3.1', 'networkx': '3.6', 'numpy': '2.3', 'scipy': '1.17.1', 'sparse': '0.17.0', 'ssgetpy': '1.0rc2'}, 'env_nobuild': {'SAPS_FRAMEWORK': 'frameworks/saps_sparse.py', 'SAPS_REPO_ROOT': '.', 'SAPS_LOG_PATH': '/storage/scratch1/7/wahrens6/SparseArrayProgrammingSuite/competition/run_13072363/task_5/results/chunk-5/diagnostics.log', 'REMOTE_STORAGE_BACKEND': 's3', 'REMOTE_STORAGE_BUCKET': 'sparse-array-programming-suite', 'SAPS_CACHE_DIR': '/storage/scratch1/7/wahrens6/SparseArrayProgrammingSuite/.saps/outputs/cache', 'SAPS_MANIFEST_PATH': '/storage/scratch1/7/wahrens6/SparseArrayProgrammingSuite/manifest.json'}}, {'python': '3.12', 'req': {'array-api-compat': '1.15.0', 'lark': '1.3.1', 'networkx': '3.6', 'numpy': '2.3', 'scipy': '1.17.1', 'sparse': '0.17.0', 'ssgetpy': '1.0rc2', 'torch': '2.12.1'}, 'env_nobuild': {'SAPS_FRAMEWORK': 'frameworks/saps_pytorch.py', 'SAPS_REPO_ROOT': '.', 'SAPS_LOG_PATH': '/storage/scratch1/7/wahrens6/SparseArrayProgrammingSuite/competition/run_13072363/task_5/results/chunk-5/diagnostics.log', 'REMOTE_STORAGE_BACKEND': 's3', 'REMOTE_STORAGE_BUCKET': 'sparse-array-programming-suite', 'SAPS_CACHE_DIR': '/storage/scratch1/7/wahrens6/SparseArrayProgrammingSuite/.saps/outputs/cache', 'SAPS_MANIFEST_PATH': '/storage/scratch1/7/wahrens6/SparseArrayProgrammingSuite/manifest.json'}}]}
· Using SAPS config: {'//': 'Competition config using ASV-native include entries. Each include is one competitor environment with its own dependencies.', 'environment_type': 'virtualenv', 'install_command': ['in-dir={env_dir} python -mpip install {build_dir} --force-reinstall'], 'timeout': 60, 'resume': True, 'metrics': ['time'], 'tag': ['standard'], 'saps_dir': 'competition/run_local/task_0', 'env_dir': 'competition/run_local/task_0/env', 'results_dir': 'competition/run_local/task_0/results', 'matrix': {'env_nobuild': {'SAPS_LOG_PATH': ['/storage/scratch1/7/wahrens6/SparseArrayProgrammingSuite/competition/run_13072363/task_5/results/chunk-5/diagnostics.log'], 'REMOTE_STORAGE_BACKEND': ['s3'], 'REMOTE_STORAGE_BUCKET': ['sparse-array-programming-suite'], 'SAPS_CACHE_DIR': ['/storage/scratch1/7/wahrens6/SparseArrayProgrammingSuite/.saps/outputs/cache'], 'SAPS_MANIFEST_PATH': ['/storage/scratch1/7/wahrens6/SparseArrayProgrammingSuite/manifest.json']}}, 'exclude': [{'env_nobuild': {'SAPS_FRAMEWORK': None}}], 'include': [{'python': '3.12', 'req': {'array-api-compat': '1.15.0', 'lark': '1.3.1', 'networkx': '3.6', 'numpy': '2.3', 'scipy': '1.17.1', 'sparse': '0.17.0', 'ssgetpy': '1.0rc2'}, 'env_nobuild': {'SAPS_FRAMEWORK': 'frameworks/saps_numpy.py', 'SAPS_REPO_ROOT': '.', 'SAPS_LOG_PATH': '/storage/scratch1/7/wahrens6/SparseArrayProgrammingSuite/competition/run_13072363/task_5/results/chunk-5/diagnostics.log', 'REMOTE_STORAGE_BACKEND': 's3', 'REMOTE_STORAGE_BUCKET': 'sparse-array-programming-suite', 'SAPS_CACHE_DIR': '/storage/scratch1/7/wahrens6/SparseArrayProgrammingSuite/.saps/outputs/cache', 'SAPS_MANIFEST_PATH': '/storage/scratch1/7/wahrens6/SparseArrayProgrammingSuite/manifest.json'}}, {'python': '3.12', 'req': {'array-api-compat': '1.15.0', 'lark': '1.3.1', 'networkx': '3.6', 'numpy': '2.3', 'scipy': '1.17.1', 'sparse': '0.17.0', 'ssgetpy': '1.0rc2'}, 'env_nobuild': {'SAPS_FRAMEWORK': 'frameworks/saps_scipy.py', 'SAPS_REPO_ROOT': '.', 'SAPS_LOG_PATH': '/storage/scratch1/7/wahrens6/SparseArrayProgrammingSuite/competition/run_13072363/task_5/results/chunk-5/diagnostics.log', 'REMOTE_STORAGE_BACKEND': 's3', 'REMOTE_STORAGE_BUCKET': 'sparse-array-programming-suite', 'SAPS_CACHE_DIR': '/storage/scratch1/7/wahrens6/SparseArrayProgrammingSuite/.saps/outputs/cache', 'SAPS_MANIFEST_PATH': '/storage/scratch1/7/wahrens6/SparseArrayProgrammingSuite/manifest.json'}}, {'python': '3.12', 'req': {'array-api-compat': '1.15.0', 'lark': '1.3.1', 'networkx': '3.6', 'numpy': '2.3', 'scipy': '1.17.1', 'sparse': '0.17.0', 'ssgetpy': '1.0rc2'}, 'env_nobuild': {'SAPS_FRAMEWORK': 'frameworks/saps_sparse.py', 'SAPS_REPO_ROOT': '.', 'SAPS_LOG_PATH': '/storage/scratch1/7/wahrens6/SparseArrayProgrammingSuite/competition/run_13072363/task_5/results/chunk-5/diagnostics.log', 'REMOTE_STORAGE_BACKEND': 's3', 'REMOTE_STORAGE_BUCKET': 'sparse-array-programming-suite', 'SAPS_CACHE_DIR': '/storage/scratch1/7/wahrens6/SparseArrayProgrammingSuite/.saps/outputs/cache', 'SAPS_MANIFEST_PATH': '/storage/scratch1/7/wahrens6/SparseArrayProgrammingSuite/manifest.json'}}, {'python': '3.12', 'req': {'array-api-compat': '1.15.0', 'lark': '1.3.1', 'networkx': '3.6', 'numpy': '2.3', 'scipy': '1.17.1', 'sparse': '0.17.0', 'ssgetpy': '1.0rc2', 'torch': '2.12.1'}, 'env_nobuild': {'SAPS_FRAMEWORK': 'frameworks/saps_pytorch.py', 'SAPS_REPO_ROOT': '.', 'SAPS_LOG_PATH': '/storage/scratch1/7/wahrens6/SparseArrayProgrammingSuite/competition/run_13072363/task_5/results/chunk-5/diagnostics.log', 'REMOTE_STORAGE_BACKEND': 's3', 'REMOTE_STORAGE_BUCKET': 'sparse-array-programming-suite', 'SAPS_CACHE_DIR': '/storage/scratch1/7/wahrens6/SparseArrayProgrammingSuite/.saps/outputs/cache', 'SAPS_MANIFEST_PATH': '/storage/scratch1/7/wahrens6/SparseArrayProgrammingSuite/manifest.json'}}]}INFO:root:Using SAPS outputs directory: /storage/scratch1/7/wahrens6/SparseArrayProgrammingSuite/competition/run_13072363/task_5/outputs/chunk-5

· Using SAPS outputs directory: /storage/scratch1/7/wahrens6/SparseArrayProgrammingSuite/competition/run_13072363/task_5/outputs/chunk-5INFO:root:Using SAPS dataset cache: /storage/scratch1/7/wahrens6/SparseArrayProgrammingSuite/.saps/outputs/cache

· Using SAPS dataset cache: /storage/scratch1/7/wahrens6/SparseArrayProgrammingSuite/.saps/outputs/cacheINFO:root:Using SAPS machine files directory: /storage/scratch1/7/wahrens6/SparseArrayProgrammingSuite/competition/run_13072363/task_5/machine_files/chunk-5

· Using SAPS machine files directory: /storage/scratch1/7/wahrens6/SparseArrayProgrammingSuite/competition/run_13072363/task_5/machine_files/chunk-5INFO:root:Discovering benchmarks

· Discovering benchmarksINFO:root:Creating environments
Discovered 12 benchmark entries
Using timeout: 60 seconds

· Creating environmentsINFO:root:Uninstalling from virtualenv-py3.12-array-api-compat1.15.0-lark1.3.1-networkx3.6-numpy2.3-scipy1.17.1-sparse0.17.0-ssgetpy1.0rc2-REMOTE_STORAGE_BACKENDs3-REMOTE_STORAGE_BUCKETsparse-array-programming-suite-SAPS_CACHE_DIR_storage_scratch1_7_wahrens6_SparseArrayProgrammingSuite_.saps_outputs_cache-SAPS_FRAMEWORK_storage_scratch1_7_wahrens6_SparseArrayProgrammingSuite_frameworks_saps_numpy.py-SAPS_LOG_PATH_storage_scratch1_7_wahrens6_SparseArrayProgrammingSuite_competition_run_13072363_task_5_results_chunk-5_diagnostics.log-SAPS_MANIFEST_PATH_storage_scratch1_7_wahrens6_SparseArrayProgrammingSuite_manifest.json-SAPS_REPO_ROOT_storage_scratch1_7_wahrens6_SparseArrayProgrammingSuite

· Uninstalling from virtualenv-py3.12-array-api-compat1.15.0-lark1.3.1-networkx3.6-numpy2.3-scipy1.17.1-sparse0.17.0-ssgetpy1.0rc2-REMOTE_STORAGE_BACKENDs3-REMOTE_STORAGE_BUCKETsparse-array-programming-suite-SAPS_CACHE_DIR_storage_scratch1_7_wahrens6_SparseArrayProgrammingSuite_.saps_outputs_cache-SAPS_FRAMEWORK_storage_scratch1_7_wahrens6_SparseArrayProgrammingSuite_frameworks_saps_numpy.py-SAPS_LOG_PATH_storage_scratch1_7_wahrens6_SparseArrayProgrammingSuite_competition_run_13072363_task_5_results_chunk-5_diagnostics.log-SAPS_MANIFEST_PATH_storage_scratch1_7_wahrens6_SparseArrayProgrammingSuite_manifest.json-SAPS_REPO_ROOT_storage_scratch1_7_wahrens6_SparseArrayProgrammingSuiteINFO:root:Building e00ec0f4 <wma/fix-runner> for virtualenv-py3.12-array-api-compat1.15.0-lark1.3.1-networkx3.6-numpy2.3-scipy1.17.1-sparse0.17.0-ssgetpy1.0rc2-REMOTE_STORAGE_BACKENDs3-REMOTE_STORAGE_BUCKETsparse-array-programming-suite-SAPS_CACHE_DIR_storage_scratch1_7_wahrens6_SparseArrayProgrammingSuite_.saps_outputs_cache-SAPS_FRAMEWORK_storage_scratch1_7_wahrens6_SparseArrayProgrammingSuite_frameworks_saps_numpy.py-SAPS_LOG_PATH_storage_scratch1_7_wahrens6_SparseArrayProgrammingSuite_competition_run_13072363_task_5_results_chunk-5_diagnostics.log-SAPS_MANIFEST_PATH_storage_scratch1_7_wahrens6_SparseArrayProgrammingSuite_manifest.json-SAPS_REPO_ROOT_storage_scratch1_7_wahrens6_SparseArrayProgrammingSuite

· Building e00ec0f4 <wma/fix-runner> for virtualenv-py3.12-array-api-compat1.15.0-lark1.3.1-networkx3.6-numpy2.3-scipy1.17.1-sparse0.17.0-ssgetpy1.0rc2-REMOTE_STORAGE_BACKENDs3-REMOTE_STORAGE_BUCKETsparse-array-programming-suite-SAPS_CACHE_DIR_storage_scratch1_7_wahrens6_SparseArrayProgrammingSuite_.saps_outputs_cache-SAPS_FRAMEWORK_storage_scratch1_7_wahrens6_SparseArrayProgrammingSuite_frameworks_saps_numpy.py-SAPS_LOG_PATH_storage_scratch1_7_wahrens6_SparseArrayProgrammingSuite_competition_run_13072363_task_5_results_chunk-5_diagnostics.log-SAPS_MANIFEST_PATH_storage_scratch1_7_wahrens6_SparseArrayProgrammingSuite_manifest.json-SAPS_REPO_ROOT_storage_scratch1_7_wahrens6_SparseArrayProgrammingSuiteINFO:root:Installing e00ec0f4 <wma/fix-runner> into virtualenv-py3.12-array-api-compat1.15.0-lark1.3.1-networkx3.6-numpy2.3-scipy1.17.1-sparse0.17.0-ssgetpy1.0rc2-REMOTE_STORAGE_BACKENDs3-REMOTE_STORAGE_BUCKETsparse-array-programming-suite-SAPS_CACHE_DIR_storage_scratch1_7_wahrens6_SparseArrayProgrammingSuite_.saps_outputs_cache-SAPS_FRAMEWORK_storage_scratch1_7_wahrens6_SparseArrayProgrammingSuite_frameworks_saps_numpy.py-SAPS_LOG_PATH_storage_scratch1_7_wahrens6_SparseArrayProgrammingSuite_competition_run_13072363_task_5_results_chunk-5_diagnostics.log-SAPS_MANIFEST_PATH_storage_scratch1_7_wahrens6_SparseArrayProgrammingSuite_manifest.json-SAPS_REPO_ROOT_storage_scratch1_7_wahrens6_SparseArrayProgrammingSuite

· Installing e00ec0f4 <wma/fix-runner> into virtualenv-py3.12-array-api-compat1.15.0-lark1.3.1-networkx3.6-numpy2.3-scipy1.17.1-sparse0.17.0-ssgetpy1.0rc2-REMOTE_STORAGE_BACKENDs3-REMOTE_STORAGE_BUCKETsparse-array-programming-suite-SAPS_CACHE_DIR_storage_scratch1_7_wahrens6_SparseArrayProgrammingSuite_.saps_outputs_cache-SAPS_FRAMEWORK_storage_scratch1_7_wahrens6_SparseArrayProgrammingSuite_frameworks_saps_numpy.py-SAPS_LOG_PATH_storage_scratch1_7_wahrens6_SparseArrayProgrammingSuite_competition_run_13072363_task_5_results_chunk-5_diagnostics.log-SAPS_MANIFEST_PATH_storage_scratch1_7_wahrens6_SparseArrayProgrammingSuite_manifest.json-SAPS_REPO_ROOT_storage_scratch1_7_wahrens6_SparseArrayProgrammingSuiteINFO:root:Benchmarking virtualenv-py3.12-array-api-compat1.15.0-lark1.3.1-networkx3.6-numpy2.3-scipy1.17.1-sparse0.17.0-ssgetpy1.0rc2-REMOTE_STORAGE_BACKENDs3-REMOTE_STORAGE_BUCKETsparse-array-programming-suite-SAPS_CACHE_DIR_storage_scratch1_7_wahrens6_SparseArrayProgrammingSuite_.saps_outputs_cache-SAPS_FRAMEWORK_storage_scratch1_7_wahrens6_SparseArrayProgrammingSuite_frameworks_saps_numpy.py-SAPS_LOG_PATH_storage_scratch1_7_wahrens6_SparseArrayProgrammingSuite_competition_run_13072363_task_5_results_chunk-5_diagnostics.log-SAPS_MANIFEST_PATH_storage_scratch1_7_wahrens6_SparseArrayProgrammingSuite_manifest.json-SAPS_REPO_ROOT_storage_scratch1_7_wahrens6_SparseArrayProgrammingSuite

· Benchmarking virtualenv-py3.12-array-api-compat1.15.0-lark1.3.1-networkx3.6-numpy2.3-scipy1.17.1-sparse0.17.0-ssgetpy1.0rc2-REMOTE_STORAGE_BACKENDs3-REMOTE_STORAGE_BUCKETsparse-array-programming-suite-SAPS_CACHE_DIR_storage_scratch1_7_wahrens6_SparseArrayProgrammingSuite_.saps_outputs_cache-SAPS_FRAMEWORK_storage_scratch1_7_wahrens6_SparseArrayProgrammingSuite_frameworks_saps_numpy.py-SAPS_LOG_PATH_storage_scratch1_7_wahrens6_SparseArrayProgrammingSuite_competition_run_13072363_task_5_results_chunk-5_diagnostics.log-SAPS_MANIFEST_PATH_storage_scratch1_7_wahrens6_SparseArrayProgrammingSuite_manifest.json-SAPS_REPO_ROOT_storage_scratch1_7_wahrens6_SparseArrayProgrammingSuiteINFO:root:Running (BFS.BreadthFirstSearchBenchmark.time_bfs--)

·· Running (BFS.BreadthFirstSearchBenchmark.time_bfs--).INFO:root:Running (GMRES.GMRESBenchmark.time_gmres--)

·· Running (GMRES.GMRESBenchmark.time_gmres--)..INFO:root:Running (cg.CGBenchmark.time_cg_solver--)

·· Running (cg.CGBenchmark.time_cg_solver--).INFO:root:Running (cp_als.CP_ALS.time_cp_als--)

·· Running (cp_als.CP_ALS.time_cp_als--)........INFO:root:BFS.BreadthFirstSearchBenchmark.time_bfs

·· BFS.BreadthFirstSearchBenchmark.time_bfs              5/330 failedINFO:root:========================================= ========
                 dataset                          
----------------------------------------- --------
      bfs_inputs.snap-email-Eu-core         n/a   
    bfs_inputs.snap-facebook_combined       n/a   
         bfs_inputs.snap-ca-GrQc            n/a   
      bfs_inputs.snap-p2p-Gnutella04        n/a   
      bfs_test_inputs.test_bfs_basic        n/a   
   bfs_test_inputs.test_bfs_single_node     n/a   
  bfs_test_inputs.test_bfs_disconnected     n/a   
   bfs_test_inputs.test_bfs_undirected      n/a   
      bfs_test_inputs.test_bfs_cycle        n/a   
    bfs_test_inputs.test_bfs_snap_toy       n/a   
   bfs_gap_inputs.GAP/GAP-road_4795720      n/a   
   bfs_gap_inputs.GAP/GAP-road_21003853     n/a   
    bfs_gap_inputs.GAP/GAP-road_417968      n/a   
   bfs_gap_inputs.GAP/GAP-road_6496511      n/a   
   bfs_gap_inputs.GAP/GAP-road_6648699      n/a   
   bfs_gap_inputs.GAP/GAP-road_9811073      n/a   
   bfs_gap_inputs.GAP/GAP-road_22247478     n/a   
   bfs_gap_inputs.GAP/GAP-road_5720252      n/a   
   bfs_gap_inputs.GAP/GAP-road_12366459     n/a   
   bfs_gap_inputs.GAP/GAP-road_20413729     n/a   
   bfs_gap_inputs.GAP/GAP-road_4217374      n/a   
   bfs_gap_inputs.GAP/GAP-road_2674749      n/a   
   bfs_gap_inputs.GAP/GAP-road_22085557     n/a   
   bfs_gap_inputs.GAP/GAP-road_19445040     n/a   
   bfs_gap_inputs.GAP/GAP-road_2360788      n/a   
   bfs_gap_inputs.GAP/GAP-road_19115968     n/a   
   bfs_gap_inputs.GAP/GAP-road_7758767      n/a   
   bfs_gap_inputs.GAP/GAP-road_13468234     n/a   
    bfs_gap_inputs.GAP/GAP-road_30367       n/a   
   bfs_gap_inputs.GAP/GAP-road_18599547     n/a   
   bfs_gap_inputs.GAP/GAP-road_7526108      n/a   
   bfs_gap_inputs.GAP/GAP-road_16836280     n/a   
   bfs_gap_inputs.GAP/GAP-road_12742067     n/a   
   bfs_gap_inputs.GAP/GAP-road_7697995      n/a   
   bfs_gap_inputs.GAP/GAP-road_5876443      n/a   
   bfs_gap_inputs.GAP/GAP-road_9616340      n/a   
   bfs_gap_inputs.GAP/GAP-road_2497673      n/a   
   bfs_gap_inputs.GAP/GAP-road_10052290     n/a   
   bfs_gap_inputs.GAP/GAP-road_12493057     n/a   
   bfs_gap_inputs.GAP/GAP-road_1670855      n/a   
   bfs_gap_inputs.GAP/GAP-road_2760679      n/a   
   bfs_gap_inputs.GAP/GAP-road_2460941      n/a   
   bfs_gap_inputs.GAP/GAP-road_8489650      n/a   
   bfs_gap_inputs.GAP/GAP-road_5005225      n/a   
   bfs_gap_inputs.GAP/GAP-road_8744645      n/a   
   bfs_gap_inputs.GAP/GAP-road_8512023      n/a   
   bfs_gap_inputs.GAP/GAP-road_21912165     n/a   
   bfs_gap_inputs.GAP/GAP-road_1105390      n/a   
   bfs_gap_inputs.GAP/GAP-road_15432163     n/a   
   bfs_gap_inputs.GAP/GAP-road_1600177      n/a   
   bfs_gap_inputs.GAP/GAP-road_19079469     n/a   
   bfs_gap_inputs.GAP/GAP-road_16516637     n/a   
   bfs_gap_inputs.GAP/GAP-road_20202566     n/a   
   bfs_gap_inputs.GAP/GAP-road_21372803     n/a   
   bfs_gap_inputs.GAP/GAP-road_2898009     failed 
   bfs_gap_inputs.GAP/GAP-road_8491277      n/a   
   bfs_gap_inputs.GAP/GAP-road_18798317     n/a   
   bfs_gap_inputs.GAP/GAP-road_23757560     n/a   
   bfs_gap_inputs.GAP/GAP-road_17161819     n/a   
   bfs_gap_inputs.GAP/GAP-road_23180739     n/a   
   bfs_gap_inputs.GAP/GAP-road_10997085     n/a   
   bfs_gap_inputs.GAP/GAP-road_3730630      n/a   
   bfs_gap_inputs.GAP/GAP-road_1079068      n/a   
   bfs_gap_inputs.GAP/GAP-road_15426822     n/a   
   bfs_gap_inputs.GAP/GAP-road_12190925     n/a   
   bfs_gap_inputs.GAP/GAP-road_1155218      n/a   
   bfs_gap_inputs.GAP/GAP-road_10693488     n/a   
   bfs_gap_inputs.GAP/GAP-road_14434835     n/a   
   bfs_gap_inputs.GAP/GAP-road_19963339     n/a   
   bfs_gap_inputs.GAP/GAP-road_3486185      n/a   
   bfs_gap_inputs.GAP/GAP-road_18383269     n/a   
   bfs_gap_inputs.GAP/GAP-road_20269908     n/a   
   bfs_gap_inputs.GAP/GAP-road_12370764     n/a   
   bfs_gap_inputs.GAP/GAP-road_7843140      n/a   
 bfs_gap_inputs.GAP/GAP-twitter_12441072    n/a   
 bfs_gap_inputs.GAP/GAP-twitter_54488257    n/a   
 bfs_gap_inputs.GAP/GAP-twitter_25451915    n/a   
 bfs_gap_inputs.GAP/GAP-twitter_57714473    n/a   
 bfs_gap_inputs.GAP/GAP-twitter_14839494    n/a   
 bfs_gap_inputs.GAP/GAP-twitter_32081104    n/a   
 bfs_gap_inputs.GAP/GAP-twitter_52957357    n/a   
 bfs_gap_inputs.GAP/GAP-twitter_50444380    n/a   
 bfs_gap_inputs.GAP/GAP-twitter_49590701    n/a   
 bfs_gap_inputs.GAP/GAP-twitter_20127816    n/a   
 bfs_gap_inputs.GAP/GAP-twitter_34939333    n/a   
 bfs_gap_inputs.GAP/GAP-twitter_48251001    n/a   
 bfs_gap_inputs.GAP/GAP-twitter_19524253    n/a   
 bfs_gap_inputs.GAP/GAP-twitter_43676726    n/a   
 bfs_gap_inputs.GAP/GAP-twitter_33055508    n/a   
 bfs_gap_inputs.GAP/GAP-twitter_15244687    n/a   
 bfs_gap_inputs.GAP/GAP-twitter_24946738    n/a   
  bfs_gap_inputs.GAP/GAP-twitter_6479472    n/a   
 bfs_gap_inputs.GAP/GAP-twitter_26077682    n/a   
 bfs_gap_inputs.GAP/GAP-twitter_22023875    n/a   
 bfs_gap_inputs.GAP/GAP-twitter_22081915    n/a   
 bfs_gap_inputs.GAP/GAP-twitter_40034162    n/a   
 bfs_gap_inputs.GAP/GAP-twitter_49496014    n/a   
 bfs_gap_inputs.GAP/GAP-twitter_42847507    n/a   
 bfs_gap_inputs.GAP/GAP-twitter_52409557    n/a   
 bfs_gap_inputs.GAP/GAP-twitter_55445388    n/a   
 bfs_gap_inputs.GAP/GAP-twitter_22028097    n/a   
 bfs_gap_inputs.GAP/GAP-twitter_48766648    n/a   
 bfs_gap_inputs.GAP/GAP-twitter_44521241    n/a   
 bfs_gap_inputs.GAP/GAP-twitter_60135542    n/a   
 bfs_gap_inputs.GAP/GAP-twitter_28528671    n/a   
  bfs_gap_inputs.GAP/GAP-twitter_9678012    n/a   
 bfs_gap_inputs.GAP/GAP-twitter_40020306    n/a   
 bfs_gap_inputs.GAP/GAP-twitter_31625735    n/a   
 bfs_gap_inputs.GAP/GAP-twitter_37446892    n/a   
 bfs_gap_inputs.GAP/GAP-twitter_51788952    n/a   
 bfs_gap_inputs.GAP/GAP-twitter_52584255    n/a   
 bfs_gap_inputs.GAP/GAP-twitter_20346696    n/a   
 bfs_gap_inputs.GAP/GAP-twitter_48387909    n/a   
 bfs_gap_inputs.GAP/GAP-twitter_37337427    n/a   
 bfs_gap_inputs.GAP/GAP-twitter_50501084    n/a   
 bfs_gap_inputs.GAP/GAP-twitter_30130061    n/a   
 bfs_gap_inputs.GAP/GAP-twitter_41185893    n/a   
 bfs_gap_inputs.GAP/GAP-twitter_56495703    n/a   
 bfs_gap_inputs.GAP/GAP-twitter_45663305   failed 
 bfs_gap_inputs.GAP/GAP-twitter_33359460    n/a   
 bfs_gap_inputs.GAP/GAP-twitter_48143058    n/a   
 bfs_gap_inputs.GAP/GAP-twitter_33291513    n/a   
 bfs_gap_inputs.GAP/GAP-twitter_53461445    n/a   
 bfs_gap_inputs.GAP/GAP-twitter_29340610    n/a   
 bfs_gap_inputs.GAP/GAP-twitter_34148498    n/a   
 bfs_gap_inputs.GAP/GAP-twitter_49171806    n/a   
 bfs_gap_inputs.GAP/GAP-twitter_35550696    n/a   
 bfs_gap_inputs.GAP/GAP-twitter_14521507    n/a   
 bfs_gap_inputs.GAP/GAP-twitter_51633218    n/a   
 bfs_gap_inputs.GAP/GAP-twitter_46823382    n/a   
 bfs_gap_inputs.GAP/GAP-twitter_19396273    n/a   
 bfs_gap_inputs.GAP/GAP-twitter_19871750    n/a   
 bfs_gap_inputs.GAP/GAP-twitter_36862677    n/a   
 bfs_gap_inputs.GAP/GAP-twitter_49539126    n/a   
 bfs_gap_inputs.GAP/GAP-twitter_34016452    n/a   
 bfs_gap_inputs.GAP/GAP-twitter_36567395    n/a   
 bfs_gap_inputs.GAP/GAP-twitter_55487793    n/a   
 bfs_gap_inputs.GAP/GAP-twitter_14391370    n/a   
   bfs_gap_inputs.GAP/GAP-web_10219452      n/a   
   bfs_gap_inputs.GAP/GAP-web_44758211      n/a   
    bfs_gap_inputs.GAP/GAP-web_890671       n/a   
   bfs_gap_inputs.GAP/GAP-web_13843756      n/a   
   bfs_gap_inputs.GAP/GAP-web_14168062      n/a   
   bfs_gap_inputs.GAP/GAP-web_20906930      n/a   
   bfs_gap_inputs.GAP/GAP-web_12189584      n/a   
   bfs_gap_inputs.GAP/GAP-web_26352335      n/a   
   bfs_gap_inputs.GAP/GAP-web_43500686      n/a   
    bfs_gap_inputs.GAP/GAP-web_8987024      n/a   
    bfs_gap_inputs.GAP/GAP-web_5699762      n/a   
   bfs_gap_inputs.GAP/GAP-web_41436455      n/a   
    bfs_gap_inputs.GAP/GAP-web_5030727      n/a   
   bfs_gap_inputs.GAP/GAP-web_40735218      n/a   
   bfs_gap_inputs.GAP/GAP-web_16533563      n/a   
   bfs_gap_inputs.GAP/GAP-web_28700166      n/a   
     bfs_gap_inputs.GAP/GAP-web_64711       n/a   
   bfs_gap_inputs.GAP/GAP-web_39634750      n/a   
   bfs_gap_inputs.GAP/GAP-web_16037779      n/a   
   bfs_gap_inputs.GAP/GAP-web_27152739      n/a   
   bfs_gap_inputs.GAP/GAP-web_16404061      n/a   
   bfs_gap_inputs.GAP/GAP-web_20491963      n/a   
    bfs_gap_inputs.GAP/GAP-web_5322423      n/a   
   bfs_gap_inputs.GAP/GAP-web_21420953      n/a   
   bfs_gap_inputs.GAP/GAP-web_26622109      n/a   
    bfs_gap_inputs.GAP/GAP-web_5882875      n/a   
   bfs_gap_inputs.GAP/GAP-web_18091040      n/a   
   bfs_gap_inputs.GAP/GAP-web_10665896      n/a   
   bfs_gap_inputs.GAP/GAP-web_18634422      n/a   
   bfs_gap_inputs.GAP/GAP-web_18138715      n/a   
    bfs_gap_inputs.GAP/GAP-web_2355535      n/a   
   bfs_gap_inputs.GAP/GAP-web_32885205      n/a   
   bfs_gap_inputs.GAP/GAP-web_40657440      n/a   
   bfs_gap_inputs.GAP/GAP-web_35196167      n/a   
   bfs_gap_inputs.GAP/GAP-web_45544426      n/a   
    bfs_gap_inputs.GAP/GAP-web_6175519      n/a   
   bfs_gap_inputs.GAP/GAP-web_40058318      n/a   
   bfs_gap_inputs.GAP/GAP-web_50626230      n/a   
   bfs_gap_inputs.GAP/GAP-web_36571019      n/a   
   bfs_gap_inputs.GAP/GAP-web_49397052      n/a   
   bfs_gap_inputs.GAP/GAP-web_23434265      n/a   
    bfs_gap_inputs.GAP/GAP-web_2299444      n/a   
   bfs_gap_inputs.GAP/GAP-web_32873823      n/a   
   bfs_gap_inputs.GAP/GAP-web_25978282      n/a   
    bfs_gap_inputs.GAP/GAP-web_2461715     failed 
   bfs_gap_inputs.GAP/GAP-web_22787314      n/a   
   bfs_gap_inputs.GAP/GAP-web_30759947      n/a   
    bfs_gap_inputs.GAP/GAP-web_7428894      n/a   
   bfs_gap_inputs.GAP/GAP-web_39173870      n/a   
   bfs_gap_inputs.GAP/GAP-web_43194209      n/a   
   bfs_gap_inputs.GAP/GAP-web_26361509      n/a   
   bfs_gap_inputs.GAP/GAP-web_39747211      n/a   
   bfs_gap_inputs.GAP/GAP-web_30670029      n/a   
   bfs_gap_inputs.GAP/GAP-web_41483033      n/a   
    bfs_gap_inputs.GAP/GAP-web_9358666      n/a   
    bfs_gap_inputs.GAP/GAP-web_9945008      n/a   
    bfs_gap_inputs.GAP/GAP-web_3355244      n/a   
   bfs_gap_inputs.GAP/GAP-web_33831269      n/a   
   bfs_gap_inputs.GAP/GAP-web_45124744      n/a   
   bfs_gap_inputs.GAP/GAP-web_16137877      n/a   
   bfs_gap_inputs.GAP/GAP-web_11235448      n/a   
   bfs_gap_inputs.GAP/GAP-web_37509144      n/a   
   bfs_gap_inputs.GAP/GAP-web_27402414      n/a   
   bfs_gap_inputs.GAP/GAP-web_39546083      n/a   
   bfs_gap_inputs.GAP/GAP-kron_2338012      n/a   
   bfs_gap_inputs.GAP/GAP-kron_31997659     n/a   
   bfs_gap_inputs.GAP/GAP-kron_23590940     n/a   
   bfs_gap_inputs.GAP/GAP-kron_43400604     n/a   
   bfs_gap_inputs.GAP/GAP-kron_75337937     n/a   
    bfs_gap_inputs.GAP/GAP-kron_169867      n/a   
  bfs_gap_inputs.GAP/GAP-kron_104041220     n/a   
   bfs_gap_inputs.GAP/GAP-kron_94177942     n/a   
   bfs_gap_inputs.GAP/GAP-kron_32871357     n/a   
   bfs_gap_inputs.GAP/GAP-kron_56230002     n/a   
   bfs_gap_inputs.GAP/GAP-kron_69883037     n/a   
   bfs_gap_inputs.GAP/GAP-kron_9346345      n/a   
   bfs_gap_inputs.GAP/GAP-kron_48915358     n/a   
  bfs_gap_inputs.GAP/GAP-kron_122571173     n/a   
   bfs_gap_inputs.GAP/GAP-kron_6183279      n/a   
   bfs_gap_inputs.GAP/GAP-kron_86323663     n/a   
  bfs_gap_inputs.GAP/GAP-kron_106725780     n/a   
   bfs_gap_inputs.GAP/GAP-kron_92389938     n/a   
   bfs_gap_inputs.GAP/GAP-kron_16210738     n/a   
   bfs_gap_inputs.GAP/GAP-kron_59816700     n/a   
  bfs_gap_inputs.GAP/GAP-kron_111669929     n/a   
  bfs_gap_inputs.GAP/GAP-kron_102831411     n/a   
  bfs_gap_inputs.GAP/GAP-kron_113384800     n/a   
   bfs_gap_inputs.GAP/GAP-kron_43872564     n/a   
   bfs_gap_inputs.GAP/GAP-kron_80508827     n/a   
   bfs_gap_inputs.GAP/GAP-kron_26105648     n/a   
   bfs_gap_inputs.GAP/GAP-kron_8807516      n/a   
  bfs_gap_inputs.GAP/GAP-kron_118452455     n/a   
  bfs_gap_inputs.GAP/GAP-kron_121818859     n/a   
   bfs_gap_inputs.GAP/GAP-kron_42361928     n/a   
   bfs_gap_inputs.GAP/GAP-kron_29493053     n/a   
   bfs_gap_inputs.GAP/GAP-kron_98461503     n/a   
   bfs_gap_inputs.GAP/GAP-kron_71931337     n/a   
  bfs_gap_inputs.GAP/GAP-kron_103808468     n/a   
   bfs_gap_inputs.GAP/GAP-kron_4092345      n/a   
  bfs_gap_inputs.GAP/GAP-kron_115276241     n/a   
   bfs_gap_inputs.GAP/GAP-kron_4649343      n/a   
   bfs_gap_inputs.GAP/GAP-kron_76656189     n/a   
   bfs_gap_inputs.GAP/GAP-kron_31312001     n/a   
  bfs_gap_inputs.GAP/GAP-kron_111334127     n/a   
  bfs_gap_inputs.GAP/GAP-kron_100962918     n/a   
   bfs_gap_inputs.GAP/GAP-kron_41823215     n/a   
   bfs_gap_inputs.GAP/GAP-kron_22631240     n/a   
   bfs_gap_inputs.GAP/GAP-kron_42848461     n/a   
   bfs_gap_inputs.GAP/GAP-kron_79485148    failed 
  bfs_gap_inputs.GAP/GAP-kron_106818742     n/a   
   bfs_gap_inputs.GAP/GAP-kron_73347974     n/a   
   bfs_gap_inputs.GAP/GAP-kron_78848445     n/a   
  bfs_gap_inputs.GAP/GAP-kron_109920510     n/a   
  bfs_gap_inputs.GAP/GAP-kron_121492133     n/a   
  bfs_gap_inputs.GAP/GAP-kron_101037296     n/a   
   bfs_gap_inputs.GAP/GAP-kron_15438600     n/a   
   bfs_gap_inputs.GAP/GAP-kron_4584784      n/a   
  bfs_gap_inputs.GAP/GAP-kron_124503845     n/a   
   bfs_gap_inputs.GAP/GAP-kron_87241743     n/a   
  bfs_gap_inputs.GAP/GAP-kron_108297008     n/a   
   bfs_gap_inputs.GAP/GAP-kron_33955082     n/a   
   bfs_gap_inputs.GAP/GAP-kron_79934823     n/a   
   bfs_gap_inputs.GAP/GAP-kron_8608481      n/a   
   bfs_gap_inputs.GAP/GAP-kron_82435063     n/a   
   bfs_gap_inputs.GAP/GAP-kron_46579271     n/a   
    bfs_gap_inputs.GAP/GAP-kron_515421      n/a   
  bfs_gap_inputs.GAP/GAP-kron_121530467     n/a   
  bfs_gap_inputs.GAP/GAP-kron_127978736     n/a   
  bfs_gap_inputs.GAP/GAP-urand_27691419     n/a   
  bfs_gap_inputs.GAP/GAP-urand_121280314    n/a   
   bfs_gap_inputs.GAP/GAP-urand_2413431     n/a   
  bfs_gap_inputs.GAP/GAP-urand_37512113     n/a   
  bfs_gap_inputs.GAP/GAP-urand_38390877     n/a   
  bfs_gap_inputs.GAP/GAP-urand_56651037     n/a   
  bfs_gap_inputs.GAP/GAP-urand_128461248    n/a   
  bfs_gap_inputs.GAP/GAP-urand_33029842     n/a   
  bfs_gap_inputs.GAP/GAP-urand_71406328     n/a   
  bfs_gap_inputs.GAP/GAP-urand_117872827    n/a   
  bfs_gap_inputs.GAP/GAP-urand_24351938     n/a   
  bfs_gap_inputs.GAP/GAP-urand_15444519     n/a   
  bfs_gap_inputs.GAP/GAP-urand_127526281    n/a   
  bfs_gap_inputs.GAP/GAP-urand_112279428    n/a   
  bfs_gap_inputs.GAP/GAP-urand_13631649     n/a   
  bfs_gap_inputs.GAP/GAP-urand_110379302    n/a   
  bfs_gap_inputs.GAP/GAP-urand_44800623     n/a   
  bfs_gap_inputs.GAP/GAP-urand_77768193     n/a   
   bfs_gap_inputs.GAP/GAP-urand_175347      n/a   
  bfs_gap_inputs.GAP/GAP-urand_107397389    n/a   
  bfs_gap_inputs.GAP/GAP-urand_43457209     n/a   
  bfs_gap_inputs.GAP/GAP-urand_97215940     n/a   
  bfs_gap_inputs.GAP/GAP-urand_73575165     n/a   
  bfs_gap_inputs.GAP/GAP-urand_44449715     n/a   
  bfs_gap_inputs.GAP/GAP-urand_33931724     n/a   
  bfs_gap_inputs.GAP/GAP-urand_55526610     n/a   
  bfs_gap_inputs.GAP/GAP-urand_14422051     n/a   
  bfs_gap_inputs.GAP/GAP-urand_58043873     n/a   
  bfs_gap_inputs.GAP/GAP-urand_72137329     n/a   
   bfs_gap_inputs.GAP/GAP-urand_9647840     n/a   
  bfs_gap_inputs.GAP/GAP-urand_15940695     n/a   
  bfs_gap_inputs.GAP/GAP-urand_14209952     n/a   
  bfs_gap_inputs.GAP/GAP-urand_49020883     n/a   
  bfs_gap_inputs.GAP/GAP-urand_28901138     n/a   
  bfs_gap_inputs.GAP/GAP-urand_50493273     n/a   
  bfs_gap_inputs.GAP/GAP-urand_49150069     n/a   
  bfs_gap_inputs.GAP/GAP-urand_126525082    n/a   
   bfs_gap_inputs.GAP/GAP-urand_6382740     n/a   
  bfs_gap_inputs.GAP/GAP-urand_89108297     n/a   
   bfs_gap_inputs.GAP/GAP-urand_9239735     n/a   
  bfs_gap_inputs.GAP/GAP-urand_110168548    n/a   
  bfs_gap_inputs.GAP/GAP-urand_95370259     n/a   
  bfs_gap_inputs.GAP/GAP-urand_116653530    n/a   
  bfs_gap_inputs.GAP/GAP-urand_123410703    n/a   
  bfs_gap_inputs.GAP/GAP-urand_16733665    failed 
  bfs_gap_inputs.GAP/GAP-urand_49030282     n/a   
  bfs_gap_inputs.GAP/GAP-urand_108545121    n/a   
  bfs_gap_inputs.GAP/GAP-urand_99095665     n/a   
  bfs_gap_inputs.GAP/GAP-urand_133850077    n/a   
  bfs_gap_inputs.GAP/GAP-urand_63499301     n/a   
  bfs_gap_inputs.GAP/GAP-urand_21541382     n/a   
   bfs_gap_inputs.GAP/GAP-urand_6230751     n/a   
  bfs_gap_inputs.GAP/GAP-urand_89077456     n/a   
  bfs_gap_inputs.GAP/GAP-urand_70392765     n/a   
   bfs_gap_inputs.GAP/GAP-urand_6670455     n/a   
  bfs_gap_inputs.GAP/GAP-urand_61746271     n/a   
  bfs_gap_inputs.GAP/GAP-urand_83349535     n/a   
  bfs_gap_inputs.GAP/GAP-urand_115272184    n/a   
  bfs_gap_inputs.GAP/GAP-urand_20129908     n/a   
  bfs_gap_inputs.GAP/GAP-urand_106148553    n/a   
  bfs_gap_inputs.GAP/GAP-urand_117042375    n/a   
  bfs_gap_inputs.GAP/GAP-urand_71431187     n/a   
  bfs_gap_inputs.GAP/GAP-urand_45287808     n/a   
  bfs_gap_inputs.GAP/GAP-urand_107702120    n/a   
========================================= ========
For parameters: bfs_gap_inputs.GAP/GAP-road_2898009
INFO root: Dataset suitesparse_matrix.GAP/GAP-road manifest metadata is stale.
INFO root: Dataset suitesparse_matrix.GAP/GAP-road regenerated.
Traceback (most recent call last):
  File "/storage/scratch1/7/wahrens6/SparseArrayProgrammingSuite/competition/run_13072363/task_5/env/chunk-5/c6e6c30cd4da42ee650d557ff6858c92/lib/python3.12/site-packages/asv_runner/server.py", line 179, in _run_server
    _run(run_args)
  File "/storage/scratch1/7/wahrens6/SparseArrayProgrammingSuite/competition/run_13072363/task_5/env/chunk-5/c6e6c30cd4da42ee650d557ff6858c92/lib/python3.12/site-packages/asv_runner/run.py", line 73, in _run
    result = benchmark.do_run()
             ^^^^^^^^^^^^^^^^^^
  File "/storage/scratch1/7/wahrens6/SparseArrayProgrammingSuite/competition/run_13072363/task_5/env/chunk-5/c6e6c30cd4da42ee650d557ff6858c92/lib/python3.12/site-packages/asv_runner/benchmarks/_base.py", line 758, in do_run
    return self.run(*self._build_params())
           ^^^^^^^^^^^^^^^^^^^^^^^^^^^^^^^
  File "/storage/scratch1/7/wahrens6/SparseArrayProgrammingSuite/competition/run_13072363/task_5/env/chunk-5/c6e6c30cd4da42ee650d557ff6858c92/lib/python3.12/site-packages/asv_runner/benchmarks/time.py", line 235, in run
    samples, number = self.benchmark_timing(
                      ^^^^^^^^^^^^^^^^^^^^^^
  File "/storage/scratch1/7/wahrens6/SparseArrayProgrammingSuite/competition/run_13072363/task_5/env/chunk-5/c6e6c30cd4da42ee650d557ff6858c92/lib/python3.12/site-packages/asv_runner/benchmarks/time.py", line 357, in benchmark_timing
    timing = timer.timeit(number)
             ^^^^^^^^^^^^^^^^^^^^
  File "/storage/pace-apps/spack/packages/linux-rhel9-x86_64_v3/gcc-11.3.1/python-3.12.5-5sase6atfv2x5tf7dy5x5sqfzyguhsia/lib/python3.12/timeit.py", line 180, in timeit
    timing = self.inner(it, self.timer)
             ^^^^^^^^^^^^^^^^^^^^^^^^^^
  File "<timeit-src>", line 6, in inner
  File "/storage/scratch1/7/wahrens6/SparseArrayProgrammingSuite/competition/run_13072363/task_5/env/chunk-5/c6e6c30cd4da42ee650d557ff6858c92/lib/python3.12/site-packages/asv_runner/benchmarks/time.py", line 130, in func
    self.func(*param)
  File "/storage/scratch1/7/wahrens6/SparseArrayProgrammingSuite/competition/run_13072363/task_5/env/chunk-5/c6e6c30cd4da42ee650d557ff6858c92/lib/python3.12/site-packages/saps/benchmark.py", line 360, in _time_run
    self.run(param)
  File "/storage/scratch1/7/wahrens6/SparseArrayProgrammingSuite/competition/run_13072363/task_5/env/chunk-5/c6e6c30cd4da42ee650d557ff6858c92/lib/python3.12/site-packages/saps/benchmark.py", line 432, in run
    input = [xp.from_binsparse(d) for d in self._input]
             ^^^^^^^^^^^^^^^^^^^^
  File "/storage/scratch1/7/wahrens6/SparseArrayProgrammingSuite/frameworks/saps_numpy.py", line 33, in from_binsparse
    return np.asarray(to_sparse(array).todense())
                      ^^^^^^^^^^^^^^^^^^^^^^^^^^
  File "/storage/scratch1/7/wahrens6/SparseArrayProgrammingSuite/competition/run_13072363/task_5/env/chunk-5/c6e6c30cd4da42ee650d557ff6858c92/lib/python3.12/site-packages/sparse/numba_backend/_coo/core.py", line 410, in todense
    x = np.full(self.shape, self.fill_value, self.dtype)
        ^^^^^^^^^^^^^^^^^^^^^^^^^^^^^^^^^^^^^^^^^^^^^^^^
  File "/storage/scratch1/7/wahrens6/SparseArrayProgrammingSuite/competition/run_13072363/task_5/env/chunk-5/c6e6c30cd4da42ee650d557ff6858c92/lib/python3.12/site-packages/numpy/_core/numeric.py", line 386, in full
    a = empty(shape, dtype, order, device=device)
        ^^^^^^^^^^^^^^^^^^^^^^^^^^^^^^^^^^^^^^^^^
numpy._core._exceptions._ArrayMemoryError: Unable to allocate 4.07 PiB for an array with shape (23947347, 23947347) and data type int64

For parameters: bfs_gap_inputs.GAP/GAP-twitter_45663305
INFO root: Dataset suitesparse_matrix.GAP/GAP-twitter manifest metadata is stale.

GAP-twitter:   0%|          | 0/9469180207 [00:00<?, ?B/s]
GAP-twitter:   0%|          | 245760/9469180207 [00:00<1:07:13, 2347735.72B/s]
GAP-twitter:   0%|          | 1245184/9469180207 [00:00<24:16, 6500762.33B/s] 
GAP-twitter:   0%|          | 2457600/9469180207 [00:00<17:35, 8972996.55B/s]
GAP-twitter:   0%|          | 3702784/9469180207 [00:00<15:17, 10313659.21B/s]
GAP-twitter:   0%|          | 4849664/9469180207 [00:00<14:43, 10712289.90B/s]
GAP-twitter:   0%|          | 6078464/9469180207 [00:00<14:03, 11214614.30B/s]
GAP-twitter:   0%|          | 7356416/9469180207 [00:00<13:28, 11702355.33B/s]
GAP-twitter:   0%|          | 8896512/9469180207 [00:00<12:17, 12835402.90B/s]
GAP-twitter:   0%|          | 10190848/9469180207 [00:00<12:19, 12795433.85B/s]
GAP-twitter:   0%|          | 11730944/9469180207 [00:01<11:36, 13574557.84B/s]
GAP-twitter:   0%|          | 13107200/9469180207 [00:01<11:34, 13617859.99B/s]
GAP-twitter:   0%|          | 14712832/9469180207 [00:01<10:59, 14325200.84B/s]
GAP-twitter:   0%|          | 16318464/9469180207 [00:01<10:37, 14816801.07B/s]
GAP-twitter:   0%|          | 17907712/9469180207 [00:01<10:24, 15124121.41B/s]
GAP-twitter:   0%|          | 19578880/9469180207 [00:01<10:07, 15565704.61B/s]
GAP-twitter:   0%|          | 21282816/9469180207 [00:01<09:51, 15978711.77B/s]
GAP-twitter:   0%|          | 23019520/9469180207 [00:01<09:36, 16393648.53B/s]
GAP-twitter:   0%|          | 24739840/9469180207 [00:01<09:27, 16628584.40B/s]
GAP-twitter:   0%|          | 26460160/9469180207 [00:01<09:23, 16759627.50B/s]
GAP-twitter:   0%|          | 28196864/9469180207 [00:02<09:18, 16900534.44B/s]
GAP-twitter:   0%|          | 29933568/9469180207 [00:02<09:14, 17020328.49B/s]
GAP-twitter:   0%|          | 31719424/9469180207 [00:02<09:07, 17249709.94B/s]
GAP-twitter:   0%|          | 33538048/9469180207 [00:02<08:58, 17510542.51B/s]
GAP-twitter:   0%|          | 35307520/9469180207 [00:02<08:58, 17530419.49B/s]
GAP-twitter:   0%|          | 37093376/9469180207 [00:02<08:56, 17571487.30B/s]
GAP-twitter:   0%|          | 38862848/9469180207 [00:02<08:59, 17490598.47B/s]
GAP-twitter:   0%|          | 40615936/9469180207 [00:02<09:01, 17400314.62B/s]
GAP-twitter:   0%|          | 42369024/9469180207 [00:02<09:03, 17350891.33B/s]
GAP-twitter:   0%|          | 44122112/9469180207 [00:02<09:02, 17357718.32B/s]
GAP-twitter:   0%|          | 45858816/9469180207 [00:03<09:06, 17253960.41B/s]
GAP-twitter:   1%|          | 47644672/9469180207 [00:03<09:01, 17397680.17B/s]
GAP-twitter:   1%|          | 49397760/9469180207 [00:03<09:00, 17415030.11B/s]
GAP-twitter:   1%|          | 51167232/9469180207 [00:03<08:58, 17489138.07B/s]
GAP-twitter:   1%|          | 52969472/9469180207 [00:03<08:53, 17634747.71B/s]
GAP-twitter:   1%|          | 54738944/9469180207 [00:03<09:03, 17317323.76B/s]
GAP-twitter:   1%|          | 56475648/9469180207 [00:03<09:11, 17055818.48B/s]
GAP-twitter:   1%|          | 58195968/9469180207 [00:03<09:17, 16887357.55B/s]
GAP-twitter:   1%|          | 59899904/9469180207 [00:03<09:18, 16849050.61B/s]
GAP-twitter:   1%|          | 61603840/9469180207 [00:03<09:16, 16904242.48B/s]
GAP-twitter:   1%|          | 63324160/9469180207 [00:04<09:14, 16976326.38B/s]
GAP-twitter:   1%|          | 65060864/9469180207 [00:04<09:10, 17085287.50B/s]
GAP-twitter:   1%|          | 66830336/9469180207 [00:04<09:05, 17222085.41B/s]
GAP-twitter:   1%|          | 68567040/9469180207 [00:04<09:08, 17133867.05B/s]
GAP-twitter:   1%|          | 70287360/9469180207 [00:04<09:13, 16968728.18B/s]
GAP-twitter:   1%|          | 72007680/9469180207 [00:04<09:12, 17023737.49B/s]
GAP-twitter:   1%|          | 73760768/9469180207 [00:04<09:07, 17162348.68B/s]
GAP-twitter:   1%|          | 75481088/9469180207 [00:04<09:10, 17059416.13B/s]
GAP-twitter:   1%|          | 77217792/9469180207 [00:04<09:08, 17133217.74B/s]
GAP-twitter:   1%|          | 78954496/9469180207 [00:04<09:06, 17182334.75B/s]
GAP-twitter:   1%|          | 80674816/9469180207 [00:05<09:08, 17105102.25B/s]
GAP-twitter:   1%|          | 82395136/9469180207 [00:05<09:14, 16924575.00B/s]
GAP-twitter:   1%|          | 84099072/9469180207 [00:05<09:23, 16659907.59B/s]
GAP-twitter:   1%|          | 85835776/9469180207 [00:05<09:17, 16837443.26B/s]
GAP-twitter:   1%|          | 87572480/9469180207 [00:05<09:12, 16984442.61B/s]
GAP-twitter:   1%|          | 89309184/9469180207 [00:05<09:10, 17053985.76B/s]
GAP-twitter:   1%|          | 91029504/9469180207 [00:05<09:10, 17026894.13B/s]
GAP-twitter:   1%|          | 92733440/9469180207 [00:05<09:16, 16836260.10B/s]
GAP-twitter:   1%|          | 94420992/9469180207 [00:05<09:19, 16757315.56B/s]
GAP-twitter:   1%|          | 96141312/9469180207 [00:05<09:15, 16881720.40B/s]
GAP-twitter:   1%|          | 97845248/9469180207 [00:06<09:22, 16663273.60B/s]
GAP-twitter:   1%|          | 99532800/9469180207 [00:06<09:21, 16687833.52B/s]
GAP-twitter:   1%|          | 101203968/9469180207 [00:06<09:25, 16579466.92B/s]
GAP-twitter:   1%|          | 102957056/9469180207 [00:06<09:17, 16813944.77B/s]
GAP-twitter:   1%|          | 104644608/9469180207 [00:06<09:16, 16819764.85B/s]
GAP-twitter:   1%|          | 106414080/9469180207 [00:06<09:09, 17026625.69B/s]
GAP-twitter:   1%|          | 108183552/9469180207 [00:06<09:03, 17212089.31B/s]
GAP-twitter:   1%|          | 109920256/9469180207 [00:06<09:02, 17254188.89B/s]
GAP-twitter:   1%|          | 111706112/9469180207 [00:06<08:58, 17391600.89B/s]
GAP-twitter:   1%|          | 113475584/9469180207 [00:06<08:56, 17452891.68B/s]
GAP-twitter:   1%|          | 115294208/9469180207 [00:07<08:50, 17645642.40B/s]
GAP-twitter:   1%|          | 117063680/9469180207 [00:07<09:02, 17250692.79B/s]
GAP-twitter:   1%|▏         | 118800384/9469180207 [00:07<09:04, 17165000.33B/s]
GAP-twitter:   1%|▏         | 120520704/9469180207 [00:07<09:04, 17173034.36B/s]
GAP-twitter:   1%|▏         | 122241024/9469180207 [00:07<09:10, 16993740.53B/s]
GAP-twitter:   1%|▏         | 123944960/9469180207 [00:07<09:10, 16987108.60B/s]
GAP-twitter:   1%|▏         | 125648896/9469180207 [00:07<09:10, 16971082.45B/s]
GAP-twitter:   1%|▏         | 127352832/9469180207 [00:07<09:14, 16859803.78B/s]
GAP-twitter:   1%|▏         | 129105920/9469180207 [00:07<09:08, 17022855.59B/s]
GAP-twitter:   1%|▏         | 130908160/9469180207 [00:08<08:59, 17307824.17B/s]
GAP-twitter:   1%|▏         | 132710400/9469180207 [00:08<08:54, 17473522.25B/s]
GAP-twitter:   1%|▏         | 134463488/9469180207 [00:08<09:00, 17279213.39B/s]
GAP-twitter:   1%|▏         | 136216576/9469180207 [00:08<08:59, 17306950.21B/s]
GAP-twitter:   1%|▏         | 138002432/9469180207 [00:08<08:54, 17454454.88B/s]
GAP-twitter:   1%|▏         | 139804672/9469180207 [00:08<08:50, 17576855.48B/s]
GAP-twitter:   1%|▏         | 141606912/9469180207 [00:08<08:47, 17683390.43B/s]
GAP-twitter:   2%|▏         | 143376384/9469180207 [00:08<08:53, 17496560.77B/s]
GAP-twitter:   2%|▏         | 145129472/9469180207 [00:08<08:56, 17388604.82B/s]
GAP-twitter:   2%|▏         | 146898944/9469180207 [00:08<08:54, 17450063.70B/s]
GAP-twitter:   2%|▏         | 148652032/9469180207 [00:09<08:56, 17356718.15B/s]
GAP-twitter:   2%|▏         | 150388736/9469180207 [00:09<08:58, 17307790.84B/s]
GAP-twitter:   2%|▏         | 152141824/9469180207 [00:09<08:57, 17345549.32B/s]
GAP-twitter:   2%|▏         | 153878528/9469180207 [00:09<08:59, 17255193.45B/s]
GAP-twitter:   2%|▏         | 155615232/9469180207 [00:09<09:05, 17080035.58B/s]
GAP-twitter:   2%|▏         | 157351936/9469180207 [00:09<09:02, 17162412.09B/s]
GAP-twitter:   2%|▏         | 159137792/9469180207 [00:09<08:57, 17328759.44B/s]
GAP-twitter:   2%|▏         | 160874496/9469180207 [00:09<08:59, 17257230.76B/s]
GAP-twitter:   2%|▏         | 162627584/9469180207 [00:09<08:56, 17332249.10B/s]
GAP-twitter:   2%|▏         | 164429824/9469180207 [00:09<08:52, 17462567.72B/s]
GAP-twitter:   2%|▏         | 166182912/9469180207 [00:10<08:52, 17456755.40B/s]
GAP-twitter:   2%|▏         | 167952384/9469180207 [00:10<08:51, 17499090.18B/s]
GAP-twitter:   2%|▏         | 169754624/9469180207 [00:10<08:46, 17647632.13B/s]
GAP-twitter:   2%|▏         | 171524096/9469180207 [00:10<08:49, 17551164.19B/s]
GAP-twitter:   2%|▏         | 173293568/9469180207 [00:10<08:51, 17504243.81B/s]
GAP-twitter:   2%|▏         | 175046656/9469180207 [00:10<08:51, 17503061.10B/s]
GAP-twitter:   2%|▏         | 176832512/9469180207 [00:10<08:48, 17584528.38B/s]
GAP-twitter:   2%|▏         | 178651136/9469180207 [00:10<08:44, 17727150.53B/s]
GAP-twitter:   2%|▏         | 180436992/9469180207 [00:10<08:43, 17759039.79B/s]
GAP-twitter:   2%|▏         | 182239232/9469180207 [00:10<08:41, 17824414.37B/s]
GAP-twitter:   2%|▏         | 184025088/9469180207 [00:11<08:43, 17736966.78B/s]
GAP-twitter:   2%|▏         | 185810944/9469180207 [00:11<08:47, 17595542.46B/s]
GAP-twitter:   2%|▏         | 187580416/9469180207 [00:11<08:52, 17422102.34B/s]
GAP-twitter:   2%|▏         | 189366272/9469180207 [00:11<08:48, 17543589.32B/s]
GAP-twitter:   2%|▏         | 191135744/9469180207 [00:11<08:48, 17567643.14B/s]
GAP-twitter:   2%|▏         | 192937984/9469180207 [00:11<08:44, 17672614.58B/s]
GAP-twitter:   2%|▏         | 194707456/9469180207 [00:11<08:45, 17663351.79B/s]
GAP-twitter:   2%|▏         | 196493312/9469180207 [00:11<08:43, 17704920.30B/s]
GAP-twitter:   2%|▏         | 198279168/9469180207 [00:11<08:43, 17698839.87B/s]
GAP-twitter:   2%|▏         | 200097792/9469180207 [00:11<08:40, 17801068.48B/s]
GAP-twitter:   2%|▏         | 201883648/9469180207 [00:12<08:41, 17756599.83B/s]
GAP-twitter:   2%|▏         | 203669504/9469180207 [00:12<08:43, 17693459.81B/s]
GAP-twitter:   2%|▏         | 205438976/9469180207 [00:12<08:48, 17541062.78B/s]
GAP-twitter:   2%|▏         | 207208448/9469180207 [00:12<08:51, 17430183.36B/s]
GAP-twitter:   2%|▏         | 208977920/9469180207 [00:12<08:49, 17487151.77B/s]
GAP-twitter:   2%|▏         | 210731008/9469180207 [00:12<08:50, 17443271.61B/s]
GAP-twitter:   2%|▏         | 212484096/9469180207 [00:12<08:50, 17443382.35B/s]
GAP-twitter:   2%|▏         | 214269952/9469180207 [00:12<08:47, 17555280.24B/s]
GAP-twitter:   2%|▏         | 216039424/9469180207 [00:12<08:46, 17590171.69B/s]
GAP-twitter:   2%|▏         | 217808896/9469180207 [00:12<08:45, 17598518.41B/s]
GAP-twitter:   2%|▏         | 219594752/9469180207 [00:13<08:43, 17655615.98B/s]
GAP-twitter:   2%|▏         | 221380608/9469180207 [00:13<08:43, 17670858.33B/s]
GAP-twitter:   2%|▏         | 223150080/9469180207 [00:13<08:44, 17619419.98B/s]
GAP-twitter:   2%|▏         | 224919552/9469180207 [00:13<08:48, 17492167.03B/s]
GAP-twitter:   2%|▏         | 226672640/9469180207 [00:13<08:48, 17474227.93B/s]
GAP-twitter:   2%|▏         | 228425728/9469180207 [00:13<08:52, 17365695.68B/s]
GAP-twitter:   2%|▏         | 230178816/9469180207 [00:13<08:58, 17156707.38B/s]
GAP-twitter:   2%|▏         | 231915520/9469180207 [00:13<08:59, 17124228.87B/s]
GAP-twitter:   2%|▏         | 233635840/9469180207 [00:13<08:59, 17115710.95B/s]
GAP-twitter:   2%|▏         | 235388928/9469180207 [00:13<08:56, 17206875.79B/s]
GAP-twitter:   3%|▎         | 237174784/9469180207 [00:14<08:51, 17382483.97B/s]
GAP-twitter:   3%|▎         | 238927872/9469180207 [00:14<08:53, 17294267.87B/s]
GAP-twitter:   3%|▎         | 240697344/9469180207 [00:14<08:50, 17398182.93B/s]
GAP-twitter:   3%|▎         | 242450432/9469180207 [00:14<08:54, 17272044.52B/s]
GAP-twitter:   3%|▎         | 244187136/9469180207 [00:14<09:06, 16870638.44B/s]
GAP-twitter:   3%|▎         | 245956608/9469180207 [00:14<09:00, 17071542.71B/s]
GAP-twitter:   3%|▎         | 247726080/9469180207 [00:14<08:54, 17245297.04B/s]
GAP-twitter:   3%|▎         | 249479168/9469180207 [00:14<08:52, 17321138.21B/s]
GAP-twitter:   3%|▎         | 251215872/9469180207 [00:14<08:53, 17267835.91B/s]
GAP-twitter:   3%|▎         | 252952576/9469180207 [00:15<08:56, 17191948.99B/s]
GAP-twitter:   3%|▎         | 254672896/9469180207 [00:15<09:06, 16865949.69B/s]
GAP-twitter:   3%|▎         | 256409600/9469180207 [00:15<09:02, 16977937.35B/s]
GAP-twitter:   3%|▎         | 258162688/9469180207 [00:15<08:57, 17123007.39B/s]
GAP-twitter:   3%|▎         | 259948544/9469180207 [00:15<08:51, 17317661.35B/s]
GAP-twitter:   3%|▎         | 261734400/9469180207 [00:15<08:48, 17437477.87B/s]
GAP-twitter:   3%|▎         | 263487488/9469180207 [00:15<08:49, 17402049.71B/s]
GAP-twitter:   3%|▎         | 265256960/9469180207 [00:15<08:47, 17456481.60B/s]
GAP-twitter:   3%|▎         | 267042816/9469180207 [00:15<08:43, 17574856.08B/s]
GAP-twitter:   3%|▎         | 268845056/9469180207 [00:15<08:40, 17691732.32B/s]
GAP-twitter:   3%|▎         | 270680064/9469180207 [00:16<08:35, 17842934.60B/s]
GAP-twitter:   3%|▎         | 272482304/9469180207 [00:16<08:34, 17858791.61B/s]
GAP-twitter:   3%|▎         | 274284544/9469180207 [00:16<08:35, 17828630.64B/s]
GAP-twitter:   3%|▎         | 276070400/9469180207 [00:16<08:35, 17824623.68B/s]
GAP-twitter:   3%|▎         | 277856256/9469180207 [00:16<08:39, 17707594.39B/s]
GAP-twitter:   3%|▎         | 279642112/9469180207 [00:16<08:39, 17675040.21B/s]
GAP-twitter:   3%|▎         | 281411584/9469180207 [00:16<08:47, 17432219.98B/s]
GAP-twitter:   3%|▎         | 283181056/9469180207 [00:16<08:45, 17473477.08B/s]
GAP-twitter:   3%|▎         | 284934144/9469180207 [00:16<08:46, 17450597.13B/s]
GAP-twitter:   3%|▎         | 286703616/9469180207 [00:16<08:44, 17509816.34B/s]
GAP-twitter:   3%|▎         | 288473088/9469180207 [00:17<08:43, 17540941.00B/s]
GAP-twitter:   3%|▎         | 290258944/9469180207 [00:17<08:41, 17614568.02B/s]
GAP-twitter:   3%|▎         | 292044800/9469180207 [00:17<08:39, 17655509.70B/s]
GAP-twitter:   3%|▎         | 293814272/9469180207 [00:17<08:40, 17626902.06B/s]
GAP-twitter:   3%|▎         | 295616512/9469180207 [00:17<08:37, 17738950.55B/s]
GAP-twitter:   3%|▎         | 297435136/9469180207 [00:17<08:34, 17828547.64B/s]
GAP-twitter:   3%|▎         | 299286528/9469180207 [00:17<08:29, 18010068.88B/s]
GAP-twitter:   3%|▎         | 301105152/9469180207 [00:17<08:28, 18044447.51B/s]
GAP-twitter:   3%|▎         | 302923776/9469180207 [00:17<08:31, 17936663.84B/s]
GAP-twitter:   3%|▎         | 304726016/9469180207 [00:17<08:35, 17770289.14B/s]
GAP-twitter:   3%|▎         | 306511872/9469180207 [00:18<08:47, 17370079.68B/s]
GAP-twitter:   3%|▎         | 308264960/9469180207 [00:18<08:51, 17240197.10B/s]
GAP-twitter:   3%|▎         | 310001664/9469180207 [00:18<09:04, 16830260.63B/s]
GAP-twitter:   3%|▎         | 311689216/9469180207 [00:18<09:10, 16633414.18B/s]
GAP-twitter:   3%|▎         | 313360384/9469180207 [00:18<09:15, 16476670.23B/s]
GAP-twitter:   3%|▎         | 315015168/9469180207 [00:18<09:15, 16480752.98B/s]
GAP-twitter:   3%|▎         | 316735488/9469180207 [00:18<09:09, 16645335.47B/s]
GAP-twitter:   3%|▎         | 318423040/9469180207 [00:18<09:08, 16690728.85B/s]
GAP-twitter:   3%|▎         | 320126976/9469180207 [00:18<09:05, 16781006.80B/s]
GAP-twitter:   3%|▎         | 321814528/9469180207 [00:18<09:04, 16791102.63B/s]
GAP-twitter:   3%|▎         | 323534848/9469180207 [00:19<09:01, 16874293.45B/s]
GAP-twitter:   3%|▎         | 325238784/9469180207 [00:19<09:01, 16875528.05B/s]
GAP-twitter:   3%|▎         | 326942720/9469180207 [00:19<09:02, 16856062.24B/s]
GAP-twitter:   3%|▎         | 328630272/9469180207 [00:19<09:03, 16822078.42B/s]
GAP-twitter:   3%|▎         | 330383360/9469180207 [00:19<08:57, 17010374.69B/s]
GAP-twitter:   4%|▎         | 332152832/9469180207 [00:19<08:51, 17181608.95B/s]
GAP-twitter:   4%|▎         | 333889536/9469180207 [00:19<08:51, 17195997.49B/s]
GAP-twitter:   4%|▎         | 335609856/9469180207 [00:19<08:56, 17027875.77B/s]
GAP-twitter:   4%|▎         | 337313792/9469180207 [00:19<08:58, 16947686.39B/s]
GAP-twitter:   4%|▎         | 339050496/9469180207 [00:19<08:55, 17046934.39B/s]
GAP-twitter:   4%|▎         | 340770816/9469180207 [00:20<08:59, 16916632.10B/s]
GAP-twitter:   4%|▎         | 342474752/9469180207 [00:20<09:07, 16674486.23B/s]
GAP-twitter:   4%|▎         | 344145920/9469180207 [00:20<09:20, 16294569.37B/s]
GAP-twitter:   4%|▎         | 345784320/9469180207 [00:20<09:25, 16130640.68B/s]
GAP-twitter:   4%|▎         | 347406336/9469180207 [00:20<09:38, 15766373.58B/s]
GAP-twitter:   4%|▎         | 348995584/9469180207 [00:20<09:45, 15576473.67B/s]
GAP-twitter:   4%|▎         | 350568448/9469180207 [00:20<09:50, 15436032.18B/s]
GAP-twitter:   4%|▎         | 352124928/9469180207 [00:20<09:54, 15347904.00B/s]
GAP-twitter:   4%|▎         | 353779712/9469180207 [00:20<09:41, 15678840.76B/s]
GAP-twitter:   4%|▍         | 355500032/9469180207 [00:21<09:25, 16119225.30B/s]
GAP-twitter:   4%|▍         | 357236736/9469180207 [00:21<09:13, 16455926.09B/s]
GAP-twitter:   4%|▍         | 358957056/9469180207 [00:21<09:07, 16646949.19B/s]
GAP-twitter:   4%|▍         | 360628224/9469180207 [00:21<09:15, 16399228.11B/s]
GAP-twitter:   4%|▍         | 362283008/9469180207 [00:21<09:27, 16050172.47B/s]
GAP-twitter:   4%|▍         | 363921408/9469180207 [00:21<09:24, 16131913.74B/s]
GAP-twitter:   4%|▍         | 365658112/9469180207 [00:21<09:12, 16469478.75B/s]
GAP-twitter:   4%|▍         | 367394816/9469180207 [00:21<09:04, 16704962.84B/s]
GAP-twitter:   4%|▍         | 369098752/9469180207 [00:21<09:02, 16783762.64B/s]
GAP-twitter:   4%|▍         | 370786304/9469180207 [00:21<09:10, 16536269.49B/s]
GAP-twitter:   4%|▍         | 372457472/9469180207 [00:22<09:20, 16229493.26B/s]
GAP-twitter:   4%|▍         | 374095872/9469180207 [00:22<09:31, 15905548.23B/s]
GAP-twitter:   4%|▍         | 375701504/9469180207 [00:22<09:32, 15890214.00B/s]
GAP-twitter:   4%|▍         | 377307136/9469180207 [00:22<09:36, 15758035.53B/s]
GAP-twitter:   4%|▍         | 379060224/9469180207 [00:22<09:19, 16232771.61B/s]
GAP-twitter:   4%|▍         | 380796928/9469180207 [00:22<09:10, 16497374.38B/s]
GAP-twitter:   4%|▍         | 382500864/9469180207 [00:22<09:06, 16621479.70B/s]
GAP-twitter:   4%|▍         | 384221184/9469180207 [00:22<09:02, 16760012.49B/s]
GAP-twitter:   4%|▍         | 385908736/9469180207 [00:22<09:02, 16749350.26B/s]
GAP-twitter:   4%|▍         | 387629056/9469180207 [00:22<08:58, 16873784.14B/s]
GAP-twitter:   4%|▍         | 389332992/9469180207 [00:23<09:07, 16591713.70B/s]
GAP-twitter:   4%|▍         | 391004160/9469180207 [00:23<09:11, 16449851.90B/s]
GAP-twitter:   4%|▍         | 392658944/9469180207 [00:23<09:17, 16287730.10B/s]
GAP-twitter:   4%|▍         | 394297344/9469180207 [00:23<09:22, 16142406.51B/s]
GAP-twitter:   4%|▍         | 395935744/9469180207 [00:23<09:19, 16207659.48B/s]
GAP-twitter:   4%|▍         | 397623296/9469180207 [00:23<09:13, 16395634.73B/s]
GAP-twitter:   4%|▍         | 399327232/9469180207 [00:23<09:07, 16571168.53B/s]
GAP-twitter:   4%|▍         | 400998400/9469180207 [00:23<09:12, 16402204.49B/s]
GAP-twitter:   4%|▍         | 402653184/9469180207 [00:23<09:13, 16391111.02B/s]
GAP-twitter:   4%|▍         | 404307968/9469180207 [00:24<09:17, 16260816.53B/s]
GAP-twitter:   4%|▍         | 405946368/9469180207 [00:24<09:22, 16108311.39B/s]
GAP-twitter:   4%|▍         | 407683072/9469180207 [00:24<09:10, 16471012.05B/s]
GAP-twitter:   4%|▍         | 409419776/9469180207 [00:24<09:02, 16698232.27B/s]
GAP-twitter:   4%|▍         | 411090944/9469180207 [00:24<09:07, 16539242.66B/s]
GAP-twitter:   4%|▍         | 412762112/9469180207 [00:24<09:06, 16559298.68B/s]
GAP-twitter:   4%|▍         | 414449664/9469180207 [00:24<09:05, 16613851.18B/s]
GAP-twitter:   4%|▍         | 416153600/9469180207 [00:24<09:01, 16725717.93B/s]
GAP-twitter:   4%|▍         | 417906688/9469180207 [00:24<08:54, 16935169.45B/s]
GAP-twitter:   4%|▍         | 419610624/9469180207 [00:24<09:05, 16582276.46B/s]
GAP-twitter:   4%|▍         | 421281792/9469180207 [00:25<09:07, 16527558.59B/s]
GAP-twitter:   4%|▍         | 422952960/9469180207 [00:25<09:05, 16575665.38B/s]
GAP-twitter:   4%|▍         | 424706048/9469180207 [00:25<08:57, 16823481.02B/s]
GAP-twitter:   5%|▍         | 426393600/9469180207 [00:25<08:57, 16826678.57B/s]
GAP-twitter:   5%|▍         | 428097536/9469180207 [00:25<08:55, 16883471.65B/s]
GAP-twitter:   5%|▍         | 429834240/9469180207 [00:25<08:51, 17022656.91B/s]
GAP-twitter:   5%|▍         | 431538176/9469180207 [00:25<08:53, 16925125.81B/s]
GAP-twitter:   5%|▍         | 433242112/9469180207 [00:25<08:57, 16818188.55B/s]
GAP-twitter:   5%|▍         | 434929664/9469180207 [00:25<08:57, 16809233.52B/s]
GAP-twitter:   5%|▍         | 436649984/9469180207 [00:25<08:54, 16905276.62B/s]
GAP-twitter:   5%|▍         | 438353920/9469180207 [00:26<08:54, 16907374.24B/s]
GAP-twitter:   5%|▍         | 440107008/9469180207 [00:26<08:48, 17075989.21B/s]
GAP-twitter:   5%|▍         | 441827328/9469180207 [00:26<08:47, 17097972.03B/s]
GAP-twitter:   5%|▍         | 443564032/9469180207 [00:26<08:46, 17151000.24B/s]
GAP-twitter:   5%|▍         | 445284352/9469180207 [00:26<08:45, 17156774.76B/s]
GAP-twitter:   5%|▍         | 447037440/9469180207 [00:26<08:43, 17250501.09B/s]
GAP-twitter:   5%|▍         | 448774144/9469180207 [00:26<08:44, 17212772.72B/s]
GAP-twitter:   5%|▍         | 450527232/9469180207 [00:26<08:41, 17293240.82B/s]
GAP-twitter:   5%|▍         | 452263936/9469180207 [00:26<08:48, 17045727.38B/s]
GAP-twitter:   5%|▍         | 454000640/9469180207 [00:26<08:46, 17115126.65B/s]
GAP-twitter:   5%|▍         | 455720960/9469180207 [00:27<08:47, 17089263.10B/s]
GAP-twitter:   5%|▍         | 457490432/9469180207 [00:27<08:42, 17239705.39B/s]
GAP-twitter:   5%|▍         | 459227136/9469180207 [00:27<08:41, 17265893.81B/s]
GAP-twitter:   5%|▍         | 460963840/9469180207 [00:27<08:55, 16814227.83B/s]
GAP-twitter:   5%|▍         | 462651392/9469180207 [00:27<09:08, 16427329.52B/s]
GAP-twitter:   5%|▍         | 464306176/9469180207 [00:27<09:16, 16168329.99B/s]
GAP-twitter:   5%|▍         | 465993728/9469180207 [00:27<09:10, 16345829.91B/s]
GAP-twitter:   5%|▍         | 467697664/9469180207 [00:27<09:04, 16520810.41B/s]
GAP-twitter:   5%|▍         | 469368832/9469180207 [00:27<09:04, 16531968.72B/s]
GAP-twitter:   5%|▍         | 471072768/9469180207 [00:27<09:00, 16649801.82B/s]
GAP-twitter:   5%|▍         | 472743936/9469180207 [00:28<09:04, 16511546.01B/s]
GAP-twitter:   5%|▌         | 474415104/9469180207 [00:28<09:04, 16530816.88B/s]
GAP-twitter:   5%|▌         | 476069888/9469180207 [00:28<09:04, 16514809.95B/s]
GAP-twitter:   5%|▌         | 477724672/9469180207 [00:28<09:04, 16506820.25B/s]
GAP-twitter:   5%|▌         | 479395840/9469180207 [00:28<09:03, 16537742.80B/s]
GAP-twitter:   5%|▌         | 481067008/9469180207 [00:28<09:02, 16579608.07B/s]
GAP-twitter:   5%|▌         | 482754560/9469180207 [00:28<09:00, 16635703.06B/s]
GAP-twitter:   5%|▌         | 484425728/9469180207 [00:28<09:03, 16517485.95B/s]
GAP-twitter:   5%|▌         | 486080512/9469180207 [00:28<09:08, 16362742.94B/s]
GAP-twitter:   5%|▌         | 487751680/9469180207 [00:28<09:06, 16423059.24B/s]
GAP-twitter:   5%|▌         | 489472000/9469180207 [00:29<09:00, 16619908.00B/s]
GAP-twitter:   5%|▌         | 491159552/9469180207 [00:29<08:58, 16678788.61B/s]
GAP-twitter:   5%|▌         | 492830720/9469180207 [00:29<08:58, 16672276.11B/s]
GAP-twitter:   5%|▌         | 494567424/9469180207 [00:29<08:52, 16838322.68B/s]
GAP-twitter:   5%|▌         | 496254976/9469180207 [00:29<08:52, 16843553.07B/s]
GAP-twitter:   5%|▌         | 497942528/9469180207 [00:29<08:52, 16834822.76B/s]
GAP-twitter:   5%|▌         | 499662848/9469180207 [00:29<08:49, 16933389.37B/s]
GAP-twitter:   5%|▌         | 501432320/9469180207 [00:29<08:43, 17116486.62B/s]
GAP-twitter:   5%|▌         | 503152640/9469180207 [00:29<08:47, 17000496.15B/s]
GAP-twitter:   5%|▌         | 504856576/9469180207 [00:29<08:47, 17002896.66B/s]
GAP-twitter:   5%|▌         | 506626048/9469180207 [00:30<08:41, 17191512.09B/s]
GAP-twitter:   5%|▌         | 508362752/9469180207 [00:30<08:39, 17239374.64B/s]
GAP-twitter:   5%|▌         | 510148608/9469180207 [00:30<08:35, 17385612.51B/s]
GAP-twitter:   5%|▌         | 511918080/9469180207 [00:30<08:33, 17445923.47B/s]
GAP-twitter:   5%|▌         | 513687552/9469180207 [00:30<08:31, 17511955.61B/s]
GAP-twitter:   5%|▌         | 515457024/9469180207 [00:30<08:30, 17529506.01B/s]
GAP-twitter:   5%|▌         | 517242880/9469180207 [00:30<08:28, 17616103.30B/s]
GAP-twitter:   5%|▌         | 519012352/9469180207 [00:30<08:34, 17405202.83B/s]
GAP-twitter:   5%|▌         | 520765440/9469180207 [00:30<08:35, 17349973.29B/s]
GAP-twitter:   6%|▌         | 522502144/9469180207 [00:31<08:39, 17218799.99B/s]
GAP-twitter:   6%|▌         | 524238848/9469180207 [00:31<08:41, 17138863.83B/s]
GAP-twitter:   6%|▌         | 525959168/9469180207 [00:31<08:44, 17045027.80B/s]
GAP-twitter:   6%|▌         | 527679488/9469180207 [00:31<08:47, 16963337.86B/s]
GAP-twitter:   6%|▌         | 529399808/9469180207 [00:31<08:46, 16988291.66B/s]
GAP-twitter:   6%|▌         | 531103744/9469180207 [00:31<08:51, 16806628.05B/s]
GAP-twitter:   6%|▌         | 532791296/9469180207 [00:31<09:02, 16479748.89B/s]
GAP-twitter:   6%|▌         | 534446080/9469180207 [00:31<09:02, 16472799.71B/s]
GAP-twitter:   6%|▌         | 536100864/9469180207 [00:31<09:06, 16352700.38B/s]
GAP-twitter:   6%|▌         | 537739264/9469180207 [00:31<09:13, 16122341.61B/s]
GAP-twitter:   6%|▌         | 539394048/9469180207 [00:32<09:10, 16220261.31B/s]
GAP-twitter:   6%|▌         | 541081600/9469180207 [00:32<09:09, 16257042.99B/s]
GAP-twitter:   6%|▌         | 542867456/9469180207 [00:32<08:54, 16696773.90B/s]
GAP-twitter:   6%|▌         | 544571392/9469180207 [00:32<08:52, 16754572.90B/s]
GAP-twitter:   6%|▌         | 546275328/9469180207 [00:32<08:50, 16806048.47B/s]
GAP-twitter:   6%|▌         | 547962880/9469180207 [00:32<08:56, 16628363.18B/s]
GAP-twitter:   6%|▌         | 549634048/9469180207 [00:32<08:58, 16550378.69B/s]
GAP-twitter:   6%|▌         | 551305216/9469180207 [00:32<09:01, 16462618.53B/s]
GAP-twitter:   6%|▌         | 553009152/9469180207 [00:32<08:56, 16631484.00B/s]
GAP-twitter:   6%|▌         | 554729472/9469180207 [00:32<08:51, 16772806.37B/s]
GAP-twitter:   6%|▌         | 556417024/9469180207 [00:33<08:56, 16604450.08B/s]
GAP-twitter:   6%|▌         | 558088192/9469180207 [00:33<08:59, 16502057.02B/s]
GAP-twitter:   6%|▌         | 559742976/9469180207 [00:33<09:01, 16454292.20B/s]
GAP-twitter:   6%|▌         | 561479680/9469180207 [00:33<08:54, 16672316.04B/s]
GAP-twitter:   6%|▌         | 563232768/9469180207 [00:33<08:47, 16884641.51B/s]
GAP-twitter:   6%|▌         | 564936704/9469180207 [00:33<08:48, 16857808.05B/s]
GAP-twitter:   6%|▌         | 566673408/9469180207 [00:33<08:43, 17001252.75B/s]
GAP-twitter:   6%|▌         | 568377344/9469180207 [00:33<08:54, 16650185.79B/s]
GAP-twitter:   6%|▌         | 570048512/9469180207 [00:33<09:01, 16423252.34B/s]
GAP-twitter:   6%|▌         | 571703296/9469180207 [00:33<09:02, 16391631.46B/s]
GAP-twitter:   6%|▌         | 573423616/9469180207 [00:34<08:56, 16585121.20B/s]
GAP-twitter:   6%|▌         | 575127552/9469180207 [00:34<08:52, 16702014.21B/s]
GAP-twitter:   6%|▌         | 576847872/9469180207 [00:34<08:48, 16839610.32B/s]
GAP-twitter:   6%|▌         | 578551808/9469180207 [00:34<08:47, 16858362.56B/s]
GAP-twitter:   6%|▌         | 580288512/9469180207 [00:34<08:43, 16992652.74B/s]
GAP-twitter:   6%|▌         | 582025216/9469180207 [00:34<08:40, 17060180.86B/s]
GAP-twitter:   6%|▌         | 583761920/9469180207 [00:34<08:39, 17104559.91B/s]
GAP-twitter:   6%|▌         | 585482240/9469180207 [00:34<08:41, 17031545.53B/s]
GAP-twitter:   6%|▌         | 587186176/9469180207 [00:34<08:42, 17012677.94B/s]
GAP-twitter:   6%|▌         | 588890112/9469180207 [00:34<08:46, 16869586.35B/s]
GAP-twitter:   6%|▌         | 590594048/9469180207 [00:35<08:45, 16896284.55B/s]
GAP-twitter:   6%|▋         | 592347136/9469180207 [00:35<08:40, 17045378.30B/s]
GAP-twitter:   6%|▋         | 594067456/9469180207 [00:35<08:42, 16972161.71B/s]
GAP-twitter:   6%|▋         | 595771392/9469180207 [00:35<08:43, 16938450.47B/s]
GAP-twitter:   6%|▋         | 597475328/9469180207 [00:35<08:46, 16839887.67B/s]
GAP-twitter:   6%|▋         | 599162880/9469180207 [00:35<08:47, 16805276.23B/s]
GAP-twitter:   6%|▋         | 600899584/9469180207 [00:35<08:44, 16922819.47B/s]
GAP-twitter:   6%|▋         | 602603520/9469180207 [00:35<08:47, 16807590.43B/s]
GAP-twitter:   6%|▋         | 604307456/9469180207 [00:35<08:45, 16867347.86B/s]
GAP-twitter:   6%|▋         | 606044160/9469180207 [00:35<08:41, 16998622.43B/s]
GAP-twitter:   6%|▋         | 607764480/9469180207 [00:36<08:40, 17025609.75B/s]
GAP-twitter:   6%|▋         | 609501184/9469180207 [00:36<08:37, 17106971.83B/s]
GAP-twitter:   6%|▋         | 611221504/9469180207 [00:36<08:40, 17020342.84B/s]
GAP-twitter:   6%|▋         | 612941824/9469180207 [00:36<08:38, 17073384.35B/s]
GAP-twitter:   6%|▋         | 614694912/9469180207 [00:36<08:34, 17204151.85B/s]
GAP-twitter:   7%|▋         | 616431616/9469180207 [00:36<08:34, 17217460.13B/s]
GAP-twitter:   7%|▋         | 618168320/9469180207 [00:36<08:33, 17250614.21B/s]
GAP-twitter:   7%|▋         | 619905024/9469180207 [00:36<08:40, 16993189.83B/s]
GAP-twitter:   7%|▋         | 621625344/9469180207 [00:36<08:39, 17026853.74B/s]
GAP-twitter:   7%|▋         | 623378432/9469180207 [00:37<08:35, 17167894.61B/s]
GAP-twitter:   7%|▋         | 625164288/9469180207 [00:37<08:30, 17340111.25B/s]
GAP-twitter:   7%|▋         | 626917376/9469180207 [00:37<08:28, 17388651.78B/s]
GAP-twitter:   7%|▋         | 628670464/9469180207 [00:37<08:29, 17346488.35B/s]
GAP-twitter:   7%|▋         | 630407168/9469180207 [00:37<08:30, 17301012.55B/s]
GAP-twitter:   7%|▋         | 632143872/9469180207 [00:37<08:32, 17247729.76B/s]
GAP-twitter:   7%|▋         | 633880576/9469180207 [00:37<08:33, 17217745.83B/s]
GAP-twitter:   7%|▋         | 635633664/9469180207 [00:37<08:31, 17257592.80B/s]
GAP-twitter:   7%|▋         | 637370368/9469180207 [00:37<08:30, 17284064.39B/s]
GAP-twitter:   7%|▋         | 639139840/9469180207 [00:37<08:28, 17370162.84B/s]
GAP-twitter:   7%|▋         | 640892928/9469180207 [00:38<08:27, 17383161.52B/s]
GAP-twitter:   7%|▋         | 642662400/9469180207 [00:38<08:26, 17418241.91B/s]
GAP-twitter:   7%|▋         | 644431872/9469180207 [00:38<08:25, 17455271.22B/s]
GAP-twitter:   7%|▋         | 646184960/9469180207 [00:38<08:32, 17211196.10B/s]
GAP-twitter:   7%|▋         | 647921664/9469180207 [00:38<08:31, 17254836.75B/s]
GAP-twitter:   7%|▋         | 649658368/9469180207 [00:38<08:32, 17215826.20B/s]
GAP-twitter:   7%|▋         | 651395072/9469180207 [00:38<08:36, 17082648.12B/s]
GAP-twitter:   7%|▋         | 653131776/9469180207 [00:38<08:34, 17129364.24B/s]
GAP-twitter:   7%|▋         | 654852096/9469180207 [00:38<08:37, 17037556.86B/s]
GAP-twitter:   7%|▋         | 656572416/9469180207 [00:38<08:35, 17081249.26B/s]
GAP-twitter:   7%|▋         | 658325504/9469180207 [00:39<08:32, 17194790.91B/s]
GAP-twitter:   7%|▋         | 660045824/9469180207 [00:39<08:42, 16844172.64B/s]
GAP-twitter:   7%|▋         | 661733376/9469180207 [00:39<08:48, 16660281.78B/s]
GAP-twitter:   7%|▋         | 663404544/9469180207 [00:39<08:53, 16511032.00B/s]
GAP-twitter:   7%|▋         | 665059328/9469180207 [00:39<08:57, 16385586.80B/s]
GAP-twitter:   7%|▋         | 666714112/9469180207 [00:39<08:59, 16303778.38B/s]
GAP-twitter:   7%|▋         | 668368896/9469180207 [00:39<08:58, 16353958.90B/s]
GAP-twitter:   7%|▋         | 670007296/9469180207 [00:39<09:01, 16261120.10B/s]
GAP-twitter:   7%|▋         | 671645696/9469180207 [00:39<09:02, 16229658.14B/s]
GAP-twitter:   7%|▋         | 673284096/9469180207 [00:39<09:01, 16255759.61B/s]
GAP-twitter:   7%|▋         | 674922496/9469180207 [00:40<09:04, 16155206.24B/s]
GAP-twitter:   7%|▋         | 676577280/9469180207 [00:40<09:01, 16232741.88B/s]
GAP-twitter:   7%|▋         | 678215680/9469180207 [00:40<09:04, 16135751.99B/s]
GAP-twitter:   7%|▋         | 679854080/9469180207 [00:40<09:02, 16187543.56B/s]
GAP-twitter:   7%|▋         | 681476096/9469180207 [00:40<09:03, 16179528.04B/s]
GAP-twitter:   7%|▋         | 683098112/9469180207 [00:40<09:02, 16187683.33B/s]
GAP-twitter:   7%|▋         | 684769280/9469180207 [00:40<08:58, 16322425.95B/s]
GAP-twitter:   7%|▋         | 686407680/9469180207 [00:40<09:02, 16179422.55B/s]
GAP-twitter:   7%|▋         | 688029696/9469180207 [00:40<09:02, 16180526.44B/s]
GAP-twitter:   7%|▋         | 689651712/9469180207 [00:40<09:02, 16168679.74B/s]
GAP-twitter:   7%|▋         | 691273728/9469180207 [00:41<09:05, 16090089.80B/s]
GAP-twitter:   7%|▋         | 692912128/9469180207 [00:41<09:02, 16175143.84B/s]
GAP-twitter:   7%|▋         | 694534144/9469180207 [00:41<09:05, 16095891.65B/s]
GAP-twitter:   7%|▋         | 696156160/9469180207 [00:41<09:05, 16078785.22B/s]
GAP-twitter:   7%|▋         | 697778176/9469180207 [00:41<09:06, 16039974.55B/s]
GAP-twitter:   7%|▋         | 699383808/9469180207 [00:41<09:09, 15961936.84B/s]
GAP-twitter:   7%|▋         | 701038592/9469180207 [00:41<09:03, 16118955.05B/s]
GAP-twitter:   7%|▋         | 702660608/9469180207 [00:41<09:03, 16119649.82B/s]
GAP-twitter:   7%|▋         | 704282624/9469180207 [00:41<09:04, 16092646.73B/s]
GAP-twitter:   7%|▋         | 705953792/9469180207 [00:41<08:59, 16240936.96B/s]
GAP-twitter:   7%|▋         | 707592192/9469180207 [00:42<09:01, 16171385.88B/s]
GAP-twitter:   7%|▋         | 709214208/9469180207 [00:42<09:01, 16181092.35B/s]
GAP-twitter:   8%|▊         | 710836224/9469180207 [00:42<09:01, 16185918.82B/s]
GAP-twitter:   8%|▊         | 712458240/9469180207 [00:42<09:03, 16109397.94B/s]
GAP-twitter:   8%|▊         | 714080256/9469180207 [00:42<09:03, 16121943.76B/s]
GAP-twitter:   8%|▊         | 715702272/9469180207 [00:42<09:04, 16081744.05B/s]
GAP-twitter:   8%|▊         | 717357056/9469180207 [00:42<09:01, 16173159.41B/s]
GAP-twitter:   8%|▊         | 718995456/9469180207 [00:42<08:59, 16225722.38B/s]
GAP-twitter:   8%|▊         | 720633856/9469180207 [00:42<09:03, 16103388.08B/s]
GAP-twitter:   8%|▊         | 722272256/9469180207 [00:42<09:00, 16174480.03B/s]
GAP-twitter:   8%|▊         | 723910656/9469180207 [00:43<08:59, 16219974.26B/s]
GAP-twitter:   8%|▊         | 725549056/9469180207 [00:43<08:58, 16233716.30B/s]
GAP-twitter:   8%|▊         | 727203840/9469180207 [00:43<08:55, 16311021.02B/s]
GAP-twitter:   8%|▊         | 728842240/9469180207 [00:43<09:00, 16183233.39B/s]
GAP-twitter:   8%|▊         | 730480640/9469180207 [00:43<08:58, 16216377.65B/s]
GAP-twitter:   8%|▊         | 732102656/9469180207 [00:43<08:59, 16203448.43B/s]
GAP-twitter:   8%|▊         | 733724672/9469180207 [00:43<09:02, 16100510.45B/s]
GAP-twitter:   8%|▊         | 735346688/9469180207 [00:43<09:04, 16030588.14B/s]
GAP-twitter:   8%|▊         | 736952320/9469180207 [00:43<09:05, 15995059.26B/s]
GAP-twitter:   8%|▊         | 738557952/9469180207 [00:44<09:05, 16011349.48B/s]
GAP-twitter:   8%|▊         | 740179968/9469180207 [00:44<09:03, 16050744.13B/s]
GAP-twitter:   8%|▊         | 741801984/9469180207 [00:44<09:03, 16071337.09B/s]
GAP-twitter:   8%|▊         | 743424000/9469180207 [00:44<09:04, 16026983.93B/s]
GAP-twitter:   8%|▊         | 745046016/9469180207 [00:44<09:03, 16049231.18B/s]
GAP-twitter:   8%|▊         | 746668032/9469180207 [00:44<09:02, 16066232.87B/s]
GAP-twitter:   8%|▊         | 748290048/9469180207 [00:44<09:03, 16058287.41B/s]
GAP-twitter:   8%|▊         | 749912064/9469180207 [00:44<09:03, 16057234.12B/s]
GAP-twitter:   8%|▊         | 751534080/9469180207 [00:44<09:02, 16074357.58B/s]
GAP-twitter:   8%|▊         | 753156096/9469180207 [00:44<09:02, 16071131.53B/s]
GAP-twitter:   8%|▊         | 754794496/9469180207 [00:45<08:59, 16154858.83B/s]
GAP-twitter:   8%|▊         | 756416512/9469180207 [00:45<09:01, 16099769.38B/s]
GAP-twitter:   8%|▊         | 758038528/9469180207 [00:45<09:00, 16118095.38B/s]
GAP-twitter:   8%|▊         | 759660544/9469180207 [00:45<08:59, 16132268.77B/s]
GAP-twitter:   8%|▊         | 761282560/9469180207 [00:45<09:00, 16110514.81B/s]
GAP-twitter:   8%|▊         | 762920960/9469180207 [00:45<08:58, 16155616.20B/s]
GAP-twitter:   8%|▊         | 764542976/9469180207 [00:45<09:05, 15950347.66B/s]
GAP-twitter:   8%|▊         | 766181376/9469180207 [00:45<09:01, 16073349.12B/s]
GAP-twitter:   8%|▊         | 767803392/9469180207 [00:45<09:01, 16080510.27B/s]
GAP-twitter:   8%|▊         | 769425408/9469180207 [00:45<09:01, 16066142.60B/s]
GAP-twitter:   8%|▊         | 771047424/9469180207 [00:46<09:00, 16097753.29B/s]
GAP-twitter:   8%|▊         | 772669440/9469180207 [00:46<08:59, 16105789.76B/s]
GAP-twitter:   8%|▊         | 774291456/9469180207 [00:46<08:59, 16127349.89B/s]
GAP-twitter:   8%|▊         | 775929856/9469180207 [00:46<08:57, 16161170.30B/s]
GAP-twitter:   8%|▊         | 777551872/9469180207 [00:46<08:57, 16174868.77B/s]
GAP-twitter:   8%|▊         | 779173888/9469180207 [00:46<08:59, 16097923.82B/s]
GAP-twitter:   8%|▊         | 780795904/9469180207 [00:46<08:59, 16107176.83B/s]
GAP-twitter:   8%|▊         | 782417920/9469180207 [00:46<08:58, 16140514.35B/s]
GAP-twitter:   8%|▊         | 784039936/9469180207 [00:46<08:58, 16123232.03B/s]
GAP-twitter:   8%|▊         | 785661952/9469180207 [00:46<08:59, 16105066.63B/s]
GAP-twitter:   8%|▊         | 787283968/9469180207 [00:47<09:00, 16066851.16B/s]
GAP-twitter:   8%|▊         | 788905984/9469180207 [00:47<08:59, 16097599.46B/s]
GAP-twitter:   8%|▊         | 790528000/9469180207 [00:47<09:01, 16041035.69B/s]
GAP-twitter:   8%|▊         | 792166400/9469180207 [00:47<08:59, 16097439.29B/s]
GAP-twitter:   8%|▊         | 793788416/9469180207 [00:47<08:57, 16131991.70B/s]
GAP-twitter:   8%|▊         | 795410432/9469180207 [00:47<08:58, 16117496.01B/s]
GAP-twitter:   8%|▊         | 797032448/9469180207 [00:47<09:05, 15887305.69B/s]
GAP-twitter:   8%|▊         | 798638080/9469180207 [00:47<09:04, 15934000.19B/s]
GAP-twitter:   8%|▊         | 800243712/9469180207 [00:47<09:02, 15967501.57B/s]
GAP-twitter:   8%|▊         | 801849344/9469180207 [00:47<09:02, 15983157.87B/s]
GAP-twitter:   8%|▊         | 803471360/9469180207 [00:48<09:01, 16007337.77B/s]
GAP-twitter:   9%|▊         | 805076992/9469180207 [00:48<09:05, 15891371.20B/s]
GAP-twitter:   9%|▊         | 806699008/9469180207 [00:48<09:02, 15958852.13B/s]
GAP-twitter:   9%|▊         | 808337408/9469180207 [00:48<08:59, 16045275.94B/s]
GAP-twitter:   9%|▊         | 809959424/9469180207 [00:48<08:59, 16057749.95B/s]
GAP-twitter:   9%|▊         | 811581440/9469180207 [00:48<08:58, 16085775.88B/s]
GAP-twitter:   9%|▊         | 813203456/9469180207 [00:48<08:59, 16057601.79B/s]
GAP-twitter:   9%|▊         | 814825472/9469180207 [00:48<08:57, 16096004.66B/s]
GAP-twitter:   9%|▊         | 816447488/9469180207 [00:48<08:57, 16097188.85B/s]
GAP-twitter:   9%|▊         | 818085888/9469180207 [00:48<08:56, 16136398.67B/s]
GAP-twitter:   9%|▊         | 819707904/9469180207 [00:49<08:56, 16123457.18B/s]
GAP-twitter:   9%|▊         | 821346304/9469180207 [00:49<08:53, 16195825.93B/s]
GAP-twitter:   9%|▊         | 822968320/9469180207 [00:49<08:55, 16134940.28B/s]
GAP-twitter:   9%|▊         | 824590336/9469180207 [00:49<08:54, 16158763.21B/s]
GAP-twitter:   9%|▊         | 826228736/9469180207 [00:49<08:53, 16206143.77B/s]
GAP-twitter:   9%|▊         | 827850752/9469180207 [00:49<08:53, 16194736.06B/s]
GAP-twitter:   9%|▉         | 829472768/9469180207 [00:49<08:53, 16199166.75B/s]
GAP-twitter:   9%|▉         | 831094784/9469180207 [00:49<08:54, 16153026.70B/s]
GAP-twitter:   9%|▉         | 832716800/9469180207 [00:49<08:55, 16137498.24B/s]
GAP-twitter:   9%|▉         | 834338816/9469180207 [00:49<08:58, 16033713.53B/s]
GAP-twitter:   9%|▉         | 835960832/9469180207 [00:50<08:58, 16023361.01B/s]
GAP-twitter:   9%|▉         | 837566464/9469180207 [00:50<09:00, 15965665.24B/s]
GAP-twitter:   9%|▉         | 839172096/9469180207 [00:50<09:17, 15483728.17B/s]
GAP-twitter:   9%|▉         | 840777728/9469180207 [00:50<09:12, 15628581.57B/s]
GAP-twitter:   9%|▉         | 842416128/9469180207 [00:50<09:05, 15828403.34B/s]
GAP-twitter:   9%|▉         | 844021760/9469180207 [00:50<09:02, 15885782.84B/s]
GAP-twitter:   9%|▉         | 845643776/9469180207 [00:50<09:00, 15954195.70B/s]
GAP-twitter:   9%|▉         | 847249408/9469180207 [00:50<09:00, 15948785.11B/s]
GAP-twitter:   9%|▉         | 848855040/9469180207 [00:50<09:01, 15916001.87B/s]
GAP-twitter:   9%|▉         | 850493440/9469180207 [00:50<08:57, 16030993.09B/s]
GAP-twitter:   9%|▉         | 852099072/9469180207 [00:51<08:59, 15986329.13B/s]
GAP-twitter:   9%|▉         | 853737472/9469180207 [00:51<08:56, 16053177.91B/s]
GAP-twitter:   9%|▉         | 855359488/9469180207 [00:51<08:55, 16100349.18B/s]
GAP-twitter:   9%|▉         | 856981504/9469180207 [00:51<08:53, 16135189.75B/s]
GAP-twitter:   9%|▉         | 858619904/9469180207 [00:51<08:52, 16173393.93B/s]
GAP-twitter:   9%|▉         | 860241920/9469180207 [00:51<08:52, 16151889.79B/s]
GAP-twitter:   9%|▉         | 861863936/9469180207 [00:51<08:56, 16038322.91B/s]
GAP-twitter:   9%|▉         | 863502336/9469180207 [00:51<08:54, 16103093.01B/s]
GAP-twitter:   9%|▉         | 865124352/9469180207 [00:51<08:55, 16060307.73B/s]
GAP-twitter:   9%|▉         | 866762752/9469180207 [00:51<08:53, 16134434.80B/s]
GAP-twitter:   9%|▉         | 868384768/9469180207 [00:52<08:54, 16094792.48B/s]
GAP-twitter:   9%|▉         | 870006784/9469180207 [00:52<08:56, 16025486.74B/s]
GAP-twitter:   9%|▉         | 871628800/9469180207 [00:52<08:54, 16077074.44B/s]
GAP-twitter:   9%|▉         | 873250816/9469180207 [00:52<08:55, 16065542.96B/s]
GAP-twitter:   9%|▉         | 874889216/9469180207 [00:52<08:52, 16127108.15B/s]
GAP-twitter:   9%|▉         | 876511232/9469180207 [00:52<08:52, 16129367.12B/s]
GAP-twitter:   9%|▉         | 878149632/9469180207 [00:52<08:51, 16174297.81B/s]
GAP-twitter:   9%|▉         | 880459776/9469180207 [00:52<07:51, 18231035.75B/s]
GAP-twitter:   9%|▉         | 884490240/9469180207 [00:52<05:46, 24797691.67B/s]
GAP-twitter:   9%|▉         | 888635392/9469180207 [00:52<04:48, 29775059.37B/s]
GAP-twitter:   9%|▉         | 892780544/9469180207 [00:53<04:18, 33240652.23B/s]
GAP-twitter:   9%|▉         | 896827392/9469180207 [00:53<04:02, 35377258.33B/s]
GAP-twitter:  10%|▉         | 900694016/9469180207 [00:53<03:55, 36342062.45B/s]
GAP-twitter:  10%|▉         | 904331264/9469180207 [00:53<04:02, 35300561.98B/s]
GAP-twitter:  10%|▉         | 907870208/9469180207 [00:53<04:26, 32088484.12B/s]
GAP-twitter:  10%|▉         | 911228928/9469180207 [00:53<04:23, 32477718.42B/s]
GAP-twitter:  10%|▉         | 914620416/9469180207 [00:53<04:20, 32839822.37B/s]
GAP-twitter:  10%|▉         | 918732800/9469180207 [00:53<04:04, 34937699.86B/s]
GAP-twitter:  10%|▉         | 922910720/9469180207 [00:53<03:51, 36911483.85B/s]
GAP-twitter:  10%|▉         | 927105024/9469180207 [00:54<03:42, 38346610.75B/s]
GAP-twitter:  10%|▉         | 930971648/9469180207 [00:54<03:51, 36809343.45B/s]
GAP-twitter:  10%|▉         | 934690816/9469180207 [00:54<03:59, 35704540.05B/s]
GAP-twitter:  10%|▉         | 938295296/9469180207 [00:54<04:04, 34850691.82B/s]
GAP-twitter:  10%|▉         | 942342144/9469180207 [00:54<03:54, 36433607.67B/s]
GAP-twitter:  10%|▉         | 946421760/9469180207 [00:54<03:46, 37662292.11B/s]
GAP-twitter:  10%|█         | 950501376/9469180207 [00:54<03:40, 38558208.81B/s]
GAP-twitter:  10%|█         | 954662912/9469180207 [00:54<03:36, 39346264.16B/s]
GAP-twitter:  10%|█         | 958775296/9469180207 [00:54<03:33, 39852498.74B/s]
GAP-twitter:  10%|█         | 962854912/9469180207 [00:54<03:31, 40128308.11B/s]
GAP-twitter:  10%|█         | 966885376/9469180207 [00:55<03:44, 37844880.86B/s]
GAP-twitter:  10%|█         | 970702848/9469180207 [00:55<03:52, 36504093.57B/s]
GAP-twitter:  10%|█         | 974389248/9469180207 [00:55<04:00, 35390339.31B/s]
GAP-twitter:  10%|█         | 977960960/9469180207 [00:55<04:04, 34688247.03B/s]
GAP-twitter:  10%|█         | 982073344/9469180207 [00:55<03:52, 36458117.56B/s]
GAP-twitter:  10%|█         | 986185728/9469180207 [00:55<03:44, 37775316.14B/s]
GAP-twitter:  10%|█         | 989986816/9469180207 [00:55<03:48, 37041098.66B/s]
GAP-twitter:  10%|█         | 993722368/9469180207 [00:55<03:57, 35646640.08B/s]
GAP-twitter:  11%|█         | 997310464/9469180207 [00:55<04:02, 34987172.91B/s]
GAP-twitter:  11%|█         | 1001488384/9469180207 [00:56<03:49, 36883831.47B/s]
GAP-twitter:  11%|█         | 1005453312/9469180207 [00:56<03:44, 37678090.72B/s]
GAP-twitter:  11%|█         | 1009549312/9469180207 [00:56<03:39, 38617868.10B/s]
GAP-twitter:  11%|█         | 1013612544/9469180207 [00:56<03:35, 39186089.23B/s]
GAP-twitter:  11%|█         | 1017593856/9469180207 [00:56<03:34, 39344253.68B/s]
GAP-twitter:  11%|█         | 1021640704/9469180207 [00:56<03:33, 39650939.49B/s]
GAP-twitter:  11%|█         | 1025622016/9469180207 [00:56<03:33, 39465330.65B/s]
GAP-twitter:  11%|█         | 1029718016/9469180207 [00:56<03:31, 39866660.98B/s]
GAP-twitter:  11%|█         | 1033715712/9469180207 [00:56<03:40, 38170131.88B/s]
GAP-twitter:  11%|█         | 1037549568/9469180207 [00:56<03:45, 37402228.59B/s]
GAP-twitter:  11%|█         | 1041317888/9469180207 [00:57<03:51, 36383585.30B/s]
GAP-twitter:  11%|█         | 1044971520/9469180207 [00:57<03:58, 35334590.04B/s]
GAP-twitter:  11%|█         | 1048526848/9469180207 [00:57<04:03, 34586373.92B/s]
GAP-twitter:  11%|█         | 1052000256/9469180207 [00:57<04:18, 32616144.09B/s]
GAP-twitter:  11%|█         | 1055293440/9469180207 [00:57<04:19, 32433272.35B/s]
GAP-twitter:  11%|█         | 1058553856/9469180207 [00:57<04:20, 32331024.53B/s]
GAP-twitter:  11%|█         | 1061797888/9469180207 [00:57<04:20, 32270898.43B/s]
GAP-twitter:  11%|█         | 1065058304/9469180207 [00:57<04:22, 32014602.19B/s]
GAP-twitter:  11%|█▏        | 1069137920/9469180207 [00:57<04:18, 32509334.45B/s]
GAP-twitter:  11%|█▏        | 1073283072/9469180207 [00:58<04:13, 33161057.23B/s]
GAP-twitter:  11%|█▏        | 1077395456/9469180207 [00:58<04:12, 33297726.15B/s]

asv: benchmark timed out (timeout 60s)

For parameters: bfs_gap_inputs.GAP/GAP-web_2461715
INFO root: Dataset suitesparse_matrix.GAP/GAP-web manifest metadata is stale.

GAP-web:   0%|          | 0/8300343137 [00:00<?, ?B/s]
GAP-web:   0%|          | 344064/8300343137 [00:00<40:17, 3433194.58B/s]
GAP-web:   0%|          | 1687552/8300343137 [00:00<14:56, 9256070.12B/s]
GAP-web:   0%|          | 3375104/8300343137 [00:00<10:52, 12708522.65B/s]
GAP-web:   0%|          | 5079040/8300343137 [00:00<09:36, 14396822.02B/s]
GAP-web:   0%|          | 6832128/8300343137 [00:00<08:54, 15507982.42B/s]
GAP-web:   0%|          | 8552448/8300343137 [00:00<08:35, 16073363.03B/s]
GAP-web:   0%|          | 10371072/8300343137 [00:00<08:16, 16700666.66B/s]
GAP-web:   0%|          | 12107776/8300343137 [00:00<08:10, 16881558.25B/s]
GAP-web:   0%|          | 13893632/8300343137 [00:00<08:02, 17164714.47B/s]
GAP-web:   0%|          | 15728640/8300343137 [00:01<07:52, 17516529.61B/s]
GAP-web:   0%|          | 17530880/8300343137 [00:01<07:48, 17669031.97B/s]
GAP-web:   0%|          | 19300352/8300343137 [00:01<07:52, 17539435.73B/s]
GAP-web:   0%|          | 21069824/8300343137 [00:01<08:03, 17128474.32B/s]
GAP-web:   0%|          | 22839296/8300343137 [00:01<07:59, 17257488.68B/s]
GAP-web:   0%|          | 24576000/8300343137 [00:01<08:11, 16846007.34B/s]
GAP-web:   0%|          | 26263552/8300343137 [00:01<08:19, 16575886.58B/s]
GAP-web:   0%|          | 27934720/8300343137 [00:01<08:22, 16463695.80B/s]
GAP-web:   0%|          | 29589504/8300343137 [00:01<08:30, 16197252.90B/s]
GAP-web:   0%|          | 31211520/8300343137 [00:01<08:33, 16093879.80B/s]
GAP-web:   0%|          | 32931840/8300343137 [00:02<08:24, 16390323.66B/s]
GAP-web:   0%|          | 34586624/8300343137 [00:02<08:40, 15879580.01B/s]
GAP-web:   0%|          | 36192256/8300343137 [00:02<08:56, 15413326.34B/s]
GAP-web:   0%|          | 37830656/8300343137 [00:02<08:47, 15669867.50B/s]
GAP-web:   0%|          | 39452672/8300343137 [00:02<08:42, 15817521.82B/s]
GAP-web:   0%|          | 41172992/8300343137 [00:02<08:29, 16214709.98B/s]
GAP-web:   1%|          | 42811392/8300343137 [00:02<08:37, 15957184.11B/s]
GAP-web:   1%|          | 44417024/8300343137 [00:02<08:50, 15567477.14B/s]
GAP-web:   1%|          | 45989888/8300343137 [00:02<08:58, 15337722.07B/s]
GAP-web:   1%|          | 47546368/8300343137 [00:02<08:57, 15360510.26B/s]
GAP-web:   1%|          | 49086464/8300343137 [00:03<09:02, 15218702.42B/s]
GAP-web:   1%|          | 50610176/8300343137 [00:03<09:07, 15056008.45B/s]
GAP-web:   1%|          | 52150272/8300343137 [00:03<09:05, 15126318.88B/s]
GAP-web:   1%|          | 53673984/8300343137 [00:03<09:14, 14884680.98B/s]
GAP-web:   1%|          | 55164928/8300343137 [00:03<09:15, 14844454.15B/s]
GAP-web:   1%|          | 56688640/8300343137 [00:03<09:11, 14935639.33B/s]
GAP-web:   1%|          | 58195968/8300343137 [00:03<09:12, 14927768.29B/s]
GAP-web:   1%|          | 59801600/8300343137 [00:03<09:00, 15253964.99B/s]
GAP-web:   1%|          | 61423616/8300343137 [00:03<08:51, 15510233.62B/s]
GAP-web:   1%|          | 62980096/8300343137 [00:04<08:55, 15372177.71B/s]
GAP-web:   1%|          | 64684032/8300343137 [00:04<08:39, 15859695.62B/s]
GAP-web:   1%|          | 66273280/8300343137 [00:04<08:40, 15827788.15B/s]
GAP-web:   1%|          | 67911680/8300343137 [00:04<08:34, 15987492.76B/s]
GAP-web:   1%|          | 69582848/8300343137 [00:04<08:29, 16168348.02B/s]
GAP-web:   1%|          | 71303168/8300343137 [00:04<08:20, 16453083.35B/s]
GAP-web:   1%|          | 72990720/8300343137 [00:04<08:17, 16550214.73B/s]
GAP-web:   1%|          | 74776576/8300343137 [00:04<08:06, 16922982.26B/s]
GAP-web:   1%|          | 76480512/8300343137 [00:04<08:07, 16873608.36B/s]
GAP-web:   1%|          | 78184448/8300343137 [00:04<08:08, 16814928.94B/s]
GAP-web:   1%|          | 79872000/8300343137 [00:05<08:13, 16670401.64B/s]
GAP-web:   1%|          | 81543168/8300343137 [00:05<08:29, 16143759.00B/s]
GAP-web:   1%|          | 83165184/8300343137 [00:05<08:33, 15994588.57B/s]
GAP-web:   1%|          | 84770816/8300343137 [00:05<08:35, 15922403.29B/s]
GAP-web:   1%|          | 86376448/8300343137 [00:05<08:42, 15730146.19B/s]
GAP-web:   1%|          | 87965696/8300343137 [00:05<08:53, 15397110.96B/s]
GAP-web:   1%|          | 89522176/8300343137 [00:05<09:21, 14626940.86B/s]
GAP-web:   1%|          | 90996736/8300343137 [00:05<09:39, 14173859.94B/s]
GAP-web:   1%|          | 92553216/8300343137 [00:05<09:23, 14560391.82B/s]
GAP-web:   1%|          | 94027776/8300343137 [00:05<09:29, 14397216.72B/s]
GAP-web:   1%|          | 95485952/8300343137 [00:06<09:36, 14236400.62B/s]
GAP-web:   1%|          | 97173504/8300343137 [00:06<09:07, 14978278.48B/s]
GAP-web:   1%|          | 98910208/8300343137 [00:06<08:43, 15654662.89B/s]
GAP-web:   1%|          | 100646912/8300343137 [00:06<08:28, 16114612.38B/s]
GAP-web:   1%|          | 102268928/8300343137 [00:06<08:34, 15947595.05B/s]
GAP-web:   1%|▏         | 104005632/8300343137 [00:06<08:22, 16321006.44B/s]
GAP-web:   1%|▏         | 105644032/8300343137 [00:06<08:25, 16225125.75B/s]
GAP-web:   1%|▏         | 107282432/8300343137 [00:06<08:35, 15894557.33B/s]
GAP-web:   1%|▏         | 109019136/8300343137 [00:06<08:21, 16318705.00B/s]
GAP-web:   1%|▏         | 110772224/8300343137 [00:07<08:11, 16654984.60B/s]
GAP-web:   1%|▏         | 112525312/8300343137 [00:07<08:05, 16879090.09B/s]
GAP-web:   1%|▏         | 114278400/8300343137 [00:07<08:00, 17038555.59B/s]
GAP-web:   1%|▏         | 116064256/8300343137 [00:07<07:53, 17266809.58B/s]
GAP-web:   1%|▏         | 117800960/8300343137 [00:07<07:55, 17204541.42B/s]
GAP-web:   1%|▏         | 119537664/8300343137 [00:07<07:54, 17229508.05B/s]
GAP-web:   1%|▏         | 121307136/8300343137 [00:07<07:52, 17299963.13B/s]
GAP-web:   1%|▏         | 123043840/8300343137 [00:07<07:56, 17157129.55B/s]
GAP-web:   2%|▏         | 124764160/8300343137 [00:07<07:57, 17132532.63B/s]
GAP-web:   2%|▏         | 126517248/8300343137 [00:07<07:53, 17249854.70B/s]
GAP-web:   2%|▏         | 128253952/8300343137 [00:08<07:58, 17086568.92B/s]
GAP-web:   2%|▏         | 129974272/8300343137 [00:08<08:01, 16967461.85B/s]
GAP-web:   2%|▏         | 131710976/8300343137 [00:08<07:59, 17041916.38B/s]
GAP-web:   2%|▏         | 133464064/8300343137 [00:08<07:56, 17155986.19B/s]
GAP-web:   2%|▏         | 135184384/8300343137 [00:08<08:07, 16745242.79B/s]
GAP-web:   2%|▏         | 136871936/8300343137 [00:08<08:31, 15968645.78B/s]
GAP-web:   2%|▏         | 138493952/8300343137 [00:08<08:30, 15999734.85B/s]
GAP-web:   2%|▏         | 140115968/8300343137 [00:08<08:45, 15514855.93B/s]
GAP-web:   2%|▏         | 141688832/8300343137 [00:08<09:01, 15056646.27B/s]
GAP-web:   2%|▏         | 143212544/8300343137 [00:09<09:50, 13822554.32B/s]
GAP-web:   2%|▏         | 144621568/8300343137 [00:09<10:15, 13259558.96B/s]
GAP-web:   2%|▏         | 146194432/8300343137 [00:09<09:47, 13882529.55B/s]
GAP-web:   2%|▏         | 147767296/8300343137 [00:09<09:27, 14364649.59B/s]
GAP-web:   2%|▏         | 149422080/8300343137 [00:09<09:05, 14948220.77B/s]
GAP-web:   2%|▏         | 150945792/8300343137 [00:09<09:24, 14436541.55B/s]
GAP-web:   2%|▏         | 152403968/8300343137 [00:09<10:21, 13114710.17B/s]
GAP-web:   2%|▏         | 153747456/8300343137 [00:09<11:01, 12313607.65B/s]
GAP-web:   2%|▏         | 155009024/8300343137 [00:09<11:01, 12311134.63B/s]
GAP-web:   2%|▏         | 156450816/8300343137 [00:10<10:32, 12871620.72B/s]
GAP-web:   2%|▏         | 157958144/8300343137 [00:10<10:04, 13459423.34B/s]
GAP-web:   2%|▏         | 159399936/8300343137 [00:10<09:57, 13634849.93B/s]
GAP-web:   2%|▏         | 160956416/8300343137 [00:10<09:34, 14176956.40B/s]
GAP-web:   2%|▏         | 162414592/8300343137 [00:10<09:30, 14266281.53B/s]
GAP-web:   2%|▏         | 163938304/8300343137 [00:10<09:19, 14548165.35B/s]
GAP-web:   2%|▏         | 165412864/8300343137 [00:10<09:22, 14461732.66B/s]
GAP-web:   2%|▏         | 166903808/8300343137 [00:10<09:17, 14577068.58B/s]
GAP-web:   2%|▏         | 168394752/8300343137 [00:10<09:15, 14641411.91B/s]
GAP-web:   2%|▏         | 169902080/8300343137 [00:10<09:10, 14758352.78B/s]
GAP-web:   2%|▏         | 171393024/8300343137 [00:11<09:15, 14640011.01B/s]
GAP-web:   2%|▏         | 172867584/8300343137 [00:11<09:18, 14545766.27B/s]
GAP-web:   2%|▏         | 174456832/8300343137 [00:11<09:05, 14906829.43B/s]
GAP-web:   2%|▏         | 176078848/8300343137 [00:11<08:51, 15287932.10B/s]
GAP-web:   2%|▏         | 177618944/8300343137 [00:11<08:50, 15317244.68B/s]
GAP-web:   2%|▏         | 179159040/8300343137 [00:11<08:50, 15310801.89B/s]
GAP-web:   2%|▏         | 180813824/8300343137 [00:11<08:39, 15643299.29B/s]
GAP-web:   2%|▏         | 182419456/8300343137 [00:11<08:35, 15736893.90B/s]
GAP-web:   2%|▏         | 184074240/8300343137 [00:11<08:28, 15953571.85B/s]
GAP-web:   2%|▏         | 185679872/8300343137 [00:11<08:37, 15671044.85B/s]
GAP-web:   2%|▏         | 187252736/8300343137 [00:12<08:38, 15653523.41B/s]
GAP-web:   2%|▏         | 188907520/8300343137 [00:12<08:31, 15866937.27B/s]
GAP-web:   2%|▏         | 190595072/8300343137 [00:12<08:21, 16165284.42B/s]
GAP-web:   2%|▏         | 192249856/8300343137 [00:12<08:18, 16249362.55B/s]
GAP-web:   2%|▏         | 193904640/8300343137 [00:12<08:16, 16332716.26B/s]
GAP-web:   2%|▏         | 195608576/8300343137 [00:12<08:10, 16514275.51B/s]
GAP-web:   2%|▏         | 197263360/8300343137 [00:12<08:15, 16361627.24B/s]
GAP-web:   2%|▏         | 198901760/8300343137 [00:12<08:19, 16223473.24B/s]
GAP-web:   2%|▏         | 200540160/8300343137 [00:12<08:23, 16099805.85B/s]
GAP-web:   2%|▏         | 202162176/8300343137 [00:12<08:43, 15458238.48B/s]
GAP-web:   2%|▏         | 203948032/8300343137 [00:13<08:22, 16116577.26B/s]
GAP-web:   2%|▏         | 205651968/8300343137 [00:13<08:14, 16364048.58B/s]
GAP-web:   2%|▏         | 207372288/8300343137 [00:13<08:08, 16583894.68B/s]
GAP-web:   3%|▎         | 209141760/8300343137 [00:13<07:59, 16880590.39B/s]
GAP-web:   3%|▎         | 210845696/8300343137 [00:13<08:00, 16839431.61B/s]
GAP-web:   3%|▎         | 212582400/8300343137 [00:13<07:56, 16976424.18B/s]
GAP-web:   3%|▎         | 214286336/8300343137 [00:13<08:00, 16838938.37B/s]
GAP-web:   3%|▎         | 215973888/8300343137 [00:13<08:03, 16730979.77B/s]
GAP-web:   3%|▎         | 217825280/8300343137 [00:13<07:48, 17245752.48B/s]
GAP-web:   3%|▎         | 219676672/8300343137 [00:13<07:39, 17604100.74B/s]
GAP-web:   3%|▎         | 221495296/8300343137 [00:14<07:34, 17764309.02B/s]
GAP-web:   3%|▎         | 223330304/8300343137 [00:14<07:30, 17926860.33B/s]
GAP-web:   3%|▎         | 225132544/8300343137 [00:14<07:36, 17699922.49B/s]
GAP-web:   3%|▎         | 226918400/8300343137 [00:14<07:43, 17405610.62B/s]
GAP-web:   3%|▎         | 228671488/8300343137 [00:14<07:47, 17281133.89B/s]
GAP-web:   3%|▎         | 230408192/8300343137 [00:14<07:52, 17081539.87B/s]
GAP-web:   3%|▎         | 232128512/8300343137 [00:14<08:02, 16725806.72B/s]
GAP-web:   3%|▎         | 233816064/8300343137 [00:14<08:03, 16693908.93B/s]
GAP-web:   3%|▎         | 235520000/8300343137 [00:14<08:00, 16771608.27B/s]
GAP-web:   3%|▎         | 237207552/8300343137 [00:15<08:06, 16572365.21B/s]
GAP-web:   3%|▎         | 238878720/8300343137 [00:15<08:07, 16536595.61B/s]
GAP-web:   3%|▎         | 240599040/8300343137 [00:15<08:03, 16674452.27B/s]
GAP-web:   3%|▎         | 242270208/8300343137 [00:15<08:13, 16344160.76B/s]
GAP-web:   3%|▎         | 243924992/8300343137 [00:15<08:11, 16394564.42B/s]
GAP-web:   3%|▎         | 245579776/8300343137 [00:15<08:11, 16400232.71B/s]
GAP-web:   3%|▎         | 247250944/8300343137 [00:15<08:08, 16491548.87B/s]
GAP-web:   3%|▎         | 248905728/8300343137 [00:15<08:09, 16455699.79B/s]
GAP-web:   3%|▎         | 250658816/8300343137 [00:15<08:01, 16723481.93B/s]
GAP-web:   3%|▎         | 252346368/8300343137 [00:15<08:06, 16550967.70B/s]
GAP-web:   3%|▎         | 254017536/8300343137 [00:16<08:28, 15824721.81B/s]
GAP-web:   3%|▎         | 255606784/8300343137 [00:16<08:38, 15503137.22B/s]
GAP-web:   3%|▎         | 257261568/8300343137 [00:16<08:29, 15795900.76B/s]
GAP-web:   3%|▎         | 258981888/8300343137 [00:16<08:16, 16201564.93B/s]
GAP-web:   3%|▎         | 260636672/8300343137 [00:16<08:13, 16275969.76B/s]
GAP-web:   3%|▎         | 262275072/8300343137 [00:16<08:14, 16244655.51B/s]
GAP-web:   3%|▎         | 263913472/8300343137 [00:16<08:32, 15683906.99B/s]
GAP-web:   3%|▎         | 265502720/8300343137 [00:16<08:33, 15635001.06B/s]
GAP-web:   3%|▎         | 267124736/8300343137 [00:16<08:28, 15788767.62B/s]
GAP-web:   3%|▎         | 268713984/8300343137 [00:16<08:29, 15763349.99B/s]
GAP-web:   3%|▎         | 270352384/8300343137 [00:17<08:24, 15919414.11B/s]
GAP-web:   3%|▎         | 271958016/8300343137 [00:17<08:28, 15778633.28B/s]
GAP-web:   3%|▎         | 273563648/8300343137 [00:17<08:27, 15817435.71B/s]
GAP-web:   3%|▎         | 275202048/8300343137 [00:17<08:22, 15978609.59B/s]
GAP-web:   3%|▎         | 276807680/8300343137 [00:17<08:27, 15806993.86B/s]
GAP-web:   3%|▎         | 278462464/8300343137 [00:17<08:20, 16019614.42B/s]
GAP-web:   3%|▎         | 280068096/8300343137 [00:17<08:28, 15763829.66B/s]
GAP-web:   3%|▎         | 281657344/8300343137 [00:17<08:32, 15645666.26B/s]
GAP-web:   3%|▎         | 283230208/8300343137 [00:17<08:35, 15554105.19B/s]
GAP-web:   3%|▎         | 284901376/8300343137 [00:17<08:24, 15888903.00B/s]
GAP-web:   3%|▎         | 286507008/8300343137 [00:18<08:33, 15616329.75B/s]
GAP-web:   3%|▎         | 288079872/8300343137 [00:18<08:43, 15307979.02B/s]
GAP-web:   3%|▎         | 289701888/8300343137 [00:18<08:35, 15538922.18B/s]
GAP-web:   4%|▎         | 291323904/8300343137 [00:18<08:29, 15732794.38B/s]
GAP-web:   4%|▎         | 292962304/8300343137 [00:18<08:22, 15923550.59B/s]
GAP-web:   4%|▎         | 294600704/8300343137 [00:18<08:20, 16002248.26B/s]
GAP-web:   4%|▎         | 296206336/8300343137 [00:18<08:20, 16004121.60B/s]
GAP-web:   4%|▎         | 297811968/8300343137 [00:18<08:23, 15900421.83B/s]
GAP-web:   4%|▎         | 299483136/8300343137 [00:18<08:16, 16124321.35B/s]
GAP-web:   4%|▎         | 301105152/8300343137 [00:19<08:24, 15861205.02B/s]
GAP-web:   4%|▎         | 302710784/8300343137 [00:19<08:23, 15885246.54B/s]
GAP-web:   4%|▎         | 304332800/8300343137 [00:19<08:21, 15949881.88B/s]
GAP-web:   4%|▎         | 305938432/8300343137 [00:19<08:23, 15890562.56B/s]
GAP-web:   4%|▎         | 307544064/8300343137 [00:19<08:22, 15905771.25B/s]
GAP-web:   4%|▎         | 309182464/8300343137 [00:19<08:18, 16029367.64B/s]
GAP-web:   4%|▎         | 310788096/8300343137 [00:19<08:19, 15996936.33B/s]
GAP-web:   4%|▍         | 312393728/8300343137 [00:19<08:21, 15914631.55B/s]
GAP-web:   4%|▍         | 314015744/8300343137 [00:19<08:19, 15987246.79B/s]
GAP-web:   4%|▍         | 315621376/8300343137 [00:19<08:28, 15703883.85B/s]
GAP-web:   4%|▍         | 317194240/8300343137 [00:20<08:28, 15702447.18B/s]
GAP-web:   4%|▍         | 318783488/8300343137 [00:20<08:26, 15750981.61B/s]
GAP-web:   4%|▍         | 320487424/8300343137 [00:20<08:14, 16125082.18B/s]
GAP-web:   4%|▍         | 322191360/8300343137 [00:20<08:06, 16395881.05B/s]
GAP-web:   4%|▍         | 323862528/8300343137 [00:20<08:04, 16451891.89B/s]
GAP-web:   4%|▍         | 325533696/8300343137 [00:20<08:03, 16482550.29B/s]
GAP-web:   4%|▍         | 327188480/8300343137 [00:20<08:17, 16029206.96B/s]
GAP-web:   4%|▍         | 328908800/8300343137 [00:20<08:07, 16368233.03B/s]
GAP-web:   4%|▍         | 330563584/8300343137 [00:20<08:08, 16328861.36B/s]
GAP-web:   4%|▍         | 332431360/8300343137 [00:20<07:49, 16979790.89B/s]
GAP-web:   4%|▍         | 334495744/8300343137 [00:21<07:21, 18035970.04B/s]
GAP-web:   4%|▍         | 336363520/8300343137 [00:21<07:17, 18194929.20B/s]
GAP-web:   4%|▍         | 338198528/8300343137 [00:21<07:43, 17167925.61B/s]
GAP-web:   4%|▍         | 339935232/8300343137 [00:21<08:15, 16068179.28B/s]
GAP-web:   4%|▍         | 341573632/8300343137 [00:21<08:23, 15815619.18B/s]
GAP-web:   4%|▍         | 343179264/8300343137 [00:21<08:40, 15279970.34B/s]
GAP-web:   4%|▍         | 344719360/8300343137 [00:21<08:41, 15252368.00B/s]
GAP-web:   4%|▍         | 346537984/8300343137 [00:21<08:15, 16042850.11B/s]
GAP-web:   4%|▍         | 348176384/8300343137 [00:21<08:17, 15978463.15B/s]
GAP-web:   4%|▍         | 349880320/8300343137 [00:22<08:09, 16242749.45B/s]
GAP-web:   4%|▍         | 351551488/8300343137 [00:22<08:06, 16342220.67B/s]
GAP-web:   4%|▍         | 353189888/8300343137 [00:22<08:29, 15599254.43B/s]
GAP-web:   4%|▍         | 354762752/8300343137 [00:22<08:52, 14922415.01B/s]
GAP-web:   4%|▍         | 356515840/8300343137 [00:22<08:28, 15631640.28B/s]
GAP-web:   4%|▍         | 358252544/8300343137 [00:22<08:13, 16080845.02B/s]
GAP-web:   4%|▍         | 360120320/8300343137 [00:22<07:52, 16811879.35B/s]
GAP-web:   4%|▍         | 361971712/8300343137 [00:22<07:39, 17290472.83B/s]
GAP-web:   4%|▍         | 363823104/8300343137 [00:22<07:29, 17637325.09B/s]
GAP-web:   4%|▍         | 365608960/8300343137 [00:22<07:40, 17220990.96B/s]
GAP-web:   4%|▍         | 367345664/8300343137 [00:23<07:50, 16865130.18B/s]
GAP-web:   4%|▍         | 369049600/8300343137 [00:23<08:00, 16491781.68B/s]
GAP-web:   4%|▍         | 370900992/8300343137 [00:23<07:46, 17015105.44B/s]
GAP-web:   4%|▍         | 372637696/8300343137 [00:23<07:44, 17072572.08B/s]
GAP-web:   5%|▍         | 374489088/8300343137 [00:23<07:33, 17483756.55B/s]
GAP-web:   5%|▍         | 376340480/8300343137 [00:23<07:26, 17749251.80B/s]
GAP-web:   5%|▍         | 378126336/8300343137 [00:23<07:27, 17692762.96B/s]
GAP-web:   5%|▍         | 379912192/8300343137 [00:23<07:32, 17516249.56B/s]
GAP-web:   5%|▍         | 381681664/8300343137 [00:23<07:38, 17268988.75B/s]
GAP-web:   5%|▍         | 383467520/8300343137 [00:24<07:34, 17423787.97B/s]
GAP-web:   5%|▍         | 385220608/8300343137 [00:24<07:39, 17232232.20B/s]
GAP-web:   5%|▍         | 386973696/8300343137 [00:24<07:37, 17279766.34B/s]
GAP-web:   5%|▍         | 388710400/8300343137 [00:24<07:38, 17252328.04B/s]
GAP-web:   5%|▍         | 390479872/8300343137 [00:24<07:36, 17345230.24B/s]
GAP-web:   5%|▍         | 392216576/8300343137 [00:24<07:39, 17218264.17B/s]
GAP-web:   5%|▍         | 394002432/8300343137 [00:24<07:35, 17372481.09B/s]
GAP-web:   5%|▍         | 395771904/8300343137 [00:24<07:32, 17463454.28B/s]
GAP-web:   5%|▍         | 397574144/8300343137 [00:24<07:28, 17614025.36B/s]
GAP-web:   5%|▍         | 399343616/8300343137 [00:24<07:39, 17205692.22B/s]
GAP-web:   5%|▍         | 401080320/8300343137 [00:25<08:07, 16203425.72B/s]
GAP-web:   5%|▍         | 402718720/8300343137 [00:25<08:11, 16083627.25B/s]
GAP-web:   5%|▍         | 404340736/8300343137 [00:25<08:18, 15833057.38B/s]
GAP-web:   5%|▍         | 405929984/8300343137 [00:25<08:21, 15730230.47B/s]
GAP-web:   5%|▍         | 407519232/8300343137 [00:25<08:46, 14997331.18B/s]
GAP-web:   5%|▍         | 409042944/8300343137 [00:25<08:59, 14621086.45B/s]
GAP-web:   5%|▍         | 410517504/8300343137 [00:25<09:01, 14582709.90B/s]
GAP-web:   5%|▍         | 411992064/8300343137 [00:25<09:02, 14535689.05B/s]
GAP-web:   5%|▍         | 413483008/8300343137 [00:25<08:58, 14639734.53B/s]
GAP-web:   5%|▍         | 414957568/8300343137 [00:25<09:00, 14595625.59B/s]
GAP-web:   5%|▌         | 416432128/8300343137 [00:26<08:58, 14635592.82B/s]
GAP-web:   5%|▌         | 417906688/8300343137 [00:26<08:58, 14648483.94B/s]
GAP-web:   5%|▌         | 419414016/8300343137 [00:26<08:54, 14736100.42B/s]
GAP-web:   5%|▌         | 420904960/8300343137 [00:26<08:54, 14746822.70B/s]
GAP-web:   5%|▌         | 422395904/8300343137 [00:26<09:03, 14498729.35B/s]
GAP-web:   5%|▌         | 423919616/8300343137 [00:26<08:55, 14704103.73B/s]
GAP-web:   5%|▌         | 425525248/8300343137 [00:26<08:41, 15088411.96B/s]
GAP-web:   5%|▌         | 427048960/8300343137 [00:26<08:51, 14825974.24B/s]
GAP-web:   5%|▌         | 428539904/8300343137 [00:26<08:53, 14754820.87B/s]
GAP-web:   5%|▌         | 430080000/8300343137 [00:27<08:48, 14903012.24B/s]
GAP-web:   5%|▌         | 431587328/8300343137 [00:27<08:47, 14904636.93B/s]
GAP-web:   5%|▌         | 433192960/8300343137 [00:27<08:36, 15221558.55B/s]
GAP-web:   5%|▌         | 434913280/8300343137 [00:27<08:18, 15782413.91B/s]
GAP-web:   5%|▌         | 436502528/8300343137 [00:27<08:26, 15529098.86B/s]
GAP-web:   5%|▌         | 438059008/8300343137 [00:27<08:32, 15334230.53B/s]
GAP-web:   5%|▌         | 439664640/8300343137 [00:27<08:26, 15508136.86B/s]
GAP-web:   5%|▌         | 441335808/8300343137 [00:27<08:15, 15860712.34B/s]
GAP-web:   5%|▌         | 443154432/8300343137 [00:27<07:56, 16499171.40B/s]
GAP-web:   5%|▌         | 444923904/8300343137 [00:27<07:47, 16802914.73B/s]
GAP-web:   5%|▌         | 446611456/8300343137 [00:28<07:53, 16602017.86B/s]
GAP-web:   5%|▌         | 448282624/8300343137 [00:28<07:53, 16599731.29B/s]
GAP-web:   5%|▌         | 449953792/8300343137 [00:28<07:58, 16400454.13B/s]
GAP-web:   5%|▌         | 451641344/8300343137 [00:28<07:54, 16523584.38B/s]
GAP-web:   5%|▌         | 453476352/8300343137 [00:28<07:39, 17063562.42B/s]
GAP-web:   5%|▌         | 455196672/8300343137 [00:28<07:58, 16384559.53B/s]
GAP-web:   6%|▌         | 456851456/8300343137 [00:28<08:23, 15581062.83B/s]
GAP-web:   6%|▌         | 458424320/8300343137 [00:28<08:37, 15164792.79B/s]
GAP-web:   6%|▌         | 459964416/8300343137 [00:28<08:38, 15114106.95B/s]
GAP-web:   6%|▌         | 461488128/8300343137 [00:28<08:39, 15098744.35B/s]
GAP-web:   6%|▌         | 463011840/8300343137 [00:29<08:38, 15119795.74B/s]
GAP-web:   6%|▌         | 464715776/8300343137 [00:29<08:19, 15676155.67B/s]
GAP-web:   6%|▌         | 466288640/8300343137 [00:29<08:19, 15683311.75B/s]
GAP-web:   6%|▌         | 467861504/8300343137 [00:29<08:21, 15620854.23B/s]
GAP-web:   6%|▌         | 469549056/8300343137 [00:29<08:10, 15973989.37B/s]
GAP-web:   6%|▌         | 471154688/8300343137 [00:29<08:12, 15910142.23B/s]
GAP-web:   6%|▌         | 472760320/8300343137 [00:29<08:14, 15837794.07B/s]
GAP-web:   6%|▌         | 474349568/8300343137 [00:29<08:15, 15791321.99B/s]
GAP-web:   6%|▌         | 475938816/8300343137 [00:29<08:15, 15784476.28B/s]
GAP-web:   6%|▌         | 477577216/8300343137 [00:30<08:10, 15946180.96B/s]
GAP-web:   6%|▌         | 479248384/8300343137 [00:30<08:04, 16137032.12B/s]
GAP-web:   6%|▌         | 480886784/8300343137 [00:30<08:02, 16197241.72B/s]
GAP-web:   6%|▌         | 482508800/8300343137 [00:30<08:10, 15939223.50B/s]
GAP-web:   6%|▌         | 484114432/8300343137 [00:30<08:13, 15851946.29B/s]
GAP-web:   6%|▌         | 485769216/8300343137 [00:30<08:07, 16045932.78B/s]
GAP-web:   6%|▌         | 487440384/8300343137 [00:30<08:01, 16235327.50B/s]
GAP-web:   6%|▌         | 489078784/8300343137 [00:30<08:04, 16136704.51B/s]
GAP-web:   6%|▌         | 490700800/8300343137 [00:30<08:13, 15825041.34B/s]
GAP-web:   6%|▌         | 492322816/8300343137 [00:30<08:10, 15922691.23B/s]
GAP-web:   6%|▌         | 493928448/8300343137 [00:31<08:09, 15943100.30B/s]
GAP-web:   6%|▌         | 495534080/8300343137 [00:31<08:12, 15854028.42B/s]
GAP-web:   6%|▌         | 497139712/8300343137 [00:31<08:10, 15900216.42B/s]
GAP-web:   6%|▌         | 498745344/8300343137 [00:31<08:10, 15894410.27B/s]
GAP-web:   6%|▌         | 500350976/8300343137 [00:31<09:22, 13854363.29B/s]
GAP-web:   6%|▌         | 501792768/8300343137 [00:31<10:31, 12343333.55B/s]
GAP-web:   6%|▌         | 503087104/8300343137 [00:31<11:23, 11404215.18B/s]
GAP-web:   6%|▌         | 504283136/8300343137 [00:31<11:54, 10906146.31B/s]
GAP-web:   6%|▌         | 505413632/8300343137 [00:32<12:23, 10490354.15B/s]
GAP-web:   6%|▌         | 506494976/8300343137 [00:32<12:39, 10261617.72B/s]
GAP-web:   6%|▌         | 507543552/8300343137 [00:32<13:07, 9898746.31B/s] 
GAP-web:   6%|▌         | 508739584/8300343137 [00:32<12:27, 10419725.35B/s]
GAP-web:   6%|▌         | 510083072/8300343137 [00:32<11:32, 11241877.86B/s]
GAP-web:   6%|▌         | 511311872/8300343137 [00:32<11:16, 11506792.42B/s]
GAP-web:   6%|▌         | 512540672/8300343137 [00:32<11:04, 11719552.90B/s]
GAP-web:   6%|▌         | 513867776/8300343137 [00:32<10:41, 12138419.97B/s]
GAP-web:   6%|▌         | 515227648/8300343137 [00:32<10:21, 12531813.01B/s]
GAP-web:   6%|▌         | 516587520/8300343137 [00:32<10:05, 12845096.35B/s]
GAP-web:   6%|▌         | 517996544/8300343137 [00:33<09:50, 13169600.39B/s]
GAP-web:   6%|▋         | 519372800/8300343137 [00:33<09:44, 13312759.50B/s]
GAP-web:   6%|▋         | 520765440/8300343137 [00:33<09:36, 13494835.20B/s]
GAP-web:   6%|▋         | 522141696/8300343137 [00:33<09:34, 13545005.69B/s]
GAP-web:   6%|▋         | 523567104/8300343137 [00:33<09:26, 13719130.92B/s]
GAP-web:   6%|▋         | 524959744/8300343137 [00:33<09:26, 13731001.95B/s]
GAP-web:   6%|▋         | 526336000/8300343137 [00:33<09:36, 13494518.80B/s]
GAP-web:   6%|▋         | 527712256/8300343137 [00:33<09:33, 13558117.60B/s]
GAP-web:   6%|▋         | 529088512/8300343137 [00:33<09:30, 13610779.70B/s]
GAP-web:   6%|▋         | 530530304/8300343137 [00:33<09:23, 13797997.92B/s]
GAP-web:   6%|▋         | 531922944/8300343137 [00:34<09:22, 13815916.35B/s]
GAP-web:   6%|▋         | 533315584/8300343137 [00:34<09:28, 13658829.16B/s]
GAP-web:   6%|▋         | 534691840/8300343137 [00:34<09:27, 13675910.27B/s]
GAP-web:   6%|▋         | 536084480/8300343137 [00:34<09:26, 13713663.67B/s]
GAP-web:   6%|▋         | 537509888/8300343137 [00:34<09:20, 13839113.35B/s]
GAP-web:   6%|▋         | 538902528/8300343137 [00:34<09:29, 13620356.26B/s]
GAP-web:   7%|▋         | 540295168/8300343137 [00:34<09:28, 13656855.50B/s]
GAP-web:   7%|▋         | 541671424/8300343137 [00:34<09:28, 13636393.55B/s]
GAP-web:   7%|▋         | 543047680/8300343137 [00:34<09:27, 13672804.44B/s]
GAP-web:   7%|▋         | 544456704/8300343137 [00:34<09:23, 13751855.88B/s]
GAP-web:   7%|▋         | 545832960/8300343137 [00:35<09:24, 13730935.09B/s]
GAP-web:   7%|▋         | 547241984/8300343137 [00:35<09:20, 13832464.78B/s]
GAP-web:   7%|▋         | 548634624/8300343137 [00:35<09:22, 13791356.36B/s]
GAP-web:   7%|▋         | 550027264/8300343137 [00:35<09:20, 13826105.83B/s]
GAP-web:   7%|▋         | 551419904/8300343137 [00:35<09:30, 13575701.24B/s]
GAP-web:   7%|▋         | 552812544/8300343137 [00:35<09:27, 13651985.68B/s]
GAP-web:   7%|▋         | 554237952/8300343137 [00:35<09:21, 13795383.53B/s]
GAP-web:   7%|▋         | 555630592/8300343137 [00:35<09:26, 13672215.96B/s]
GAP-web:   7%|▋         | 557006848/8300343137 [00:35<09:27, 13650399.81B/s]
GAP-web:   7%|▋         | 558383104/8300343137 [00:35<09:31, 13542551.32B/s]
GAP-web:   7%|▋         | 559792128/8300343137 [00:36<09:26, 13670597.75B/s]
GAP-web:   7%|▋         | 561168384/8300343137 [00:36<09:25, 13690965.06B/s]
GAP-web:   7%|▋         | 562544640/8300343137 [00:36<09:32, 13520243.63B/s]
GAP-web:   7%|▋         | 563920896/8300343137 [00:36<09:30, 13549576.25B/s]
GAP-web:   7%|▋         | 565362688/8300343137 [00:36<09:20, 13797743.62B/s]
GAP-web:   7%|▋         | 566902784/8300343137 [00:36<09:02, 14247855.60B/s]
GAP-web:   7%|▋         | 568442880/8300343137 [00:36<08:52, 14525221.05B/s]
GAP-web:   7%|▋         | 569917440/8300343137 [00:36<08:50, 14576295.28B/s]
GAP-web:   7%|▋         | 571392000/8300343137 [00:36<08:49, 14592014.93B/s]
GAP-web:   7%|▋         | 572866560/8300343137 [00:37<08:58, 14357467.75B/s]
GAP-web:   7%|▋         | 574308352/8300343137 [00:37<08:57, 14373482.57B/s]
GAP-web:   7%|▋         | 575750144/8300343137 [00:37<09:06, 14139067.78B/s]
GAP-web:   7%|▋         | 577191936/8300343137 [00:37<09:04, 14182287.36B/s]
GAP-web:   7%|▋         | 578650112/8300343137 [00:37<09:01, 14262424.06B/s]
GAP-web:   7%|▋         | 580091904/8300343137 [00:37<09:03, 14213875.47B/s]
GAP-web:   7%|▋         | 581517312/8300343137 [00:37<09:09, 14046909.04B/s]
GAP-web:   7%|▋         | 582926336/8300343137 [00:37<09:09, 14033803.50B/s]
GAP-web:   7%|▋         | 584351744/8300343137 [00:37<09:08, 14080274.60B/s]
GAP-web:   7%|▋         | 585793536/8300343137 [00:37<09:05, 14139553.46B/s]
GAP-web:   7%|▋         | 587218944/8300343137 [00:38<09:11, 13977060.44B/s]
GAP-web:   7%|▋         | 588693504/8300343137 [00:38<09:03, 14200135.53B/s]
GAP-web:   7%|▋         | 590118912/8300343137 [00:38<09:02, 14204455.26B/s]
GAP-web:   7%|▋         | 591626240/8300343137 [00:38<08:54, 14419070.14B/s]
GAP-web:   7%|▋         | 593133568/8300343137 [00:38<08:48, 14583142.73B/s]
GAP-web:   7%|▋         | 594608128/8300343137 [00:38<09:00, 14256522.78B/s]
GAP-web:   7%|▋         | 596049920/8300343137 [00:38<09:04, 14145748.14B/s]
GAP-web:   7%|▋         | 597475328/8300343137 [00:38<09:22, 13682430.75B/s]
GAP-web:   7%|▋         | 598884352/8300343137 [00:38<09:20, 13745925.76B/s]
GAP-web:   7%|▋         | 600293376/8300343137 [00:38<09:17, 13806533.33B/s]
GAP-web:   7%|▋         | 601686016/8300343137 [00:39<09:19, 13766487.35B/s]
GAP-web:   7%|▋         | 603078656/8300343137 [00:39<09:17, 13801073.98B/s]
GAP-web:   7%|▋         | 604471296/8300343137 [00:39<09:27, 13554827.85B/s]
GAP-web:   7%|▋         | 606027776/8300343137 [00:39<09:05, 14110002.09B/s]
GAP-web:   7%|▋         | 607551488/8300343137 [00:39<08:54, 14402652.82B/s]
GAP-web:   7%|▋         | 609058816/8300343137 [00:39<08:47, 14585326.41B/s]
GAP-web:   7%|▋         | 610631680/8300343137 [00:39<08:35, 14916440.62B/s]
GAP-web:   7%|▋         | 612188160/8300343137 [00:39<08:28, 15104833.11B/s]
GAP-web:   7%|▋         | 613744640/8300343137 [00:39<08:24, 15230311.31B/s]
GAP-web:   7%|▋         | 615350272/8300343137 [00:39<08:18, 15430154.31B/s]
GAP-web:   7%|▋         | 616906752/8300343137 [00:40<08:18, 15402883.65B/s]
GAP-web:   7%|▋         | 618463232/8300343137 [00:40<08:18, 15406598.05B/s]
GAP-web:   7%|▋         | 620052480/8300343137 [00:40<08:14, 15525723.50B/s]
GAP-web:   7%|▋         | 621608960/8300343137 [00:40<08:16, 15454619.47B/s]
GAP-web:   8%|▊         | 623165440/8300343137 [00:40<08:28, 15098295.88B/s]
GAP-web:   8%|▊         | 624689152/8300343137 [00:40<08:44, 14637741.49B/s]
GAP-web:   8%|▊         | 626163712/8300343137 [00:40<08:57, 14287565.61B/s]
GAP-web:   8%|▊         | 627605504/8300343137 [00:40<09:12, 13877572.46B/s]
GAP-web:   8%|▊         | 628998144/8300343137 [00:40<09:20, 13694579.92B/s]
GAP-web:   8%|▊         | 630423552/8300343137 [00:41<09:14, 13823591.38B/s]
GAP-web:   8%|▊         | 631816192/8300343137 [00:41<09:14, 13817675.34B/s]
GAP-web:   8%|▊         | 633208832/8300343137 [00:41<09:18, 13723032.54B/s]
GAP-web:   8%|▊         | 634585088/8300343137 [00:41<09:25, 13547494.09B/s]
GAP-web:   8%|▊         | 635977728/8300343137 [00:41<09:21, 13646836.03B/s]
GAP-web:   8%|▊         | 637370368/8300343137 [00:41<09:18, 13723638.46B/s]
GAP-web:   8%|▊         | 638746624/8300343137 [00:41<09:21, 13652079.57B/s]
GAP-web:   8%|▊         | 640172032/8300343137 [00:41<09:14, 13804914.18B/s]
GAP-web:   8%|▊         | 641581056/8300343137 [00:41<09:12, 13861287.72B/s]
GAP-web:   8%|▊         | 642990080/8300343137 [00:41<09:10, 13915155.90B/s]
GAP-web:   8%|▊         | 644415488/8300343137 [00:42<09:08, 13957792.02B/s]
GAP-web:   8%|▊         | 645824512/8300343137 [00:42<09:08, 13962350.54B/s]
GAP-web:   8%|▊         | 647266304/8300343137 [00:42<09:03, 14087137.10B/s]
GAP-web:   8%|▊         | 648675328/8300343137 [00:42<09:05, 14016871.95B/s]
GAP-web:   8%|▊         | 650084352/8300343137 [00:42<09:05, 14029488.45B/s]
GAP-web:   8%|▊         | 651493376/8300343137 [00:42<09:04, 14040314.37B/s]
GAP-web:   8%|▊         | 652918784/8300343137 [00:42<09:03, 14070459.91B/s]
GAP-web:   8%|▊         | 654327808/8300343137 [00:42<09:12, 13834255.61B/s]
GAP-web:   8%|▊         | 655720448/8300343137 [00:42<09:11, 13860696.01B/s]
GAP-web:   8%|▊         | 657145856/8300343137 [00:42<09:07, 13957652.71B/s]
GAP-web:   8%|▊         | 658554880/8300343137 [00:43<09:29, 13429225.05B/s]
GAP-web:   8%|▊         | 659980288/8300343137 [00:43<09:19, 13652526.71B/s]
GAP-web:   8%|▊         | 661405696/8300343137 [00:43<09:12, 13814056.76B/s]
GAP-web:   8%|▊         | 662798336/8300343137 [00:43<09:16, 13729319.34B/s]
GAP-web:   8%|▊         | 664174592/8300343137 [00:43<09:33, 13326344.47B/s]
GAP-web:   8%|▊         | 665518080/8300343137 [00:43<09:32, 13327505.37B/s]
GAP-web:   8%|▊         | 666910720/8300343137 [00:43<09:28, 13431539.92B/s]
GAP-web:   8%|▊         | 668336128/8300343137 [00:43<09:19, 13646792.02B/s]
GAP-web:   8%|▊         | 669728768/8300343137 [00:43<09:16, 13701404.62B/s]
GAP-web:   8%|▊         | 671105024/8300343137 [00:43<09:16, 13712495.83B/s]
GAP-web:   8%|▊         | 672481280/8300343137 [00:44<09:27, 13452103.45B/s]
GAP-web:   8%|▊         | 673841152/8300343137 [00:44<09:30, 13373082.28B/s]
GAP-web:   8%|▊         | 675217408/8300343137 [00:44<09:27, 13445467.88B/s]
GAP-web:   8%|▊         | 676610048/8300343137 [00:44<09:21, 13566997.88B/s]
GAP-web:   8%|▊         | 677986304/8300343137 [00:44<09:21, 13573031.07B/s]
GAP-web:   8%|▊         | 679362560/8300343137 [00:44<09:20, 13606363.97B/s]
GAP-web:   8%|▊         | 680738816/8300343137 [00:44<09:37, 13186929.04B/s]
GAP-web:   8%|▊         | 682147840/8300343137 [00:44<09:27, 13414749.16B/s]
GAP-web:   8%|▊         | 683540480/8300343137 [00:44<09:21, 13557763.71B/s]
GAP-web:   8%|▊         | 684933120/8300343137 [00:45<09:18, 13642019.92B/s]
GAP-web:   8%|▊         | 686342144/8300343137 [00:45<09:14, 13735497.16B/s]
GAP-web:   8%|▊         | 687734784/8300343137 [00:45<09:12, 13790940.08B/s]
GAP-web:   8%|▊         | 689160192/8300343137 [00:45<09:08, 13865501.28B/s]
GAP-web:   8%|▊         | 690585600/8300343137 [00:45<09:04, 13964683.71B/s]
GAP-web:   8%|▊         | 691994624/8300343137 [00:45<09:07, 13905820.82B/s]
GAP-web:   8%|▊         | 693420032/8300343137 [00:45<09:03, 14007147.58B/s]
GAP-web:   8%|▊         | 694829056/8300343137 [00:45<09:12, 13763619.71B/s]
GAP-web:   8%|▊         | 696221696/8300343137 [00:45<09:26, 13431404.71B/s]
GAP-web:   8%|▊         | 697630720/8300343137 [00:45<09:18, 13614639.00B/s]
GAP-web:   8%|▊         | 699056128/8300343137 [00:46<09:12, 13760484.42B/s]
GAP-web:   8%|▊         | 700448768/8300343137 [00:46<09:26, 13415700.63B/s]
GAP-web:   8%|▊         | 701808640/8300343137 [00:46<09:28, 13357649.96B/s]
GAP-web:   8%|▊         | 703234048/8300343137 [00:46<09:18, 13601161.07B/s]
GAP-web:   8%|▊         | 704643072/8300343137 [00:46<09:14, 13699903.60B/s]
GAP-web:   9%|▊         | 706019328/8300343137 [00:46<09:14, 13702689.64B/s]
GAP-web:   9%|▊         | 707395584/8300343137 [00:46<09:46, 12952102.75B/s]
GAP-web:   9%|▊         | 708771840/8300343137 [00:46<09:36, 13159452.49B/s]
GAP-web:   9%|▊         | 710213632/8300343137 [00:46<09:21, 13522232.67B/s]
GAP-web:   9%|▊         | 711606272/8300343137 [00:46<09:17, 13614037.40B/s]
GAP-web:   9%|▊         | 713048064/8300343137 [00:47<09:09, 13798488.52B/s]
GAP-web:   9%|▊         | 714473472/8300343137 [00:47<09:05, 13905001.18B/s]
GAP-web:   9%|▊         | 715882496/8300343137 [00:47<09:35, 13170001.16B/s]
GAP-web:   9%|▊         | 717340672/8300343137 [00:47<09:19, 13545977.79B/s]
GAP-web:   9%|▊         | 718716928/8300343137 [00:47<09:46, 12925422.16B/s]
GAP-web:   9%|▊         | 720125952/8300343137 [00:47<09:33, 13227123.41B/s]
GAP-web:   9%|▊         | 721502208/8300343137 [00:47<09:27, 13363094.34B/s]
GAP-web:   9%|▊         | 722976768/8300343137 [00:47<09:11, 13750731.14B/s]
GAP-web:   9%|▊         | 724385792/8300343137 [00:47<09:09, 13797728.93B/s]
GAP-web:   9%|▊         | 725778432/8300343137 [00:48<09:10, 13764923.00B/s]
GAP-web:   9%|▉         | 727203840/8300343137 [00:48<09:05, 13871639.39B/s]
GAP-web:   9%|▉         | 728596480/8300343137 [00:48<09:07, 13841842.60B/s]
GAP-web:   9%|▉         | 730005504/8300343137 [00:48<09:04, 13901730.06B/s]
GAP-web:   9%|▉         | 731414528/8300343137 [00:48<09:02, 13943951.80B/s]
GAP-web:   9%|▉         | 732823552/8300343137 [00:48<09:07, 13817005.36B/s]
GAP-web:   9%|▉         | 734216192/8300343137 [00:48<09:09, 13780118.31B/s]
GAP-web:   9%|▉         | 735608832/8300343137 [00:48<09:10, 13729594.12B/s]
GAP-web:   9%|▉         | 737017856/8300343137 [00:48<09:07, 13815057.31B/s]
GAP-web:   9%|▉         | 738410496/8300343137 [00:48<09:06, 13836501.83B/s]
GAP-web:   9%|▉         | 739819520/8300343137 [00:49<09:05, 13858375.18B/s]
GAP-web:   9%|▉         | 741212160/8300343137 [00:49<09:44, 12938823.26B/s]
GAP-web:   9%|▉         | 742522880/8300343137 [00:49<10:11, 12367716.53B/s]
GAP-web:   9%|▉         | 743833600/8300343137 [00:49<10:04, 12499777.28B/s]
GAP-web:   9%|▉         | 745095168/8300343137 [00:49<10:42, 11762109.88B/s]
GAP-web:   9%|▉         | 746504192/8300343137 [00:49<10:09, 12395802.62B/s]
GAP-web:   9%|▉         | 747765760/8300343137 [00:49<10:54, 11534197.61B/s]
GAP-web:   9%|▉         | 749191168/8300343137 [00:49<10:17, 12237159.08B/s]
GAP-web:   9%|▉         | 750616576/8300343137 [00:49<09:51, 12753754.43B/s]
GAP-web:   9%|▉         | 751910912/8300343137 [00:50<10:13, 12296382.20B/s]
GAP-web:   9%|▉         | 753188864/8300343137 [00:50<10:08, 12409137.34B/s]
GAP-web:   9%|▉         | 754581504/8300343137 [00:50<09:47, 12834508.79B/s]
GAP-web:   9%|▉         | 755990528/8300343137 [00:50<09:32, 13167506.64B/s]
GAP-web:   9%|▉         | 757383168/8300343137 [00:50<09:26, 13306976.21B/s]
GAP-web:   9%|▉         | 758792192/8300343137 [00:50<09:17, 13535696.35B/s]
GAP-web:   9%|▉         | 760201216/8300343137 [00:50<09:11, 13660219.28B/s]
GAP-web:   9%|▉         | 761577472/8300343137 [00:50<09:11, 13671086.92B/s]
GAP-web:   9%|▉         | 763002880/8300343137 [00:50<09:05, 13817405.72B/s]
GAP-web:   9%|▉         | 764395520/8300343137 [00:50<09:04, 13835631.47B/s]
GAP-web:   9%|▉         | 765804544/8300343137 [00:51<09:02, 13887520.17B/s]
GAP-web:   9%|▉         | 767197184/8300343137 [00:51<09:44, 12884721.13B/s]
GAP-web:   9%|▉         | 768557056/8300343137 [00:51<09:37, 13051433.59B/s]
GAP-web:   9%|▉         | 769900544/8300343137 [00:51<09:34, 13102283.22B/s]
GAP-web:   9%|▉         | 771227648/8300343137 [00:51<10:06, 12422048.95B/s]
GAP-web:   9%|▉         | 772653056/8300343137 [00:51<09:43, 12905834.65B/s]
GAP-web:   9%|▉         | 773996544/8300343137 [00:51<09:38, 13010839.17B/s]
GAP-web:   9%|▉         | 775307264/8300343137 [00:51<10:05, 12418288.28B/s]
GAP-web:   9%|▉         | 776699904/8300343137 [00:51<09:46, 12837153.55B/s]
GAP-web:   9%|▉         | 778108928/8300343137 [00:52<09:30, 13180185.04B/s]
GAP-web:   9%|▉         | 779501568/8300343137 [00:52<09:22, 13374481.27B/s]
GAP-web:   9%|▉         | 780861440/8300343137 [00:52<09:48, 12783520.76B/s]
GAP-web:   9%|▉         | 782155776/8300343137 [00:52<10:11, 12284683.80B/s]
GAP-web:   9%|▉         | 783532032/8300343137 [00:52<09:52, 12692452.95B/s]
GAP-web:   9%|▉         | 784826368/8300343137 [00:52<10:00, 12511120.20B/s]
GAP-web:   9%|▉         | 786186240/8300343137 [00:52<09:47, 12790535.30B/s]
GAP-web:   9%|▉         | 787595264/8300343137 [00:52<09:31, 13139875.95B/s]
GAP-web:  10%|▉         | 789004288/8300343137 [00:52<09:21, 13386771.28B/s]
GAP-web:  10%|▉         | 790429696/8300343137 [00:52<09:12, 13595525.17B/s]
GAP-web:  10%|▉         | 791805952/8300343137 [00:53<09:34, 13071105.89B/s]
GAP-web:  10%|▉         | 793198592/8300343137 [00:53<09:23, 13311152.90B/s]
GAP-web:  10%|▉         | 794624000/8300343137 [00:53<09:13, 13562901.30B/s]
GAP-web:  10%|▉         | 796000256/8300343137 [00:53<09:11, 13597942.40B/s]
GAP-web:  10%|▉         | 797376512/8300343137 [00:53<09:10, 13638506.66B/s]
GAP-web:  10%|▉         | 798769152/8300343137 [00:53<09:07, 13704674.93B/s]
GAP-web:  10%|▉         | 800161792/8300343137 [00:53<09:04, 13766486.65B/s]
GAP-web:  10%|▉         | 801554432/8300343137 [00:53<09:03, 13805867.12B/s]
GAP-web:  10%|▉         | 802963456/8300343137 [00:53<09:00, 13880997.10B/s]
GAP-web:  10%|▉         | 804388864/8300343137 [00:53<08:56, 13982360.61B/s]
GAP-web:  10%|▉         | 805797888/8300343137 [00:54<08:57, 13954548.35B/s]
GAP-web:  10%|▉         | 807206912/8300343137 [00:54<09:19, 13387891.21B/s]
GAP-web:  10%|▉         | 808583168/8300343137 [00:54<09:15, 13483187.81B/s]
GAP-web:  10%|▉         | 809992192/8300343137 [00:54<09:09, 13620432.76B/s]
GAP-web:  10%|▉         | 811368448/8300343137 [00:54<09:24, 13266491.02B/s]
GAP-web:  10%|▉         | 812711936/8300343137 [00:54<09:26, 13215899.25B/s]
GAP-web:  10%|▉         | 814104576/8300343137 [00:54<09:19, 13380800.52B/s]
GAP-web:  10%|▉         | 815480832/8300343137 [00:54<09:15, 13477405.19B/s]
GAP-web:  10%|▉         | 816922624/8300343137 [00:54<09:05, 13728928.73B/s]
GAP-web:  10%|▉         | 818298880/8300343137 [00:55<09:06, 13683183.09B/s]
GAP-web:  10%|▉         | 819724288/8300343137 [00:55<09:01, 13816591.96B/s]
GAP-web:  10%|▉         | 821133312/8300343137 [00:55<08:59, 13851973.57B/s]
GAP-web:  10%|▉         | 822542336/8300343137 [00:55<08:58, 13897747.93B/s]
GAP-web:  10%|▉         | 823967744/8300343137 [00:55<08:54, 13981955.09B/s]
GAP-web:  10%|▉         | 825376768/8300343137 [00:55<09:16, 13428994.90B/s]
GAP-web:  10%|▉         | 826753024/8300343137 [00:55<09:12, 13520798.40B/s]
GAP-web:  10%|▉         | 828145664/8300343137 [00:55<09:09, 13598678.87B/s]
GAP-web:  10%|▉         | 829554688/8300343137 [00:55<09:03, 13737156.25B/s]
GAP-web:  10%|█         | 830963712/8300343137 [00:55<09:00, 13827860.86B/s]
GAP-web:  10%|█         | 832356352/8300343137 [00:56<09:19, 13352853.02B/s]
GAP-web:  10%|█         | 833732608/8300343137 [00:56<09:14, 13467158.86B/s]
GAP-web:  10%|█         | 835108864/8300343137 [00:56<09:11, 13541221.09B/s]
GAP-web:  10%|█         | 836468736/8300343137 [00:56<09:26, 13186028.39B/s]
GAP-web:  10%|█         | 837828608/8300343137 [00:56<09:22, 13275888.10B/s]
GAP-web:  10%|█         | 839172096/8300343137 [00:56<09:33, 13019490.50B/s]
GAP-web:  10%|█         | 840515584/8300343137 [00:56<09:27, 13134795.17B/s]
GAP-web:  10%|█         | 841891840/8300343137 [00:56<09:20, 13313890.37B/s]

asv: benchmark timed out (timeout 60s)

For parameters: bfs_gap_inputs.GAP/GAP-kron_79485148
INFO root: Dataset suitesparse_matrix.GAP/GAP-kron manifest metadata is stale.

GAP-kron:   0%|          | 0/14570837178 [00:00<?, ?B/s]
GAP-kron:   0%|          | 376832/14570837178 [00:00<1:09:33, 3491442.23B/s]
GAP-kron:   0%|          | 1458176/14570837178 [00:00<31:58, 7594453.04B/s] 
GAP-kron:   0%|          | 2834432/14570837178 [00:00<24:28, 9918483.65B/s]
GAP-kron:   0%|          | 3948544/14570837178 [00:00<23:23, 10379571.00B/s]
GAP-kron:   0%|          | 5193728/14570837178 [00:00<22:55, 10592567.10B/s]
GAP-kron:   0%|          | 6553600/14570837178 [00:00<20:59, 11561729.61B/s]
GAP-kron:   0%|          | 7946240/14570837178 [00:00<19:45, 12286730.51B/s]
GAP-kron:   0%|          | 9191424/14570837178 [00:00<20:00, 12131350.80B/s]
GAP-kron:   0%|          | 10682368/14570837178 [00:00<18:43, 12963746.64B/s]
GAP-kron:   0%|          | 12124160/14570837178 [00:01<18:07, 13384162.50B/s]
GAP-kron:   0%|          | 13582336/14570837178 [00:01<17:41, 13718900.55B/s]
GAP-kron:   0%|          | 15007744/14570837178 [00:01<17:30, 13862126.30B/s]
GAP-kron:   0%|          | 16449536/14570837178 [00:01<17:17, 14026916.20B/s]
GAP-kron:   0%|          | 17858560/14570837178 [00:01<17:24, 13936444.08B/s]
GAP-kron:   0%|          | 19316736/14570837178 [00:01<17:11, 14106968.26B/s]
GAP-kron:   0%|          | 20824064/14570837178 [00:01<16:52, 14366880.96B/s]
GAP-kron:   0%|          | 22298624/14570837178 [00:01<16:47, 14445594.42B/s]
GAP-kron:   0%|          | 23789568/14570837178 [00:01<16:38, 14573281.70B/s]
GAP-kron:   0%|          | 25313280/14570837178 [00:01<16:24, 14769680.83B/s]
GAP-kron:   0%|          | 26968064/14570837178 [00:02<15:52, 15264026.15B/s]
GAP-kron:   0%|          | 28540928/14570837178 [00:02<15:45, 15376879.35B/s]
GAP-kron:   0%|          | 30081024/14570837178 [00:02<15:45, 15378272.93B/s]
GAP-kron:   0%|          | 31768576/14570837178 [00:02<15:19, 15812623.80B/s]
GAP-kron:   0%|          | 33390592/14570837178 [00:02<15:12, 15934132.95B/s]
GAP-kron:   0%|          | 35028992/14570837178 [00:02<15:06, 16041839.36B/s]
GAP-kron:   0%|          | 36700160/14570837178 [00:02<14:56, 16205331.69B/s]
GAP-kron:   0%|          | 38322176/14570837178 [00:02<14:59, 16158717.53B/s]
GAP-kron:   0%|          | 39993344/14570837178 [00:02<14:50, 16321207.93B/s]
GAP-kron:   0%|          | 41746432/14570837178 [00:02<14:31, 16674917.57B/s]
GAP-kron:   0%|          | 43450368/14570837178 [00:03<14:27, 16739186.64B/s]
GAP-kron:   0%|          | 45170688/14570837178 [00:03<14:21, 16861812.70B/s]
GAP-kron:   0%|          | 46858240/14570837178 [00:03<14:30, 16680664.16B/s]
GAP-kron:   0%|          | 48545792/14570837178 [00:03<14:30, 16679899.01B/s]
GAP-kron:   0%|          | 50216960/14570837178 [00:03<14:30, 16673105.37B/s]
GAP-kron:   0%|          | 51920896/14570837178 [00:03<14:26, 16761438.68B/s]
GAP-kron:   0%|          | 53608448/14570837178 [00:03<14:28, 16715375.96B/s]
GAP-kron:   0%|          | 55377920/14570837178 [00:03<14:15, 16966717.14B/s]
GAP-kron:   0%|          | 57081856/14570837178 [00:03<14:24, 16785053.45B/s]
GAP-kron:   0%|          | 58769408/14570837178 [00:03<14:26, 16754145.88B/s]
GAP-kron:   0%|          | 60456960/14570837178 [00:04<14:29, 16687733.18B/s]
GAP-kron:   0%|          | 62226432/14570837178 [00:04<14:15, 16951413.13B/s]
GAP-kron:   0%|          | 63930368/14570837178 [00:04<14:19, 16876738.31B/s]
GAP-kron:   0%|          | 65667072/14570837178 [00:04<14:14, 16967994.50B/s]
GAP-kron:   0%|          | 67371008/14570837178 [00:04<14:23, 16803825.04B/s]
GAP-kron:   0%|          | 69058560/14570837178 [00:04<15:01, 16090843.77B/s]
GAP-kron:   0%|          | 70746112/14570837178 [00:04<14:50, 16291270.68B/s]
GAP-kron:   0%|          | 72384512/14570837178 [00:04<15:37, 15461695.30B/s]
GAP-kron:   1%|          | 74104832/14570837178 [00:04<15:09, 15935706.29B/s]
GAP-kron:   1%|          | 75710464/14570837178 [00:05<15:49, 15261830.68B/s]
GAP-kron:   1%|          | 77430784/14570837178 [00:05<15:16, 15807122.62B/s]
GAP-kron:   1%|          | 79134720/14570837178 [00:05<14:58, 16126537.98B/s]
GAP-kron:   1%|          | 80756736/14570837178 [00:05<15:52, 15214816.51B/s]
GAP-kron:   1%|          | 82427904/14570837178 [00:05<15:27, 15626929.74B/s]
GAP-kron:   1%|          | 84017152/14570837178 [00:05<16:15, 14858149.62B/s]
GAP-kron:   1%|          | 85753856/14570837178 [00:05<15:32, 15540072.75B/s]
GAP-kron:   1%|          | 87425024/14570837178 [00:05<15:13, 15851653.81B/s]
GAP-kron:   1%|          | 89030656/14570837178 [00:05<16:02, 15051298.15B/s]
GAP-kron:   1%|          | 90750976/14570837178 [00:05<15:25, 15637383.96B/s]
GAP-kron:   1%|          | 92340224/14570837178 [00:06<15:24, 15663429.68B/s]
GAP-kron:   1%|          | 94126080/14570837178 [00:06<14:50, 16261795.86B/s]
GAP-kron:   1%|          | 95830016/14570837178 [00:06<14:40, 16446731.06B/s]
GAP-kron:   1%|          | 97550336/14570837178 [00:06<14:28, 16658181.41B/s]
GAP-kron:   1%|          | 99303424/14570837178 [00:06<14:17, 16880206.21B/s]
GAP-kron:   1%|          | 101007360/14570837178 [00:06<15:11, 15877231.65B/s]
GAP-kron:   1%|          | 102776832/14570837178 [00:06<14:43, 16373620.32B/s]
GAP-kron:   1%|          | 104431616/14570837178 [00:06<15:29, 15567105.73B/s]
GAP-kron:   1%|          | 106233856/14570837178 [00:06<14:50, 16249494.29B/s]
GAP-kron:   1%|          | 108003328/14570837178 [00:07<14:29, 16629224.87B/s]
GAP-kron:   1%|          | 109690880/14570837178 [00:07<15:33, 15493866.19B/s]
GAP-kron:   1%|          | 111394816/14570837178 [00:07<15:10, 15884841.11B/s]
GAP-kron:   1%|          | 113016832/14570837178 [00:07<15:59, 15067123.37B/s]
GAP-kron:   1%|          | 114737152/14570837178 [00:07<15:24, 15641986.54B/s]
GAP-kron:   1%|          | 116326400/14570837178 [00:07<16:07, 14933550.87B/s]
GAP-kron:   1%|          | 118046720/14570837178 [00:07<15:31, 15522867.41B/s]
GAP-kron:   1%|          | 119832576/14570837178 [00:07<14:52, 16183772.12B/s]
GAP-kron:   1%|          | 121470976/14570837178 [00:07<15:44, 15295274.85B/s]
GAP-kron:   1%|          | 123240448/14570837178 [00:08<15:05, 15947510.68B/s]
GAP-kron:   1%|          | 124862464/14570837178 [00:08<15:42, 15322223.04B/s]
GAP-kron:   1%|          | 126615552/14570837178 [00:08<15:07, 15909154.59B/s]
GAP-kron:   1%|          | 128237568/14570837178 [00:08<15:55, 15110026.96B/s]
GAP-kron:   1%|          | 129925120/14570837178 [00:08<15:26, 15579617.51B/s]
GAP-kron:   1%|          | 131678208/14570837178 [00:08<14:56, 16101937.51B/s]
GAP-kron:   1%|          | 133316608/14570837178 [00:08<15:48, 15222745.45B/s]
GAP-kron:   1%|          | 135053312/14570837178 [00:08<15:12, 15817935.72B/s]
GAP-kron:   1%|          | 136658944/14570837178 [00:08<15:48, 15213637.39B/s]
GAP-kron:   1%|          | 138412032/14570837178 [00:09<15:10, 15847123.38B/s]
GAP-kron:   1%|          | 140017664/14570837178 [00:09<15:48, 15210621.13B/s]
GAP-kron:   1%|          | 141787136/14570837178 [00:09<15:07, 15903942.07B/s]
GAP-kron:   1%|          | 143556608/14570837178 [00:09<14:41, 16375383.13B/s]
GAP-kron:   1%|          | 145211392/14570837178 [00:09<15:06, 15916970.91B/s]
GAP-kron:   1%|          | 146997248/14570837178 [00:09<14:36, 16451403.87B/s]
GAP-kron:   1%|          | 148652032/14570837178 [00:09<15:27, 15548858.36B/s]
GAP-kron:   1%|          | 150421504/14570837178 [00:09<14:55, 16111469.09B/s]
GAP-kron:   1%|          | 152059904/14570837178 [00:09<15:35, 15416178.47B/s]
GAP-kron:   1%|          | 153780224/14570837178 [00:09<15:06, 15899495.47B/s]
GAP-kron:   1%|          | 155566080/14570837178 [00:10<14:37, 16431232.04B/s]
GAP-kron:   1%|          | 157220864/14570837178 [00:10<15:21, 15643387.75B/s]
GAP-kron:   1%|          | 158957568/14570837178 [00:10<14:53, 16129161.01B/s]
GAP-kron:   1%|          | 160595968/14570837178 [00:10<15:41, 15313746.83B/s]
GAP-kron:   1%|          | 162349056/14570837178 [00:10<15:06, 15898462.35B/s]
GAP-kron:   1%|          | 164134912/14570837178 [00:10<14:37, 16424627.67B/s]
GAP-kron:   1%|          | 165806080/14570837178 [00:10<15:19, 15660684.76B/s]
GAP-kron:   1%|          | 167608320/14570837178 [00:10<14:44, 16288469.89B/s]
GAP-kron:   1%|          | 169263104/14570837178 [00:10<15:34, 15402860.59B/s]
GAP-kron:   1%|          | 170983424/14570837178 [00:11<15:06, 15890457.33B/s]
GAP-kron:   1%|          | 172589056/14570837178 [00:11<15:53, 15105425.26B/s]
GAP-kron:   1%|          | 174325760/14570837178 [00:11<15:16, 15713058.23B/s]
GAP-kron:   1%|          | 176078848/14570837178 [00:11<14:47, 16219046.79B/s]
GAP-kron:   1%|          | 177717248/14570837178 [00:11<15:40, 15309609.24B/s]
GAP-kron:   1%|          | 179404800/14570837178 [00:11<15:15, 15723056.64B/s]
GAP-kron:   1%|          | 180994048/14570837178 [00:11<15:55, 15067110.72B/s]
GAP-kron:   1%|▏         | 182763520/14570837178 [00:11<15:12, 15773385.91B/s]
GAP-kron:   1%|▏         | 184516608/14570837178 [00:11<15:46, 15191971.74B/s]
GAP-kron:   1%|▏         | 186171392/14570837178 [00:12<15:24, 15556876.12B/s]
GAP-kron:   1%|▏         | 187858944/14570837178 [00:12<15:03, 15911167.91B/s]
GAP-kron:   1%|▏         | 189464576/14570837178 [00:12<15:47, 15177517.42B/s]
GAP-kron:   1%|▏         | 191217664/14570837178 [00:12<15:08, 15822676.63B/s]
GAP-kron:   1%|▏         | 192823296/14570837178 [00:12<15:54, 15057113.00B/s]
GAP-kron:   1%|▏         | 194609152/14570837178 [00:12<15:08, 15832033.16B/s]
GAP-kron:   1%|▏         | 196395008/14570837178 [00:12<14:36, 16402126.59B/s]
GAP-kron:   1%|▏         | 198049792/14570837178 [00:12<15:19, 15628538.92B/s]
GAP-kron:   1%|▏         | 199819264/14570837178 [00:12<14:46, 16203094.65B/s]
GAP-kron:   1%|▏         | 201457664/14570837178 [00:13<15:45, 15202156.92B/s]
GAP-kron:   1%|▏         | 203210752/14570837178 [00:13<15:09, 15805884.91B/s]
GAP-kron:   1%|▏         | 204816384/14570837178 [00:13<15:55, 15032765.51B/s]
GAP-kron:   1%|▏         | 206536704/14570837178 [00:13<15:19, 15613767.74B/s]
GAP-kron:   1%|▏         | 208125952/14570837178 [00:13<15:16, 15675578.62B/s]
GAP-kron:   1%|▏         | 209715200/14570837178 [00:13<16:28, 14532366.32B/s]
GAP-kron:   1%|▏         | 211517440/14570837178 [00:13<15:27, 15479381.23B/s]
GAP-kron:   1%|▏         | 213090304/14570837178 [00:13<15:58, 14985714.58B/s]
GAP-kron:   1%|▏         | 214908928/14570837178 [00:13<15:06, 15840031.07B/s]
GAP-kron:   1%|▏         | 216563712/14570837178 [00:14<15:50, 15100221.95B/s]
GAP-kron:   1%|▏         | 218120192/14570837178 [00:14<15:50, 15105234.77B/s]
GAP-kron:   2%|▏         | 219774976/14570837178 [00:14<15:25, 15509737.65B/s]
GAP-kron:   2%|▏         | 221347840/14570837178 [00:14<16:24, 14578985.12B/s]
GAP-kron:   2%|▏         | 222969856/14570837178 [00:14<15:54, 15026515.00B/s]
GAP-kron:   2%|▏         | 224493568/14570837178 [00:14<16:35, 14413749.95B/s]
GAP-kron:   2%|▏         | 226131968/14570837178 [00:14<16:00, 14928444.60B/s]
GAP-kron:   2%|▏         | 227786752/14570837178 [00:14<15:33, 15372938.80B/s]
GAP-kron:   2%|▏         | 229343232/14570837178 [00:14<16:28, 14511416.20B/s]
GAP-kron:   2%|▏         | 230998016/14570837178 [00:14<15:52, 15053507.65B/s]
GAP-kron:   2%|▏         | 232521728/14570837178 [00:15<16:28, 14500042.61B/s]
GAP-kron:   2%|▏         | 234258432/14570837178 [00:15<15:38, 15275335.70B/s]
GAP-kron:   2%|▏         | 235962368/14570837178 [00:15<15:08, 15772005.80B/s]
GAP-kron:   2%|▏         | 237568000/14570837178 [00:15<16:08, 14797478.78B/s]
GAP-kron:   2%|▏         | 239222784/14570837178 [00:15<15:39, 15258711.60B/s]
GAP-kron:   2%|▏         | 240779264/14570837178 [00:15<16:46, 14230705.82B/s]
GAP-kron:   2%|▏         | 242352128/14570837178 [00:15<16:20, 14608250.35B/s]
GAP-kron:   2%|▏         | 243859456/14570837178 [00:15<16:12, 14734624.11B/s]
GAP-kron:   2%|▏         | 245350400/14570837178 [00:15<17:09, 13914696.08B/s]
GAP-kron:   2%|▏         | 246972416/14570837178 [00:16<16:24, 14552917.91B/s]
GAP-kron:   2%|▏         | 248446976/14570837178 [00:16<16:59, 14053432.71B/s]
GAP-kron:   2%|▏         | 250085376/14570837178 [00:16<16:15, 14678743.20B/s]
GAP-kron:   2%|▏         | 251772928/14570837178 [00:16<15:36, 15295695.33B/s]
GAP-kron:   2%|▏         | 253329408/14570837178 [00:16<16:50, 14165499.36B/s]
GAP-kron:   2%|▏         | 254935040/14570837178 [00:16<16:15, 14677300.20B/s]
GAP-kron:   2%|▏         | 256425984/14570837178 [00:16<16:43, 14270444.73B/s]
GAP-kron:   2%|▏         | 258113536/14570837178 [00:16<15:54, 14988820.19B/s]
GAP-kron:   2%|▏         | 259653632/14570837178 [00:16<15:48, 15095636.88B/s]
GAP-kron:   2%|▏         | 261177344/14570837178 [00:17<16:37, 14347134.18B/s]
GAP-kron:   2%|▏         | 262897664/14570837178 [00:17<15:45, 15136692.51B/s]
GAP-kron:   2%|▏         | 264437760/14570837178 [00:17<16:21, 14582787.29B/s]
GAP-kron:   2%|▏         | 266158080/14570837178 [00:17<15:34, 15312703.78B/s]
GAP-kron:   2%|▏         | 267763712/14570837178 [00:17<15:23, 15480098.88B/s]
GAP-kron:   2%|▏         | 269336576/14570837178 [00:17<16:22, 14549201.97B/s]
GAP-kron:   2%|▏         | 271073280/14570837178 [00:17<15:33, 15317621.09B/s]
GAP-kron:   2%|▏         | 272629760/14570837178 [00:17<16:24, 14520188.37B/s]
GAP-kron:   2%|▏         | 274350080/14570837178 [00:17<15:38, 15230423.90B/s]
GAP-kron:   2%|▏         | 276054016/14570837178 [00:18<15:08, 15742037.72B/s]
GAP-kron:   2%|▏         | 277659648/14570837178 [00:18<15:52, 14998447.02B/s]
GAP-kron:   2%|▏         | 279379968/14570837178 [00:18<15:17, 15580229.29B/s]
GAP-kron:   2%|▏         | 280969216/14570837178 [00:18<16:09, 14746735.89B/s]
GAP-kron:   2%|▏         | 282673152/14570837178 [00:18<15:31, 15346871.52B/s]
GAP-kron:   2%|▏         | 284327936/14570837178 [00:18<16:03, 14827282.60B/s]
GAP-kron:   2%|▏         | 285966336/14570837178 [00:18<15:37, 15244372.93B/s]
GAP-kron:   2%|▏         | 287653888/14570837178 [00:18<15:11, 15663678.45B/s]
GAP-kron:   2%|▏         | 289243136/14570837178 [00:18<16:05, 14785543.15B/s]
GAP-kron:   2%|▏         | 290979840/14570837178 [00:18<15:22, 15478700.43B/s]
GAP-kron:   2%|▏         | 292552704/14570837178 [00:19<16:04, 14805743.34B/s]
GAP-kron:   2%|▏         | 294273024/14570837178 [00:19<15:23, 15459126.32B/s]
GAP-kron:   2%|▏         | 295976960/14570837178 [00:19<14:58, 15886005.15B/s]
GAP-kron:   2%|▏         | 297582592/14570837178 [00:19<15:47, 15067310.89B/s]
GAP-kron:   2%|▏         | 299319296/14570837178 [00:19<15:10, 15682955.58B/s]
GAP-kron:   2%|▏         | 300908544/14570837178 [00:19<16:03, 14805630.83B/s]
GAP-kron:   2%|▏         | 302546944/14570837178 [00:19<15:37, 15212825.79B/s]
GAP-kron:   2%|▏         | 304300032/14570837178 [00:19<14:59, 15853517.97B/s]
GAP-kron:   2%|▏         | 305905664/14570837178 [00:19<15:52, 14981926.93B/s]
GAP-kron:   2%|▏         | 307609600/14570837178 [00:20<15:18, 15524279.52B/s]
GAP-kron:   2%|▏         | 309182464/14570837178 [00:20<16:03, 14807738.01B/s]
GAP-kron:   2%|▏         | 310951936/14570837178 [00:20<15:15, 15576810.62B/s]
GAP-kron:   2%|▏         | 312557568/14570837178 [00:20<15:53, 14956692.43B/s]
GAP-kron:   2%|▏         | 314081280/14570837178 [00:20<15:53, 14954481.25B/s]
GAP-kron:   2%|▏         | 315686912/14570837178 [00:20<15:34, 15252767.41B/s]
GAP-kron:   2%|▏         | 317227008/14570837178 [00:20<16:16, 14597920.27B/s]
GAP-kron:   2%|▏         | 318898176/14570837178 [00:20<15:39, 15167982.31B/s]
GAP-kron:   2%|▏         | 320602112/14570837178 [00:20<15:07, 15700819.72B/s]
GAP-kron:   2%|▏         | 322191360/14570837178 [00:21<15:54, 14921548.31B/s]
GAP-kron:   2%|▏         | 323878912/14570837178 [00:21<15:21, 15457342.91B/s]
GAP-kron:   2%|▏         | 325451776/14570837178 [00:21<16:03, 14783254.40B/s]
GAP-kron:   2%|▏         | 327172096/14570837178 [00:21<15:29, 15320447.89B/s]
GAP-kron:   2%|▏         | 328744960/14570837178 [00:21<15:56, 14897101.35B/s]
GAP-kron:   2%|▏         | 330465280/14570837178 [00:21<15:17, 15524993.13B/s]
GAP-kron:   2%|▏         | 332218368/14570837178 [00:21<14:45, 16087155.94B/s]
GAP-kron:   2%|▏         | 333840384/14570837178 [00:21<15:29, 15311202.77B/s]
GAP-kron:   2%|▏         | 335560704/14570837178 [00:21<15:01, 15787691.20B/s]
GAP-kron:   2%|▏         | 337166336/14570837178 [00:22<15:37, 15188154.88B/s]
GAP-kron:   2%|▏         | 338903040/14570837178 [00:22<15:01, 15787383.61B/s]
GAP-kron:   2%|▏         | 340656128/14570837178 [00:22<14:36, 16244205.49B/s]
GAP-kron:   2%|▏         | 342294528/14570837178 [00:22<15:04, 15737435.61B/s]
GAP-kron:   2%|▏         | 343949312/14570837178 [00:22<14:57, 15855633.53B/s]
GAP-kron:   2%|▏         | 345554944/14570837178 [00:22<15:11, 15611028.54B/s]
GAP-kron:   2%|▏         | 347258880/14570837178 [00:22<14:48, 16005883.61B/s]
GAP-kron:   2%|▏         | 349011968/14570837178 [00:22<14:26, 16410821.10B/s]
GAP-kron:   2%|▏         | 350666752/14570837178 [00:22<15:20, 15456404.27B/s]
GAP-kron:   2%|▏         | 352419840/14570837178 [00:22<14:48, 16008416.03B/s]
GAP-kron:   2%|▏         | 354041856/14570837178 [00:23<15:38, 15147228.05B/s]
GAP-kron:   2%|▏         | 355696640/14570837178 [00:23<15:17, 15496417.87B/s]
GAP-kron:   2%|▏         | 357335040/14570837178 [00:23<15:03, 15731063.74B/s]
GAP-kron:   2%|▏         | 358924288/14570837178 [00:23<15:47, 14992184.92B/s]
GAP-kron:   2%|▏         | 360660992/14570837178 [00:23<15:08, 15641528.96B/s]
GAP-kron:   2%|▏         | 362250240/14570837178 [00:23<15:49, 14966806.71B/s]
GAP-kron:   2%|▏         | 363905024/14570837178 [00:23<15:23, 15377132.77B/s]
GAP-kron:   3%|▎         | 365461504/14570837178 [00:23<16:22, 14455789.29B/s]
GAP-kron:   3%|▎         | 367067136/14570837178 [00:23<15:55, 14872351.72B/s]
GAP-kron:   3%|▎         | 368803840/14570837178 [00:24<15:13, 15554382.17B/s]
GAP-kron:   3%|▎         | 370376704/14570837178 [00:24<16:02, 14756171.39B/s]
GAP-kron:   3%|▎         | 372080640/14570837178 [00:24<15:22, 15384119.76B/s]
GAP-kron:   3%|▎         | 373637120/14570837178 [00:24<16:11, 14619931.00B/s]
GAP-kron:   3%|▎         | 375275520/14570837178 [00:24<15:40, 15093658.75B/s]
GAP-kron:   3%|▎         | 376864768/14570837178 [00:24<15:28, 15291451.60B/s]
GAP-kron:   3%|▎         | 378421248/14570837178 [00:24<16:15, 14546053.96B/s]
GAP-kron:   3%|▎         | 380092416/14570837178 [00:24<15:38, 15122985.67B/s]
GAP-kron:   3%|▎         | 381632512/14570837178 [00:24<16:12, 14584730.17B/s]
GAP-kron:   3%|▎         | 383401984/14570837178 [00:25<15:19, 15429441.53B/s]
GAP-kron:   3%|▎         | 385007616/14570837178 [00:25<15:09, 15600789.28B/s]
GAP-kron:   3%|▎         | 386580480/14570837178 [00:25<15:51, 14902148.76B/s]
GAP-kron:   3%|▎         | 388317184/14570837178 [00:25<15:10, 15574386.13B/s]
GAP-kron:   3%|▎         | 389890048/14570837178 [00:25<16:00, 14771027.75B/s]
GAP-kron:   3%|▎         | 391593984/14570837178 [00:25<15:22, 15377966.03B/s]
GAP-kron:   3%|▎         | 393150464/14570837178 [00:25<15:59, 14782024.38B/s]
GAP-kron:   3%|▎         | 394821632/14570837178 [00:25<15:25, 15313095.72B/s]
GAP-kron:   3%|▎         | 396574720/14570837178 [00:25<14:51, 15905990.13B/s]
GAP-kron:   3%|▎         | 398180352/14570837178 [00:25<15:35, 15156910.55B/s]
GAP-kron:   3%|▎         | 399933440/14570837178 [00:26<14:57, 15788675.64B/s]
GAP-kron:   3%|▎         | 401539072/14570837178 [00:26<15:47, 14958914.46B/s]
GAP-kron:   3%|▎         | 403259392/14570837178 [00:26<15:11, 15541264.61B/s]
GAP-kron:   3%|▎         | 404914176/14570837178 [00:26<14:56, 15794118.15B/s]
GAP-kron:   3%|▎         | 406519808/14570837178 [00:26<15:41, 15037795.12B/s]
GAP-kron:   3%|▎         | 408240128/14570837178 [00:26<15:05, 15644947.73B/s]
GAP-kron:   3%|▎         | 409829376/14570837178 [00:26<15:50, 14905669.47B/s]
GAP-kron:   3%|▎         | 411549696/14570837178 [00:26<15:11, 15533550.76B/s]
GAP-kron:   3%|▎         | 413122560/14570837178 [00:26<15:49, 14911107.30B/s]
GAP-kron:   3%|▎         | 414793728/14570837178 [00:27<15:18, 15404852.23B/s]
GAP-kron:   3%|▎         | 416530432/14570837178 [00:27<14:48, 15937204.89B/s]
GAP-kron:   3%|▎         | 418136064/14570837178 [00:27<15:40, 15050140.92B/s]
GAP-kron:   3%|▎         | 419889152/14570837178 [00:27<14:59, 15734606.49B/s]
GAP-kron:   3%|▎         | 421494784/14570837178 [00:27<15:01, 15701886.05B/s]
GAP-kron:   3%|▎         | 423264256/14570837178 [00:27<14:30, 16250394.50B/s]
GAP-kron:   3%|▎         | 425000960/14570837178 [00:27<14:14, 16563650.78B/s]
GAP-kron:   3%|▎         | 426672128/14570837178 [00:27<14:23, 16375260.34B/s]
GAP-kron:   3%|▎         | 428441600/14570837178 [00:27<14:04, 16750826.51B/s]
GAP-kron:   3%|▎         | 430129152/14570837178 [00:28<14:30, 16246685.41B/s]
GAP-kron:   3%|▎         | 431816704/14570837178 [00:28<14:21, 16415904.85B/s]
GAP-kron:   3%|▎         | 433471488/14570837178 [00:28<14:19, 16453674.97B/s]
GAP-kron:   3%|▎         | 435126272/14570837178 [00:28<15:17, 15409303.07B/s]
GAP-kron:   3%|▎         | 436764672/14570837178 [00:28<15:01, 15671910.37B/s]
GAP-kron:   3%|▎         | 438353920/14570837178 [00:28<15:31, 15174046.08B/s]
GAP-kron:   3%|▎         | 440008704/14570837178 [00:28<15:09, 15540085.23B/s]
GAP-kron:   3%|▎         | 441729024/14570837178 [00:28<14:42, 16002475.02B/s]
GAP-kron:   3%|▎         | 443351040/14570837178 [00:28<15:25, 15262969.23B/s]
GAP-kron:   3%|▎         | 445071360/14570837178 [00:28<14:54, 15800415.73B/s]
GAP-kron:   3%|▎         | 446676992/14570837178 [00:29<15:39, 15033625.99B/s]
GAP-kron:   3%|▎         | 448397312/14570837178 [00:29<15:04, 15620582.42B/s]
GAP-kron:   3%|▎         | 449986560/14570837178 [00:29<15:40, 15008062.47B/s]
GAP-kron:   3%|▎         | 451706880/14570837178 [00:29<15:04, 15613059.34B/s]
GAP-kron:   3%|▎         | 453345280/14570837178 [00:29<14:53, 15793821.36B/s]
GAP-kron:   3%|▎         | 454950912/14570837178 [00:29<15:37, 15063196.82B/s]
GAP-kron:   3%|▎         | 456605696/14570837178 [00:29<15:14, 15437677.79B/s]
GAP-kron:   3%|▎         | 458211328/14570837178 [00:29<15:58, 14721873.43B/s]
GAP-kron:   3%|▎         | 459800576/14570837178 [00:29<15:37, 15043913.60B/s]
GAP-kron:   3%|▎         | 461504512/14570837178 [00:30<15:05, 15585122.20B/s]
GAP-kron:   3%|▎         | 463077376/14570837178 [00:30<15:51, 14831345.44B/s]
GAP-kron:   3%|▎         | 464764928/14570837178 [00:30<15:15, 15405867.60B/s]
GAP-kron:   3%|▎         | 466321408/14570837178 [00:30<16:05, 14613480.73B/s]
GAP-kron:   3%|▎         | 467992576/14570837178 [00:30<15:28, 15185111.77B/s]
GAP-kron:   3%|▎         | 469712896/14570837178 [00:30<14:56, 15724529.38B/s]
GAP-kron:   3%|▎         | 471302144/14570837178 [00:30<15:45, 14907059.35B/s]
GAP-kron:   3%|▎         | 472973312/14570837178 [00:30<15:15, 15399253.60B/s]
GAP-kron:   3%|▎         | 474529792/14570837178 [00:30<15:58, 14710313.56B/s]
GAP-kron:   3%|▎         | 476250112/14570837178 [00:31<15:16, 15385688.65B/s]
GAP-kron:   3%|▎         | 478003200/14570837178 [00:31<14:41, 15978904.51B/s]
GAP-kron:   3%|▎         | 479625216/14570837178 [00:31<15:32, 15108697.80B/s]
GAP-kron:   3%|▎         | 481296384/14570837178 [00:31<15:06, 15537952.21B/s]
GAP-kron:   3%|▎         | 482869248/14570837178 [00:31<15:24, 15232435.98B/s]
GAP-kron:   3%|▎         | 484638720/14570837178 [00:31<14:46, 15895056.35B/s]
GAP-kron:   3%|▎         | 486342656/14570837178 [00:31<14:29, 16195693.27B/s]
GAP-kron:   3%|▎         | 487981056/14570837178 [00:31<15:16, 15365677.39B/s]
GAP-kron:   3%|▎         | 489684992/14570837178 [00:31<14:49, 15829965.57B/s]
GAP-kron:   3%|▎         | 491290624/14570837178 [00:32<15:32, 15097218.58B/s]
GAP-kron:   3%|▎         | 493010944/14570837178 [00:32<14:58, 15676283.60B/s]
GAP-kron:   3%|▎         | 494780416/14570837178 [00:32<14:27, 16233540.29B/s]
GAP-kron:   3%|▎         | 496418816/14570837178 [00:32<15:38, 14991503.41B/s]
GAP-kron:   3%|▎         | 498024448/14570837178 [00:32<15:21, 15268200.15B/s]
GAP-kron:   3%|▎         | 499580928/14570837178 [00:32<16:13, 14449348.58B/s]
GAP-kron:   3%|▎         | 501252096/14570837178 [00:32<15:33, 15065399.59B/s]
GAP-kron:   3%|▎         | 502939648/14570837178 [00:32<15:05, 15542057.20B/s]
GAP-kron:   3%|▎         | 504512512/14570837178 [00:32<15:02, 15579316.57B/s]
GAP-kron:   3%|▎         | 506249216/14570837178 [00:32<14:33, 16097833.80B/s]
GAP-kron:   3%|▎         | 507871232/14570837178 [00:33<14:44, 15897938.15B/s]
GAP-kron:   3%|▎         | 509624320/14570837178 [00:33<14:20, 16338476.84B/s]
GAP-kron:   4%|▎         | 511311872/14570837178 [00:33<14:12, 16493324.09B/s]
GAP-kron:   4%|▎         | 512966656/14570837178 [00:33<15:08, 15469153.31B/s]
GAP-kron:   4%|▎         | 514719744/14570837178 [00:33<14:37, 16018032.23B/s]
GAP-kron:   4%|▎         | 516341760/14570837178 [00:33<15:24, 15195231.64B/s]
GAP-kron:   4%|▎         | 518094848/14570837178 [00:33<14:48, 15825034.54B/s]
GAP-kron:   4%|▎         | 519700480/14570837178 [00:33<15:27, 15157342.68B/s]
GAP-kron:   4%|▎         | 521420800/14570837178 [00:33<14:55, 15697056.23B/s]
GAP-kron:   4%|▎         | 523173888/14570837178 [00:34<14:27, 16199026.56B/s]
GAP-kron:   4%|▎         | 524812288/14570837178 [00:34<15:18, 15284589.19B/s]
GAP-kron:   4%|▎         | 526532608/14570837178 [00:34<14:49, 15782902.56B/s]
GAP-kron:   4%|▎         | 528138240/14570837178 [00:34<15:40, 14931178.19B/s]
GAP-kron:   4%|▎         | 529891328/14570837178 [00:34<14:58, 15632486.57B/s]
GAP-kron:   4%|▎         | 531513344/14570837178 [00:34<15:27, 15132119.36B/s]
GAP-kron:   4%|▎         | 533233664/14570837178 [00:34<14:54, 15689887.75B/s]
GAP-kron:   4%|▎         | 534986752/14570837178 [00:34<14:25, 16211115.75B/s]
GAP-kron:   4%|▎         | 536625152/14570837178 [00:34<15:16, 15316359.25B/s]
GAP-kron:   4%|▎         | 538345472/14570837178 [00:35<14:46, 15827287.20B/s]
GAP-kron:   4%|▎         | 539951104/14570837178 [00:35<15:30, 15070896.54B/s]
GAP-kron:   4%|▎         | 541704192/14570837178 [00:35<14:52, 15727307.33B/s]
GAP-kron:   4%|▎         | 543424512/14570837178 [00:35<14:29, 16135995.99B/s]
GAP-kron:   4%|▎         | 545062912/14570837178 [00:35<15:18, 15273935.40B/s]
GAP-kron:   4%|▍         | 546783232/14570837178 [00:35<14:49, 15771749.58B/s]
GAP-kron:   4%|▍         | 548388864/14570837178 [00:35<15:40, 14912946.12B/s]
GAP-kron:   4%|▍         | 550076416/14570837178 [00:35<15:09, 15419757.60B/s]
GAP-kron:   4%|▍         | 551878656/14570837178 [00:35<15:26, 15128409.32B/s]
GAP-kron:   4%|▍         | 553598976/14570837178 [00:35<14:54, 15662886.40B/s]
GAP-kron:   4%|▍         | 555286528/14570837178 [00:36<14:36, 15997311.68B/s]
GAP-kron:   4%|▍         | 556908544/14570837178 [00:36<15:41, 14890953.84B/s]
GAP-kron:   4%|▍         | 558546944/14570837178 [00:36<15:16, 15287297.80B/s]
GAP-kron:   4%|▍         | 560103424/14570837178 [00:36<16:00, 14593601.63B/s]
GAP-kron:   4%|▍         | 561676288/14570837178 [00:36<15:40, 14902056.16B/s]
GAP-kron:   4%|▍         | 563380224/14570837178 [00:36<15:05, 15465022.76B/s]
GAP-kron:   4%|▍         | 564953088/14570837178 [00:36<15:47, 14776453.76B/s]
GAP-kron:   4%|▍         | 566706176/14570837178 [00:36<15:00, 15545297.39B/s]
GAP-kron:   4%|▍         | 568279040/14570837178 [00:36<15:58, 14609118.90B/s]
GAP-kron:   4%|▍         | 569966592/14570837178 [00:37<15:20, 15213859.88B/s]
GAP-kron:   4%|▍         | 571604992/14570837178 [00:37<15:52, 14700294.54B/s]
GAP-kron:   4%|▍         | 573259776/14570837178 [00:37<15:22, 15172429.06B/s]
GAP-kron:   4%|▍         | 574996480/14570837178 [00:37<14:48, 15760806.14B/s]
GAP-kron:   4%|▍         | 576602112/14570837178 [00:37<15:29, 15050763.90B/s]
GAP-kron:   4%|▍         | 578371584/14570837178 [00:37<14:47, 15770152.45B/s]
GAP-kron:   4%|▍         | 579977216/14570837178 [00:37<15:05, 15455908.08B/s]
GAP-kron:   4%|▍         | 581550080/14570837178 [00:37<15:13, 15314620.20B/s]
GAP-kron:   4%|▍         | 583319552/14570837178 [00:37<14:34, 15989437.65B/s]
GAP-kron:   4%|▍         | 584941568/14570837178 [00:38<15:20, 15191346.88B/s]
GAP-kron:   4%|▍         | 586711040/14570837178 [00:38<14:41, 15868446.33B/s]
GAP-kron:   4%|▍         | 588316672/14570837178 [00:38<15:32, 14998643.70B/s]
GAP-kron:   4%|▍         | 590086144/14570837178 [00:38<14:47, 15745869.03B/s]
GAP-kron:   4%|▍         | 591691776/14570837178 [00:38<15:23, 15142118.76B/s]
GAP-kron:   4%|▍         | 593428480/14570837178 [00:38<14:48, 15731634.76B/s]
GAP-kron:   4%|▍         | 595263488/14570837178 [00:38<14:10, 16437559.18B/s]
GAP-kron:   4%|▍         | 596934656/14570837178 [00:38<14:55, 15596733.35B/s]
GAP-kron:   4%|▍         | 598671360/14570837178 [00:38<14:28, 16078658.73B/s]
GAP-kron:   4%|▍         | 600309760/14570837178 [00:39<15:24, 15117479.23B/s]
GAP-kron:   4%|▍         | 602046464/14570837178 [00:39<14:47, 15733699.14B/s]
GAP-kron:   4%|▍         | 603652096/14570837178 [00:39<15:20, 15175650.26B/s]
GAP-kron:   4%|▍         | 605372416/14570837178 [00:39<14:49, 15698995.48B/s]
GAP-kron:   4%|▍         | 607076352/14570837178 [00:39<14:30, 16037150.84B/s]
GAP-kron:   4%|▍         | 608698368/14570837178 [00:39<15:21, 15156365.02B/s]
GAP-kron:   4%|▍         | 610467840/14570837178 [00:39<14:40, 15850783.54B/s]
GAP-kron:   4%|▍         | 612073472/14570837178 [00:39<15:33, 14947869.79B/s]
GAP-kron:   4%|▍         | 613744640/14570837178 [00:39<15:06, 15404918.55B/s]
GAP-kron:   4%|▍         | 615317504/14570837178 [00:40<15:01, 15480710.28B/s]
GAP-kron:   4%|▍         | 616890368/14570837178 [00:40<15:45, 14760406.08B/s]
GAP-kron:   4%|▍         | 618643456/14570837178 [00:40<14:58, 15525509.08B/s]
GAP-kron:   4%|▍         | 620216320/14570837178 [00:40<15:46, 14743359.35B/s]
GAP-kron:   4%|▍         | 621936640/14570837178 [00:40<15:05, 15412709.18B/s]
GAP-kron:   4%|▍         | 623509504/14570837178 [00:40<15:45, 14749405.39B/s]
GAP-kron:   4%|▍         | 625278976/14570837178 [00:40<14:57, 15534011.21B/s]
GAP-kron:   4%|▍         | 627064832/14570837178 [00:40<14:22, 16170660.92B/s]
GAP-kron:   4%|▍         | 628703232/14570837178 [00:40<14:59, 15493866.25B/s]
GAP-kron:   4%|▍         | 630456320/14570837178 [00:40<14:28, 16056733.66B/s]
GAP-kron:   4%|▍         | 632078336/14570837178 [00:41<14:43, 15782363.52B/s]
GAP-kron:   4%|▍         | 633798656/14570837178 [00:41<14:21, 16178262.70B/s]
GAP-kron:   4%|▍         | 635437056/14570837178 [00:41<14:19, 16217763.98B/s]
GAP-kron:   4%|▍         | 637075456/14570837178 [00:41<15:05, 15386396.23B/s]
GAP-kron:   4%|▍         | 638861312/14570837178 [00:41<14:27, 16057488.74B/s]
GAP-kron:   4%|▍         | 640483328/14570837178 [00:41<15:17, 15179039.44B/s]
GAP-kron:   4%|▍         | 642105344/14570837178 [00:41<15:02, 15441882.66B/s]
GAP-kron:   4%|▍         | 643776512/14570837178 [00:41<14:49, 15662313.94B/s]
GAP-kron:   4%|▍         | 645447680/14570837178 [00:41<14:32, 15959344.63B/s]
GAP-kron:   4%|▍         | 647135232/14570837178 [00:42<14:18, 16223885.30B/s]
GAP-kron:   4%|▍         | 648773632/14570837178 [00:42<15:10, 15284448.05B/s]
GAP-kron:   4%|▍         | 650428416/14570837178 [00:42<14:51, 15616851.69B/s]
GAP-kron:   4%|▍         | 652017664/14570837178 [00:42<15:44, 14738159.25B/s]
GAP-kron:   4%|▍         | 653672448/14570837178 [00:42<15:14, 15213309.29B/s]
GAP-kron:   4%|▍         | 655360000/14570837178 [00:42<14:47, 15683196.11B/s]
GAP-kron:   5%|▍         | 656949248/14570837178 [00:42<15:32, 14921014.12B/s]
GAP-kron:   5%|▍         | 658718720/14570837178 [00:42<14:47, 15668200.58B/s]
GAP-kron:   5%|▍         | 660307968/14570837178 [00:42<15:37, 14840818.41B/s]
GAP-kron:   5%|▍         | 661946368/14570837178 [00:43<15:11, 15260561.89B/s]
GAP-kron:   5%|▍         | 663666688/14570837178 [00:43<14:41, 15781959.66B/s]
GAP-kron:   5%|▍         | 665272320/14570837178 [00:43<15:32, 14911675.89B/s]
GAP-kron:   5%|▍         | 666894336/14570837178 [00:43<15:11, 15259023.92B/s]
GAP-kron:   5%|▍         | 668450816/14570837178 [00:43<15:57, 14512488.51B/s]
GAP-kron:   5%|▍         | 670154752/14570837178 [00:43<15:15, 15187148.39B/s]
GAP-kron:   5%|▍         | 671776768/14570837178 [00:43<15:52, 14596591.06B/s]
GAP-kron:   5%|▍         | 673415168/14570837178 [00:43<15:23, 15049299.26B/s]
GAP-kron:   5%|▍         | 675168256/14570837178 [00:43<14:43, 15733405.74B/s]
GAP-kron:   5%|▍         | 676757504/14570837178 [00:44<15:27, 14973616.51B/s]
GAP-kron:   5%|▍         | 678346752/14570837178 [00:44<15:14, 15187052.57B/s]
GAP-kron:   5%|▍         | 679886848/14570837178 [00:44<16:15, 14239663.51B/s]
GAP-kron:   5%|▍         | 681328640/14570837178 [00:44<16:14, 14250652.71B/s]
GAP-kron:   5%|▍         | 682770432/14570837178 [00:44<16:17, 14205790.24B/s]
GAP-kron:   5%|▍         | 684212224/14570837178 [00:44<17:32, 13188778.72B/s]
GAP-kron:   5%|▍         | 685735936/14570837178 [00:44<16:51, 13733304.17B/s]
GAP-kron:   5%|▍         | 687161344/14570837178 [00:44<16:42, 13849571.46B/s]
GAP-kron:   5%|▍         | 688570368/14570837178 [00:44<17:31, 13206995.88B/s]
GAP-kron:   5%|▍         | 690094080/14570837178 [00:44<16:49, 13754213.54B/s]
GAP-kron:   5%|▍         | 691568640/14570837178 [00:45<17:35, 13149514.34B/s]
GAP-kron:   5%|▍         | 692944896/14570837178 [00:45<17:22, 13315488.45B/s]
GAP-kron:   5%|▍         | 694288384/14570837178 [00:45<17:23, 13304411.98B/s]
GAP-kron:   5%|▍         | 695631872/14570837178 [00:45<18:29, 12507893.16B/s]
GAP-kron:   5%|▍         | 697040896/14570837178 [00:45<17:55, 12903530.86B/s]
GAP-kron:   5%|▍         | 698548224/14570837178 [00:45<17:09, 13473388.15B/s]
GAP-kron:   5%|▍         | 699908096/14570837178 [00:45<17:13, 13422651.29B/s]
GAP-kron:   5%|▍         | 701366272/14570837178 [00:45<16:50, 13730059.93B/s]
GAP-kron:   5%|▍         | 702840832/14570837178 [00:45<16:30, 13997557.19B/s]
GAP-kron:   5%|▍         | 704249856/14570837178 [00:46<17:10, 13453430.30B/s]
GAP-kron:   5%|▍         | 705904640/14570837178 [00:46<16:08, 14311637.60B/s]
GAP-kron:   5%|▍         | 707526656/14570837178 [00:46<16:29, 14012202.38B/s]
GAP-kron:   5%|▍         | 709099520/14570837178 [00:46<15:57, 14482034.01B/s]
GAP-kron:   5%|▍         | 710770688/14570837178 [00:46<15:18, 15083850.61B/s]
GAP-kron:   5%|▍         | 712294400/14570837178 [00:46<16:00, 14425061.18B/s]
GAP-kron:   5%|▍         | 713965568/14570837178 [00:46<15:19, 15068269.20B/s]
GAP-kron:   5%|▍         | 715489280/14570837178 [00:46<16:05, 14347098.20B/s]
GAP-kron:   5%|▍         | 717160448/14570837178 [00:46<15:25, 14971973.30B/s]
GAP-kron:   5%|▍         | 718831616/14570837178 [00:47<14:57, 15442505.10B/s]
GAP-kron:   5%|▍         | 720388096/14570837178 [00:47<15:15, 15134506.07B/s]
GAP-kron:   5%|▍         | 722059264/14570837178 [00:47<14:50, 15559303.59B/s]
GAP-kron:   5%|▍         | 723664896/14570837178 [00:47<14:42, 15696571.15B/s]
GAP-kron:   5%|▍         | 725254144/14570837178 [00:47<14:56, 15439198.81B/s]
GAP-kron:   5%|▍         | 726876160/14570837178 [00:47<14:43, 15660762.96B/s]
GAP-kron:   5%|▍         | 728449024/14570837178 [00:47<15:35, 14792217.06B/s]
GAP-kron:   5%|▌         | 730136576/14570837178 [00:47<15:00, 15361732.10B/s]
GAP-kron:   5%|▌         | 731807744/14570837178 [00:47<14:39, 15739974.39B/s]
GAP-kron:   5%|▌         | 733396992/14570837178 [00:47<14:55, 15448899.83B/s]
GAP-kron:   5%|▌         | 735084544/14570837178 [00:48<14:33, 15842879.88B/s]
GAP-kron:   5%|▌         | 736690176/14570837178 [00:48<15:23, 14981269.71B/s]
GAP-kron:   5%|▌         | 738361344/14570837178 [00:48<14:55, 15448573.70B/s]
GAP-kron:   5%|▌         | 739999744/14570837178 [00:48<14:41, 15691879.45B/s]
GAP-kron:   5%|▌         | 741588992/14570837178 [00:48<15:36, 14763908.69B/s]
GAP-kron:   5%|▌         | 743243776/14570837178 [00:48<15:06, 15254919.29B/s]
GAP-kron:   5%|▌         | 744800256/14570837178 [00:48<15:48, 14580344.41B/s]
GAP-kron:   5%|▌         | 746471424/14570837178 [00:48<15:12, 15144948.48B/s]
GAP-kron:   5%|▌         | 748126208/14570837178 [00:48<15:49, 14552188.39B/s]
GAP-kron:   5%|▌         | 749780992/14570837178 [00:49<15:16, 15075230.70B/s]
GAP-kron:   5%|▌         | 751435776/14570837178 [00:49<14:52, 15486077.24B/s]
GAP-kron:   5%|▌         | 753008640/14570837178 [00:49<15:02, 15303459.23B/s]
GAP-kron:   5%|▌         | 754663424/14570837178 [00:49<14:43, 15638346.53B/s]
GAP-kron:   5%|▌         | 756301824/14570837178 [00:49<15:31, 14824440.69B/s]
GAP-kron:   5%|▌         | 757956608/14570837178 [00:49<15:03, 15288376.92B/s]
GAP-kron:   5%|▌         | 759627776/14570837178 [00:49<14:40, 15684655.14B/s]
GAP-kron:   5%|▌         | 761217024/14570837178 [00:49<15:32, 14802067.66B/s]
GAP-kron:   5%|▌         | 762855424/14570837178 [00:49<15:07, 15219403.89B/s]
GAP-kron:   5%|▌         | 764395520/14570837178 [00:50<15:51, 14503587.55B/s]
GAP-kron:   5%|▌         | 766050304/14570837178 [00:50<15:17, 15051476.94B/s]
GAP-kron:   5%|▌         | 767705088/14570837178 [00:50<14:53, 15451971.22B/s]
GAP-kron:   5%|▌         | 769277952/14570837178 [00:50<15:40, 14670981.61B/s]
GAP-kron:   5%|▌         | 770949120/14570837178 [00:50<15:06, 15216168.86B/s]
GAP-kron:   5%|▌         | 772489216/14570837178 [00:50<15:49, 14533166.01B/s]
GAP-kron:   5%|▌         | 774160384/14570837178 [00:50<15:14, 15089320.79B/s]
GAP-kron:   5%|▌         | 775847936/14570837178 [00:50<14:47, 15551595.09B/s]
GAP-kron:   5%|▌         | 777420800/14570837178 [00:50<15:34, 14760091.79B/s]
GAP-kron:   5%|▌         | 779108352/14570837178 [00:50<14:59, 15328407.34B/s]
GAP-kron:   5%|▌         | 780664832/14570837178 [00:51<15:20, 14978754.83B/s]
GAP-kron:   5%|▌         | 782336000/14570837178 [00:51<14:53, 15432031.80B/s]
GAP-kron:   5%|▌         | 784023552/14570837178 [00:51<14:32, 15810376.39B/s]
GAP-kron:   5%|▌         | 785612800/14570837178 [00:51<14:43, 15604838.20B/s]
GAP-kron:   5%|▌         | 787251200/14570837178 [00:51<14:31, 15817867.43B/s]
GAP-kron:   5%|▌         | 788840448/14570837178 [00:51<15:25, 14891832.01B/s]
GAP-kron:   5%|▌         | 790511616/14570837178 [00:51<14:55, 15386144.46B/s]
GAP-kron:   5%|▌         | 792182784/14570837178 [00:51<14:34, 15750267.03B/s]
GAP-kron:   5%|▌         | 793772032/14570837178 [00:51<15:31, 14791792.86B/s]
GAP-kron:   5%|▌         | 795459584/14570837178 [00:52<14:58, 15336831.17B/s]
GAP-kron:   5%|▌         | 797016064/14570837178 [00:52<15:47, 14531598.40B/s]
GAP-kron:   5%|▌         | 798670848/14570837178 [00:52<15:13, 15082935.23B/s]
GAP-kron:   5%|▌         | 800358400/14570837178 [00:52<14:45, 15556294.61B/s]
GAP-kron:   6%|▌         | 801931264/14570837178 [00:52<15:34, 14739921.09B/s]
GAP-kron:   6%|▌         | 803553280/14570837178 [00:52<15:09, 15138457.65B/s]
GAP-kron:   6%|▌         | 805093376/14570837178 [00:52<15:55, 14412200.35B/s]
GAP-kron:   6%|▌         | 806764544/14570837178 [00:52<15:15, 15041809.74B/s]
GAP-kron:   6%|▌         | 808435712/14570837178 [00:52<14:47, 15514273.84B/s]
GAP-kron:   6%|▌         | 810008576/14570837178 [00:53<15:33, 14739714.09B/s]
GAP-kron:   6%|▌         | 811696128/14570837178 [00:53<14:58, 15308563.59B/s]
GAP-kron:   6%|▌         | 813252608/14570837178 [00:53<15:53, 14434200.00B/s]
GAP-kron:   6%|▌         | 814841856/14570837178 [00:53<15:29, 14804088.86B/s]
GAP-kron:   6%|▌         | 816496640/14570837178 [00:53<15:00, 15279230.94B/s]
GAP-kron:   6%|▌         | 818053120/14570837178 [00:53<15:45, 14538661.67B/s]
GAP-kron:   6%|▌         | 819724288/14570837178 [00:53<15:09, 15119442.05B/s]
GAP-kron:   6%|▌         | 821264384/14570837178 [00:53<15:23, 14894535.92B/s]
GAP-kron:   6%|▌         | 822935552/14570837178 [00:53<14:52, 15395954.89B/s]
GAP-kron:   6%|▌         | 824606720/14570837178 [00:53<14:33, 15734697.57B/s]
GAP-kron:   6%|▌         | 826195968/14570837178 [00:54<15:30, 14777467.30B/s]
GAP-kron:   6%|▌         | 827867136/14570837178 [00:54<14:57, 15312438.28B/s]
GAP-kron:   6%|▌         | 829423616/14570837178 [00:54<15:43, 14565558.99B/s]
GAP-kron:   6%|▌         | 831111168/14570837178 [00:54<15:05, 15171284.05B/s]
GAP-kron:   6%|▌         | 832733184/14570837178 [00:54<15:46, 14508046.05B/s]
GAP-kron:   6%|▌         | 834371584/14570837178 [00:54<15:16, 14993348.00B/s]
GAP-kron:   6%|▌         | 836059136/14570837178 [00:54<14:47, 15483761.20B/s]
GAP-kron:   6%|▌         | 837632000/14570837178 [00:54<15:36, 14667938.46B/s]
GAP-kron:   6%|▌         | 839303168/14570837178 [00:54<15:02, 15217497.82B/s]
GAP-kron:   6%|▌         | 840843264/14570837178 [00:55<15:54, 14381269.10B/s]
GAP-kron:   6%|▌         | 842530816/14570837178 [00:55<15:13, 15033001.12B/s]
GAP-kron:   6%|▌         | 844185600/14570837178 [00:55<14:48, 15444568.72B/s]
GAP-kron:   6%|▌         | 845758464/14570837178 [00:55<15:36, 14652716.72B/s]
GAP-kron:   6%|▌         | 847429632/14570837178 [00:55<15:01, 15218858.01B/s]
GAP-kron:   6%|▌         | 848969728/14570837178 [00:55<15:48, 14471828.67B/s]
GAP-kron:   6%|▌         | 850657280/14570837178 [00:55<15:07, 15111300.90B/s]
GAP-kron:   6%|▌         | 852279296/14570837178 [00:55<14:50, 15409165.02B/s]
GAP-kron:   6%|▌         | 853835776/14570837178 [00:55<15:35, 14654937.82B/s]
GAP-kron:   6%|▌         | 855490560/14570837178 [00:56<15:04, 15162343.79B/s]
GAP-kron:   6%|▌         | 857030656/14570837178 [00:56<15:50, 14432537.00B/s]
GAP-kron:   6%|▌         | 858701824/14570837178 [00:56<15:12, 15031495.30B/s]
GAP-kron:   6%|▌         | 860372992/14570837178 [00:56<14:44, 15504539.93B/s]
GAP-kron:   6%|▌         | 861945856/14570837178 [00:56<15:35, 14659260.77B/s]
GAP-kron:   6%|▌         | 863617024/14570837178 [00:56<15:01, 15210779.43B/s]
GAP-kron:   6%|▌         | 865157120/14570837178 [00:56<15:47, 14462878.09B/s]
GAP-kron:   6%|▌         | 866811904/14570837178 [00:56<15:13, 14995664.79B/s]
GAP-kron:   6%|▌         | 868466688/14570837178 [00:56<14:48, 15413337.65B/s]

asv: benchmark timed out (timeout 60s)

For parameters: bfs_gap_inputs.GAP/GAP-urand_16733665
INFO root: Dataset suitesparse_matrix.GAP/GAP-urand manifest metadata is stale.

GAP-urand:   0%|          | 0/16766984746 [00:00<?, ?B/s]
GAP-urand:   0%|          | 278528/16766984746 [00:00<1:44:52, 2664560.16B/s]
GAP-urand:   0%|          | 1196032/16766984746 [00:00<43:41, 6395706.77B/s] 
GAP-urand:   0%|          | 2670592/16766984746 [00:00<27:34, 10129937.88B/s]
GAP-urand:   0%|          | 4177920/16766984746 [00:00<23:09, 12061639.66B/s]
GAP-urand:   0%|          | 5718016/16766984746 [00:00<21:04, 13253713.63B/s]
GAP-urand:   0%|          | 7372800/16766984746 [00:00<19:30, 14319458.96B/s]
GAP-urand:   0%|          | 9076736/16766984746 [00:00<18:22, 15195706.88B/s]
GAP-urand:   0%|          | 10829824/16766984746 [00:00<17:32, 15915613.84B/s]
GAP-urand:   0%|          | 12566528/16766984746 [00:00<17:04, 16352814.94B/s]
GAP-urand:   0%|          | 14336000/16766984746 [00:01<16:41, 16724008.09B/s]
GAP-urand:   0%|          | 16105472/16766984746 [00:01<16:26, 16984206.68B/s]
GAP-urand:   0%|          | 17874944/16766984746 [00:01<16:14, 17181982.75B/s]
GAP-urand:   0%|          | 19660800/16766984746 [00:01<16:04, 17361242.62B/s]
GAP-urand:   0%|          | 21397504/16766984746 [00:01<16:06, 17331973.61B/s]
GAP-urand:   0%|          | 23199744/16766984746 [00:01<15:55, 17516332.74B/s]
GAP-urand:   0%|          | 24952832/16766984746 [00:01<16:08, 17285114.43B/s]
GAP-urand:   0%|          | 26689536/16766984746 [00:01<16:16, 17144661.89B/s]
GAP-urand:   0%|          | 28409856/16766984746 [00:01<16:35, 16820320.96B/s]
GAP-urand:   0%|          | 30097408/16766984746 [00:01<16:44, 16666023.08B/s]
GAP-urand:   0%|          | 31784960/16766984746 [00:02<16:43, 16685131.92B/s]
GAP-urand:   0%|          | 33488896/16766984746 [00:02<16:38, 16765055.56B/s]
GAP-urand:   0%|          | 35176448/16766984746 [00:02<16:38, 16757234.95B/s]
GAP-urand:   0%|          | 36896768/16766984746 [00:02<16:31, 16871447.95B/s]
GAP-urand:   0%|          | 38633472/16766984746 [00:02<16:25, 16976685.67B/s]
GAP-urand:   0%|          | 40370176/16766984746 [00:02<16:20, 17053240.86B/s]
GAP-urand:   0%|          | 42090496/16766984746 [00:02<16:26, 16955458.32B/s]
GAP-urand:   0%|          | 43794432/16766984746 [00:02<16:29, 16903332.55B/s]
GAP-urand:   0%|          | 45547520/16766984746 [00:02<16:20, 17061190.73B/s]
GAP-urand:   0%|          | 47300608/16766984746 [00:02<16:14, 17162978.44B/s]
GAP-urand:   0%|          | 49070080/16766984746 [00:03<16:06, 17292562.15B/s]
GAP-urand:   0%|          | 50806784/16766984746 [00:03<16:16, 17112534.17B/s]
GAP-urand:   0%|          | 52527104/16766984746 [00:03<16:28, 16911203.13B/s]
GAP-urand:   0%|          | 54231040/16766984746 [00:03<16:27, 16927568.84B/s]
GAP-urand:   0%|          | 55934976/16766984746 [00:03<16:25, 16955112.32B/s]
GAP-urand:   0%|          | 57638912/16766984746 [00:03<16:26, 16934999.52B/s]
GAP-urand:   0%|          | 59342848/16766984746 [00:03<16:24, 16963259.00B/s]
GAP-urand:   0%|          | 61046784/16766984746 [00:03<16:23, 16984477.81B/s]
GAP-urand:   0%|          | 62799872/16766984746 [00:03<16:16, 17105102.08B/s]
GAP-urand:   0%|          | 64520192/16766984746 [00:03<16:25, 16940205.60B/s]
GAP-urand:   0%|          | 66224128/16766984746 [00:04<16:26, 16925860.85B/s]
GAP-urand:   0%|          | 67977216/16766984746 [00:04<16:18, 17064045.99B/s]
GAP-urand:   0%|          | 69697536/16766984746 [00:04<16:17, 17080101.28B/s]
GAP-urand:   0%|          | 71434240/16766984746 [00:04<16:14, 17140917.61B/s]
GAP-urand:   0%|          | 73203712/16766984746 [00:04<16:07, 17259395.24B/s]
GAP-urand:   0%|          | 74940416/16766984746 [00:04<16:17, 17081988.84B/s]
GAP-urand:   0%|          | 76660736/16766984746 [00:04<17:01, 16345592.30B/s]
GAP-urand:   0%|          | 78331904/16766984746 [00:04<16:57, 16406548.50B/s]
GAP-urand:   0%|          | 79986688/16766984746 [00:04<17:40, 15733068.93B/s]
GAP-urand:   0%|          | 81707008/16766984746 [00:04<17:13, 16148111.11B/s]
GAP-urand:   0%|          | 83427328/16766984746 [00:05<16:55, 16428708.63B/s]
GAP-urand:   1%|          | 85082112/16766984746 [00:05<17:29, 15897248.61B/s]
GAP-urand:   1%|          | 86736896/16766984746 [00:05<17:18, 16064029.16B/s]
GAP-urand:   1%|          | 88358912/16766984746 [00:05<17:26, 15934095.34B/s]
GAP-urand:   1%|          | 90079232/16766984746 [00:05<17:05, 16264633.53B/s]
GAP-urand:   1%|          | 91766784/16766984746 [00:05<16:54, 16432777.00B/s]
GAP-urand:   1%|          | 93421568/16766984746 [00:05<17:38, 15757635.18B/s]
GAP-urand:   1%|          | 95174656/16766984746 [00:05<17:06, 16242673.67B/s]
GAP-urand:   1%|          | 96813056/16766984746 [00:05<17:35, 15789927.62B/s]
GAP-urand:   1%|          | 98500608/16766984746 [00:06<17:16, 16084332.64B/s]
GAP-urand:   1%|          | 100237312/16766984746 [00:06<16:55, 16416911.56B/s]
GAP-urand:   1%|          | 101892096/16766984746 [00:06<17:19, 16030066.22B/s]
GAP-urand:   1%|          | 103628800/16766984746 [00:06<16:56, 16391644.63B/s]
GAP-urand:   1%|          | 105283584/16766984746 [00:06<17:17, 16054451.65B/s]
GAP-urand:   1%|          | 106987520/16766984746 [00:06<16:59, 16334149.81B/s]
GAP-urand:   1%|          | 108625920/16766984746 [00:06<17:20, 16013055.03B/s]
GAP-urand:   1%|          | 110379008/16766984746 [00:06<16:54, 16414570.45B/s]
GAP-urand:   1%|          | 112099328/16766984746 [00:06<16:40, 16641129.47B/s]
GAP-urand:   1%|          | 113770496/16766984746 [00:06<17:06, 16218724.93B/s]
GAP-urand:   1%|          | 115556352/16766984746 [00:07<16:38, 16676813.94B/s]
GAP-urand:   1%|          | 117243904/16766984746 [00:07<17:11, 16140343.72B/s]
GAP-urand:   1%|          | 119029760/16766984746 [00:07<16:42, 16606219.37B/s]
GAP-urand:   1%|          | 120700928/16766984746 [00:07<16:58, 16344707.20B/s]
GAP-urand:   1%|          | 122388480/16766984746 [00:07<16:51, 16462246.69B/s]
GAP-urand:   1%|          | 124059648/16766984746 [00:07<16:47, 16520523.14B/s]
GAP-urand:   1%|          | 125714432/16766984746 [00:07<17:26, 15896454.56B/s]
GAP-urand:   1%|          | 127401984/16766984746 [00:07<17:08, 16175955.67B/s]
GAP-urand:   1%|          | 129040384/16766984746 [00:07<17:25, 15912414.42B/s]
GAP-urand:   1%|          | 130744320/16766984746 [00:08<17:07, 16198181.88B/s]
GAP-urand:   1%|          | 132464640/16766984746 [00:08<16:48, 16491645.39B/s]
GAP-urand:   1%|          | 134119424/16766984746 [00:08<17:13, 16097437.98B/s]
GAP-urand:   1%|          | 135872512/16766984746 [00:08<16:47, 16500153.32B/s]
GAP-urand:   1%|          | 137527296/16766984746 [00:08<17:06, 16206157.68B/s]
GAP-urand:   1%|          | 139264000/16766984746 [00:08<16:47, 16502075.64B/s]
GAP-urand:   1%|          | 140918784/16766984746 [00:08<17:11, 16114044.28B/s]
GAP-urand:   1%|          | 142688256/16766984746 [00:08<16:43, 16564418.08B/s]
GAP-urand:   1%|          | 144408576/16766984746 [00:08<16:33, 16733084.31B/s]
GAP-urand:   1%|          | 146096128/16766984746 [00:08<17:09, 16144965.02B/s]
GAP-urand:   1%|          | 147767296/16766984746 [00:09<17:00, 16283771.15B/s]
GAP-urand:   1%|          | 149405696/16766984746 [00:09<17:33, 15779224.20B/s]
GAP-urand:   1%|          | 151158784/16766984746 [00:09<17:02, 16256708.24B/s]
GAP-urand:   1%|          | 152846336/16766984746 [00:09<16:51, 16418808.02B/s]
GAP-urand:   1%|          | 154599424/16766984746 [00:09<16:33, 16728136.29B/s]
GAP-urand:   1%|          | 156319744/16766984746 [00:09<16:25, 16863274.23B/s]
GAP-urand:   1%|          | 158023680/16766984746 [00:09<16:46, 16503632.95B/s]
GAP-urand:   1%|          | 159793152/16766984746 [00:09<16:27, 16820069.23B/s]
GAP-urand:   1%|          | 161480704/16766984746 [00:09<17:01, 16253973.92B/s]
GAP-urand:   1%|          | 163217408/16766984746 [00:09<16:43, 16544403.20B/s]
GAP-urand:   1%|          | 164888576/16766984746 [00:10<17:09, 16129862.14B/s]
GAP-urand:   1%|          | 166658048/16766984746 [00:10<16:41, 16574381.93B/s]
GAP-urand:   1%|          | 168460288/16766984746 [00:10<16:18, 16964133.06B/s]
GAP-urand:   1%|          | 170164224/16766984746 [00:10<16:56, 16326206.86B/s]
GAP-urand:   1%|          | 171917312/16766984746 [00:10<16:37, 16629982.31B/s]
GAP-urand:   1%|          | 173588480/16766984746 [00:10<17:07, 16143688.36B/s]
GAP-urand:   1%|          | 175374336/16766984746 [00:10<16:39, 16598657.48B/s]
GAP-urand:   1%|          | 177061888/16766984746 [00:10<17:03, 16201984.00B/s]
GAP-urand:   1%|          | 178798592/16766984746 [00:10<16:44, 16519098.28B/s]
GAP-urand:   1%|          | 180600832/16766984746 [00:11<16:19, 16933309.41B/s]
GAP-urand:   1%|          | 182304768/16766984746 [00:11<16:40, 16578840.39B/s]
GAP-urand:   1%|          | 184008704/16766984746 [00:11<16:34, 16677645.82B/s]
GAP-urand:   1%|          | 185696256/16766984746 [00:11<16:57, 16291754.42B/s]
GAP-urand:   1%|          | 187432960/16766984746 [00:11<16:39, 16581235.40B/s]
GAP-urand:   1%|          | 189136896/16766984746 [00:11<16:54, 16342185.60B/s]
GAP-urand:   1%|          | 190873600/16766984746 [00:11<16:37, 16619937.00B/s]
GAP-urand:   1%|          | 192643072/16766984746 [00:11<16:19, 16926628.23B/s]
GAP-urand:   1%|          | 194347008/16766984746 [00:11<16:50, 16407791.97B/s]
GAP-urand:   1%|          | 196034560/16766984746 [00:11<16:42, 16536888.56B/s]
GAP-urand:   1%|          | 197705728/16766984746 [00:12<17:11, 16058814.57B/s]
GAP-urand:   1%|          | 199409664/16766984746 [00:12<16:53, 16339917.62B/s]
GAP-urand:   1%|          | 201129984/16766984746 [00:12<16:38, 16590823.82B/s]
GAP-urand:   1%|          | 202801152/16766984746 [00:12<17:06, 16144173.40B/s]
GAP-urand:   1%|          | 204537856/16766984746 [00:12<16:44, 16495784.82B/s]
GAP-urand:   1%|          | 206192640/16766984746 [00:12<17:11, 16059599.67B/s]
GAP-urand:   1%|          | 207929344/16766984746 [00:12<16:47, 16437508.50B/s]
GAP-urand:   1%|          | 209584128/16766984746 [00:12<17:22, 15879540.55B/s]
GAP-urand:   1%|▏         | 211386368/16766984746 [00:12<16:44, 16489192.23B/s]
GAP-urand:   1%|▏         | 213057536/16766984746 [00:13<16:41, 16536847.26B/s]
GAP-urand:   1%|▏         | 214728704/16766984746 [00:13<17:10, 16062008.20B/s]
GAP-urand:   1%|▏         | 216514560/16766984746 [00:13<16:38, 16578371.47B/s]
GAP-urand:   1%|▏         | 218185728/16766984746 [00:13<17:17, 15949562.30B/s]
GAP-urand:   1%|▏         | 219971584/16766984746 [00:13<16:43, 16495107.30B/s]
GAP-urand:   1%|▏         | 221642752/16766984746 [00:13<17:30, 15747162.78B/s]
GAP-urand:   1%|▏         | 223395840/16766984746 [00:13<16:58, 16239998.56B/s]
GAP-urand:   1%|▏         | 225230848/16766984746 [00:13<16:24, 16799623.01B/s]
GAP-urand:   1%|▏         | 226934784/16766984746 [00:13<17:00, 16201761.01B/s]
GAP-urand:   1%|▏         | 228671488/16766984746 [00:13<16:41, 16517093.60B/s]
GAP-urand:   1%|▏         | 230342656/16766984746 [00:14<16:41, 16508572.20B/s]
GAP-urand:   1%|▏         | 232062976/16766984746 [00:14<16:32, 16668213.50B/s]
GAP-urand:   1%|▏         | 233816064/16766984746 [00:14<16:17, 16918342.73B/s]
GAP-urand:   1%|▏         | 235520000/16766984746 [00:14<17:05, 16120059.30B/s]
GAP-urand:   1%|▏         | 237256704/16766984746 [00:14<16:43, 16469690.30B/s]
GAP-urand:   1%|▏         | 238927872/16766984746 [00:14<17:34, 15668839.51B/s]
GAP-urand:   1%|▏         | 240648192/16766984746 [00:14<17:08, 16064050.95B/s]
GAP-urand:   1%|▏         | 242270208/16766984746 [00:14<18:01, 15276398.02B/s]
GAP-urand:   1%|▏         | 243908608/16766984746 [00:14<17:42, 15556795.95B/s]
GAP-urand:   1%|▏         | 245481472/16766984746 [00:15<17:44, 15521741.96B/s]
GAP-urand:   1%|▏         | 247054336/16766984746 [00:15<19:10, 14359657.88B/s]
GAP-urand:   1%|▏         | 248627200/16766984746 [00:15<18:42, 14710691.90B/s]
GAP-urand:   1%|▏         | 250118144/16766984746 [00:15<19:26, 14162169.47B/s]
GAP-urand:   2%|▏         | 251740160/16766984746 [00:15<18:42, 14713753.47B/s]
GAP-urand:   2%|▏         | 253378560/16766984746 [00:15<18:08, 15165318.07B/s]
GAP-urand:   2%|▏         | 254918656/16766984746 [00:15<19:00, 14483307.33B/s]
GAP-urand:   2%|▏         | 256524288/16766984746 [00:15<18:27, 14905709.54B/s]
GAP-urand:   2%|▏         | 258031616/16766984746 [00:15<18:42, 14700826.21B/s]
GAP-urand:   2%|▏         | 259653632/16766984746 [00:16<18:11, 15117963.70B/s]
GAP-urand:   2%|▏         | 261308416/16766984746 [00:16<17:43, 15521872.29B/s]
GAP-urand:   2%|▏         | 262881280/16766984746 [00:16<18:03, 15226918.20B/s]
GAP-urand:   2%|▏         | 264568832/16766984746 [00:16<17:31, 15696476.70B/s]
GAP-urand:   2%|▏         | 266158080/16766984746 [00:16<18:14, 15072994.02B/s]
GAP-urand:   2%|▏         | 267894784/16766984746 [00:16<17:29, 15720030.86B/s]
GAP-urand:   2%|▏         | 269533184/16766984746 [00:16<17:17, 15903660.87B/s]
GAP-urand:   2%|▏         | 271138816/16766984746 [00:16<17:58, 15296503.59B/s]
GAP-urand:   2%|▏         | 272678912/16766984746 [00:16<17:58, 15291353.08B/s]
GAP-urand:   2%|▏         | 274219008/16766984746 [00:16<18:42, 14687346.44B/s]
GAP-urand:   2%|▏         | 275791872/16766984746 [00:17<18:23, 14950631.38B/s]
GAP-urand:   2%|▏         | 277331968/16766984746 [00:17<18:15, 15055421.27B/s]
GAP-urand:   2%|▏         | 278904832/16766984746 [00:17<18:03, 15221632.50B/s]
GAP-urand:   2%|▏         | 280592384/16766984746 [00:17<17:31, 15672864.81B/s]
GAP-urand:   2%|▏         | 282165248/16766984746 [00:17<17:40, 15542990.06B/s]
GAP-urand:   2%|▏         | 283738112/16766984746 [00:17<17:42, 15516448.45B/s]
GAP-urand:   2%|▏         | 285294592/16766984746 [00:17<17:41, 15528773.98B/s]
GAP-urand:   2%|▏         | 286949376/16766984746 [00:17<17:24, 15785254.83B/s]
GAP-urand:   2%|▏         | 288636928/16766984746 [00:17<17:02, 16107983.89B/s]
GAP-urand:   2%|▏         | 290258944/16766984746 [00:17<17:23, 15785184.46B/s]
GAP-urand:   2%|▏         | 291848192/16766984746 [00:18<17:31, 15668545.27B/s]
GAP-urand:   2%|▏         | 293437440/16766984746 [00:18<17:28, 15715050.04B/s]
GAP-urand:   2%|▏         | 295026688/16766984746 [00:18<17:27, 15718060.66B/s]
GAP-urand:   2%|▏         | 296730624/16766984746 [00:18<17:05, 16061386.24B/s]
GAP-urand:   2%|▏         | 298352640/16766984746 [00:18<17:20, 15832130.31B/s]
GAP-urand:   2%|▏         | 300007424/16766984746 [00:18<17:09, 15993107.71B/s]
GAP-urand:   2%|▏         | 301613056/16766984746 [00:18<17:19, 15837175.64B/s]
GAP-urand:   2%|▏         | 303202304/16766984746 [00:18<17:41, 15515152.34B/s]
GAP-urand:   2%|▏         | 304840704/16766984746 [00:18<17:24, 15759354.38B/s]
GAP-urand:   2%|▏         | 306462720/16766984746 [00:19<17:16, 15876206.08B/s]
GAP-urand:   2%|▏         | 308068352/16766984746 [00:19<17:13, 15924545.80B/s]
GAP-urand:   2%|▏         | 309706752/16766984746 [00:19<17:04, 16059842.17B/s]
GAP-urand:   2%|▏         | 311394304/16766984746 [00:19<16:49, 16296308.43B/s]
GAP-urand:   2%|▏         | 313049088/16766984746 [00:19<16:46, 16347870.94B/s]
GAP-urand:   2%|▏         | 314703872/16766984746 [00:19<16:43, 16388812.46B/s]
GAP-urand:   2%|▏         | 316473344/16766984746 [00:19<16:22, 16738391.65B/s]
GAP-urand:   2%|▏         | 318160896/16766984746 [00:19<17:02, 16089725.58B/s]
GAP-urand:   2%|▏         | 319815680/16766984746 [00:19<16:56, 16179883.57B/s]
GAP-urand:   2%|▏         | 321552384/16766984746 [00:19<16:37, 16493159.25B/s]
GAP-urand:   2%|▏         | 323207168/16766984746 [00:20<16:54, 16213560.59B/s]
GAP-urand:   2%|▏         | 324911104/16766984746 [00:20<16:40, 16428223.51B/s]
GAP-urand:   2%|▏         | 326565888/16766984746 [00:20<17:09, 15973229.86B/s]
GAP-urand:   2%|▏         | 328286208/16766984746 [00:20<16:49, 16281711.55B/s]
GAP-urand:   2%|▏         | 330055680/16766984746 [00:20<16:27, 16650485.41B/s]
GAP-urand:   2%|▏         | 331726848/16766984746 [00:20<16:58, 16137751.91B/s]
GAP-urand:   2%|▏         | 333463552/16766984746 [00:20<16:38, 16455860.11B/s]
GAP-urand:   2%|▏         | 335118336/16766984746 [00:20<16:54, 16198765.58B/s]
GAP-urand:   2%|▏         | 336822272/16766984746 [00:20<16:40, 16419001.26B/s]
GAP-urand:   2%|▏         | 338575360/16766984746 [00:20<16:45, 16331709.17B/s]
GAP-urand:   2%|▏         | 340295680/16766984746 [00:21<16:31, 16559264.65B/s]
GAP-urand:   2%|▏         | 341966848/16766984746 [00:21<16:33, 16528816.79B/s]
GAP-urand:   2%|▏         | 343621632/16766984746 [00:21<17:04, 16032179.17B/s]
GAP-urand:   2%|▏         | 345374720/16766984746 [00:21<16:38, 16445961.34B/s]
GAP-urand:   2%|▏         | 347029504/16766984746 [00:21<17:06, 16001868.76B/s]
GAP-urand:   2%|▏         | 348700672/16766984746 [00:21<16:54, 16180615.52B/s]
GAP-urand:   2%|▏         | 350420992/16766984746 [00:21<16:36, 16474949.84B/s]
GAP-urand:   2%|▏         | 352075776/16766984746 [00:21<16:54, 16183136.70B/s]
GAP-urand:   2%|▏         | 353796096/16766984746 [00:21<16:37, 16461156.48B/s]
GAP-urand:   2%|▏         | 355450880/16766984746 [00:22<16:54, 16172642.34B/s]
GAP-urand:   2%|▏         | 357122048/16766984746 [00:22<16:45, 16312635.27B/s]
GAP-urand:   2%|▏         | 358760448/16766984746 [00:22<16:45, 16322955.71B/s]
GAP-urand:   2%|▏         | 360398848/16766984746 [00:22<17:08, 15957591.29B/s]
GAP-urand:   2%|▏         | 362070016/16766984746 [00:22<16:55, 16157255.97B/s]
GAP-urand:   2%|▏         | 363692032/16766984746 [00:22<16:57, 16118000.70B/s]
GAP-urand:   2%|▏         | 365412352/16766984746 [00:22<16:39, 16416031.17B/s]
GAP-urand:   2%|▏         | 367067136/16766984746 [00:22<16:40, 16389815.77B/s]
GAP-urand:   2%|▏         | 368787456/16766984746 [00:22<16:28, 16589736.38B/s]
GAP-urand:   2%|▏         | 370491392/16766984746 [00:22<16:23, 16677273.97B/s]
GAP-urand:   2%|▏         | 372195328/16766984746 [00:23<16:18, 16762747.30B/s]
GAP-urand:   2%|▏         | 373932032/16766984746 [00:23<16:08, 16925669.86B/s]
GAP-urand:   2%|▏         | 375635968/16766984746 [00:23<16:32, 16516140.51B/s]
GAP-urand:   2%|▏         | 377372672/16766984746 [00:23<16:17, 16762298.69B/s]
GAP-urand:   2%|▏         | 379060224/16766984746 [00:23<16:43, 16334793.99B/s]
GAP-urand:   2%|▏         | 380764160/16766984746 [00:23<16:31, 16532292.84B/s]
GAP-urand:   2%|▏         | 382484480/16766984746 [00:23<16:20, 16711067.59B/s]
GAP-urand:   2%|▏         | 384172032/16766984746 [00:23<16:28, 16568303.52B/s]
GAP-urand:   2%|▏         | 385892352/16766984746 [00:23<16:25, 16617589.83B/s]
GAP-urand:   2%|▏         | 387563520/16766984746 [00:23<16:35, 16447702.31B/s]
GAP-urand:   2%|▏         | 389316608/16766984746 [00:24<16:19, 16715234.51B/s]
GAP-urand:   2%|▏         | 391004160/16766984746 [00:24<17:10, 15893654.85B/s]
GAP-urand:   2%|▏         | 392691712/16766984746 [00:24<16:55, 16130231.07B/s]
GAP-urand:   2%|▏         | 394313728/16766984746 [00:24<16:53, 16156182.65B/s]
GAP-urand:   2%|▏         | 395935744/16766984746 [00:24<17:15, 15805489.36B/s]
GAP-urand:   2%|▏         | 397705216/16766984746 [00:24<16:42, 16321877.02B/s]
GAP-urand:   2%|▏         | 399392768/16766984746 [00:24<16:32, 16483188.97B/s]
GAP-urand:   2%|▏         | 401129472/16766984746 [00:24<16:19, 16712116.44B/s]
GAP-urand:   2%|▏         | 402817024/16766984746 [00:24<16:17, 16747948.50B/s]
GAP-urand:   2%|▏         | 404504576/16766984746 [00:24<16:19, 16707019.17B/s]
GAP-urand:   2%|▏         | 406192128/16766984746 [00:25<16:17, 16743224.84B/s]
GAP-urand:   2%|▏         | 407879680/16766984746 [00:25<16:16, 16749550.34B/s]
GAP-urand:   2%|▏         | 409616384/16766984746 [00:25<16:06, 16923665.83B/s]
GAP-urand:   2%|▏         | 411320320/16766984746 [00:25<16:16, 16748826.58B/s]
GAP-urand:   2%|▏         | 413007872/16766984746 [00:25<16:26, 16584037.53B/s]
GAP-urand:   2%|▏         | 414679040/16766984746 [00:25<16:51, 16160345.59B/s]
GAP-urand:   2%|▏         | 416301056/16766984746 [00:25<16:59, 16042857.75B/s]
GAP-urand:   2%|▏         | 417972224/16766984746 [00:25<16:49, 16202267.93B/s]
GAP-urand:   3%|▎         | 419594240/16766984746 [00:25<16:59, 16032236.53B/s]
GAP-urand:   3%|▎         | 421298176/16766984746 [00:26<16:41, 16324246.83B/s]
GAP-urand:   3%|▎         | 422952960/16766984746 [00:26<16:38, 16363225.57B/s]
GAP-urand:   3%|▎         | 424624128/16766984746 [00:26<16:34, 16439133.22B/s]
GAP-urand:   3%|▎         | 426278912/16766984746 [00:26<16:38, 16365807.46B/s]
GAP-urand:   3%|▎         | 427917312/16766984746 [00:26<16:53, 16117992.10B/s]
GAP-urand:   3%|▎         | 429555712/16766984746 [00:26<16:49, 16183427.37B/s]
GAP-urand:   3%|▎         | 431177728/16766984746 [00:26<17:08, 15876982.14B/s]
GAP-urand:   3%|▎         | 432914432/16766984746 [00:26<16:41, 16303428.09B/s]
GAP-urand:   3%|▎         | 434618368/16766984746 [00:26<16:58, 16036436.09B/s]
GAP-urand:   3%|▎         | 436355072/16766984746 [00:26<16:35, 16396505.39B/s]
GAP-urand:   3%|▎         | 438075392/16766984746 [00:27<16:22, 16626545.96B/s]
GAP-urand:   3%|▎         | 439746560/16766984746 [00:27<16:48, 16182618.89B/s]
GAP-urand:   3%|▎         | 441483264/16766984746 [00:27<16:30, 16486489.84B/s]
GAP-urand:   3%|▎         | 443138048/16766984746 [00:27<16:45, 16235465.79B/s]
GAP-urand:   3%|▎         | 444841984/16766984746 [00:27<16:31, 16458715.23B/s]
GAP-urand:   3%|▎         | 446545920/16766984746 [00:27<16:21, 16629210.16B/s]
GAP-urand:   3%|▎         | 448233472/16766984746 [00:27<16:17, 16695684.04B/s]
GAP-urand:   3%|▎         | 449970176/16766984746 [00:27<16:06, 16877136.13B/s]
GAP-urand:   3%|▎         | 451674112/16766984746 [00:27<16:07, 16859685.80B/s]
GAP-urand:   3%|▎         | 453361664/16766984746 [00:27<16:13, 16754219.49B/s]
GAP-urand:   3%|▎         | 455049216/16766984746 [00:28<16:26, 16537464.34B/s]
GAP-urand:   3%|▎         | 456704000/16766984746 [00:28<16:39, 16321479.60B/s]
GAP-urand:   3%|▎         | 458391552/16766984746 [00:28<16:31, 16452978.00B/s]
GAP-urand:   3%|▎         | 460144640/16766984746 [00:28<16:13, 16758429.88B/s]
GAP-urand:   3%|▎         | 461832192/16766984746 [00:28<16:12, 16767945.75B/s]
GAP-urand:   3%|▎         | 463536128/16766984746 [00:28<16:08, 16831134.34B/s]
GAP-urand:   3%|▎         | 465256448/16766984746 [00:28<16:04, 16907546.43B/s]
GAP-urand:   3%|▎         | 466960384/16766984746 [00:28<16:04, 16907718.26B/s]
GAP-urand:   3%|▎         | 468779008/16766984746 [00:28<15:44, 17247809.42B/s]
GAP-urand:   3%|▎         | 470564864/16766984746 [00:28<15:35, 17418818.68B/s]
GAP-urand:   3%|▎         | 472317952/16766984746 [00:29<15:36, 17392295.93B/s]
GAP-urand:   3%|▎         | 474071040/16766984746 [00:29<15:41, 17311911.87B/s]
GAP-urand:   3%|▎         | 475824128/16766984746 [00:29<15:38, 17357790.94B/s]
GAP-urand:   3%|▎         | 477560832/16766984746 [00:29<15:49, 17151223.50B/s]
GAP-urand:   3%|▎         | 479379456/16766984746 [00:29<15:35, 17408603.02B/s]
GAP-urand:   3%|▎         | 481132544/16766984746 [00:29<16:12, 16746531.47B/s]
GAP-urand:   3%|▎         | 482918400/16766984746 [00:29<15:54, 17059048.49B/s]
GAP-urand:   3%|▎         | 484704256/16766984746 [00:29<15:42, 17276161.74B/s]
GAP-urand:   3%|▎         | 486440960/16766984746 [00:29<16:18, 16642891.77B/s]
GAP-urand:   3%|▎         | 488128512/16766984746 [00:30<16:20, 16608391.61B/s]
GAP-urand:   3%|▎         | 489799680/16766984746 [00:30<16:44, 16205124.51B/s]
GAP-urand:   3%|▎         | 491438080/16766984746 [00:30<16:50, 16111648.91B/s]
GAP-urand:   3%|▎         | 493060096/16766984746 [00:30<17:28, 15525223.08B/s]
GAP-urand:   3%|▎         | 494731264/16766984746 [00:30<17:07, 15839112.93B/s]
GAP-urand:   3%|▎         | 496386048/16766984746 [00:30<16:55, 16017871.74B/s]
GAP-urand:   3%|▎         | 498008064/16766984746 [00:30<17:25, 15567829.22B/s]
GAP-urand:   3%|▎         | 499597312/16766984746 [00:30<17:19, 15651300.85B/s]
GAP-urand:   3%|▎         | 501170176/16766984746 [00:30<17:28, 15513255.30B/s]
GAP-urand:   3%|▎         | 502874112/16766984746 [00:30<17:01, 15926981.85B/s]
GAP-urand:   3%|▎         | 504643584/16766984746 [00:31<16:30, 16420306.00B/s]
GAP-urand:   3%|▎         | 506298368/16766984746 [00:31<16:57, 15978274.61B/s]
GAP-urand:   3%|▎         | 507953152/16766984746 [00:31<16:47, 16138430.50B/s]
GAP-urand:   3%|▎         | 509575168/16766984746 [00:31<16:48, 16122479.09B/s]
GAP-urand:   3%|▎         | 511246336/16766984746 [00:31<16:38, 16279620.42B/s]
GAP-urand:   3%|▎         | 512901120/16766984746 [00:31<16:34, 16339436.97B/s]
GAP-urand:   3%|▎         | 514621440/16766984746 [00:31<16:21, 16560627.66B/s]
GAP-urand:   3%|▎         | 516292608/16766984746 [00:31<16:30, 16412476.22B/s]
GAP-urand:   3%|▎         | 517947392/16766984746 [00:31<16:54, 16022193.62B/s]
GAP-urand:   3%|▎         | 519569408/16766984746 [00:31<16:52, 16052985.48B/s]
GAP-urand:   3%|▎         | 521191424/16766984746 [00:32<17:06, 15821930.98B/s]
GAP-urand:   3%|▎         | 522829824/16766984746 [00:32<16:57, 15959720.52B/s]
GAP-urand:   3%|▎         | 524517376/16766984746 [00:32<17:02, 15884024.14B/s]
GAP-urand:   3%|▎         | 526155776/16766984746 [00:32<16:53, 16024885.34B/s]
GAP-urand:   3%|▎         | 527810560/16766984746 [00:32<16:46, 16134910.82B/s]
GAP-urand:   3%|▎         | 529432576/16766984746 [00:32<16:58, 15947997.91B/s]
GAP-urand:   3%|▎         | 531120128/16766984746 [00:32<16:42, 16198756.67B/s]
GAP-urand:   3%|▎         | 532742144/16766984746 [00:32<16:43, 16184125.53B/s]
GAP-urand:   3%|▎         | 534364160/16766984746 [00:32<16:48, 16094797.77B/s]
GAP-urand:   3%|▎         | 536002560/16766984746 [00:33<16:43, 16174219.52B/s]
GAP-urand:   3%|▎         | 537657344/16766984746 [00:33<16:39, 16244013.78B/s]
GAP-urand:   3%|▎         | 539295744/16766984746 [00:33<16:38, 16244817.60B/s]
GAP-urand:   3%|▎         | 540950528/16766984746 [00:33<16:35, 16302561.95B/s]
GAP-urand:   3%|▎         | 542670848/16766984746 [00:33<16:19, 16567007.32B/s]
GAP-urand:   3%|▎         | 544342016/16766984746 [00:33<16:29, 16398972.73B/s]
GAP-urand:   3%|▎         | 546013184/16766984746 [00:33<16:26, 16444573.44B/s]
GAP-urand:   3%|▎         | 547749888/16766984746 [00:33<16:10, 16714093.91B/s]
GAP-urand:   3%|▎         | 549437440/16766984746 [00:33<16:07, 16757172.65B/s]
GAP-urand:   3%|▎         | 551124992/16766984746 [00:33<16:17, 16586161.61B/s]
GAP-urand:   3%|▎         | 552845312/16766984746 [00:34<16:09, 16717396.96B/s]
GAP-urand:   3%|▎         | 554549248/16766984746 [00:34<16:06, 16773893.59B/s]
GAP-urand:   3%|▎         | 556269568/16766984746 [00:34<16:00, 16868597.24B/s]
GAP-urand:   3%|▎         | 558055424/16766984746 [00:34<15:47, 17107998.88B/s]
GAP-urand:   3%|▎         | 559775744/16766984746 [00:34<15:59, 16897710.50B/s]
GAP-urand:   3%|▎         | 561479680/16766984746 [00:34<16:23, 16483559.40B/s]
GAP-urand:   3%|▎         | 563134464/16766984746 [00:34<16:44, 16130410.48B/s]
GAP-urand:   3%|▎         | 564789248/16766984746 [00:34<16:38, 16224387.48B/s]
GAP-urand:   3%|▎         | 566460416/16766984746 [00:34<16:30, 16356783.30B/s]
GAP-urand:   3%|▎         | 568098816/16766984746 [00:34<16:46, 16098925.52B/s]
GAP-urand:   3%|▎         | 569753600/16766984746 [00:35<16:41, 16180234.82B/s]
GAP-urand:   3%|▎         | 571408384/16766984746 [00:35<16:34, 16277552.11B/s]
GAP-urand:   3%|▎         | 573177856/16766984746 [00:35<16:12, 16651412.03B/s]
GAP-urand:   3%|▎         | 574849024/16766984746 [00:35<16:14, 16615608.89B/s]
GAP-urand:   3%|▎         | 576536576/16766984746 [00:35<16:12, 16651525.64B/s]
GAP-urand:   3%|▎         | 578256896/16766984746 [00:35<16:04, 16789710.63B/s]
GAP-urand:   3%|▎         | 579944448/16766984746 [00:35<16:11, 16656611.70B/s]
GAP-urand:   3%|▎         | 581648384/16766984746 [00:35<16:06, 16746675.76B/s]
GAP-urand:   3%|▎         | 583417856/16766984746 [00:35<15:52, 16985797.29B/s]
GAP-urand:   3%|▎         | 585121792/16766984746 [00:35<16:01, 16824258.00B/s]
GAP-urand:   3%|▎         | 586809344/16766984746 [00:36<16:02, 16804814.43B/s]
GAP-urand:   4%|▎         | 588562432/16766984746 [00:36<15:53, 16967607.38B/s]
GAP-urand:   4%|▎         | 590266368/16766984746 [00:36<15:55, 16927454.11B/s]
GAP-urand:   4%|▎         | 591986688/16766984746 [00:36<15:52, 16985762.47B/s]
GAP-urand:   4%|▎         | 593739776/16766984746 [00:36<15:45, 17105236.57B/s]
GAP-urand:   4%|▎         | 595476480/16766984746 [00:36<15:43, 17143161.62B/s]
GAP-urand:   4%|▎         | 597196800/16766984746 [00:36<15:56, 16907869.88B/s]
GAP-urand:   4%|▎         | 598966272/16766984746 [00:36<15:43, 17137832.58B/s]
GAP-urand:   4%|▎         | 600686592/16766984746 [00:36<16:05, 16751239.69B/s]
GAP-urand:   4%|▎         | 602390528/16766984746 [00:36<16:00, 16832546.05B/s]
GAP-urand:   4%|▎         | 604160000/16766984746 [00:37<15:47, 17050617.87B/s]
GAP-urand:   4%|▎         | 605880320/16766984746 [00:37<15:48, 17035917.01B/s]
GAP-urand:   4%|▎         | 607666176/16766984746 [00:37<15:37, 17236770.37B/s]
GAP-urand:   4%|▎         | 609402880/16766984746 [00:37<15:37, 17238649.59B/s]
GAP-urand:   4%|▎         | 611139584/16766984746 [00:37<15:38, 17215241.46B/s]
GAP-urand:   4%|▎         | 612876288/16766984746 [00:37<15:45, 17088232.33B/s]
GAP-urand:   4%|▎         | 614678528/16766984746 [00:37<15:31, 17333346.17B/s]
GAP-urand:   4%|▎         | 616415232/16766984746 [00:37<15:44, 17096708.92B/s]
GAP-urand:   4%|▎         | 618135552/16766984746 [00:37<15:43, 17124751.98B/s]
GAP-urand:   4%|▎         | 619855872/16766984746 [00:38<16:04, 16748708.19B/s]
GAP-urand:   4%|▎         | 621543424/16766984746 [00:38<16:08, 16662558.55B/s]
GAP-urand:   4%|▎         | 623214592/16766984746 [00:38<16:18, 16502146.22B/s]
GAP-urand:   4%|▎         | 624869376/16766984746 [00:38<17:00, 15819991.83B/s]
GAP-urand:   4%|▎         | 626638848/16766984746 [00:38<16:27, 16344340.70B/s]
GAP-urand:   4%|▎         | 628293632/16766984746 [00:38<16:58, 15844828.44B/s]
GAP-urand:   4%|▍         | 630079488/16766984746 [00:38<16:23, 16413309.91B/s]
GAP-urand:   4%|▍         | 631767040/16766984746 [00:38<16:17, 16498877.37B/s]
GAP-urand:   4%|▍         | 633438208/16766984746 [00:38<17:34, 15301391.74B/s]
GAP-urand:   4%|▍         | 635142144/16766984746 [00:38<17:02, 15780473.08B/s]
GAP-urand:   4%|▍         | 636747776/16766984746 [00:39<17:39, 15224577.65B/s]
GAP-urand:   4%|▍         | 638304256/16766984746 [00:39<17:34, 15288837.57B/s]
GAP-urand:   4%|▍         | 639877120/16766984746 [00:39<17:52, 15039363.16B/s]
GAP-urand:   4%|▍         | 641548288/16766984746 [00:39<17:20, 15496417.45B/s]
GAP-urand:   4%|▍         | 643235840/16766984746 [00:39<16:54, 15891292.39B/s]
GAP-urand:   4%|▍         | 644841472/16766984746 [00:39<17:38, 15237694.49B/s]
GAP-urand:   4%|▍         | 646414336/16766984746 [00:39<17:28, 15370677.68B/s]
GAP-urand:   4%|▍         | 647970816/16766984746 [00:39<17:41, 15183691.45B/s]
GAP-urand:   4%|▍         | 649707520/16766984746 [00:39<17:01, 15773391.10B/s]
GAP-urand:   4%|▍         | 651313152/16766984746 [00:40<16:58, 15830209.10B/s]
GAP-urand:   4%|▍         | 653000704/16766984746 [00:40<16:39, 16120960.88B/s]
GAP-urand:   4%|▍         | 654770176/16766984746 [00:40<16:14, 16540261.25B/s]
GAP-urand:   4%|▍         | 656457728/16766984746 [00:40<16:09, 16613863.62B/s]
GAP-urand:   4%|▍         | 658161664/16766984746 [00:40<16:02, 16730198.91B/s]
GAP-urand:   4%|▍         | 659865600/16766984746 [00:40<16:10, 16599834.95B/s]
GAP-urand:   4%|▍         | 661569536/16766984746 [00:40<16:03, 16718953.12B/s]
GAP-urand:   4%|▍         | 663289856/16766984746 [00:40<15:57, 16824284.34B/s]
GAP-urand:   4%|▍         | 664977408/16766984746 [00:40<16:29, 16268899.69B/s]
GAP-urand:   4%|▍         | 666697728/16766984746 [00:40<16:15, 16509063.97B/s]
GAP-urand:   4%|▍         | 668352512/16766984746 [00:41<17:02, 15744610.07B/s]
GAP-urand:   4%|▍         | 670105600/16766984746 [00:41<16:32, 16217844.41B/s]
GAP-urand:   4%|▍         | 671858688/16766984746 [00:41<17:03, 15728626.76B/s]
GAP-urand:   4%|▍         | 673579008/16766984746 [00:41<16:37, 16140756.77B/s]
GAP-urand:   4%|▍         | 675299328/16766984746 [00:41<16:20, 16418125.13B/s]
GAP-urand:   4%|▍         | 676954112/16766984746 [00:41<16:30, 16237761.93B/s]
GAP-urand:   4%|▍         | 678641664/16766984746 [00:41<16:20, 16413643.87B/s]
GAP-urand:   4%|▍         | 680296448/16766984746 [00:41<16:50, 15923170.39B/s]
GAP-urand:   4%|▍         | 682016768/16766984746 [00:41<16:28, 16275795.14B/s]
GAP-urand:   4%|▍         | 683687936/16766984746 [00:41<16:25, 16322581.19B/s]
GAP-urand:   4%|▍         | 685359104/16766984746 [00:42<16:19, 16417929.70B/s]
GAP-urand:   4%|▍         | 687095808/16766984746 [00:42<16:04, 16677978.79B/s]
GAP-urand:   4%|▍         | 688766976/16766984746 [00:42<17:11, 15587271.01B/s]
GAP-urand:   4%|▍         | 690405376/16766984746 [00:42<16:58, 15789858.20B/s]
GAP-urand:   4%|▍         | 692174848/16766984746 [00:42<16:24, 16322499.34B/s]
GAP-urand:   4%|▍         | 693829632/16766984746 [00:42<16:54, 15847603.46B/s]
GAP-urand:   4%|▍         | 695484416/16766984746 [00:42<16:44, 15996981.20B/s]
GAP-urand:   4%|▍         | 697106432/16766984746 [00:42<16:48, 15939784.25B/s]
GAP-urand:   4%|▍         | 698728448/16766984746 [00:42<16:44, 15989099.98B/s]
GAP-urand:   4%|▍         | 700416000/16766984746 [00:43<16:30, 16219044.60B/s]
GAP-urand:   4%|▍         | 702054400/16766984746 [00:43<17:15, 15521506.94B/s]
GAP-urand:   4%|▍         | 703774720/16766984746 [00:43<16:45, 15980193.65B/s]
GAP-urand:   4%|▍         | 705380352/16766984746 [00:43<17:48, 15033007.41B/s]
GAP-urand:   4%|▍         | 707117056/16766984746 [00:43<17:04, 15677741.45B/s]
GAP-urand:   4%|▍         | 708706304/16766984746 [00:43<18:00, 14859915.42B/s]
GAP-urand:   4%|▍         | 710410240/16766984746 [00:43<17:20, 15438840.43B/s]
GAP-urand:   4%|▍         | 712196096/16766984746 [00:43<16:37, 16101010.01B/s]
GAP-urand:   4%|▍         | 713834496/16766984746 [00:43<17:35, 15203760.80B/s]
GAP-urand:   4%|▍         | 715554816/16766984746 [00:44<17:00, 15729207.05B/s]
GAP-urand:   4%|▍         | 717160448/16766984746 [00:44<17:54, 14942430.35B/s]
GAP-urand:   4%|▍         | 718831616/16766984746 [00:44<17:22, 15399144.72B/s]
GAP-urand:   4%|▍         | 720486400/16766984746 [00:44<18:05, 14781768.41B/s]
GAP-urand:   4%|▍         | 722141184/16766984746 [00:44<17:30, 15267248.49B/s]
GAP-urand:   4%|▍         | 723828736/16766984746 [00:44<17:00, 15713869.09B/s]
GAP-urand:   4%|▍         | 725417984/16766984746 [00:44<17:39, 15137822.14B/s]
GAP-urand:   4%|▍         | 727154688/16766984746 [00:44<16:59, 15735105.70B/s]
GAP-urand:   4%|▍         | 728743936/16766984746 [00:44<17:56, 14903836.27B/s]
GAP-urand:   4%|▍         | 730284032/16766984746 [00:44<17:46, 15032672.37B/s]
GAP-urand:   4%|▍         | 731889664/16766984746 [00:45<17:27, 15302443.95B/s]
GAP-urand:   4%|▍         | 733429760/16766984746 [00:45<18:29, 14447201.60B/s]
GAP-urand:   4%|▍         | 735117312/16766984746 [00:45<17:42, 15086639.78B/s]
GAP-urand:   4%|▍         | 736641024/16766984746 [00:45<18:36, 14353237.91B/s]
GAP-urand:   4%|▍         | 738263040/16766984746 [00:45<17:57, 14869699.23B/s]
GAP-urand:   4%|▍         | 739950592/16766984746 [00:45<17:19, 15418098.91B/s]
GAP-urand:   4%|▍         | 741507072/16766984746 [00:45<18:32, 14408173.88B/s]
GAP-urand:   4%|▍         | 743096320/16766984746 [00:45<18:03, 14792321.67B/s]
GAP-urand:   4%|▍         | 744603648/16766984746 [00:45<19:00, 14045755.45B/s]
GAP-urand:   4%|▍         | 746242048/16766984746 [00:46<18:13, 14653209.64B/s]
GAP-urand:   4%|▍         | 747929600/16766984746 [00:46<17:30, 15242201.65B/s]
GAP-urand:   4%|▍         | 749469696/16766984746 [00:46<18:17, 14595156.54B/s]
GAP-urand:   4%|▍         | 751157248/16766984746 [00:46<17:32, 15218631.59B/s]
GAP-urand:   4%|▍         | 752697344/16766984746 [00:46<18:16, 14603567.37B/s]
GAP-urand:   4%|▍         | 754253824/16766984746 [00:46<17:56, 14868313.18B/s]
GAP-urand:   5%|▍         | 755892224/16766984746 [00:46<17:28, 15263568.84B/s]
GAP-urand:   5%|▍         | 757432320/16766984746 [00:46<18:16, 14594398.25B/s]
GAP-urand:   5%|▍         | 759054336/16766984746 [00:46<17:46, 15014712.90B/s]
GAP-urand:   5%|▍         | 760578048/16766984746 [00:47<18:36, 14331453.11B/s]
GAP-urand:   5%|▍         | 762183680/16766984746 [00:47<18:03, 14776482.83B/s]
GAP-urand:   5%|▍         | 763887616/16766984746 [00:47<17:18, 15405924.46B/s]
GAP-urand:   5%|▍         | 765444096/16766984746 [00:47<17:15, 15449457.99B/s]
GAP-urand:   5%|▍         | 767066112/16766984746 [00:47<17:01, 15656456.83B/s]
GAP-urand:   5%|▍         | 768638976/16766984746 [00:47<18:07, 14710300.15B/s]
GAP-urand:   5%|▍         | 770277376/16766984746 [00:47<17:33, 15179309.92B/s]
GAP-urand:   5%|▍         | 772030464/16766984746 [00:47<16:49, 15843134.02B/s]
GAP-urand:   5%|▍         | 773636096/16766984746 [00:47<17:45, 15013352.40B/s]
GAP-urand:   5%|▍         | 775307264/16766984746 [00:48<17:13, 15479987.68B/s]
GAP-urand:   5%|▍         | 776880128/16766984746 [00:48<17:51, 14916746.83B/s]
GAP-urand:   5%|▍         | 778387456/16766984746 [00:48<17:51, 14923814.49B/s]
GAP-urand:   5%|▍         | 779894784/16766984746 [00:48<17:50, 14929577.96B/s]
GAP-urand:   5%|▍         | 781402112/16766984746 [00:48<18:59, 14022999.89B/s]
GAP-urand:   5%|▍         | 783007744/16766984746 [00:48<18:15, 14589130.86B/s]
GAP-urand:   5%|▍         | 784482304/16766984746 [00:48<18:50, 14137600.10B/s]
GAP-urand:   5%|▍         | 786120704/16766984746 [00:48<18:03, 14752404.86B/s]
GAP-urand:   5%|▍         | 787759104/16766984746 [00:48<17:31, 15190659.32B/s]
GAP-urand:   5%|▍         | 789299200/16766984746 [00:48<18:40, 14258675.75B/s]
GAP-urand:   5%|▍         | 790839296/16766984746 [00:49<18:18, 14546315.91B/s]
GAP-urand:   5%|▍         | 792313856/16766984746 [00:49<18:18, 14539197.40B/s]
GAP-urand:   5%|▍         | 793788416/16766984746 [00:49<19:14, 13840167.58B/s]
GAP-urand:   5%|▍         | 795377664/16766984746 [00:49<18:27, 14415784.67B/s]
GAP-urand:   5%|▍         | 796835840/16766984746 [00:49<19:06, 13930909.68B/s]
GAP-urand:   5%|▍         | 798523392/16766984746 [00:49<18:04, 14729145.59B/s]
GAP-urand:   5%|▍         | 800260096/16766984746 [00:49<17:13, 15454365.70B/s]
GAP-urand:   5%|▍         | 801832960/16766984746 [00:49<18:26, 14424413.14B/s]
GAP-urand:   5%|▍         | 803438592/16766984746 [00:49<17:54, 14856154.82B/s]
GAP-urand:   5%|▍         | 804945920/16766984746 [00:50<18:29, 14383421.46B/s]
GAP-urand:   5%|▍         | 806617088/16766984746 [00:50<17:46, 14968908.18B/s]
GAP-urand:   5%|▍         | 808140800/16766984746 [00:50<17:56, 14822009.56B/s]
GAP-urand:   5%|▍         | 809631744/16766984746 [00:50<21:23, 12428106.60B/s]
GAP-urand:   5%|▍         | 810942464/16766984746 [00:50<22:21, 11890009.14B/s]
GAP-urand:   5%|▍         | 812187648/16766984746 [00:50<23:09, 11482475.66B/s]
GAP-urand:   5%|▍         | 813367296/16766984746 [00:50<23:32, 11297869.97B/s]
GAP-urand:   5%|▍         | 815005696/16766984746 [00:50<21:04, 12616638.28B/s]
GAP-urand:   5%|▍         | 816676864/16766984746 [00:50<19:20, 13738838.40B/s]
GAP-urand:   5%|▍         | 818085888/16766984746 [00:51<19:39, 13522440.13B/s]
GAP-urand:   5%|▍         | 819757056/16766984746 [00:51<18:27, 14402214.74B/s]
GAP-urand:   5%|▍         | 821231616/16766984746 [00:51<19:03, 13945559.02B/s]
GAP-urand:   5%|▍         | 822738944/16766984746 [00:51<18:40, 14227562.19B/s]
GAP-urand:   5%|▍         | 824295424/16766984746 [00:51<18:12, 14589929.34B/s]
GAP-urand:   5%|▍         | 825769984/16766984746 [00:51<19:39, 13509996.56B/s]
GAP-urand:   5%|▍         | 827441152/16766984746 [00:51<18:29, 14370276.84B/s]
GAP-urand:   5%|▍         | 828981248/16766984746 [00:51<19:04, 13920073.53B/s]
GAP-urand:   5%|▍         | 830668800/16766984746 [00:51<18:02, 14718738.52B/s]
GAP-urand:   5%|▍         | 832159744/16766984746 [00:52<18:12, 14584690.83B/s]
GAP-urand:   5%|▍         | 833634304/16766984746 [00:52<18:50, 14091132.77B/s]
GAP-urand:   5%|▍         | 835305472/16766984746 [00:52<17:55, 14814965.86B/s]
GAP-urand:   5%|▍         | 836943872/16766984746 [00:52<17:26, 15226616.36B/s]
GAP-urand:   5%|▌         | 838483968/16766984746 [00:52<18:11, 14599356.16B/s]
GAP-urand:   5%|▌         | 840155136/16766984746 [00:52<17:28, 15187178.47B/s]
GAP-urand:   5%|▌         | 841695232/16766984746 [00:52<19:01, 13945662.76B/s]
GAP-urand:   5%|▌         | 843382784/16766984746 [00:52<18:01, 14718871.31B/s]
GAP-urand:   5%|▌         | 845053952/16766984746 [00:52<17:24, 15239280.72B/s]
GAP-urand:   5%|▌         | 846610432/16766984746 [00:53<18:51, 14066970.37B/s]
GAP-urand:   5%|▌         | 848265216/16766984746 [00:53<18:00, 14729764.83B/s]
GAP-urand:   5%|▌         | 849854464/16766984746 [00:53<17:39, 15026395.71B/s]
GAP-urand:   5%|▌         | 851525632/16766984746 [00:53<17:06, 15499335.10B/s]
GAP-urand:   5%|▌         | 853213184/16766984746 [00:53<16:41, 15886682.04B/s]
GAP-urand:   5%|▌         | 854851584/16766984746 [00:53<16:32, 16028322.73B/s]
GAP-urand:   5%|▌         | 856473600/16766984746 [00:53<17:14, 15378617.40B/s]
GAP-urand:   5%|▌         | 858030080/16766984746 [00:53<19:33, 13552163.18B/s]
GAP-urand:   5%|▌         | 859439104/16766984746 [00:53<20:35, 12872630.04B/s]
GAP-urand:   5%|▌         | 860815360/16766984746 [00:54<20:16, 13072083.82B/s]
GAP-urand:   5%|▌         | 862158848/16766984746 [00:54<20:28, 12951005.86B/s]
GAP-urand:   5%|▌         | 863846400/16766984746 [00:54<18:54, 14014518.97B/s]
GAP-urand:   5%|▌         | 865271808/16766984746 [00:54<18:59, 13959710.33B/s]
GAP-urand:   5%|▌         | 866697216/16766984746 [00:54<20:33, 12889410.55B/s]
GAP-urand:   5%|▌         | 868384768/16766984746 [00:54<18:57, 13971553.77B/s]
GAP-urand:   5%|▌         | 869810176/16766984746 [00:54<19:05, 13883836.72B/s]
GAP-urand:   5%|▌         | 871219200/16766984746 [00:54<19:33, 13543439.11B/s]
GAP-urand:   5%|▌         | 872611840/16766984746 [00:54<19:26, 13627987.95B/s]
GAP-urand:   5%|▌         | 874299392/16766984746 [00:55<18:13, 14528944.21B/s]
GAP-urand:   5%|▌         | 875773952/16766984746 [00:55<19:41, 13452165.46B/s]
GAP-urand:   5%|▌         | 877379584/16766984746 [00:55<18:41, 14161941.89B/s]
GAP-urand:   5%|▌         | 878821376/16766984746 [00:55<19:13, 13777205.37B/s]
GAP-urand:   5%|▌         | 880230400/16766984746 [00:55<19:10, 13808774.78B/s]
GAP-urand:   5%|▌         | 881901568/16766984746 [00:55<18:06, 14615894.28B/s]
GAP-urand:   5%|▌         | 883376128/16766984746 [00:55<19:40, 13453617.15B/s]
GAP-urand:   5%|▌         | 885014528/16766984746 [00:55<18:41, 14160153.56B/s]
GAP-urand:   5%|▌         | 886456320/16766984746 [00:55<20:04, 13180872.31B/s]
GAP-urand:   5%|▌         | 888143872/16766984746 [00:56<18:40, 14177012.96B/s]
GAP-urand:   5%|▌         | 889716736/16766984746 [00:56<18:10, 14560596.85B/s]
GAP-urand:   5%|▌         | 891207680/16766984746 [00:56<19:25, 13625396.20B/s]
GAP-urand:   5%|▌         | 892895232/16766984746 [00:56<18:14, 14497407.79B/s]
GAP-urand:   5%|▌         | 894386176/16766984746 [00:56<18:53, 14000693.45B/s]
GAP-urand:   5%|▌         | 895844352/16766984746 [00:56<18:42, 14136649.44B/s]

asv: benchmark timed out (timeout 60s)

·· ========================================= ========
                    dataset                          
   ----------------------------------------- --------
         bfs_inputs.snap-email-Eu-core         n/a   
       bfs_inputs.snap-facebook_combined       n/a   
            bfs_inputs.snap-ca-GrQc            n/a   
         bfs_inputs.snap-p2p-Gnutella04        n/a   
         bfs_test_inputs.test_bfs_basic        n/a   
      bfs_test_inputs.test_bfs_single_node     n/a   
     bfs_test_inputs.test_bfs_disconnected     n/a   
      bfs_test_inputs.test_bfs_undirected      n/a   
         bfs_test_inputs.test_bfs_cycle        n/a   
       bfs_test_inputs.test_bfs_snap_toy       n/a   
      bfs_gap_inputs.GAP/GAP-road_4795720      n/a   
      bfs_gap_inputs.GAP/GAP-road_21003853     n/a   
       bfs_gap_inputs.GAP/GAP-road_417968      n/a   
      bfs_gap_inputs.GAP/GAP-road_6496511      n/a   
      bfs_gap_inputs.GAP/GAP-road_6648699      n/a   
      bfs_gap_inputs.GAP/GAP-road_9811073      n/a   
      bfs_gap_inputs.GAP/GAP-road_22247478     n/a   
      bfs_gap_inputs.GAP/GAP-road_5720252      n/a   
      bfs_gap_inputs.GAP/GAP-road_12366459     n/a   
      bfs_gap_inputs.GAP/GAP-road_20413729     n/a   
      bfs_gap_inputs.GAP/GAP-road_4217374      n/a   
      bfs_gap_inputs.GAP/GAP-road_2674749      n/a   
      bfs_gap_inputs.GAP/GAP-road_22085557     n/a   
      bfs_gap_inputs.GAP/GAP-road_19445040     n/a   
      bfs_gap_inputs.GAP/GAP-road_2360788      n/a   
      bfs_gap_inputs.GAP/GAP-road_19115968     n/a   
      bfs_gap_inputs.GAP/GAP-road_7758767      n/a   
      bfs_gap_inputs.GAP/GAP-road_13468234     n/a   
       bfs_gap_inputs.GAP/GAP-road_30367       n/a   
      bfs_gap_inputs.GAP/GAP-road_18599547     n/a   
      bfs_gap_inputs.GAP/GAP-road_7526108      n/a   
      bfs_gap_inputs.GAP/GAP-road_16836280     n/a   
      bfs_gap_inputs.GAP/GAP-road_12742067     n/a   
      bfs_gap_inputs.GAP/GAP-road_7697995      n/a   
      bfs_gap_inputs.GAP/GAP-road_5876443      n/a   
      bfs_gap_inputs.GAP/GAP-road_9616340      n/a   
      bfs_gap_inputs.GAP/GAP-road_2497673      n/a   
      bfs_gap_inputs.GAP/GAP-road_10052290     n/a   
      bfs_gap_inputs.GAP/GAP-road_12493057     n/a   
      bfs_gap_inputs.GAP/GAP-road_1670855      n/a   
      bfs_gap_inputs.GAP/GAP-road_2760679      n/a   
      bfs_gap_inputs.GAP/GAP-road_2460941      n/a   
      bfs_gap_inputs.GAP/GAP-road_8489650      n/a   
      bfs_gap_inputs.GAP/GAP-road_5005225      n/a   
      bfs_gap_inputs.GAP/GAP-road_8744645      n/a   
      bfs_gap_inputs.GAP/GAP-road_8512023      n/a   
      bfs_gap_inputs.GAP/GAP-road_21912165     n/a   
      bfs_gap_inputs.GAP/GAP-road_1105390      n/a   
      bfs_gap_inputs.GAP/GAP-road_15432163     n/a   
      bfs_gap_inputs.GAP/GAP-road_1600177      n/a   
      bfs_gap_inputs.GAP/GAP-road_19079469     n/a   
      bfs_gap_inputs.GAP/GAP-road_16516637     n/a   
      bfs_gap_inputs.GAP/GAP-road_20202566     n/a   
      bfs_gap_inputs.GAP/GAP-road_21372803     n/a   
      bfs_gap_inputs.GAP/GAP-road_2898009     failed 
      bfs_gap_inputs.GAP/GAP-road_8491277      n/a   
      bfs_gap_inputs.GAP/GAP-road_18798317     n/a   
      bfs_gap_inputs.GAP/GAP-road_23757560     n/a   
      bfs_gap_inputs.GAP/GAP-road_17161819     n/a   
      bfs_gap_inputs.GAP/GAP-road_23180739     n/a   
      bfs_gap_inputs.GAP/GAP-road_10997085     n/a   
      bfs_gap_inputs.GAP/GAP-road_3730630      n/a   
      bfs_gap_inputs.GAP/GAP-road_1079068      n/a   
      bfs_gap_inputs.GAP/GAP-road_15426822     n/a   
      bfs_gap_inputs.GAP/GAP-road_12190925     n/a   
      bfs_gap_inputs.GAP/GAP-road_1155218      n/a   
      bfs_gap_inputs.GAP/GAP-road_10693488     n/a   
      bfs_gap_inputs.GAP/GAP-road_14434835     n/a   
      bfs_gap_inputs.GAP/GAP-road_19963339     n/a   
      bfs_gap_inputs.GAP/GAP-road_3486185      n/a   
      bfs_gap_inputs.GAP/GAP-road_18383269     n/a   
      bfs_gap_inputs.GAP/GAP-road_20269908     n/a   
      bfs_gap_inputs.GAP/GAP-road_12370764     n/a   
      bfs_gap_inputs.GAP/GAP-road_7843140      n/a   
    bfs_gap_inputs.GAP/GAP-twitter_12441072    n/a   
    bfs_gap_inputs.GAP/GAP-twitter_54488257    n/a   
    bfs_gap_inputs.GAP/GAP-twitter_25451915    n/a   
    bfs_gap_inputs.GAP/GAP-twitter_57714473    n/a   
    bfs_gap_inputs.GAP/GAP-twitter_14839494    n/a   
    bfs_gap_inputs.GAP/GAP-twitter_32081104    n/a   
    bfs_gap_inputs.GAP/GAP-twitter_52957357    n/a   
    bfs_gap_inputs.GAP/GAP-twitter_50444380    n/a   
    bfs_gap_inputs.GAP/GAP-twitter_49590701    n/a   
    bfs_gap_inputs.GAP/GAP-twitter_20127816    n/a   
    bfs_gap_inputs.GAP/GAP-twitter_34939333    n/a   
    bfs_gap_inputs.GAP/GAP-twitter_48251001    n/a   
    bfs_gap_inputs.GAP/GAP-twitter_19524253    n/a   
    bfs_gap_inputs.GAP/GAP-twitter_43676726    n/a   
    bfs_gap_inputs.GAP/GAP-twitter_33055508    n/a   
    bfs_gap_inputs.GAP/GAP-twitter_15244687    n/a   
    bfs_gap_inputs.GAP/GAP-twitter_24946738    n/a   
     bfs_gap_inputs.GAP/GAP-twitter_6479472    n/a   
    bfs_gap_inputs.GAP/GAP-twitter_26077682    n/a   
    bfs_gap_inputs.GAP/GAP-twitter_22023875    n/a   
    bfs_gap_inputs.GAP/GAP-twitter_22081915    n/a   
    bfs_gap_inputs.GAP/GAP-twitter_40034162    n/a   
    bfs_gap_inputs.GAP/GAP-twitter_49496014    n/a   
    bfs_gap_inputs.GAP/GAP-twitter_42847507    n/a   
    bfs_gap_inputs.GAP/GAP-twitter_52409557    n/a   
    bfs_gap_inputs.GAP/GAP-twitter_55445388    n/a   
    bfs_gap_inputs.GAP/GAP-twitter_22028097    n/a   
    bfs_gap_inputs.GAP/GAP-twitter_48766648    n/a   
    bfs_gap_inputs.GAP/GAP-twitter_44521241    n/a   
    bfs_gap_inputs.GAP/GAP-twitter_60135542    n/a   
    bfs_gap_inputs.GAP/GAP-twitter_28528671    n/a   
     bfs_gap_inputs.GAP/GAP-twitter_9678012    n/a   
    bfs_gap_inputs.GAP/GAP-twitter_40020306    n/a   
    bfs_gap_inputs.GAP/GAP-twitter_31625735    n/a   
    bfs_gap_inputs.GAP/GAP-twitter_37446892    n/a   
    bfs_gap_inputs.GAP/GAP-twitter_51788952    n/a   
    bfs_gap_inputs.GAP/GAP-twitter_52584255    n/a   
    bfs_gap_inputs.GAP/GAP-twitter_20346696    n/a   
    bfs_gap_inputs.GAP/GAP-twitter_48387909    n/a   
    bfs_gap_inputs.GAP/GAP-twitter_37337427    n/a   
    bfs_gap_inputs.GAP/GAP-twitter_50501084    n/a   
    bfs_gap_inputs.GAP/GAP-twitter_30130061    n/a   
    bfs_gap_inputs.GAP/GAP-twitter_41185893    n/a   
    bfs_gap_inputs.GAP/GAP-twitter_56495703    n/a   
    bfs_gap_inputs.GAP/GAP-twitter_45663305   failed 
    bfs_gap_inputs.GAP/GAP-twitter_33359460    n/a   
    bfs_gap_inputs.GAP/GAP-twitter_48143058    n/a   
    bfs_gap_inputs.GAP/GAP-twitter_33291513    n/a   
    bfs_gap_inputs.GAP/GAP-twitter_53461445    n/a   
    bfs_gap_inputs.GAP/GAP-twitter_29340610    n/a   
    bfs_gap_inputs.GAP/GAP-twitter_34148498    n/a   
    bfs_gap_inputs.GAP/GAP-twitter_49171806    n/a   
    bfs_gap_inputs.GAP/GAP-twitter_35550696    n/a   
    bfs_gap_inputs.GAP/GAP-twitter_14521507    n/a   
    bfs_gap_inputs.GAP/GAP-twitter_51633218    n/a   
    bfs_gap_inputs.GAP/GAP-twitter_46823382    n/a   
    bfs_gap_inputs.GAP/GAP-twitter_19396273    n/a   
    bfs_gap_inputs.GAP/GAP-twitter_19871750    n/a   
    bfs_gap_inputs.GAP/GAP-twitter_36862677    n/a   
    bfs_gap_inputs.GAP/GAP-twitter_49539126    n/a   
    bfs_gap_inputs.GAP/GAP-twitter_34016452    n/a   
    bfs_gap_inputs.GAP/GAP-twitter_36567395    n/a   
    bfs_gap_inputs.GAP/GAP-twitter_55487793    n/a   
    bfs_gap_inputs.GAP/GAP-twitter_14391370    n/a   
      bfs_gap_inputs.GAP/GAP-web_10219452      n/a   
      bfs_gap_inputs.GAP/GAP-web_44758211      n/a   
       bfs_gap_inputs.GAP/GAP-web_890671       n/a   
      bfs_gap_inputs.GAP/GAP-web_13843756      n/a   
      bfs_gap_inputs.GAP/GAP-web_14168062      n/a   
      bfs_gap_inputs.GAP/GAP-web_20906930      n/a   
      bfs_gap_inputs.GAP/GAP-web_12189584      n/a   
      bfs_gap_inputs.GAP/GAP-web_26352335      n/a   
      bfs_gap_inputs.GAP/GAP-web_43500686      n/a   
       bfs_gap_inputs.GAP/GAP-web_8987024      n/a   
       bfs_gap_inputs.GAP/GAP-web_5699762      n/a   
      bfs_gap_inputs.GAP/GAP-web_41436455      n/a   
       bfs_gap_inputs.GAP/GAP-web_5030727      n/a   
      bfs_gap_inputs.GAP/GAP-web_40735218      n/a   
      bfs_gap_inputs.GAP/GAP-web_16533563      n/a   
      bfs_gap_inputs.GAP/GAP-web_28700166      n/a   
        bfs_gap_inputs.GAP/GAP-web_64711       n/a   
      bfs_gap_inputs.GAP/GAP-web_39634750      n/a   
      bfs_gap_inputs.GAP/GAP-web_16037779      n/a   
      bfs_gap_inputs.GAP/GAP-web_27152739      n/a   
      bfs_gap_inputs.GAP/GAP-web_16404061      n/a   
      bfs_gap_inputs.GAP/GAP-web_20491963      n/a   
       bfs_gap_inputs.GAP/GAP-web_5322423      n/a   
      bfs_gap_inputs.GAP/GAP-web_21420953      n/a   
      bfs_gap_inputs.GAP/GAP-web_26622109      n/a   
       bfs_gap_inputs.GAP/GAP-web_5882875      n/a   
      bfs_gap_inputs.GAP/GAP-web_18091040      n/a   
      bfs_gap_inputs.GAP/GAP-web_10665896      n/a   
      bfs_gap_inputs.GAP/GAP-web_18634422      n/a   
      bfs_gap_inputs.GAP/GAP-web_18138715      n/a   
       bfs_gap_inputs.GAP/GAP-web_2355535      n/a   
      bfs_gap_inputs.GAP/GAP-web_32885205      n/a   
      bfs_gap_inputs.GAP/GAP-web_40657440      n/a   
      bfs_gap_inputs.GAP/GAP-web_35196167      n/a   
      bfs_gap_inputs.GAP/GAP-web_45544426      n/a   
       bfs_gap_inputs.GAP/GAP-web_6175519      n/a   
      bfs_gap_inputs.GAP/GAP-web_40058318      n/a   
      bfs_gap_inputs.GAP/GAP-web_50626230      n/a   
      bfs_gap_inputs.GAP/GAP-web_36571019      n/a   
      bfs_gap_inputs.GAP/GAP-web_49397052      n/a   
      bfs_gap_inputs.GAP/GAP-web_23434265      n/a   
       bfs_gap_inputs.GAP/GAP-web_2299444      n/a   
      bfs_gap_inputs.GAP/GAP-web_32873823      n/a   
      bfs_gap_inputs.GAP/GAP-web_25978282      n/a   
       bfs_gap_inputs.GAP/GAP-web_2461715     failed 
      bfs_gap_inputs.GAP/GAP-web_22787314      n/a   
      bfs_gap_inputs.GAP/GAP-web_30759947      n/a   
       bfs_gap_inputs.GAP/GAP-web_7428894      n/a   
      bfs_gap_inputs.GAP/GAP-web_39173870      n/a   
      bfs_gap_inputs.GAP/GAP-web_43194209      n/a   
      bfs_gap_inputs.GAP/GAP-web_26361509      n/a   
      bfs_gap_inputs.GAP/GAP-web_39747211      n/a   
      bfs_gap_inputs.GAP/GAP-web_30670029      n/a   
      bfs_gap_inputs.GAP/GAP-web_41483033      n/a   
       bfs_gap_inputs.GAP/GAP-web_9358666      n/a   
       bfs_gap_inputs.GAP/GAP-web_9945008      n/a   
       bfs_gap_inputs.GAP/GAP-web_3355244      n/a   
      bfs_gap_inputs.GAP/GAP-web_33831269      n/a   
      bfs_gap_inputs.GAP/GAP-web_45124744      n/a   
      bfs_gap_inputs.GAP/GAP-web_16137877      n/a   
      bfs_gap_inputs.GAP/GAP-web_11235448      n/a   
      bfs_gap_inputs.GAP/GAP-web_37509144      n/a   
      bfs_gap_inputs.GAP/GAP-web_27402414      n/a   
      bfs_gap_inputs.GAP/GAP-web_39546083      n/a   
      bfs_gap_inputs.GAP/GAP-kron_2338012      n/a   
      bfs_gap_inputs.GAP/GAP-kron_31997659     n/a   
      bfs_gap_inputs.GAP/GAP-kron_23590940     n/a   
      bfs_gap_inputs.GAP/GAP-kron_43400604     n/a   
      bfs_gap_inputs.GAP/GAP-kron_75337937     n/a   
       bfs_gap_inputs.GAP/GAP-kron_169867      n/a   
     bfs_gap_inputs.GAP/GAP-kron_104041220     n/a   
      bfs_gap_inputs.GAP/GAP-kron_94177942     n/a   
      bfs_gap_inputs.GAP/GAP-kron_32871357     n/a   
      bfs_gap_inputs.GAP/GAP-kron_56230002     n/a   
      bfs_gap_inputs.GAP/GAP-kron_69883037     n/a   
      bfs_gap_inputs.GAP/GAP-kron_9346345      n/a   
      bfs_gap_inputs.GAP/GAP-kron_48915358     n/a   
     bfs_gap_inputs.GAP/GAP-kron_122571173     n/a   
      bfs_gap_inputs.GAP/GAP-kron_6183279      n/a   
      bfs_gap_inputs.GAP/GAP-kron_86323663     n/a   
     bfs_gap_inputs.GAP/GAP-kron_106725780     n/a   
      bfs_gap_inputs.GAP/GAP-kron_92389938     n/a   
      bfs_gap_inputs.GAP/GAP-kron_16210738     n/a   
      bfs_gap_inputs.GAP/GAP-kron_59816700     n/a   
     bfs_gap_inputs.GAP/GAP-kron_111669929     n/a   
     bfs_gap_inputs.GAP/GAP-kron_102831411     n/a   
     bfs_gap_inputs.GAP/GAP-kron_113384800     n/a   
      bfs_gap_inputs.GAP/GAP-kron_43872564     n/a   
      bfs_gap_inputs.GAP/GAP-kron_80508827     n/a   
      bfs_gap_inputs.GAP/GAP-kron_26105648     n/a   
      bfs_gap_inputs.GAP/GAP-kron_8807516      n/a   
     bfs_gap_inputs.GAP/GAP-kron_118452455     n/a   
     bfs_gap_inputs.GAP/GAP-kron_121818859     n/a   
      bfs_gap_inputs.GAP/GAP-kron_42361928     n/a   
      bfs_gap_inputs.GAP/GAP-kron_29493053     n/a   
      bfs_gap_inputs.GAP/GAP-kron_98461503     n/a   
      bfs_gap_inputs.GAP/GAP-kron_71931337     n/a   
     bfs_gap_inputs.GAP/GAP-kron_103808468     n/a   
      bfs_gap_inputs.GAP/GAP-kron_4092345      n/a   
     bfs_gap_inputs.GAP/GAP-kron_115276241     n/a   
      bfs_gap_inputs.GAP/GAP-kron_4649343      n/a   
      bfs_gap_inputs.GAP/GAP-kron_76656189     n/a   
      bfs_gap_inputs.GAP/GAP-kron_31312001     n/a   
     bfs_gap_inputs.GAP/GAP-kron_111334127     n/a   
     bfs_gap_inputs.GAP/GAP-kron_100962918     n/a   
      bfs_gap_inputs.GAP/GAP-kron_41823215     n/a   
      bfs_gap_inputs.GAP/GAP-kron_22631240     n/a   
      bfs_gap_inputs.GAP/GAP-kron_42848461     n/a   
      bfs_gap_inputs.GAP/GAP-kron_79485148    failed 
     bfs_gap_inputs.GAP/GAP-kron_106818742     n/a   
      bfs_gap_inputs.GAP/GAP-kron_73347974     n/a   
      bfs_gap_inputs.GAP/GAP-kron_78848445     n/a   
     bfs_gap_inputs.GAP/GAP-kron_109920510     n/a   
     bfs_gap_inputs.GAP/GAP-kron_121492133     n/a   
     bfs_gap_inputs.GAP/GAP-kron_101037296     n/a   
      bfs_gap_inputs.GAP/GAP-kron_15438600     n/a   
      bfs_gap_inputs.GAP/GAP-kron_4584784      n/a   
     bfs_gap_inputs.GAP/GAP-kron_124503845     n/a   
      bfs_gap_inputs.GAP/GAP-kron_87241743     n/a   
     bfs_gap_inputs.GAP/GAP-kron_108297008     n/a   
      bfs_gap_inputs.GAP/GAP-kron_33955082     n/a   
      bfs_gap_inputs.GAP/GAP-kron_79934823     n/a   
      bfs_gap_inputs.GAP/GAP-kron_8608481      n/a   
      bfs_gap_inputs.GAP/GAP-kron_82435063     n/a   
      bfs_gap_inputs.GAP/GAP-kron_46579271     n/a   
       bfs_gap_inputs.GAP/GAP-kron_515421      n/a   
     bfs_gap_inputs.GAP/GAP-kron_121530467     n/a   
     bfs_gap_inputs.GAP/GAP-kron_127978736     n/a   
     bfs_gap_inputs.GAP/GAP-urand_27691419     n/a   
     bfs_gap_inputs.GAP/GAP-urand_121280314    n/a   
      bfs_gap_inputs.GAP/GAP-urand_2413431     n/a   
     bfs_gap_inputs.GAP/GAP-urand_37512113     n/a   
     bfs_gap_inputs.GAP/GAP-urand_38390877     n/a   
     bfs_gap_inputs.GAP/GAP-urand_56651037     n/a   
     bfs_gap_inputs.GAP/GAP-urand_128461248    n/a   
     bfs_gap_inputs.GAP/GAP-urand_33029842     n/a   
     bfs_gap_inputs.GAP/GAP-urand_71406328     n/a   
     bfs_gap_inputs.GAP/GAP-urand_117872827    n/a   
     bfs_gap_inputs.GAP/GAP-urand_24351938     n/a   
     bfs_gap_inputs.GAP/GAP-urand_15444519     n/a   
     bfs_gap_inputs.GAP/GAP-urand_127526281    n/a   
     bfs_gap_inputs.GAP/GAP-urand_112279428    n/a   
     bfs_gap_inputs.GAP/GAP-urand_13631649     n/a   
     bfs_gap_inputs.GAP/GAP-urand_110379302    n/a   
     bfs_gap_inputs.GAP/GAP-urand_44800623     n/a   
     bfs_gap_inputs.GAP/GAP-urand_77768193     n/a   
      bfs_gap_inputs.GAP/GAP-urand_175347      n/a   
     bfs_gap_inputs.GAP/GAP-urand_107397389    n/a   
     bfs_gap_inputs.GAP/GAP-urand_43457209     n/a   
     bfs_gap_inputs.GAP/GAP-urand_97215940     n/a   
     bfs_gap_inputs.GAP/GAP-urand_73575165     n/a   
     bfs_gap_inputs.GAP/GAP-urand_44449715     n/a   
     bfs_gap_inputs.GAP/GAP-urand_33931724     n/a   
     bfs_gap_inputs.GAP/GAP-urand_55526610     n/a   
     bfs_gap_inputs.GAP/GAP-urand_14422051     n/a   
     bfs_gap_inputs.GAP/GAP-urand_58043873     n/a   
     bfs_gap_inputs.GAP/GAP-urand_72137329     n/a   
      bfs_gap_inputs.GAP/GAP-urand_9647840     n/a   
     bfs_gap_inputs.GAP/GAP-urand_15940695     n/a   
     bfs_gap_inputs.GAP/GAP-urand_14209952     n/a   
     bfs_gap_inputs.GAP/GAP-urand_49020883     n/a   
     bfs_gap_inputs.GAP/GAP-urand_28901138     n/a   
     bfs_gap_inputs.GAP/GAP-urand_50493273     n/a   
     bfs_gap_inputs.GAP/GAP-urand_49150069     n/a   
     bfs_gap_inputs.GAP/GAP-urand_126525082    n/a   
      bfs_gap_inputs.GAP/GAP-urand_6382740     n/a   
     bfs_gap_inputs.GAP/GAP-urand_89108297     n/a   
      bfs_gap_inputs.GAP/GAP-urand_9239735     n/a   
     bfs_gap_inputs.GAP/GAP-urand_110168548    n/a   
     bfs_gap_inputs.GAP/GAP-urand_95370259     n/a   
     bfs_gap_inputs.GAP/GAP-urand_116653530    n/a   
     bfs_gap_inputs.GAP/GAP-urand_123410703    n/a   
     bfs_gap_inputs.GAP/GAP-urand_16733665    failed 
     bfs_gap_inputs.GAP/GAP-urand_49030282     n/a   
     bfs_gap_inputs.GAP/GAP-urand_108545121    n/a   
     bfs_gap_inputs.GAP/GAP-urand_99095665     n/a   
     bfs_gap_inputs.GAP/GAP-urand_133850077    n/a   
     bfs_gap_inputs.GAP/GAP-urand_63499301     n/a   
     bfs_gap_inputs.GAP/GAP-urand_21541382     n/a   
      bfs_gap_inputs.GAP/GAP-urand_6230751     n/a   
     bfs_gap_inputs.GAP/GAP-urand_89077456     n/a   
     bfs_gap_inputs.GAP/GAP-urand_70392765     n/a   
      bfs_gap_inputs.GAP/GAP-urand_6670455     n/a   
     bfs_gap_inputs.GAP/GAP-urand_61746271     n/a   
     bfs_gap_inputs.GAP/GAP-urand_83349535     n/a   
     bfs_gap_inputs.GAP/GAP-urand_115272184    n/a   
     bfs_gap_inputs.GAP/GAP-urand_20129908     n/a   
     bfs_gap_inputs.GAP/GAP-urand_106148553    n/a   
     bfs_gap_inputs.GAP/GAP-urand_117042375    n/a   
     bfs_gap_inputs.GAP/GAP-urand_71431187     n/a   
     bfs_gap_inputs.GAP/GAP-urand_45287808     n/a   
     bfs_gap_inputs.GAP/GAP-urand_107702120    n/a   
   ========================================= ========
   For parameters: bfs_gap_inputs.GAP/GAP-road_2898009
   INFO root: Dataset suitesparse_matrix.GAP/GAP-road manifest metadata is stale.
   INFO root: Dataset suitesparse_matrix.GAP/GAP-road regenerated.
   Traceback (most recent call last):
     File "/storage/scratch1/7/wahrens6/SparseArrayProgrammingSuite/competition/run_13072363/task_5/env/chunk-5/c6e6c30cd4da42ee650d557ff6858c92/lib/python3.12/site-packages/asv_runner/server.py", line 179, in _run_server
       _run(run_args)
     File "/storage/scratch1/7/wahrens6/SparseArrayProgrammingSuite/competition/run_13072363/task_5/env/chunk-5/c6e6c30cd4da42ee650d557ff6858c92/lib/python3.12/site-packages/asv_runner/run.py", line 73, in _run
       result = benchmark.do_run()
                ^^^^^^^^^^^^^^^^^^
     File "/storage/scratch1/7/wahrens6/SparseArrayProgrammingSuite/competition/run_13072363/task_5/env/chunk-5/c6e6c30cd4da42ee650d557ff6858c92/lib/python3.12/site-packages/asv_runner/benchmarks/_base.py", line 758, in do_run
       return self.run(*self._build_params())
              ^^^^^^^^^^^^^^^^^^^^^^^^^^^^^^^
     File "/storage/scratch1/7/wahrens6/SparseArrayProgrammingSuite/competition/run_13072363/task_5/env/chunk-5/c6e6c30cd4da42ee650d557ff6858c92/lib/python3.12/site-packages/asv_runner/benchmarks/time.py", line 235, in run
       samples, number = self.benchmark_timing(
                         ^^^^^^^^^^^^^^^^^^^^^^
     File "/storage/scratch1/7/wahrens6/SparseArrayProgrammingSuite/competition/run_13072363/task_5/env/chunk-5/c6e6c30cd4da42ee650d557ff6858c92/lib/python3.12/site-packages/asv_runner/benchmarks/time.py", line 357, in benchmark_timing
       timing = timer.timeit(number)
                ^^^^^^^^^^^^^^^^^^^^
     File "/storage/pace-apps/spack/packages/linux-rhel9-x86_64_v3/gcc-11.3.1/python-3.12.5-5sase6atfv2x5tf7dy5x5sqfzyguhsia/lib/python3.12/timeit.py", line 180, in timeit
       timing = self.inner(it, self.timer)
                ^^^^^^^^^^^^^^^^^^^^^^^^^^
     File "<timeit-src>", line 6, in inner
     File "/storage/scratch1/7/wahrens6/SparseArrayProgrammingSuite/competition/run_13072363/task_5/env/chunk-5/c6e6c30cd4da42ee650d557ff6858c92/lib/python3.12/site-packages/asv_runner/benchmarks/time.py", line 130, in func
       self.func(*param)
     File "/storage/scratch1/7/wahrens6/SparseArrayProgrammingSuite/competition/run_13072363/task_5/env/chunk-5/c6e6c30cd4da42ee650d557ff6858c92/lib/python3.12/site-packages/saps/benchmark.py", line 360, in _time_run
       self.run(param)
     File "/storage/scratch1/7/wahrens6/SparseArrayProgrammingSuite/competition/run_13072363/task_5/env/chunk-5/c6e6c30cd4da42ee650d557ff6858c92/lib/python3.12/site-packages/saps/benchmark.py", line 432, in run
       input = [xp.from_binsparse(d) for d in self._input]
                ^^^^^^^^^^^^^^^^^^^^
     File "/storage/scratch1/7/wahrens6/SparseArrayProgrammingSuite/frameworks/saps_numpy.py", line 33, in from_binsparse
       return np.asarray(to_sparse(array).todense())
                         ^^^^^^^^^^^^^^^^^^^^^^^^^^
     File "/storage/scratch1/7/wahrens6/SparseArrayProgrammingSuite/competition/run_13072363/task_5/env/chunk-5/c6e6c30cd4da42ee650d557ff6858c92/lib/python3.12/site-packages/sparse/numba_backend/_coo/core.py", line 410, in todense
       x = np.full(self.shape, self.fill_value, self.dtype)
           ^^^^^^^^^^^^^^^^^^^^^^^^^^^^^^^^^^^^^^^^^^^^^^^^
     File "/storage/scratch1/7/wahrens6/SparseArrayProgrammingSuite/competition/run_13072363/task_5/env/chunk-5/c6e6c30cd4da42ee650d557ff6858c92/lib/python3.12/site-packages/numpy/_core/numeric.py", line 386, in full
       a = empty(shape, dtype, order, device=device)
           ^^^^^^^^^^^^^^^^^^^^^^^^^^^^^^^^^^^^^^^^^
   numpy._core._exceptions._ArrayMemoryError: Unable to allocate 4.07 PiB for an array with shape (23947347, 23947347) and data type int64
   
   For parameters: bfs_gap_inputs.GAP/GAP-twitter_45663305
   INFO root: Dataset suitesparse_matrix.GAP/GAP-twitter manifest metadata is stale.
   
   GAP-twitter:   0%|          | 0/9469180207 [00:00<?, ?B/s]
   GAP-twitter:   0%|          | 245760/9469180207 [00:00<1:07:13, 2347735.72B/s]
   GAP-twitter:   0%|          | 1245184/9469180207 [00:00<24:16, 6500762.33B/s] 
   GAP-twitter:   0%|          | 2457600/9469180207 [00:00<17:35, 8972996.55B/s]
   GAP-twitter:   0%|          | 3702784/9469180207 [00:00<15:17, 10313659.21B/s]
   GAP-twitter:   0%|          | 4849664/9469180207 [00:00<14:43, 10712289.90B/s]
   GAP-twitter:   0%|          | 6078464/9469180207 [00:00<14:03, 11214614.30B/s]
   GAP-twitter:   0%|          | 7356416/9469180207 [00:00<13:28, 11702355.33B/s]
   GAP-twitter:   0%|          | 8896512/9469180207 [00:00<12:17, 12835402.90B/s]
   GAP-twitter:   0%|          | 10190848/9469180207 [00:00<12:19, 12795433.85B/s]
   GAP-twitter:   0%|          | 11730944/9469180207 [00:01<11:36, 13574557.84B/s]
   GAP-twitter:   0%|          | 13107200/9469180207 [00:01<11:34, 13617859.99B/s]
   GAP-twitter:   0%|          | 14712832/9469180207 [00:01<10:59, 14325200.84B/s]
   GAP-twitter:   0%|          | 16318464/9469180207 [00:01<10:37, 14816801.07B/s]
   GAP-twitter:   0%|          | 17907712/9469180207 [00:01<10:24, 15124121.41B/s]
   GAP-twitter:   0%|          | 19578880/9469180207 [00:01<10:07, 15565704.61B/s]
   GAP-twitter:   0%|          | 21282816/9469180207 [00:01<09:51, 15978711.77B/s]
   GAP-twitter:   0%|          | 23019520/9469180207 [00:01<09:36, 16393648.53B/s]
   GAP-twitter:   0%|          | 24739840/9469180207 [00:01<09:27, 16628584.40B/s]
   GAP-twitter:   0%|          | 26460160/9469180207 [00:01<09:23, 16759627.50B/s]
   GAP-twitter:   0%|          | 28196864/9469180207 [00:02<09:18, 16900534.44B/s]
   GAP-twitter:   0%|          | 29933568/9469180207 [00:02<09:14, 17020328.49B/s]
   GAP-twitter:   0%|          | 31719424/9469180207 [00:02<09:07, 17249709.94B/s]
   GAP-twitter:   0%|          | 33538048/9469180207 [00:02<08:58, 17510542.51B/s]
   GAP-twitter:   0%|          | 35307520/9469180207 [00:02<08:58, 17530419.49B/s]
   GAP-twitter:   0%|          | 37093376/9469180207 [00:02<08:56, 17571487.30B/s]
   GAP-twitter:   0%|          | 38862848/9469180207 [00:02<08:59, 17490598.47B/s]
   GAP-twitter:   0%|          | 40615936/9469180207 [00:02<09:01, 17400314.62B/s]
   GAP-twitter:   0%|          | 42369024/9469180207 [00:02<09:03, 17350891.33B/s]
   GAP-twitter:   0%|          | 44122112/9469180207 [00:02<09:02, 17357718.32B/s]
   GAP-twitter:   0%|          | 45858816/9469180207 [00:03<09:06, 17253960.41B/s]
   GAP-twitter:   1%|          | 47644672/9469180207 [00:03<09:01, 17397680.17B/s]
   GAP-twitter:   1%|          | 49397760/9469180207 [00:03<09:00, 17415030.11B/s]
   GAP-twitter:   1%|          | 51167232/9469180207 [00:03<08:58, 17489138.07B/s]
   GAP-twitter:   1%|          | 52969472/9469180207 [00:03<08:53, 17634747.71B/s]
   GAP-twitter:   1%|          | 54738944/9469180207 [00:03<09:03, 17317323.76B/s]
   GAP-twitter:   1%|          | 56475648/9469180207 [00:03<09:11, 17055818.48B/s]
   GAP-twitter:   1%|          | 58195968/9469180207 [00:03<09:17, 16887357.55B/s]
   GAP-twitter:   1%|          | 59899904/9469180207 [00:03<09:18, 16849050.61B/s]
   GAP-twitter:   1%|          | 61603840/9469180207 [00:03<09:16, 16904242.48B/s]
   GAP-twitter:   1%|          | 63324160/9469180207 [00:04<09:14, 16976326.38B/s]
   GAP-twitter:   1%|          | 65060864/9469180207 [00:04<09:10, 17085287.50B/s]
   GAP-twitter:   1%|          | 66830336/9469180207 [00:04<09:05, 17222085.41B/s]
   GAP-twitter:   1%|          | 68567040/9469180207 [00:04<09:08, 17133867.05B/s]
   GAP-twitter:   1%|          | 70287360/9469180207 [00:04<09:13, 16968728.18B/s]
   GAP-twitter:   1%|          | 72007680/9469180207 [00:04<09:12, 17023737.49B/s]
   GAP-twitter:   1%|          | 73760768/9469180207 [00:04<09:07, 17162348.68B/s]
   GAP-twitter:   1%|          | 75481088/9469180207 [00:04<09:10, 17059416.13B/s]
   GAP-twitter:   1%|          | 77217792/9469180207 [00:04<09:08, 17133217.74B/s]
   GAP-twitter:   1%|          | 78954496/9469180207 [00:04<09:06, 17182334.75B/s]
   GAP-twitter:   1%|          | 80674816/9469180207 [00:05<09:08, 17105102.25B/s]
   GAP-twitter:   1%|          | 82395136/9469180207 [00:05<09:14, 16924575.00B/s]
   GAP-twitter:   1%|          | 84099072/9469180207 [00:05<09:23, 16659907.59B/s]
   GAP-twitter:   1%|          | 85835776/9469180207 [00:05<09:17, 16837443.26B/s]
   GAP-twitter:   1%|          | 87572480/9469180207 [00:05<09:12, 16984442.61B/s]
   GAP-twitter:   1%|          | 89309184/9469180207 [00:05<09:10, 17053985.76B/s]
   GAP-twitter:   1%|          | 91029504/9469180207 [00:05<09:10, 17026894.13B/s]
   GAP-twitter:   1%|          | 92733440/9469180207 [00:05<09:16, 16836260.10B/s]
   GAP-twitter:   1%|          | 94420992/9469180207 [00:05<09:19, 16757315.56B/s]
   GAP-twitter:   1%|          | 96141312/9469180207 [00:05<09:15, 16881720.40B/s]
   GAP-twitter:   1%|          | 97845248/9469180207 [00:06<09:22, 16663273.60B/s]
   GAP-twitter:   1%|          | 99532800/9469180207 [00:06<09:21, 16687833.52B/s]
   GAP-twitter:   1%|          | 101203968/9469180207 [00:06<09:25, 16579466.92B/s]
   GAP-twitter:   1%|          | 102957056/9469180207 [00:06<09:17, 16813944.77B/s]
   GAP-twitter:   1%|          | 104644608/9469180207 [00:06<09:16, 16819764.85B/s]
   GAP-twitter:   1%|          | 106414080/9469180207 [00:06<09:09, 17026625.69B/s]
   GAP-twitter:   1%|          | 108183552/9469180207 [00:06<09:03, 17212089.31B/s]
   GAP-twitter:   1%|          | 109920256/9469180207 [00:06<09:02, 17254188.89B/s]
   GAP-twitter:   1%|          | 111706112/9469180207 [00:06<08:58, 17391600.89B/s]
   GAP-twitter:   1%|          | 113475584/9469180207 [00:06<08:56, 17452891.68B/s]
   GAP-twitter:   1%|          | 115294208/9469180207 [00:07<08:50, 17645642.40B/s]
   GAP-twitter:   1%|          | 117063680/9469180207 [00:07<09:02, 17250692.79B/s]
   GAP-twitter:   1%|▏         | 118800384/9469180207 [00:07<09:04, 17165000.33B/s]
   GAP-twitter:   1%|▏         | 120520704/9469180207 [00:07<09:04, 17173034.36B/s]
   GAP-twitter:   1%|▏         | 122241024/9469180207 [00:07<09:10, 16993740.53B/s]
   GAP-twitter:   1%|▏         | 123944960/9469180207 [00:07<09:10, 16987108.60B/s]
   GAP-twitter:   1%|▏         | 125648896/9469180207 [00:07<09:10, 16971082.45B/s]
   GAP-twitter:   1%|▏         | 127352832/9469180207 [00:07<09:14, 16859803.78B/s]
   GAP-twitter:   1%|▏         | 129105920/9469180207 [00:07<09:08, 17022855.59B/s]
   GAP-twitter:   1%|▏         | 130908160/9469180207 [00:08<08:59, 17307824.17B/s]
   GAP-twitter:   1%|▏         | 132710400/9469180207 [00:08<08:54, 17473522.25B/s]
   GAP-twitter:   1%|▏         | 134463488/9469180207 [00:08<09:00, 17279213.39B/s]
   GAP-twitter:   1%|▏         | 136216576/9469180207 [00:08<08:59, 17306950.21B/s]
   GAP-twitter:   1%|▏         | 138002432/9469180207 [00:08<08:54, 17454454.88B/s]
   GAP-twitter:   1%|▏         | 139804672/9469180207 [00:08<08:50, 17576855.48B/s]
   GAP-twitter:   1%|▏         | 141606912/9469180207 [00:08<08:47, 17683390.43B/s]
   GAP-twitter:   2%|▏         | 143376384/9469180207 [00:08<08:53, 17496560.77B/s]
   GAP-twitter:   2%|▏         | 145129472/9469180207 [00:08<08:56, 17388604.82B/s]
   GAP-twitter:   2%|▏         | 146898944/9469180207 [00:08<08:54, 17450063.70B/s]
   GAP-twitter:   2%|▏         | 148652032/9469180207 [00:09<08:56, 17356718.15B/s]
   GAP-twitter:   2%|▏         | 150388736/9469180207 [00:09<08:58, 17307790.84B/s]
   GAP-twitter:   2%|▏         | 152141824/9469180207 [00:09<08:57, 17345549.32B/s]
   GAP-twitter:   2%|▏         | 153878528/9469180207 [00:09<08:59, 17255193.45B/s]
   GAP-twitter:   2%|▏         | 155615232/9469180207 [00:09<09:05, 17080035.58B/s]
   GAP-twitter:   2%|▏         | 157351936/9469180207 [00:09<09:02, 17162412.09B/s]
   GAP-twitter:   2%|▏         | 159137792/9469180207 [00:09<08:57, 17328759.44B/s]
   GAP-twitter:   2%|▏         | 160874496/9469180207 [00:09<08:59, 17257230.76B/s]
   GAP-twitter:   2%|▏         | 162627584/9469180207 [00:09<08:56, 17332249.10B/s]
   GAP-twitter:   2%|▏         | 164429824/9469180207 [00:09<08:52, 17462567.72B/s]
   GAP-twitter:   2%|▏         | 166182912/9469180207 [00:10<08:52, 17456755.40B/s]
   GAP-twitter:   2%|▏         | 167952384/9469180207 [00:10<08:51, 17499090.18B/s]
   GAP-twitter:   2%|▏         | 169754624/9469180207 [00:10<08:46, 17647632.13B/s]
   GAP-twitter:   2%|▏         | 171524096/9469180207 [00:10<08:49, 17551164.19B/s]
   GAP-twitter:   2%|▏         | 173293568/9469180207 [00:10<08:51, 17504243.81B/s]
   GAP-twitter:   2%|▏         | 175046656/9469180207 [00:10<08:51, 17503061.10B/s]
   GAP-twitter:   2%|▏         | 176832512/9469180207 [00:10<08:48, 17584528.38B/s]
   GAP-twitter:   2%|▏         | 178651136/9469180207 [00:10<08:44, 17727150.53B/s]
   GAP-twitter:   2%|▏         | 180436992/9469180207 [00:10<08:43, 17759039.79B/s]
   GAP-twitter:   2%|▏         | 182239232/9469180207 [00:10<08:41, 17824414.37B/s]
   GAP-twitter:   2%|▏         | 184025088/9469180207 [00:11<08:43, 17736966.78B/s]
   GAP-twitter:   2%|▏         | 185810944/9469180207 [00:11<08:47, 17595542.46B/s]
   GAP-twitter:   2%|▏         | 187580416/9469180207 [00:11<08:52, 17422102.34B/s]
   GAP-twitter:   2%|▏         | 189366272/9469180207 [00:11<08:48, 17543589.32B/s]
   GAP-twitter:   2%|▏         | 191135744/9469180207 [00:11<08:48, 17567643.14B/s]
   GAP-twitter:   2%|▏         | 192937984/9469180207 [00:11<08:44, 17672614.58B/s]
   GAP-twitter:   2%|▏         | 194707456/9469180207 [00:11<08:45, 17663351.79B/s]
   GAP-twitter:   2%|▏         | 196493312/9469180207 [00:11<08:43, 17704920.30B/s]
   GAP-twitter:   2%|▏         | 198279168/9469180207 [00:11<08:43, 17698839.87B/s]
   GAP-twitter:   2%|▏         | 200097792/9469180207 [00:11<08:40, 17801068.48B/s]
   GAP-twitter:   2%|▏         | 201883648/9469180207 [00:12<08:41, 17756599.83B/s]
   GAP-twitter:   2%|▏         | 203669504/9469180207 [00:12<08:43, 17693459.81B/s]
   GAP-twitter:   2%|▏         | 205438976/9469180207 [00:12<08:48, 17541062.78B/s]
   GAP-twitter:   2%|▏         | 207208448/9469180207 [00:12<08:51, 17430183.36B/s]
   GAP-twitter:   2%|▏         | 208977920/9469180207 [00:12<08:49, 17487151.77B/s]
   GAP-twitter:   2%|▏         | 210731008/9469180207 [00:12<08:50, 17443271.61B/s]
   GAP-twitter:   2%|▏         | 212484096/9469180207 [00:12<08:50, 17443382.35B/s]
   GAP-twitter:   2%|▏         | 214269952/9469180207 [00:12<08:47, 17555280.24B/s]
   GAP-twitter:   2%|▏         | 216039424/9469180207 [00:12<08:46, 17590171.69B/s]
   GAP-twitter:   2%|▏         | 217808896/9469180207 [00:12<08:45, 17598518.41B/s]
   GAP-twitter:   2%|▏         | 219594752/9469180207 [00:13<08:43, 17655615.98B/s]
   GAP-twitter:   2%|▏         | 221380608/9469180207 [00:13<08:43, 17670858.33B/s]
   GAP-twitter:   2%|▏         | 223150080/9469180207 [00:13<08:44, 17619419.98B/s]
   GAP-twitter:   2%|▏         | 224919552/9469180207 [00:13<08:48, 17492167.03B/s]
   GAP-twitter:   2%|▏         | 226672640/9469180207 [00:13<08:48, 17474227.93B/s]
   GAP-twitter:   2%|▏         | 228425728/9469180207 [00:13<08:52, 17365695.68B/s]
   GAP-twitter:   2%|▏         | 230178816/9469180207 [00:13<08:58, 17156707.38B/s]
   GAP-twitter:   2%|▏         | 231915520/9469180207 [00:13<08:59, 17124228.87B/s]
   GAP-twitter:   2%|▏         | 233635840/9469180207 [00:13<08:59, 17115710.95B/s]
   GAP-twitter:   2%|▏         | 235388928/9469180207 [00:13<08:56, 17206875.79B/s]
   GAP-twitter:   3%|▎         | 237174784/9469180207 [00:14<08:51, 17382483.97B/s]
   GAP-twitter:   3%|▎         | 238927872/9469180207 [00:14<08:53, 17294267.87B/s]
   GAP-twitter:   3%|▎         | 240697344/9469180207 [00:14<08:50, 17398182.93B/s]
   GAP-twitter:   3%|▎         | 242450432/9469180207 [00:14<08:54, 17272044.52B/s]
   GAP-twitter:   3%|▎         | 244187136/9469180207 [00:14<09:06, 16870638.44B/s]
   GAP-twitter:   3%|▎         | 245956608/9469180207 [00:14<09:00, 17071542.71B/s]
   GAP-twitter:   3%|▎         | 247726080/9469180207 [00:14<08:54, 17245297.04B/s]
   GAP-twitter:   3%|▎         | 249479168/9469180207 [00:14<08:52, 17321138.21B/s]
   GAP-twitter:   3%|▎         | 251215872/9469180207 [00:14<08:53, 17267835.91B/s]
   GAP-twitter:   3%|▎         | 252952576/9469180207 [00:15<08:56, 17191948.99B/s]
   GAP-twitter:   3%|▎         | 254672896/9469180207 [00:15<09:06, 16865949.69B/s]
   GAP-twitter:   3%|▎         | 256409600/9469180207 [00:15<09:02, 16977937.35B/s]
   GAP-twitter:   3%|▎         | 258162688/9469180207 [00:15<08:57, 17123007.39B/s]
   GAP-twitter:   3%|▎         | 259948544/9469180207 [00:15<08:51, 17317661.35B/s]
   GAP-twitter:   3%|▎         | 261734400/9469180207 [00:15<08:48, 17437477.87B/s]
   GAP-twitter:   3%|▎         | 263487488/9469180207 [00:15<08:49, 17402049.71B/s]
   GAP-twitter:   3%|▎         | 265256960/9469180207 [00:15<08:47, 17456481.60B/s]
   GAP-twitter:   3%|▎         | 267042816/9469180207 [00:15<08:43, 17574856.08B/s]
   GAP-twitter:   3%|▎         | 268845056/9469180207 [00:15<08:40, 17691732.32B/s]
   GAP-twitter:   3%|▎         | 270680064/9469180207 [00:16<08:35, 17842934.60B/s]
   GAP-twitter:   3%|▎         | 272482304/9469180207 [00:16<08:34, 17858791.61B/s]
   GAP-twitter:   3%|▎         | 274284544/9469180207 [00:16<08:35, 17828630.64B/s]
   GAP-twitter:   3%|▎         | 276070400/9469180207 [00:16<08:35, 17824623.68B/s]
   GAP-twitter:   3%|▎         | 277856256/9469180207 [00:16<08:39, 17707594.39B/s]
   GAP-twitter:   3%|▎         | 279642112/9469180207 [00:16<08:39, 17675040.21B/s]
   GAP-twitter:   3%|▎         | 281411584/9469180207 [00:16<08:47, 17432219.98B/s]
   GAP-twitter:   3%|▎         | 283181056/9469180207 [00:16<08:45, 17473477.08B/s]
   GAP-twitter:   3%|▎         | 284934144/9469180207 [00:16<08:46, 17450597.13B/s]
   GAP-twitter:   3%|▎         | 286703616/9469180207 [00:16<08:44, 17509816.34B/s]
   GAP-twitter:   3%|▎         | 288473088/9469180207 [00:17<08:43, 17540941.00B/s]
   GAP-twitter:   3%|▎         | 290258944/9469180207 [00:17<08:41, 17614568.02B/s]
   GAP-twitter:   3%|▎         | 292044800/9469180207 [00:17<08:39, 17655509.70B/s]
   GAP-twitter:   3%|▎         | 293814272/9469180207 [00:17<08:40, 17626902.06B/s]
   GAP-twitter:   3%|▎         | 295616512/9469180207 [00:17<08:37, 17738950.55B/s]
   GAP-twitter:   3%|▎         | 297435136/9469180207 [00:17<08:34, 17828547.64B/s]
   GAP-twitter:   3%|▎         | 299286528/9469180207 [00:17<08:29, 18010068.88B/s]
   GAP-twitter:   3%|▎         | 301105152/9469180207 [00:17<08:28, 18044447.51B/s]
   GAP-twitter:   3%|▎         | 302923776/9469180207 [00:17<08:31, 17936663.84B/s]
   GAP-twitter:   3%|▎         | 304726016/9469180207 [00:17<08:35, 17770289.14B/s]
   GAP-twitter:   3%|▎         | 306511872/9469180207 [00:18<08:47, 17370079.68B/s]
   GAP-twitter:   3%|▎         | 308264960/9469180207 [00:18<08:51, 17240197.10B/s]
   GAP-twitter:   3%|▎         | 310001664/9469180207 [00:18<09:04, 16830260.63B/s]
   GAP-twitter:   3%|▎         | 311689216/9469180207 [00:18<09:10, 16633414.18B/s]
   GAP-twitter:   3%|▎         | 313360384/9469180207 [00:18<09:15, 16476670.23B/s]
   GAP-twitter:   3%|▎         | 315015168/9469180207 [00:18<09:15, 16480752.98B/s]
   GAP-twitter:   3%|▎         | 316735488/9469180207 [00:18<09:09, 16645335.47B/s]
   GAP-twitter:   3%|▎         | 318423040/9469180207 [00:18<09:08, 16690728.85B/s]
   GAP-twitter:   3%|▎         | 320126976/9469180207 [00:18<09:05, 16781006.80B/s]
   GAP-twitter:   3%|▎         | 321814528/9469180207 [00:18<09:04, 16791102.63B/s]
   GAP-twitter:   3%|▎         | 323534848/9469180207 [00:19<09:01, 16874293.45B/s]
   GAP-twitter:   3%|▎         | 325238784/9469180207 [00:19<09:01, 16875528.05B/s]
   GAP-twitter:   3%|▎         | 326942720/9469180207 [00:19<09:02, 16856062.24B/s]
   GAP-twitter:   3%|▎         | 328630272/9469180207 [00:19<09:03, 16822078.42B/s]
   GAP-twitter:   3%|▎         | 330383360/9469180207 [00:19<08:57, 17010374.69B/s]
   GAP-twitter:   4%|▎         | 332152832/9469180207 [00:19<08:51, 17181608.95B/s]
   GAP-twitter:   4%|▎         | 333889536/9469180207 [00:19<08:51, 17195997.49B/s]
   GAP-twitter:   4%|▎         | 335609856/9469180207 [00:19<08:56, 17027875.77B/s]
   GAP-twitter:   4%|▎         | 337313792/9469180207 [00:19<08:58, 16947686.39B/s]
   GAP-twitter:   4%|▎         | 339050496/9469180207 [00:19<08:55, 17046934.39B/s]
   GAP-twitter:   4%|▎         | 340770816/9469180207 [00:20<08:59, 16916632.10B/s]
   GAP-twitter:   4%|▎         | 342474752/9469180207 [00:20<09:07, 16674486.23B/s]
   GAP-twitter:   4%|▎         | 344145920/9469180207 [00:20<09:20, 16294569.37B/s]
   GAP-twitter:   4%|▎         | 345784320/9469180207 [00:20<09:25, 16130640.68B/s]
   GAP-twitter:   4%|▎         | 347406336/9469180207 [00:20<09:38, 15766373.58B/s]
   GAP-twitter:   4%|▎         | 348995584/9469180207 [00:20<09:45, 15576473.67B/s]
   GAP-twitter:   4%|▎         | 350568448/9469180207 [00:20<09:50, 15436032.18B/s]
   GAP-twitter:   4%|▎         | 352124928/9469180207 [00:20<09:54, 15347904.00B/s]
   GAP-twitter:   4%|▎         | 353779712/9469180207 [00:20<09:41, 15678840.76B/s]
   GAP-twitter:   4%|▍         | 355500032/9469180207 [00:21<09:25, 16119225.30B/s]
   GAP-twitter:   4%|▍         | 357236736/9469180207 [00:21<09:13, 16455926.09B/s]
   GAP-twitter:   4%|▍         | 358957056/9469180207 [00:21<09:07, 16646949.19B/s]
   GAP-twitter:   4%|▍         | 360628224/9469180207 [00:21<09:15, 16399228.11B/s]
   GAP-twitter:   4%|▍         | 362283008/9469180207 [00:21<09:27, 16050172.47B/s]
   GAP-twitter:   4%|▍         | 363921408/9469180207 [00:21<09:24, 16131913.74B/s]
   GAP-twitter:   4%|▍         | 365658112/9469180207 [00:21<09:12, 16469478.75B/s]
   GAP-twitter:   4%|▍         | 367394816/9469180207 [00:21<09:04, 16704962.84B/s]
   GAP-twitter:   4%|▍         | 369098752/9469180207 [00:21<09:02, 16783762.64B/s]
   GAP-twitter:   4%|▍         | 370786304/9469180207 [00:21<09:10, 16536269.49B/s]
   GAP-twitter:   4%|▍         | 372457472/9469180207 [00:22<09:20, 16229493.26B/s]
   GAP-twitter:   4%|▍         | 374095872/9469180207 [00:22<09:31, 15905548.23B/s]
   GAP-twitter:   4%|▍         | 375701504/9469180207 [00:22<09:32, 15890214.00B/s]
   GAP-twitter:   4%|▍         | 377307136/9469180207 [00:22<09:36, 15758035.53B/s]
   GAP-twitter:   4%|▍         | 379060224/9469180207 [00:22<09:19, 16232771.61B/s]
   GAP-twitter:   4%|▍         | 380796928/9469180207 [00:22<09:10, 16497374.38B/s]
   GAP-twitter:   4%|▍         | 382500864/9469180207 [00:22<09:06, 16621479.70B/s]
   GAP-twitter:   4%|▍         | 384221184/9469180207 [00:22<09:02, 16760012.49B/s]
   GAP-twitter:   4%|▍         | 385908736/9469180207 [00:22<09:02, 16749350.26B/s]
   GAP-twitter:   4%|▍         | 387629056/9469180207 [00:22<08:58, 16873784.14B/s]
   GAP-twitter:   4%|▍         | 389332992/9469180207 [00:23<09:07, 16591713.70B/s]
   GAP-twitter:   4%|▍         | 391004160/9469180207 [00:23<09:11, 16449851.90B/s]
   GAP-twitter:   4%|▍         | 392658944/9469180207 [00:23<09:17, 16287730.10B/s]
   GAP-twitter:   4%|▍         | 394297344/9469180207 [00:23<09:22, 16142406.51B/s]
   GAP-twitter:   4%|▍         | 395935744/9469180207 [00:23<09:19, 16207659.48B/s]
   GAP-twitter:   4%|▍         | 397623296/9469180207 [00:23<09:13, 16395634.73B/s]
   GAP-twitter:   4%|▍         | 399327232/9469180207 [00:23<09:07, 16571168.53B/s]
   GAP-twitter:   4%|▍         | 400998400/9469180207 [00:23<09:12, 16402204.49B/s]
   GAP-twitter:   4%|▍         | 402653184/9469180207 [00:23<09:13, 16391111.02B/s]
   GAP-twitter:   4%|▍         | 404307968/9469180207 [00:24<09:17, 16260816.53B/s]
   GAP-twitter:   4%|▍         | 405946368/9469180207 [00:24<09:22, 16108311.39B/s]
   GAP-twitter:   4%|▍         | 407683072/9469180207 [00:24<09:10, 16471012.05B/s]
   GAP-twitter:   4%|▍         | 409419776/9469180207 [00:24<09:02, 16698232.27B/s]
   GAP-twitter:   4%|▍         | 411090944/9469180207 [00:24<09:07, 16539242.66B/s]
   GAP-twitter:   4%|▍         | 412762112/9469180207 [00:24<09:06, 16559298.68B/s]
   GAP-twitter:   4%|▍         | 414449664/9469180207 [00:24<09:05, 16613851.18B/s]
   GAP-twitter:   4%|▍         | 416153600/9469180207 [00:24<09:01, 16725717.93B/s]
   GAP-twitter:   4%|▍         | 417906688/9469180207 [00:24<08:54, 16935169.45B/s]
   GAP-twitter:   4%|▍         | 419610624/9469180207 [00:24<09:05, 16582276.46B/s]
   GAP-twitter:   4%|▍         | 421281792/9469180207 [00:25<09:07, 16527558.59B/s]
   GAP-twitter:   4%|▍         | 422952960/9469180207 [00:25<09:05, 16575665.38B/s]
   GAP-twitter:   4%|▍         | 424706048/9469180207 [00:25<08:57, 16823481.02B/s]
   GAP-twitter:   5%|▍         | 426393600/9469180207 [00:25<08:57, 16826678.57B/s]
   GAP-twitter:   5%|▍         | 428097536/9469180207 [00:25<08:55, 16883471.65B/s]
   GAP-twitter:   5%|▍         | 429834240/9469180207 [00:25<08:51, 17022656.91B/s]
   GAP-twitter:   5%|▍         | 431538176/9469180207 [00:25<08:53, 16925125.81B/s]
   GAP-twitter:   5%|▍         | 433242112/9469180207 [00:25<08:57, 16818188.55B/s]
   GAP-twitter:   5%|▍         | 434929664/9469180207 [00:25<08:57, 16809233.52B/s]
   GAP-twitter:   5%|▍         | 436649984/9469180207 [00:25<08:54, 16905276.62B/s]
   GAP-twitter:   5%|▍         | 438353920/9469180207 [00:26<08:54, 16907374.24B/s]
   GAP-twitter:   5%|▍         | 440107008/9469180207 [00:26<08:48, 17075989.21B/s]
   GAP-twitter:   5%|▍         | 441827328/9469180207 [00:26<08:47, 17097972.03B/s]
   GAP-twitter:   5%|▍         | 443564032/9469180207 [00:26<08:46, 17151000.24B/s]
   GAP-twitter:   5%|▍         | 445284352/9469180207 [00:26<08:45, 17156774.76B/s]
   GAP-twitter:   5%|▍         | 447037440/9469180207 [00:26<08:43, 17250501.09B/s]
   GAP-twitter:   5%|▍         | 448774144/9469180207 [00:26<08:44, 17212772.72B/s]
   GAP-twitter:   5%|▍         | 450527232/9469180207 [00:26<08:41, 17293240.82B/s]
   GAP-twitter:   5%|▍         | 452263936/9469180207 [00:26<08:48, 17045727.38B/s]
   GAP-twitter:   5%|▍         | 454000640/9469180207 [00:26<08:46, 17115126.65B/s]
   GAP-twitter:   5%|▍         | 455720960/9469180207 [00:27<08:47, 17089263.10B/s]
   GAP-twitter:   5%|▍         | 457490432/9469180207 [00:27<08:42, 17239705.39B/s]
   GAP-twitter:   5%|▍         | 459227136/9469180207 [00:27<08:41, 17265893.81B/s]
   GAP-twitter:   5%|▍         | 460963840/9469180207 [00:27<08:55, 16814227.83B/s]
   GAP-twitter:   5%|▍         | 462651392/9469180207 [00:27<09:08, 16427329.52B/s]
   GAP-twitter:   5%|▍         | 464306176/9469180207 [00:27<09:16, 16168329.99B/s]
   GAP-twitter:   5%|▍         | 465993728/9469180207 [00:27<09:10, 16345829.91B/s]
   GAP-twitter:   5%|▍         | 467697664/9469180207 [00:27<09:04, 16520810.41B/s]
   GAP-twitter:   5%|▍         | 469368832/9469180207 [00:27<09:04, 16531968.72B/s]
   GAP-twitter:   5%|▍         | 471072768/9469180207 [00:27<09:00, 16649801.82B/s]
   GAP-twitter:   5%|▍         | 472743936/9469180207 [00:28<09:04, 16511546.01B/s]
   GAP-twitter:   5%|▌         | 474415104/9469180207 [00:28<09:04, 16530816.88B/s]
   GAP-twitter:   5%|▌         | 476069888/9469180207 [00:28<09:04, 16514809.95B/s]
   GAP-twitter:   5%|▌         | 477724672/9469180207 [00:28<09:04, 16506820.25B/s]
   GAP-twitter:   5%|▌         | 479395840/9469180207 [00:28<09:03, 16537742.80B/s]
   GAP-twitter:   5%|▌         | 481067008/9469180207 [00:28<09:02, 16579608.07B/s]
   GAP-twitter:   5%|▌         | 482754560/9469180207 [00:28<09:00, 16635703.06B/s]
   GAP-twitter:   5%|▌         | 484425728/9469180207 [00:28<09:03, 16517485.95B/s]
   GAP-twitter:   5%|▌         | 486080512/9469180207 [00:28<09:08, 16362742.94B/s]
   GAP-twitter:   5%|▌         | 487751680/9469180207 [00:28<09:06, 16423059.24B/s]
   GAP-twitter:   5%|▌         | 489472000/9469180207 [00:29<09:00, 16619908.00B/s]
   GAP-twitter:   5%|▌         | 491159552/9469180207 [00:29<08:58, 16678788.61B/s]
   GAP-twitter:   5%|▌         | 492830720/9469180207 [00:29<08:58, 16672276.11B/s]
   GAP-twitter:   5%|▌         | 494567424/9469180207 [00:29<08:52, 16838322.68B/s]
   GAP-twitter:   5%|▌         | 496254976/9469180207 [00:29<08:52, 16843553.07B/s]
   GAP-twitter:   5%|▌         | 497942528/9469180207 [00:29<08:52, 16834822.76B/s]
   GAP-twitter:   5%|▌         | 499662848/9469180207 [00:29<08:49, 16933389.37B/s]
   GAP-twitter:   5%|▌         | 501432320/9469180207 [00:29<08:43, 17116486.62B/s]
   GAP-twitter:   5%|▌         | 503152640/9469180207 [00:29<08:47, 17000496.15B/s]
   GAP-twitter:   5%|▌         | 504856576/9469180207 [00:29<08:47, 17002896.66B/s]
   GAP-twitter:   5%|▌         | 506626048/9469180207 [00:30<08:41, 17191512.09B/s]
   GAP-twitter:   5%|▌         | 508362752/9469180207 [00:30<08:39, 17239374.64B/s]
   GAP-twitter:   5%|▌         | 510148608/9469180207 [00:30<08:35, 17385612.51B/s]
   GAP-twitter:   5%|▌         | 511918080/9469180207 [00:30<08:33, 17445923.47B/s]
   GAP-twitter:   5%|▌         | 513687552/9469180207 [00:30<08:31, 17511955.61B/s]
   GAP-twitter:   5%|▌         | 515457024/9469180207 [00:30<08:30, 17529506.01B/s]
   GAP-twitter:   5%|▌         | 517242880/9469180207 [00:30<08:28, 17616103.30B/s]
   GAP-twitter:   5%|▌         | 519012352/9469180207 [00:30<08:34, 17405202.83B/s]
   GAP-twitter:   5%|▌         | 520765440/9469180207 [00:30<08:35, 17349973.29B/s]
   GAP-twitter:   6%|▌         | 522502144/9469180207 [00:31<08:39, 17218799.99B/s]
   GAP-twitter:   6%|▌         | 524238848/9469180207 [00:31<08:41, 17138863.83B/s]
   GAP-twitter:   6%|▌         | 525959168/9469180207 [00:31<08:44, 17045027.80B/s]
   GAP-twitter:   6%|▌         | 527679488/9469180207 [00:31<08:47, 16963337.86B/s]
   GAP-twitter:   6%|▌         | 529399808/9469180207 [00:31<08:46, 16988291.66B/s]
   GAP-twitter:   6%|▌         | 531103744/9469180207 [00:31<08:51, 16806628.05B/s]
   GAP-twitter:   6%|▌         | 532791296/9469180207 [00:31<09:02, 16479748.89B/s]
   GAP-twitter:   6%|▌         | 534446080/9469180207 [00:31<09:02, 16472799.71B/s]
   GAP-twitter:   6%|▌         | 536100864/9469180207 [00:31<09:06, 16352700.38B/s]
   GAP-twitter:   6%|▌         | 537739264/9469180207 [00:31<09:13, 16122341.61B/s]
   GAP-twitter:   6%|▌         | 539394048/9469180207 [00:32<09:10, 16220261.31B/s]
   GAP-twitter:   6%|▌         | 541081600/9469180207 [00:32<09:09, 16257042.99B/s]
   GAP-twitter:   6%|▌         | 542867456/9469180207 [00:32<08:54, 16696773.90B/s]
   GAP-twitter:   6%|▌         | 544571392/9469180207 [00:32<08:52, 16754572.90B/s]
   GAP-twitter:   6%|▌         | 546275328/9469180207 [00:32<08:50, 16806048.47B/s]
   GAP-twitter:   6%|▌         | 547962880/9469180207 [00:32<08:56, 16628363.18B/s]
   GAP-twitter:   6%|▌         | 549634048/9469180207 [00:32<08:58, 16550378.69B/s]
   GAP-twitter:   6%|▌         | 551305216/9469180207 [00:32<09:01, 16462618.53B/s]
   GAP-twitter:   6%|▌         | 553009152/9469180207 [00:32<08:56, 16631484.00B/s]
   GAP-twitter:   6%|▌         | 554729472/9469180207 [00:32<08:51, 16772806.37B/s]
   GAP-twitter:   6%|▌         | 556417024/9469180207 [00:33<08:56, 16604450.08B/s]
   GAP-twitter:   6%|▌         | 558088192/9469180207 [00:33<08:59, 16502057.02B/s]
   GAP-twitter:   6%|▌         | 559742976/9469180207 [00:33<09:01, 16454292.20B/s]
   GAP-twitter:   6%|▌         | 561479680/9469180207 [00:33<08:54, 16672316.04B/s]
   GAP-twitter:   6%|▌         | 563232768/9469180207 [00:33<08:47, 16884641.51B/s]
   GAP-twitter:   6%|▌         | 564936704/9469180207 [00:33<08:48, 16857808.05B/s]
   GAP-twitter:   6%|▌         | 566673408/9469180207 [00:33<08:43, 17001252.75B/s]
   GAP-twitter:   6%|▌         | 568377344/9469180207 [00:33<08:54, 16650185.79B/s]
   GAP-twitter:   6%|▌         | 570048512/9469180207 [00:33<09:01, 16423252.34B/s]
   GAP-twitter:   6%|▌         | 571703296/9469180207 [00:33<09:02, 16391631.46B/s]
   GAP-twitter:   6%|▌         | 573423616/9469180207 [00:34<08:56, 16585121.20B/s]
   GAP-twitter:   6%|▌         | 575127552/9469180207 [00:34<08:52, 16702014.21B/s]
   GAP-twitter:   6%|▌         | 576847872/9469180207 [00:34<08:48, 16839610.32B/s]
   GAP-twitter:   6%|▌         | 578551808/9469180207 [00:34<08:47, 16858362.56B/s]
   GAP-twitter:   6%|▌         | 580288512/9469180207 [00:34<08:43, 16992652.74B/s]
   GAP-twitter:   6%|▌         | 582025216/9469180207 [00:34<08:40, 17060180.86B/s]
   GAP-twitter:   6%|▌         | 583761920/9469180207 [00:34<08:39, 17104559.91B/s]
   GAP-twitter:   6%|▌         | 585482240/9469180207 [00:34<08:41, 17031545.53B/s]
   GAP-twitter:   6%|▌         | 587186176/9469180207 [00:34<08:42, 17012677.94B/s]
   GAP-twitter:   6%|▌         | 588890112/9469180207 [00:34<08:46, 16869586.35B/s]
   GAP-twitter:   6%|▌         | 590594048/9469180207 [00:35<08:45, 16896284.55B/s]
   GAP-twitter:   6%|▋         | 592347136/9469180207 [00:35<08:40, 17045378.30B/s]
   GAP-twitter:   6%|▋         | 594067456/9469180207 [00:35<08:42, 16972161.71B/s]
   GAP-twitter:   6%|▋         | 595771392/9469180207 [00:35<08:43, 16938450.47B/s]
   GAP-twitter:   6%|▋         | 597475328/9469180207 [00:35<08:46, 16839887.67B/s]
   GAP-twitter:   6%|▋         | 599162880/9469180207 [00:35<08:47, 16805276.23B/s]
   GAP-twitter:   6%|▋         | 600899584/9469180207 [00:35<08:44, 16922819.47B/s]
   GAP-twitter:   6%|▋         | 602603520/9469180207 [00:35<08:47, 16807590.43B/s]
   GAP-twitter:   6%|▋         | 604307456/9469180207 [00:35<08:45, 16867347.86B/s]
   GAP-twitter:   6%|▋         | 606044160/9469180207 [00:35<08:41, 16998622.43B/s]
   GAP-twitter:   6%|▋         | 607764480/9469180207 [00:36<08:40, 17025609.75B/s]
   GAP-twitter:   6%|▋         | 609501184/9469180207 [00:36<08:37, 17106971.83B/s]
   GAP-twitter:   6%|▋         | 611221504/9469180207 [00:36<08:40, 17020342.84B/s]
   GAP-twitter:   6%|▋         | 612941824/9469180207 [00:36<08:38, 17073384.35B/s]
   GAP-twitter:   6%|▋         | 614694912/9469180207 [00:36<08:34, 17204151.85B/s]
   GAP-twitter:   7%|▋         | 616431616/9469180207 [00:36<08:34, 17217460.13B/s]
   GAP-twitter:   7%|▋         | 618168320/9469180207 [00:36<08:33, 17250614.21B/s]
   GAP-twitter:   7%|▋         | 619905024/9469180207 [00:36<08:40, 16993189.83B/s]
   GAP-twitter:   7%|▋         | 621625344/9469180207 [00:36<08:39, 17026853.74B/s]
   GAP-twitter:   7%|▋         | 623378432/9469180207 [00:37<08:35, 17167894.61B/s]
   GAP-twitter:   7%|▋         | 625164288/9469180207 [00:37<08:30, 17340111.25B/s]
   GAP-twitter:   7%|▋         | 626917376/9469180207 [00:37<08:28, 17388651.78B/s]
   GAP-twitter:   7%|▋         | 628670464/9469180207 [00:37<08:29, 17346488.35B/s]
   GAP-twitter:   7%|▋         | 630407168/9469180207 [00:37<08:30, 17301012.55B/s]
   GAP-twitter:   7%|▋         | 632143872/9469180207 [00:37<08:32, 17247729.76B/s]
   GAP-twitter:   7%|▋         | 633880576/9469180207 [00:37<08:33, 17217745.83B/s]
   GAP-twitter:   7%|▋         | 635633664/9469180207 [00:37<08:31, 17257592.80B/s]
   GAP-twitter:   7%|▋         | 637370368/9469180207 [00:37<08:30, 17284064.39B/s]
   GAP-twitter:   7%|▋         | 639139840/9469180207 [00:37<08:28, 17370162.84B/s]
   GAP-twitter:   7%|▋         | 640892928/9469180207 [00:38<08:27, 17383161.52B/s]
   GAP-twitter:   7%|▋         | 642662400/9469180207 [00:38<08:26, 17418241.91B/s]
   GAP-twitter:   7%|▋         | 644431872/9469180207 [00:38<08:25, 17455271.22B/s]
   GAP-twitter:   7%|▋         | 646184960/9469180207 [00:38<08:32, 17211196.10B/s]
   GAP-twitter:   7%|▋         | 647921664/9469180207 [00:38<08:31, 17254836.75B/s]
   GAP-twitter:   7%|▋         | 649658368/9469180207 [00:38<08:32, 17215826.20B/s]
   GAP-twitter:   7%|▋         | 651395072/9469180207 [00:38<08:36, 17082648.12B/s]
   GAP-twitter:   7%|▋         | 653131776/9469180207 [00:38<08:34, 17129364.24B/s]
   GAP-twitter:   7%|▋         | 654852096/9469180207 [00:38<08:37, 17037556.86B/s]
   GAP-twitter:   7%|▋         | 656572416/9469180207 [00:38<08:35, 17081249.26B/s]
   GAP-twitter:   7%|▋         | 658325504/9469180207 [00:39<08:32, 17194790.91B/s]
   GAP-twitter:   7%|▋         | 660045824/9469180207 [00:39<08:42, 16844172.64B/s]
   GAP-twitter:   7%|▋         | 661733376/9469180207 [00:39<08:48, 16660281.78B/s]
   GAP-twitter:   7%|▋         | 663404544/9469180207 [00:39<08:53, 16511032.00B/s]
   GAP-twitter:   7%|▋         | 665059328/9469180207 [00:39<08:57, 16385586.80B/s]
   GAP-twitter:   7%|▋         | 666714112/9469180207 [00:39<08:59, 16303778.38B/s]
   GAP-twitter:   7%|▋         | 668368896/9469180207 [00:39<08:58, 16353958.90B/s]
   GAP-twitter:   7%|▋         | 670007296/9469180207 [00:39<09:01, 16261120.10B/s]
   GAP-twitter:   7%|▋         | 671645696/9469180207 [00:39<09:02, 16229658.14B/s]
   GAP-twitter:   7%|▋         | 673284096/9469180207 [00:39<09:01, 16255759.61B/s]
   GAP-twitter:   7%|▋         | 674922496/9469180207 [00:40<09:04, 16155206.24B/s]
   GAP-twitter:   7%|▋         | 676577280/9469180207 [00:40<09:01, 16232741.88B/s]
   GAP-twitter:   7%|▋         | 678215680/9469180207 [00:40<09:04, 16135751.99B/s]
   GAP-twitter:   7%|▋         | 679854080/9469180207 [00:40<09:02, 16187543.56B/s]
   GAP-twitter:   7%|▋         | 681476096/9469180207 [00:40<09:03, 16179528.04B/s]
   GAP-twitter:   7%|▋         | 683098112/9469180207 [00:40<09:02, 16187683.33B/s]
   GAP-twitter:   7%|▋         | 684769280/9469180207 [00:40<08:58, 16322425.95B/s]
   GAP-twitter:   7%|▋         | 686407680/9469180207 [00:40<09:02, 16179422.55B/s]
   GAP-twitter:   7%|▋         | 688029696/9469180207 [00:40<09:02, 16180526.44B/s]
   GAP-twitter:   7%|▋         | 689651712/9469180207 [00:40<09:02, 16168679.74B/s]
   GAP-twitter:   7%|▋         | 691273728/9469180207 [00:41<09:05, 16090089.80B/s]
   GAP-twitter:   7%|▋         | 692912128/9469180207 [00:41<09:02, 16175143.84B/s]
   GAP-twitter:   7%|▋         | 694534144/9469180207 [00:41<09:05, 16095891.65B/s]
   GAP-twitter:   7%|▋         | 696156160/9469180207 [00:41<09:05, 16078785.22B/s]
   GAP-twitter:   7%|▋         | 697778176/9469180207 [00:41<09:06, 16039974.55B/s]
   GAP-twitter:   7%|▋         | 699383808/9469180207 [00:41<09:09, 15961936.84B/s]
   GAP-twitter:   7%|▋         | 701038592/9469180207 [00:41<09:03, 16118955.05B/s]
   GAP-twitter:   7%|▋         | 702660608/9469180207 [00:41<09:03, 16119649.82B/s]
   GAP-twitter:   7%|▋         | 704282624/9469180207 [00:41<09:04, 16092646.73B/s]
   GAP-twitter:   7%|▋         | 705953792/9469180207 [00:41<08:59, 16240936.96B/s]
   GAP-twitter:   7%|▋         | 707592192/9469180207 [00:42<09:01, 16171385.88B/s]
   GAP-twitter:   7%|▋         | 709214208/9469180207 [00:42<09:01, 16181092.35B/s]
   GAP-twitter:   8%|▊         | 710836224/9469180207 [00:42<09:01, 16185918.82B/s]
   GAP-twitter:   8%|▊         | 712458240/9469180207 [00:42<09:03, 16109397.94B/s]
   GAP-twitter:   8%|▊         | 714080256/9469180207 [00:42<09:03, 16121943.76B/s]
   GAP-twitter:   8%|▊         | 715702272/9469180207 [00:42<09:04, 16081744.05B/s]
   GAP-twitter:   8%|▊         | 717357056/9469180207 [00:42<09:01, 16173159.41B/s]
   GAP-twitter:   8%|▊         | 718995456/9469180207 [00:42<08:59, 16225722.38B/s]
   GAP-twitter:   8%|▊         | 720633856/9469180207 [00:42<09:03, 16103388.08B/s]
   GAP-twitter:   8%|▊         | 722272256/9469180207 [00:42<09:00, 16174480.03B/s]
   GAP-twitter:   8%|▊         | 723910656/9469180207 [00:43<08:59, 16219974.26B/s]
   GAP-twitter:   8%|▊         | 725549056/9469180207 [00:43<08:58, 16233716.30B/s]
   GAP-twitter:   8%|▊         | 727203840/9469180207 [00:43<08:55, 16311021.02B/s]
   GAP-twitter:   8%|▊         | 728842240/9469180207 [00:43<09:00, 16183233.39B/s]
   GAP-twitter:   8%|▊         | 730480640/9469180207 [00:43<08:58, 16216377.65B/s]
   GAP-twitter:   8%|▊         | 732102656/9469180207 [00:43<08:59, 16203448.43B/s]
   GAP-twitter:   8%|▊         | 733724672/9469180207 [00:43<09:02, 16100510.45B/s]
   GAP-twitter:   8%|▊         | 735346688/9469180207 [00:43<09:04, 16030588.14B/s]
   GAP-twitter:   8%|▊         | 736952320/9469180207 [00:43<09:05, 15995059.26B/s]
   GAP-twitter:   8%|▊         | 738557952/9469180207 [00:44<09:05, 16011349.48B/s]
   GAP-twitter:   8%|▊         | 740179968/9469180207 [00:44<09:03, 16050744.13B/s]
   GAP-twitter:   8%|▊         | 741801984/9469180207 [00:44<09:03, 16071337.09B/s]
   GAP-twitter:   8%|▊         | 743424000/9469180207 [00:44<09:04, 16026983.93B/s]
   GAP-twitter:   8%|▊         | 745046016/9469180207 [00:44<09:03, 16049231.18B/s]
   GAP-twitter:   8%|▊         | 746668032/9469180207 [00:44<09:02, 16066232.87B/s]
   GAP-twitter:   8%|▊         | 748290048/9469180207 [00:44<09:03, 16058287.41B/s]
   GAP-twitter:   8%|▊         | 749912064/9469180207 [00:44<09:03, 16057234.12B/s]
   GAP-twitter:   8%|▊         | 751534080/9469180207 [00:44<09:02, 16074357.58B/s]
   GAP-twitter:   8%|▊         | 753156096/9469180207 [00:44<09:02, 16071131.53B/s]
   GAP-twitter:   8%|▊         | 754794496/9469180207 [00:45<08:59, 16154858.83B/s]
   GAP-twitter:   8%|▊         | 756416512/9469180207 [00:45<09:01, 16099769.38B/s]
   GAP-twitter:   8%|▊         | 758038528/9469180207 [00:45<09:00, 16118095.38B/s]
   GAP-twitter:   8%|▊         | 759660544/9469180207 [00:45<08:59, 16132268.77B/s]
   GAP-twitter:   8%|▊         | 761282560/9469180207 [00:45<09:00, 16110514.81B/s]
   GAP-twitter:   8%|▊         | 762920960/9469180207 [00:45<08:58, 16155616.20B/s]
   GAP-twitter:   8%|▊         | 764542976/9469180207 [00:45<09:05, 15950347.66B/s]
   GAP-twitter:   8%|▊         | 766181376/9469180207 [00:45<09:01, 16073349.12B/s]
   GAP-twitter:   8%|▊         | 767803392/9469180207 [00:45<09:01, 16080510.27B/s]
   GAP-twitter:   8%|▊         | 769425408/9469180207 [00:45<09:01, 16066142.60B/s]
   GAP-twitter:   8%|▊         | 771047424/9469180207 [00:46<09:00, 16097753.29B/s]
   GAP-twitter:   8%|▊         | 772669440/9469180207 [00:46<08:59, 16105789.76B/s]
   GAP-twitter:   8%|▊         | 774291456/9469180207 [00:46<08:59, 16127349.89B/s]
   GAP-twitter:   8%|▊         | 775929856/9469180207 [00:46<08:57, 16161170.30B/s]
   GAP-twitter:   8%|▊         | 777551872/9469180207 [00:46<08:57, 16174868.77B/s]
   GAP-twitter:   8%|▊         | 779173888/9469180207 [00:46<08:59, 16097923.82B/s]
   GAP-twitter:   8%|▊         | 780795904/9469180207 [00:46<08:59, 16107176.83B/s]
   GAP-twitter:   8%|▊         | 782417920/9469180207 [00:46<08:58, 16140514.35B/s]
   GAP-twitter:   8%|▊         | 784039936/9469180207 [00:46<08:58, 16123232.03B/s]
   GAP-twitter:   8%|▊         | 785661952/9469180207 [00:46<08:59, 16105066.63B/s]
   GAP-twitter:   8%|▊         | 787283968/9469180207 [00:47<09:00, 16066851.16B/s]
   GAP-twitter:   8%|▊         | 788905984/9469180207 [00:47<08:59, 16097599.46B/s]
   GAP-twitter:   8%|▊         | 790528000/9469180207 [00:47<09:01, 16041035.69B/s]
   GAP-twitter:   8%|▊         | 792166400/9469180207 [00:47<08:59, 16097439.29B/s]
   GAP-twitter:   8%|▊         | 793788416/9469180207 [00:47<08:57, 16131991.70B/s]
   GAP-twitter:   8%|▊         | 795410432/9469180207 [00:47<08:58, 16117496.01B/s]
   GAP-twitter:   8%|▊         | 797032448/9469180207 [00:47<09:05, 15887305.69B/s]
   GAP-twitter:   8%|▊         | 798638080/9469180207 [00:47<09:04, 15934000.19B/s]
   GAP-twitter:   8%|▊         | 800243712/9469180207 [00:47<09:02, 15967501.57B/s]
   GAP-twitter:   8%|▊         | 801849344/9469180207 [00:47<09:02, 15983157.87B/s]
   GAP-twitter:   8%|▊         | 803471360/9469180207 [00:48<09:01, 16007337.77B/s]
   GAP-twitter:   9%|▊         | 805076992/9469180207 [00:48<09:05, 15891371.20B/s]
   GAP-twitter:   9%|▊         | 806699008/9469180207 [00:48<09:02, 15958852.13B/s]
   GAP-twitter:   9%|▊         | 808337408/9469180207 [00:48<08:59, 16045275.94B/s]
   GAP-twitter:   9%|▊         | 809959424/9469180207 [00:48<08:59, 16057749.95B/s]
   GAP-twitter:   9%|▊         | 811581440/9469180207 [00:48<08:58, 16085775.88B/s]
   GAP-twitter:   9%|▊         | 813203456/9469180207 [00:48<08:59, 16057601.79B/s]
   GAP-twitter:   9%|▊         | 814825472/9469180207 [00:48<08:57, 16096004.66B/s]
   GAP-twitter:   9%|▊         | 816447488/9469180207 [00:48<08:57, 16097188.85B/s]
   GAP-twitter:   9%|▊         | 818085888/9469180207 [00:48<08:56, 16136398.67B/s]
   GAP-twitter:   9%|▊         | 819707904/9469180207 [00:49<08:56, 16123457.18B/s]
   GAP-twitter:   9%|▊         | 821346304/9469180207 [00:49<08:53, 16195825.93B/s]
   GAP-twitter:   9%|▊         | 822968320/9469180207 [00:49<08:55, 16134940.28B/s]
   GAP-twitter:   9%|▊         | 824590336/9469180207 [00:49<08:54, 16158763.21B/s]
   GAP-twitter:   9%|▊         | 826228736/9469180207 [00:49<08:53, 16206143.77B/s]
   GAP-twitter:   9%|▊         | 827850752/9469180207 [00:49<08:53, 16194736.06B/s]
   GAP-twitter:   9%|▉         | 829472768/9469180207 [00:49<08:53, 16199166.75B/s]
   GAP-twitter:   9%|▉         | 831094784/9469180207 [00:49<08:54, 16153026.70B/s]
   GAP-twitter:   9%|▉         | 832716800/9469180207 [00:49<08:55, 16137498.24B/s]
   GAP-twitter:   9%|▉         | 834338816/9469180207 [00:49<08:58, 16033713.53B/s]
   GAP-twitter:   9%|▉         | 835960832/9469180207 [00:50<08:58, 16023361.01B/s]
   GAP-twitter:   9%|▉         | 837566464/9469180207 [00:50<09:00, 15965665.24B/s]
   GAP-twitter:   9%|▉         | 839172096/9469180207 [00:50<09:17, 15483728.17B/s]
   GAP-twitter:   9%|▉         | 840777728/9469180207 [00:50<09:12, 15628581.57B/s]
   GAP-twitter:   9%|▉         | 842416128/9469180207 [00:50<09:05, 15828403.34B/s]
   GAP-twitter:   9%|▉         | 844021760/9469180207 [00:50<09:02, 15885782.84B/s]
   GAP-twitter:   9%|▉         | 845643776/9469180207 [00:50<09:00, 15954195.70B/s]
   GAP-twitter:   9%|▉         | 847249408/9469180207 [00:50<09:00, 15948785.11B/s]
   GAP-twitter:   9%|▉         | 848855040/9469180207 [00:50<09:01, 15916001.87B/s]
   GAP-twitter:   9%|▉         | 850493440/9469180207 [00:50<08:57, 16030993.09B/s]
   GAP-twitter:   9%|▉         | 852099072/9469180207 [00:51<08:59, 15986329.13B/s]
   GAP-twitter:   9%|▉         | 853737472/9469180207 [00:51<08:56, 16053177.91B/s]
   GAP-twitter:   9%|▉         | 855359488/9469180207 [00:51<08:55, 16100349.18B/s]
   GAP-twitter:   9%|▉         | 856981504/9469180207 [00:51<08:53, 16135189.75B/s]
   GAP-twitter:   9%|▉         | 858619904/9469180207 [00:51<08:52, 16173393.93B/s]
   GAP-twitter:   9%|▉         | 860241920/9469180207 [00:51<08:52, 16151889.79B/s]
   GAP-twitter:   9%|▉         | 861863936/9469180207 [00:51<08:56, 16038322.91B/s]
   GAP-twitter:   9%|▉         | 863502336/9469180207 [00:51<08:54, 16103093.01B/s]
   GAP-twitter:   9%|▉         | 865124352/9469180207 [00:51<08:55, 16060307.73B/s]
   GAP-twitter:   9%|▉         | 866762752/9469180207 [00:51<08:53, 16134434.80B/s]
   GAP-twitter:   9%|▉         | 868384768/9469180207 [00:52<08:54, 16094792.48B/s]
   GAP-twitter:   9%|▉         | 870006784/9469180207 [00:52<08:56, 16025486.74B/s]
   GAP-twitter:   9%|▉         | 871628800/9469180207 [00:52<08:54, 16077074.44B/s]
   GAP-twitter:   9%|▉         | 873250816/9469180207 [00:52<08:55, 16065542.96B/s]
   GAP-twitter:   9%|▉         | 874889216/9469180207 [00:52<08:52, 16127108.15B/s]
   GAP-twitter:   9%|▉         | 876511232/9469180207 [00:52<08:52, 16129367.12B/s]
   GAP-twitter:   9%|▉         | 878149632/9469180207 [00:52<08:51, 16174297.81B/s]
   GAP-twitter:   9%|▉         | 880459776/9469180207 [00:52<07:51, 18231035.75B/s]
   GAP-twitter:   9%|▉         | 884490240/9469180207 [00:52<05:46, 24797691.67B/s]
   GAP-twitter:   9%|▉         | 888635392/9469180207 [00:52<04:48, 29775059.37B/s]
   GAP-twitter:   9%|▉         | 892780544/9469180207 [00:53<04:18, 33240652.23B/s]
   GAP-twitter:   9%|▉         | 896827392/9469180207 [00:53<04:02, 35377258.33B/s]
   GAP-twitter:  10%|▉         | 900694016/9469180207 [00:53<03:55, 36342062.45B/s]
   GAP-twitter:  10%|▉         | 904331264/9469180207 [00:53<04:02, 35300561.98B/s]
   GAP-twitter:  10%|▉         | 907870208/9469180207 [00:53<04:26, 32088484.12B/s]
   GAP-twitter:  10%|▉         | 911228928/9469180207 [00:53<04:23, 32477718.42B/s]
   GAP-twitter:  10%|▉         | 914620416/9469180207 [00:53<04:20, 32839822.37B/s]
   GAP-twitter:  10%|▉         | 918732800/9469180207 [00:53<04:04, 34937699.86B/s]
   GAP-twitter:  10%|▉         | 922910720/9469180207 [00:53<03:51, 36911483.85B/s]
   GAP-twitter:  10%|▉         | 927105024/9469180207 [00:54<03:42, 38346610.75B/s]
   GAP-twitter:  10%|▉         | 930971648/9469180207 [00:54<03:51, 36809343.45B/s]
   GAP-twitter:  10%|▉         | 934690816/9469180207 [00:54<03:59, 35704540.05B/s]
   GAP-twitter:  10%|▉         | 938295296/9469180207 [00:54<04:04, 34850691.82B/s]
   GAP-twitter:  10%|▉         | 942342144/9469180207 [00:54<03:54, 36433607.67B/s]
   GAP-twitter:  10%|▉         | 946421760/9469180207 [00:54<03:46, 37662292.11B/s]
   GAP-twitter:  10%|█         | 950501376/9469180207 [00:54<03:40, 38558208.81B/s]
   GAP-twitter:  10%|█         | 954662912/9469180207 [00:54<03:36, 39346264.16B/s]
   GAP-twitter:  10%|█         | 958775296/9469180207 [00:54<03:33, 39852498.74B/s]
   GAP-twitter:  10%|█         | 962854912/9469180207 [00:54<03:31, 40128308.11B/s]
   GAP-twitter:  10%|█         | 966885376/9469180207 [00:55<03:44, 37844880.86B/s]
   GAP-twitter:  10%|█         | 970702848/9469180207 [00:55<03:52, 36504093.57B/s]
   GAP-twitter:  10%|█         | 974389248/9469180207 [00:55<04:00, 35390339.31B/s]
   GAP-twitter:  10%|█         | 977960960/9469180207 [00:55<04:04, 34688247.03B/s]
   GAP-twitter:  10%|█         | 982073344/9469180207 [00:55<03:52, 36458117.56B/s]
   GAP-twitter:  10%|█         | 986185728/9469180207 [00:55<03:44, 37775316.14B/s]
   GAP-twitter:  10%|█         | 989986816/9469180207 [00:55<03:48, 37041098.66B/s]
   GAP-twitter:  10%|█         | 993722368/9469180207 [00:55<03:57, 35646640.08B/s]
   GAP-twitter:  11%|█         | 997310464/9469180207 [00:55<04:02, 34987172.91B/s]
   GAP-twitter:  11%|█         | 1001488384/9469180207 [00:56<03:49, 36883831.47B/s]
   GAP-twitter:  11%|█         | 1005453312/9469180207 [00:56<03:44, 37678090.72B/s]
   GAP-twitter:  11%|█         | 1009549312/9469180207 [00:56<03:39, 38617868.10B/s]
   GAP-twitter:  11%|█         | 1013612544/9469180207 [00:56<03:35, 39186089.23B/s]
   GAP-twitter:  11%|█         | 1017593856/9469180207 [00:56<03:34, 39344253.68B/s]
   GAP-twitter:  11%|█         | 1021640704/9469180207 [00:56<03:33, 39650939.49B/s]
   GAP-twitter:  11%|█         | 1025622016/9469180207 [00:56<03:33, 39465330.65B/s]
   GAP-twitter:  11%|█         | 1029718016/9469180207 [00:56<03:31, 39866660.98B/s]
   GAP-twitter:  11%|█         | 1033715712/9469180207 [00:56<03:40, 38170131.88B/s]
   GAP-twitter:  11%|█         | 1037549568/9469180207 [00:56<03:45, 37402228.59B/s]
   GAP-twitter:  11%|█         | 1041317888/9469180207 [00:57<03:51, 36383585.30B/s]
   GAP-twitter:  11%|█         | 1044971520/9469180207 [00:57<03:58, 35334590.04B/s]
   GAP-twitter:  11%|█         | 1048526848/9469180207 [00:57<04:03, 34586373.92B/s]
   GAP-twitter:  11%|█         | 1052000256/9469180207 [00:57<04:18, 32616144.09B/s]
   GAP-twitter:  11%|█         | 1055293440/9469180207 [00:57<04:19, 32433272.35B/s]
   GAP-twitter:  11%|█         | 1058553856/9469180207 [00:57<04:20, 32331024.53B/s]
   GAP-twitter:  11%|█         | 1061797888/9469180207 [00:57<04:20, 32270898.43B/s]
   GAP-twitter:  11%|█         | 1065058304/9469180207 [00:57<04:22, 32014602.19B/s]
   GAP-twitter:  11%|█▏        | 1069137920/9469180207 [00:57<04:18, 32509334.45B/s]
   GAP-twitter:  11%|█▏        | 1073283072/9469180207 [00:58<04:13, 33161057.23B/s]
   GAP-twitter:  11%|█▏        | 1077395456/9469180207 [00:58<04:12, 33297726.15B/s]
   
   asv: benchmark timed out (timeout 60s)
   
   For parameters: bfs_gap_inputs.GAP/GAP-web_2461715
   INFO root: Dataset suitesparse_matrix.GAP/GAP-web manifest metadata is stale.
   
   GAP-web:   0%|          | 0/8300343137 [00:00<?, ?B/s]
   GAP-web:   0%|          | 344064/8300343137 [00:00<40:17, 3433194.58B/s]
   GAP-web:   0%|          | 1687552/8300343137 [00:00<14:56, 9256070.12B/s]
   GAP-web:   0%|          | 3375104/8300343137 [00:00<10:52, 12708522.65B/s]
   GAP-web:   0%|          | 5079040/8300343137 [00:00<09:36, 14396822.02B/s]
   GAP-web:   0%|          | 6832128/8300343137 [00:00<08:54, 15507982.42B/s]
   GAP-web:   0%|          | 8552448/8300343137 [00:00<08:35, 16073363.03B/s]
   GAP-web:   0%|          | 10371072/8300343137 [00:00<08:16, 16700666.66B/s]
   GAP-web:   0%|          | 12107776/8300343137 [00:00<08:10, 16881558.25B/s]
   GAP-web:   0%|          | 13893632/8300343137 [00:00<08:02, 17164714.47B/s]
   GAP-web:   0%|          | 15728640/8300343137 [00:01<07:52, 17516529.61B/s]
   GAP-web:   0%|          | 17530880/8300343137 [00:01<07:48, 17669031.97B/s]
   GAP-web:   0%|          | 19300352/8300343137 [00:01<07:52, 17539435.73B/s]
   GAP-web:   0%|          | 21069824/8300343137 [00:01<08:03, 17128474.32B/s]
   GAP-web:   0%|          | 22839296/8300343137 [00:01<07:59, 17257488.68B/s]
   GAP-web:   0%|          | 24576000/8300343137 [00:01<08:11, 16846007.34B/s]
   GAP-web:   0%|          | 26263552/8300343137 [00:01<08:19, 16575886.58B/s]
   GAP-web:   0%|          | 27934720/8300343137 [00:01<08:22, 16463695.80B/s]
   GAP-web:   0%|          | 29589504/8300343137 [00:01<08:30, 16197252.90B/s]
   GAP-web:   0%|          | 31211520/8300343137 [00:01<08:33, 16093879.80B/s]
   GAP-web:   0%|          | 32931840/8300343137 [00:02<08:24, 16390323.66B/s]
   GAP-web:   0%|          | 34586624/8300343137 [00:02<08:40, 15879580.01B/s]
   GAP-web:   0%|          | 36192256/8300343137 [00:02<08:56, 15413326.34B/s]
   GAP-web:   0%|          | 37830656/8300343137 [00:02<08:47, 15669867.50B/s]
   GAP-web:   0%|          | 39452672/8300343137 [00:02<08:42, 15817521.82B/s]
   GAP-web:   0%|          | 41172992/8300343137 [00:02<08:29, 16214709.98B/s]
   GAP-web:   1%|          | 42811392/8300343137 [00:02<08:37, 15957184.11B/s]
   GAP-web:   1%|          | 44417024/8300343137 [00:02<08:50, 15567477.14B/s]
   GAP-web:   1%|          | 45989888/8300343137 [00:02<08:58, 15337722.07B/s]
   GAP-web:   1%|          | 47546368/8300343137 [00:02<08:57, 15360510.26B/s]
   GAP-web:   1%|          | 49086464/8300343137 [00:03<09:02, 15218702.42B/s]
   GAP-web:   1%|          | 50610176/8300343137 [00:03<09:07, 15056008.45B/s]
   GAP-web:   1%|          | 52150272/8300343137 [00:03<09:05, 15126318.88B/s]
   GAP-web:   1%|          | 53673984/8300343137 [00:03<09:14, 14884680.98B/s]
   GAP-web:   1%|          | 55164928/8300343137 [00:03<09:15, 14844454.15B/s]
   GAP-web:   1%|          | 56688640/8300343137 [00:03<09:11, 14935639.33B/s]
   GAP-web:   1%|          | 58195968/8300343137 [00:03<09:12, 14927768.29B/s]
   GAP-web:   1%|          | 59801600/8300343137 [00:03<09:00, 15253964.99B/s]
   GAP-web:   1%|          | 61423616/8300343137 [00:03<08:51, 15510233.62B/s]
   GAP-web:   1%|          | 62980096/8300343137 [00:04<08:55, 15372177.71B/s]
   GAP-web:   1%|          | 64684032/8300343137 [00:04<08:39, 15859695.62B/s]
   GAP-web:   1%|          | 66273280/8300343137 [00:04<08:40, 15827788.15B/s]
   GAP-web:   1%|          | 67911680/8300343137 [00:04<08:34, 15987492.76B/s]
   GAP-web:   1%|          | 69582848/8300343137 [00:04<08:29, 16168348.02B/s]
   GAP-web:   1%|          | 71303168/8300343137 [00:04<08:20, 16453083.35B/s]
   GAP-web:   1%|          | 72990720/8300343137 [00:04<08:17, 16550214.73B/s]
   GAP-web:   1%|          | 74776576/8300343137 [00:04<08:06, 16922982.26B/s]
   GAP-web:   1%|          | 76480512/8300343137 [00:04<08:07, 16873608.36B/s]
   GAP-web:   1%|          | 78184448/8300343137 [00:04<08:08, 16814928.94B/s]
   GAP-web:   1%|          | 79872000/8300343137 [00:05<08:13, 16670401.64B/s]
   GAP-web:   1%|          | 81543168/8300343137 [00:05<08:29, 16143759.00B/s]
   GAP-web:   1%|          | 83165184/8300343137 [00:05<08:33, 15994588.57B/s]
   GAP-web:   1%|          | 84770816/8300343137 [00:05<08:35, 15922403.29B/s]
   GAP-web:   1%|          | 86376448/8300343137 [00:05<08:42, 15730146.19B/s]
   GAP-web:   1%|          | 87965696/8300343137 [00:05<08:53, 15397110.96B/s]
   GAP-web:   1%|          | 89522176/8300343137 [00:05<09:21, 14626940.86B/s]
   GAP-web:   1%|          | 90996736/8300343137 [00:05<09:39, 14173859.94B/s]
   GAP-web:   1%|          | 92553216/8300343137 [00:05<09:23, 14560391.82B/s]
   GAP-web:   1%|          | 94027776/8300343137 [00:05<09:29, 14397216.72B/s]
   GAP-web:   1%|          | 95485952/8300343137 [00:06<09:36, 14236400.62B/s]
   GAP-web:   1%|          | 97173504/8300343137 [00:06<09:07, 14978278.48B/s]
   GAP-web:   1%|          | 98910208/8300343137 [00:06<08:43, 15654662.89B/s]
   GAP-web:   1%|          | 100646912/8300343137 [00:06<08:28, 16114612.38B/s]
   GAP-web:   1%|          | 102268928/8300343137 [00:06<08:34, 15947595.05B/s]
   GAP-web:   1%|▏         | 104005632/8300343137 [00:06<08:22, 16321006.44B/s]
   GAP-web:   1%|▏         | 105644032/8300343137 [00:06<08:25, 16225125.75B/s]
   GAP-web:   1%|▏         | 107282432/8300343137 [00:06<08:35, 15894557.33B/s]
   GAP-web:   1%|▏         | 109019136/8300343137 [00:06<08:21, 16318705.00B/s]
   GAP-web:   1%|▏         | 110772224/8300343137 [00:07<08:11, 16654984.60B/s]
   GAP-web:   1%|▏         | 112525312/8300343137 [00:07<08:05, 16879090.09B/s]
   GAP-web:   1%|▏         | 114278400/8300343137 [00:07<08:00, 17038555.59B/s]
   GAP-web:   1%|▏         | 116064256/8300343137 [00:07<07:53, 17266809.58B/s]
   GAP-web:   1%|▏         | 117800960/8300343137 [00:07<07:55, 17204541.42B/s]
   GAP-web:   1%|▏         | 119537664/8300343137 [00:07<07:54, 17229508.05B/s]
   GAP-web:   1%|▏         | 121307136/8300343137 [00:07<07:52, 17299963.13B/s]
   GAP-web:   1%|▏         | 123043840/8300343137 [00:07<07:56, 17157129.55B/s]
   GAP-web:   2%|▏         | 124764160/8300343137 [00:07<07:57, 17132532.63B/s]
   GAP-web:   2%|▏         | 126517248/8300343137 [00:07<07:53, 17249854.70B/s]
   GAP-web:   2%|▏         | 128253952/8300343137 [00:08<07:58, 17086568.92B/s]
   GAP-web:   2%|▏         | 129974272/8300343137 [00:08<08:01, 16967461.85B/s]
   GAP-web:   2%|▏         | 131710976/8300343137 [00:08<07:59, 17041916.38B/s]
   GAP-web:   2%|▏         | 133464064/8300343137 [00:08<07:56, 17155986.19B/s]
   GAP-web:   2%|▏         | 135184384/8300343137 [00:08<08:07, 16745242.79B/s]
   GAP-web:   2%|▏         | 136871936/8300343137 [00:08<08:31, 15968645.78B/s]
   GAP-web:   2%|▏         | 138493952/8300343137 [00:08<08:30, 15999734.85B/s]
   GAP-web:   2%|▏         | 140115968/8300343137 [00:08<08:45, 15514855.93B/s]
   GAP-web:   2%|▏         | 141688832/8300343137 [00:08<09:01, 15056646.27B/s]
   GAP-web:   2%|▏         | 143212544/8300343137 [00:09<09:50, 13822554.32B/s]
   GAP-web:   2%|▏         | 144621568/8300343137 [00:09<10:15, 13259558.96B/s]
   GAP-web:   2%|▏         | 146194432/8300343137 [00:09<09:47, 13882529.55B/s]
   GAP-web:   2%|▏         | 147767296/8300343137 [00:09<09:27, 14364649.59B/s]
   GAP-web:   2%|▏         | 149422080/8300343137 [00:09<09:05, 14948220.77B/s]
   GAP-web:   2%|▏         | 150945792/8300343137 [00:09<09:24, 14436541.55B/s]
   GAP-web:   2%|▏         | 152403968/8300343137 [00:09<10:21, 13114710.17B/s]
   GAP-web:   2%|▏         | 153747456/8300343137 [00:09<11:01, 12313607.65B/s]
   GAP-web:   2%|▏         | 155009024/8300343137 [00:09<11:01, 12311134.63B/s]
   GAP-web:   2%|▏         | 156450816/8300343137 [00:10<10:32, 12871620.72B/s]
   GAP-web:   2%|▏         | 157958144/8300343137 [00:10<10:04, 13459423.34B/s]
   GAP-web:   2%|▏         | 159399936/8300343137 [00:10<09:57, 13634849.93B/s]
   GAP-web:   2%|▏         | 160956416/8300343137 [00:10<09:34, 14176956.40B/s]
   GAP-web:   2%|▏         | 162414592/8300343137 [00:10<09:30, 14266281.53B/s]
   GAP-web:   2%|▏         | 163938304/8300343137 [00:10<09:19, 14548165.35B/s]
   GAP-web:   2%|▏         | 165412864/8300343137 [00:10<09:22, 14461732.66B/s]
   GAP-web:   2%|▏         | 166903808/8300343137 [00:10<09:17, 14577068.58B/s]
   GAP-web:   2%|▏         | 168394752/8300343137 [00:10<09:15, 14641411.91B/s]
   GAP-web:   2%|▏         | 169902080/8300343137 [00:10<09:10, 14758352.78B/s]
   GAP-web:   2%|▏         | 171393024/8300343137 [00:11<09:15, 14640011.01B/s]
   GAP-web:   2%|▏         | 172867584/8300343137 [00:11<09:18, 14545766.27B/s]
   GAP-web:   2%|▏         | 174456832/8300343137 [00:11<09:05, 14906829.43B/s]
   GAP-web:   2%|▏         | 176078848/8300343137 [00:11<08:51, 15287932.10B/s]
   GAP-web:   2%|▏         | 177618944/8300343137 [00:11<08:50, 15317244.68B/s]
   GAP-web:   2%|▏         | 179159040/8300343137 [00:11<08:50, 15310801.89B/s]
   GAP-web:   2%|▏         | 180813824/8300343137 [00:11<08:39, 15643299.29B/s]
   GAP-web:   2%|▏         | 182419456/8300343137 [00:11<08:35, 15736893.90B/s]
   GAP-web:   2%|▏         | 184074240/8300343137 [00:11<08:28, 15953571.85B/s]
   GAP-web:   2%|▏         | 185679872/8300343137 [00:11<08:37, 15671044.85B/s]
   GAP-web:   2%|▏         | 187252736/8300343137 [00:12<08:38, 15653523.41B/s]
   GAP-web:   2%|▏         | 188907520/8300343137 [00:12<08:31, 15866937.27B/s]
   GAP-web:   2%|▏         | 190595072/8300343137 [00:12<08:21, 16165284.42B/s]
   GAP-web:   2%|▏         | 192249856/8300343137 [00:12<08:18, 16249362.55B/s]
   GAP-web:   2%|▏         | 193904640/8300343137 [00:12<08:16, 16332716.26B/s]
   GAP-web:   2%|▏         | 195608576/8300343137 [00:12<08:10, 16514275.51B/s]
   GAP-web:   2%|▏         | 197263360/8300343137 [00:12<08:15, 16361627.24B/s]
   GAP-web:   2%|▏         | 198901760/8300343137 [00:12<08:19, 16223473.24B/s]
   GAP-web:   2%|▏         | 200540160/8300343137 [00:12<08:23, 16099805.85B/s]
   GAP-web:   2%|▏         | 202162176/8300343137 [00:12<08:43, 15458238.48B/s]
   GAP-web:   2%|▏         | 203948032/8300343137 [00:13<08:22, 16116577.26B/s]
   GAP-web:   2%|▏         | 205651968/8300343137 [00:13<08:14, 16364048.58B/s]
   GAP-web:   2%|▏         | 207372288/8300343137 [00:13<08:08, 16583894.68B/s]
   GAP-web:   3%|▎         | 209141760/8300343137 [00:13<07:59, 16880590.39B/s]
   GAP-web:   3%|▎         | 210845696/8300343137 [00:13<08:00, 16839431.61B/s]
   GAP-web:   3%|▎         | 212582400/8300343137 [00:13<07:56, 16976424.18B/s]
   GAP-web:   3%|▎         | 214286336/8300343137 [00:13<08:00, 16838938.37B/s]
   GAP-web:   3%|▎         | 215973888/8300343137 [00:13<08:03, 16730979.77B/s]
   GAP-web:   3%|▎         | 217825280/8300343137 [00:13<07:48, 17245752.48B/s]
   GAP-web:   3%|▎         | 219676672/8300343137 [00:13<07:39, 17604100.74B/s]
   GAP-web:   3%|▎         | 221495296/8300343137 [00:14<07:34, 17764309.02B/s]
   GAP-web:   3%|▎         | 223330304/8300343137 [00:14<07:30, 17926860.33B/s]
   GAP-web:   3%|▎         | 225132544/8300343137 [00:14<07:36, 17699922.49B/s]
   GAP-web:   3%|▎         | 226918400/8300343137 [00:14<07:43, 17405610.62B/s]
   GAP-web:   3%|▎         | 228671488/8300343137 [00:14<07:47, 17281133.89B/s]
   GAP-web:   3%|▎         | 230408192/8300343137 [00:14<07:52, 17081539.87B/s]
   GAP-web:   3%|▎         | 232128512/8300343137 [00:14<08:02, 16725806.72B/s]
   GAP-web:   3%|▎         | 233816064/8300343137 [00:14<08:03, 16693908.93B/s]
   GAP-web:   3%|▎         | 235520000/8300343137 [00:14<08:00, 16771608.27B/s]
   GAP-web:   3%|▎         | 237207552/8300343137 [00:15<08:06, 16572365.21B/s]
   GAP-web:   3%|▎         | 238878720/8300343137 [00:15<08:07, 16536595.61B/s]
   GAP-web:   3%|▎         | 240599040/8300343137 [00:15<08:03, 16674452.27B/s]
   GAP-web:   3%|▎         | 242270208/8300343137 [00:15<08:13, 16344160.76B/s]
   GAP-web:   3%|▎         | 243924992/8300343137 [00:15<08:11, 16394564.42B/s]
   GAP-web:   3%|▎         | 245579776/8300343137 [00:15<08:11, 16400232.71B/s]
   GAP-web:   3%|▎         | 247250944/8300343137 [00:15<08:08, 16491548.87B/s]
   GAP-web:   3%|▎         | 248905728/8300343137 [00:15<08:09, 16455699.79B/s]
   GAP-web:   3%|▎         | 250658816/8300343137 [00:15<08:01, 16723481.93B/s]
   GAP-web:   3%|▎         | 252346368/8300343137 [00:15<08:06, 16550967.70B/s]
   GAP-web:   3%|▎         | 254017536/8300343137 [00:16<08:28, 15824721.81B/s]
   GAP-web:   3%|▎         | 255606784/8300343137 [00:16<08:38, 15503137.22B/s]
   GAP-web:   3%|▎         | 257261568/8300343137 [00:16<08:29, 15795900.76B/s]
   GAP-web:   3%|▎         | 258981888/8300343137 [00:16<08:16, 16201564.93B/s]
   GAP-web:   3%|▎         | 260636672/8300343137 [00:16<08:13, 16275969.76B/s]
   GAP-web:   3%|▎         | 262275072/8300343137 [00:16<08:14, 16244655.51B/s]
   GAP-web:   3%|▎         | 263913472/8300343137 [00:16<08:32, 15683906.99B/s]
   GAP-web:   3%|▎         | 265502720/8300343137 [00:16<08:33, 15635001.06B/s]
   GAP-web:   3%|▎         | 267124736/8300343137 [00:16<08:28, 15788767.62B/s]
   GAP-web:   3%|▎         | 268713984/8300343137 [00:16<08:29, 15763349.99B/s]
   GAP-web:   3%|▎         | 270352384/8300343137 [00:17<08:24, 15919414.11B/s]
   GAP-web:   3%|▎         | 271958016/8300343137 [00:17<08:28, 15778633.28B/s]
   GAP-web:   3%|▎         | 273563648/8300343137 [00:17<08:27, 15817435.71B/s]
   GAP-web:   3%|▎         | 275202048/8300343137 [00:17<08:22, 15978609.59B/s]
   GAP-web:   3%|▎         | 276807680/8300343137 [00:17<08:27, 15806993.86B/s]
   GAP-web:   3%|▎         | 278462464/8300343137 [00:17<08:20, 16019614.42B/s]
   GAP-web:   3%|▎         | 280068096/8300343137 [00:17<08:28, 15763829.66B/s]
   GAP-web:   3%|▎         | 281657344/8300343137 [00:17<08:32, 15645666.26B/s]
   GAP-web:   3%|▎         | 283230208/8300343137 [00:17<08:35, 15554105.19B/s]
   GAP-web:   3%|▎         | 284901376/8300343137 [00:17<08:24, 15888903.00B/s]
   GAP-web:   3%|▎         | 286507008/8300343137 [00:18<08:33, 15616329.75B/s]
   GAP-web:   3%|▎         | 288079872/8300343137 [00:18<08:43, 15307979.02B/s]
   GAP-web:   3%|▎         | 289701888/8300343137 [00:18<08:35, 15538922.18B/s]
   GAP-web:   4%|▎         | 291323904/8300343137 [00:18<08:29, 15732794.38B/s]
   GAP-web:   4%|▎         | 292962304/8300343137 [00:18<08:22, 15923550.59B/s]
   GAP-web:   4%|▎         | 294600704/8300343137 [00:18<08:20, 16002248.26B/s]
   GAP-web:   4%|▎         | 296206336/8300343137 [00:18<08:20, 16004121.60B/s]
   GAP-web:   4%|▎         | 297811968/8300343137 [00:18<08:23, 15900421.83B/s]
   GAP-web:   4%|▎         | 299483136/8300343137 [00:18<08:16, 16124321.35B/s]
   GAP-web:   4%|▎         | 301105152/8300343137 [00:19<08:24, 15861205.02B/s]
   GAP-web:   4%|▎         | 302710784/8300343137 [00:19<08:23, 15885246.54B/s]
   GAP-web:   4%|▎         | 304332800/8300343137 [00:19<08:21, 15949881.88B/s]
   GAP-web:   4%|▎         | 305938432/8300343137 [00:19<08:23, 15890562.56B/s]
   GAP-web:   4%|▎         | 307544064/8300343137 [00:19<08:22, 15905771.25B/s]
   GAP-web:   4%|▎         | 309182464/8300343137 [00:19<08:18, 16029367.64B/s]
   GAP-web:   4%|▎         | 310788096/8300343137 [00:19<08:19, 15996936.33B/s]
   GAP-web:   4%|▍         | 312393728/8300343137 [00:19<08:21, 15914631.55B/s]
   GAP-web:   4%|▍         | 314015744/8300343137 [00:19<08:19, 15987246.79B/s]
   GAP-web:   4%|▍         | 315621376/8300343137 [00:19<08:28, 15703883.85B/s]
   GAP-web:   4%|▍         | 317194240/8300343137 [00:20<08:28, 15702447.18B/s]
   GAP-web:   4%|▍         | 318783488/8300343137 [00:20<08:26, 15750981.61B/s]
   GAP-web:   4%|▍         | 320487424/8300343137 [00:20<08:14, 16125082.18B/s]
   GAP-web:   4%|▍         | 322191360/8300343137 [00:20<08:06, 16395881.05B/s]
   GAP-web:   4%|▍         | 323862528/8300343137 [00:20<08:04, 16451891.89B/s]
   GAP-web:   4%|▍         | 325533696/8300343137 [00:20<08:03, 16482550.29B/s]
   GAP-web:   4%|▍         | 327188480/8300343137 [00:20<08:17, 16029206.96B/s]
   GAP-web:   4%|▍         | 328908800/8300343137 [00:20<08:07, 16368233.03B/s]
   GAP-web:   4%|▍         | 330563584/8300343137 [00:20<08:08, 16328861.36B/s]
   GAP-web:   4%|▍         | 332431360/8300343137 [00:20<07:49, 16979790.89B/s]
   GAP-web:   4%|▍         | 334495744/8300343137 [00:21<07:21, 18035970.04B/s]
   GAP-web:   4%|▍         | 336363520/8300343137 [00:21<07:17, 18194929.20B/s]
   GAP-web:   4%|▍         | 338198528/8300343137 [00:21<07:43, 17167925.61B/s]
   GAP-web:   4%|▍         | 339935232/8300343137 [00:21<08:15, 16068179.28B/s]
   GAP-web:   4%|▍         | 341573632/8300343137 [00:21<08:23, 15815619.18B/s]
   GAP-web:   4%|▍         | 343179264/8300343137 [00:21<08:40, 15279970.34B/s]
   GAP-web:   4%|▍         | 344719360/8300343137 [00:21<08:41, 15252368.00B/s]
   GAP-web:   4%|▍         | 346537984/8300343137 [00:21<08:15, 16042850.11B/s]
   GAP-web:   4%|▍         | 348176384/8300343137 [00:21<08:17, 15978463.15B/s]
   GAP-web:   4%|▍         | 349880320/8300343137 [00:22<08:09, 16242749.45B/s]
   GAP-web:   4%|▍         | 351551488/8300343137 [00:22<08:06, 16342220.67B/s]
   GAP-web:   4%|▍         | 353189888/8300343137 [00:22<08:29, 15599254.43B/s]
   GAP-web:   4%|▍         | 354762752/8300343137 [00:22<08:52, 14922415.01B/s]
   GAP-web:   4%|▍         | 356515840/8300343137 [00:22<08:28, 15631640.28B/s]
   GAP-web:   4%|▍         | 358252544/8300343137 [00:22<08:13, 16080845.02B/s]
   GAP-web:   4%|▍         | 360120320/8300343137 [00:22<07:52, 16811879.35B/s]
   GAP-web:   4%|▍         | 361971712/8300343137 [00:22<07:39, 17290472.83B/s]
   GAP-web:   4%|▍         | 363823104/8300343137 [00:22<07:29, 17637325.09B/s]
   GAP-web:   4%|▍         | 365608960/8300343137 [00:22<07:40, 17220990.96B/s]
   GAP-web:   4%|▍         | 367345664/8300343137 [00:23<07:50, 16865130.18B/s]
   GAP-web:   4%|▍         | 369049600/8300343137 [00:23<08:00, 16491781.68B/s]
   GAP-web:   4%|▍         | 370900992/8300343137 [00:23<07:46, 17015105.44B/s]
   GAP-web:   4%|▍         | 372637696/8300343137 [00:23<07:44, 17072572.08B/s]
   GAP-web:   5%|▍         | 374489088/8300343137 [00:23<07:33, 17483756.55B/s]
   GAP-web:   5%|▍         | 376340480/8300343137 [00:23<07:26, 17749251.80B/s]
   GAP-web:   5%|▍         | 378126336/8300343137 [00:23<07:27, 17692762.96B/s]
   GAP-web:   5%|▍         | 379912192/8300343137 [00:23<07:32, 17516249.56B/s]
   GAP-web:   5%|▍         | 381681664/8300343137 [00:23<07:38, 17268988.75B/s]
   GAP-web:   5%|▍         | 383467520/8300343137 [00:24<07:34, 17423787.97B/s]
   GAP-web:   5%|▍         | 385220608/8300343137 [00:24<07:39, 17232232.20B/s]
   GAP-web:   5%|▍         | 386973696/8300343137 [00:24<07:37, 17279766.34B/s]
   GAP-web:   5%|▍         | 388710400/8300343137 [00:24<07:38, 17252328.04B/s]
   GAP-web:   5%|▍         | 390479872/8300343137 [00:24<07:36, 17345230.24B/s]
   GAP-web:   5%|▍         | 392216576/8300343137 [00:24<07:39, 17218264.17B/s]
   GAP-web:   5%|▍         | 394002432/8300343137 [00:24<07:35, 17372481.09B/s]
   GAP-web:   5%|▍         | 395771904/8300343137 [00:24<07:32, 17463454.28B/s]
   GAP-web:   5%|▍         | 397574144/8300343137 [00:24<07:28, 17614025.36B/s]
   GAP-web:   5%|▍         | 399343616/8300343137 [00:24<07:39, 17205692.22B/s]
   GAP-web:   5%|▍         | 401080320/8300343137 [00:25<08:07, 16203425.72B/s]
   GAP-web:   5%|▍         | 402718720/8300343137 [00:25<08:11, 16083627.25B/s]
   GAP-web:   5%|▍         | 404340736/8300343137 [00:25<08:18, 15833057.38B/s]
   GAP-web:   5%|▍         | 405929984/8300343137 [00:25<08:21, 15730230.47B/s]
   GAP-web:   5%|▍         | 407519232/8300343137 [00:25<08:46, 14997331.18B/s]
   GAP-web:   5%|▍         | 409042944/8300343137 [00:25<08:59, 14621086.45B/s]
   GAP-web:   5%|▍         | 410517504/8300343137 [00:25<09:01, 14582709.90B/s]
   GAP-web:   5%|▍         | 411992064/8300343137 [00:25<09:02, 14535689.05B/s]
   GAP-web:   5%|▍         | 413483008/8300343137 [00:25<08:58, 14639734.53B/s]
   GAP-web:   5%|▍         | 414957568/8300343137 [00:25<09:00, 14595625.59B/s]
   GAP-web:   5%|▌         | 416432128/8300343137 [00:26<08:58, 14635592.82B/s]
   GAP-web:   5%|▌         | 417906688/8300343137 [00:26<08:58, 14648483.94B/s]
   GAP-web:   5%|▌         | 419414016/8300343137 [00:26<08:54, 14736100.42B/s]
   GAP-web:   5%|▌         | 420904960/8300343137 [00:26<08:54, 14746822.70B/s]
   GAP-web:   5%|▌         | 422395904/8300343137 [00:26<09:03, 14498729.35B/s]
   GAP-web:   5%|▌         | 423919616/8300343137 [00:26<08:55, 14704103.73B/s]
   GAP-web:   5%|▌         | 425525248/8300343137 [00:26<08:41, 15088411.96B/s]
   GAP-web:   5%|▌         | 427048960/8300343137 [00:26<08:51, 14825974.24B/s]
   GAP-web:   5%|▌         | 428539904/8300343137 [00:26<08:53, 14754820.87B/s]
   GAP-web:   5%|▌         | 430080000/8300343137 [00:27<08:48, 14903012.24B/s]
   GAP-web:   5%|▌         | 431587328/8300343137 [00:27<08:47, 14904636.93B/s]
   GAP-web:   5%|▌         | 433192960/8300343137 [00:27<08:36, 15221558.55B/s]
   GAP-web:   5%|▌         | 434913280/8300343137 [00:27<08:18, 15782413.91B/s]
   GAP-web:   5%|▌         | 436502528/8300343137 [00:27<08:26, 15529098.86B/s]
   GAP-web:   5%|▌         | 438059008/8300343137 [00:27<08:32, 15334230.53B/s]
   GAP-web:   5%|▌         | 439664640/8300343137 [00:27<08:26, 15508136.86B/s]
   GAP-web:   5%|▌         | 441335808/8300343137 [00:27<08:15, 15860712.34B/s]
   GAP-web:   5%|▌         | 443154432/8300343137 [00:27<07:56, 16499171.40B/s]
   GAP-web:   5%|▌         | 444923904/8300343137 [00:27<07:47, 16802914.73B/s]
   GAP-web:   5%|▌         | 446611456/8300343137 [00:28<07:53, 16602017.86B/s]
   GAP-web:   5%|▌         | 448282624/8300343137 [00:28<07:53, 16599731.29B/s]
   GAP-web:   5%|▌         | 449953792/8300343137 [00:28<07:58, 16400454.13B/s]
   GAP-web:   5%|▌         | 451641344/8300343137 [00:28<07:54, 16523584.38B/s]
   GAP-web:   5%|▌         | 453476352/8300343137 [00:28<07:39, 17063562.42B/s]
   GAP-web:   5%|▌         | 455196672/8300343137 [00:28<07:58, 16384559.53B/s]
   GAP-web:   6%|▌         | 456851456/8300343137 [00:28<08:23, 15581062.83B/s]
   GAP-web:   6%|▌         | 458424320/8300343137 [00:28<08:37, 15164792.79B/s]
   GAP-web:   6%|▌         | 459964416/8300343137 [00:28<08:38, 15114106.95B/s]
   GAP-web:   6%|▌         | 461488128/8300343137 [00:28<08:39, 15098744.35B/s]
   GAP-web:   6%|▌         | 463011840/8300343137 [00:29<08:38, 15119795.74B/s]
   GAP-web:   6%|▌         | 464715776/8300343137 [00:29<08:19, 15676155.67B/s]
   GAP-web:   6%|▌         | 466288640/8300343137 [00:29<08:19, 15683311.75B/s]
   GAP-web:   6%|▌         | 467861504/8300343137 [00:29<08:21, 15620854.23B/s]
   GAP-web:   6%|▌         | 469549056/8300343137 [00:29<08:10, 15973989.37B/s]
   GAP-web:   6%|▌         | 471154688/8300343137 [00:29<08:12, 15910142.23B/s]
   GAP-web:   6%|▌         | 472760320/8300343137 [00:29<08:14, 15837794.07B/s]
   GAP-web:   6%|▌         | 474349568/8300343137 [00:29<08:15, 15791321.99B/s]
   GAP-web:   6%|▌         | 475938816/8300343137 [00:29<08:15, 15784476.28B/s]
   GAP-web:   6%|▌         | 477577216/8300343137 [00:30<08:10, 15946180.96B/s]
   GAP-web:   6%|▌         | 479248384/8300343137 [00:30<08:04, 16137032.12B/s]
   GAP-web:   6%|▌         | 480886784/8300343137 [00:30<08:02, 16197241.72B/s]
   GAP-web:   6%|▌         | 482508800/8300343137 [00:30<08:10, 15939223.50B/s]
   GAP-web:   6%|▌         | 484114432/8300343137 [00:30<08:13, 15851946.29B/s]
   GAP-web:   6%|▌         | 485769216/8300343137 [00:30<08:07, 16045932.78B/s]
   GAP-web:   6%|▌         | 487440384/8300343137 [00:30<08:01, 16235327.50B/s]
   GAP-web:   6%|▌         | 489078784/8300343137 [00:30<08:04, 16136704.51B/s]
   GAP-web:   6%|▌         | 490700800/8300343137 [00:30<08:13, 15825041.34B/s]
   GAP-web:   6%|▌         | 492322816/8300343137 [00:30<08:10, 15922691.23B/s]
   GAP-web:   6%|▌         | 493928448/8300343137 [00:31<08:09, 15943100.30B/s]
   GAP-web:   6%|▌         | 495534080/8300343137 [00:31<08:12, 15854028.42B/s]
   GAP-web:   6%|▌         | 497139712/8300343137 [00:31<08:10, 15900216.42B/s]
   GAP-web:   6%|▌         | 498745344/8300343137 [00:31<08:10, 15894410.27B/s]
   GAP-web:   6%|▌         | 500350976/8300343137 [00:31<09:22, 13854363.29B/s]
   GAP-web:   6%|▌         | 501792768/8300343137 [00:31<10:31, 12343333.55B/s]
   GAP-web:   6%|▌         | 503087104/8300343137 [00:31<11:23, 11404215.18B/s]
   GAP-web:   6%|▌         | 504283136/8300343137 [00:31<11:54, 10906146.31B/s]
   GAP-web:   6%|▌         | 505413632/8300343137 [00:32<12:23, 10490354.15B/s]
   GAP-web:   6%|▌         | 506494976/8300343137 [00:32<12:39, 10261617.72B/s]
   GAP-web:   6%|▌         | 507543552/8300343137 [00:32<13:07, 9898746.31B/s] 
   GAP-web:   6%|▌         | 508739584/8300343137 [00:32<12:27, 10419725.35B/s]
   GAP-web:   6%|▌         | 510083072/8300343137 [00:32<11:32, 11241877.86B/s]
   GAP-web:   6%|▌         | 511311872/8300343137 [00:32<11:16, 11506792.42B/s]
   GAP-web:   6%|▌         | 512540672/8300343137 [00:32<11:04, 11719552.90B/s]
   GAP-web:   6%|▌         | 513867776/8300343137 [00:32<10:41, 12138419.97B/s]
   GAP-web:   6%|▌         | 515227648/8300343137 [00:32<10:21, 12531813.01B/s]
   GAP-web:   6%|▌         | 516587520/8300343137 [00:32<10:05, 12845096.35B/s]
   GAP-web:   6%|▌         | 517996544/8300343137 [00:33<09:50, 13169600.39B/s]
   GAP-web:   6%|▋         | 519372800/8300343137 [00:33<09:44, 13312759.50B/s]
   GAP-web:   6%|▋         | 520765440/8300343137 [00:33<09:36, 13494835.20B/s]
   GAP-web:   6%|▋         | 522141696/8300343137 [00:33<09:34, 13545005.69B/s]
   GAP-web:   6%|▋         | 523567104/8300343137 [00:33<09:26, 13719130.92B/s]
   GAP-web:   6%|▋         | 524959744/8300343137 [00:33<09:26, 13731001.95B/s]
   GAP-web:   6%|▋         | 526336000/8300343137 [00:33<09:36, 13494518.80B/s]
   GAP-web:   6%|▋         | 527712256/8300343137 [00:33<09:33, 13558117.60B/s]
   GAP-web:   6%|▋         | 529088512/8300343137 [00:33<09:30, 13610779.70B/s]
   GAP-web:   6%|▋         | 530530304/8300343137 [00:33<09:23, 13797997.92B/s]
   GAP-web:   6%|▋         | 531922944/8300343137 [00:34<09:22, 13815916.35B/s]
   GAP-web:   6%|▋         | 533315584/8300343137 [00:34<09:28, 13658829.16B/s]
   GAP-web:   6%|▋         | 534691840/8300343137 [00:34<09:27, 13675910.27B/s]
   GAP-web:   6%|▋         | 536084480/8300343137 [00:34<09:26, 13713663.67B/s]
   GAP-web:   6%|▋         | 537509888/8300343137 [00:34<09:20, 13839113.35B/s]
   GAP-web:   6%|▋         | 538902528/8300343137 [00:34<09:29, 13620356.26B/s]
   GAP-web:   7%|▋         | 540295168/8300343137 [00:34<09:28, 13656855.50B/s]
   GAP-web:   7%|▋         | 541671424/8300343137 [00:34<09:28, 13636393.55B/s]
   GAP-web:   7%|▋         | 543047680/8300343137 [00:34<09:27, 13672804.44B/s]
   GAP-web:   7%|▋         | 544456704/8300343137 [00:34<09:23, 13751855.88B/s]
   GAP-web:   7%|▋         | 545832960/8300343137 [00:35<09:24, 13730935.09B/s]
   GAP-web:   7%|▋         | 547241984/8300343137 [00:35<09:20, 13832464.78B/s]
   GAP-web:   7%|▋         | 548634624/8300343137 [00:35<09:22, 13791356.36B/s]
   GAP-web:   7%|▋         | 550027264/8300343137 [00:35<09:20, 13826105.83B/s]
   GAP-web:   7%|▋         | 551419904/8300343137 [00:35<09:30, 13575701.24B/s]
   GAP-web:   7%|▋         | 552812544/8300343137 [00:35<09:27, 13651985.68B/s]
   GAP-web:   7%|▋         | 554237952/8300343137 [00:35<09:21, 13795383.53B/s]
   GAP-web:   7%|▋         | 555630592/8300343137 [00:35<09:26, 13672215.96B/s]
   GAP-web:   7%|▋         | 557006848/8300343137 [00:35<09:27, 13650399.81B/s]
   GAP-web:   7%|▋         | 558383104/8300343137 [00:35<09:31, 13542551.32B/s]
   GAP-web:   7%|▋         | 559792128/8300343137 [00:36<09:26, 13670597.75B/s]
   GAP-web:   7%|▋         | 561168384/8300343137 [00:36<09:25, 13690965.06B/s]
   GAP-web:   7%|▋         | 562544640/8300343137 [00:36<09:32, 13520243.63B/s]
   GAP-web:   7%|▋         | 563920896/8300343137 [00:36<09:30, 13549576.25B/s]
   GAP-web:   7%|▋         | 565362688/8300343137 [00:36<09:20, 13797743.62B/s]
   GAP-web:   7%|▋         | 566902784/8300343137 [00:36<09:02, 14247855.60B/s]
   GAP-web:   7%|▋         | 568442880/8300343137 [00:36<08:52, 14525221.05B/s]
   GAP-web:   7%|▋         | 569917440/8300343137 [00:36<08:50, 14576295.28B/s]
   GAP-web:   7%|▋         | 571392000/8300343137 [00:36<08:49, 14592014.93B/s]
   GAP-web:   7%|▋         | 572866560/8300343137 [00:37<08:58, 14357467.75B/s]
   GAP-web:   7%|▋         | 574308352/8300343137 [00:37<08:57, 14373482.57B/s]
   GAP-web:   7%|▋         | 575750144/8300343137 [00:37<09:06, 14139067.78B/s]
   GAP-web:   7%|▋         | 577191936/8300343137 [00:37<09:04, 14182287.36B/s]
   GAP-web:   7%|▋         | 578650112/8300343137 [00:37<09:01, 14262424.06B/s]
   GAP-web:   7%|▋         | 580091904/8300343137 [00:37<09:03, 14213875.47B/s]
   GAP-web:   7%|▋         | 581517312/8300343137 [00:37<09:09, 14046909.04B/s]
   GAP-web:   7%|▋         | 582926336/8300343137 [00:37<09:09, 14033803.50B/s]
   GAP-web:   7%|▋         | 584351744/8300343137 [00:37<09:08, 14080274.60B/s]
   GAP-web:   7%|▋         | 585793536/8300343137 [00:37<09:05, 14139553.46B/s]
   GAP-web:   7%|▋         | 587218944/8300343137 [00:38<09:11, 13977060.44B/s]
   GAP-web:   7%|▋         | 588693504/8300343137 [00:38<09:03, 14200135.53B/s]
   GAP-web:   7%|▋         | 590118912/8300343137 [00:38<09:02, 14204455.26B/s]
   GAP-web:   7%|▋         | 591626240/8300343137 [00:38<08:54, 14419070.14B/s]
   GAP-web:   7%|▋         | 593133568/8300343137 [00:38<08:48, 14583142.73B/s]
   GAP-web:   7%|▋         | 594608128/8300343137 [00:38<09:00, 14256522.78B/s]
   GAP-web:   7%|▋         | 596049920/8300343137 [00:38<09:04, 14145748.14B/s]
   GAP-web:   7%|▋         | 597475328/8300343137 [00:38<09:22, 13682430.75B/s]
   GAP-web:   7%|▋         | 598884352/8300343137 [00:38<09:20, 13745925.76B/s]
   GAP-web:   7%|▋         | 600293376/8300343137 [00:38<09:17, 13806533.33B/s]
   GAP-web:   7%|▋         | 601686016/8300343137 [00:39<09:19, 13766487.35B/s]
   GAP-web:   7%|▋         | 603078656/8300343137 [00:39<09:17, 13801073.98B/s]
   GAP-web:   7%|▋         | 604471296/8300343137 [00:39<09:27, 13554827.85B/s]
   GAP-web:   7%|▋         | 606027776/8300343137 [00:39<09:05, 14110002.09B/s]
   GAP-web:   7%|▋         | 607551488/8300343137 [00:39<08:54, 14402652.82B/s]
   GAP-web:   7%|▋         | 609058816/8300343137 [00:39<08:47, 14585326.41B/s]
   GAP-web:   7%|▋         | 610631680/8300343137 [00:39<08:35, 14916440.62B/s]
   GAP-web:   7%|▋         | 612188160/8300343137 [00:39<08:28, 15104833.11B/s]
   GAP-web:   7%|▋         | 613744640/8300343137 [00:39<08:24, 15230311.31B/s]
   GAP-web:   7%|▋         | 615350272/8300343137 [00:39<08:18, 15430154.31B/s]
   GAP-web:   7%|▋         | 616906752/8300343137 [00:40<08:18, 15402883.65B/s]
   GAP-web:   7%|▋         | 618463232/8300343137 [00:40<08:18, 15406598.05B/s]
   GAP-web:   7%|▋         | 620052480/8300343137 [00:40<08:14, 15525723.50B/s]
   GAP-web:   7%|▋         | 621608960/8300343137 [00:40<08:16, 15454619.47B/s]
   GAP-web:   8%|▊         | 623165440/8300343137 [00:40<08:28, 15098295.88B/s]
   GAP-web:   8%|▊         | 624689152/8300343137 [00:40<08:44, 14637741.49B/s]
   GAP-web:   8%|▊         | 626163712/8300343137 [00:40<08:57, 14287565.61B/s]
   GAP-web:   8%|▊         | 627605504/8300343137 [00:40<09:12, 13877572.46B/s]
   GAP-web:   8%|▊         | 628998144/8300343137 [00:40<09:20, 13694579.92B/s]
   GAP-web:   8%|▊         | 630423552/8300343137 [00:41<09:14, 13823591.38B/s]
   GAP-web:   8%|▊         | 631816192/8300343137 [00:41<09:14, 13817675.34B/s]
   GAP-web:   8%|▊         | 633208832/8300343137 [00:41<09:18, 13723032.54B/s]
   GAP-web:   8%|▊         | 634585088/8300343137 [00:41<09:25, 13547494.09B/s]
   GAP-web:   8%|▊         | 635977728/8300343137 [00:41<09:21, 13646836.03B/s]
   GAP-web:   8%|▊         | 637370368/8300343137 [00:41<09:18, 13723638.46B/s]
   GAP-web:   8%|▊         | 638746624/8300343137 [00:41<09:21, 13652079.57B/s]
   GAP-web:   8%|▊         | 640172032/8300343137 [00:41<09:14, 13804914.18B/s]
   GAP-web:   8%|▊         | 641581056/8300343137 [00:41<09:12, 13861287.72B/s]
   GAP-web:   8%|▊         | 642990080/8300343137 [00:41<09:10, 13915155.90B/s]
   GAP-web:   8%|▊         | 644415488/8300343137 [00:42<09:08, 13957792.02B/s]
   GAP-web:   8%|▊         | 645824512/8300343137 [00:42<09:08, 13962350.54B/s]
   GAP-web:   8%|▊         | 647266304/8300343137 [00:42<09:03, 14087137.10B/s]
   GAP-web:   8%|▊         | 648675328/8300343137 [00:42<09:05, 14016871.95B/s]
   GAP-web:   8%|▊         | 650084352/8300343137 [00:42<09:05, 14029488.45B/s]
   GAP-web:   8%|▊         | 651493376/8300343137 [00:42<09:04, 14040314.37B/s]
   GAP-web:   8%|▊         | 652918784/8300343137 [00:42<09:03, 14070459.91B/s]
   GAP-web:   8%|▊         | 654327808/8300343137 [00:42<09:12, 13834255.61B/s]
   GAP-web:   8%|▊         | 655720448/8300343137 [00:42<09:11, 13860696.01B/s]
   GAP-web:   8%|▊         | 657145856/8300343137 [00:42<09:07, 13957652.71B/s]
   GAP-web:   8%|▊         | 658554880/8300343137 [00:43<09:29, 13429225.05B/s]
   GAP-web:   8%|▊         | 659980288/8300343137 [00:43<09:19, 13652526.71B/s]
   GAP-web:   8%|▊         | 661405696/8300343137 [00:43<09:12, 13814056.76B/s]
   GAP-web:   8%|▊         | 662798336/8300343137 [00:43<09:16, 13729319.34B/s]
   GAP-web:   8%|▊         | 664174592/8300343137 [00:43<09:33, 13326344.47B/s]
   GAP-web:   8%|▊         | 665518080/8300343137 [00:43<09:32, 13327505.37B/s]
   GAP-web:   8%|▊         | 666910720/8300343137 [00:43<09:28, 13431539.92B/s]
   GAP-web:   8%|▊         | 668336128/8300343137 [00:43<09:19, 13646792.02B/s]
   GAP-web:   8%|▊         | 669728768/8300343137 [00:43<09:16, 13701404.62B/s]
   GAP-web:   8%|▊         | 671105024/8300343137 [00:43<09:16, 13712495.83B/s]
   GAP-web:   8%|▊         | 672481280/8300343137 [00:44<09:27, 13452103.45B/s]
   GAP-web:   8%|▊         | 673841152/8300343137 [00:44<09:30, 13373082.28B/s]
   GAP-web:   8%|▊         | 675217408/8300343137 [00:44<09:27, 13445467.88B/s]
   GAP-web:   8%|▊         | 676610048/8300343137 [00:44<09:21, 13566997.88B/s]
   GAP-web:   8%|▊         | 677986304/8300343137 [00:44<09:21, 13573031.07B/s]
   GAP-web:   8%|▊         | 679362560/8300343137 [00:44<09:20, 13606363.97B/s]
   GAP-web:   8%|▊         | 680738816/8300343137 [00:44<09:37, 13186929.04B/s]
   GAP-web:   8%|▊         | 682147840/8300343137 [00:44<09:27, 13414749.16B/s]
   GAP-web:   8%|▊         | 683540480/8300343137 [00:44<09:21, 13557763.71B/s]
   GAP-web:   8%|▊         | 684933120/8300343137 [00:45<09:18, 13642019.92B/s]
   GAP-web:   8%|▊         | 686342144/8300343137 [00:45<09:14, 13735497.16B/s]
   GAP-web:   8%|▊         | 687734784/8300343137 [00:45<09:12, 13790940.08B/s]
   GAP-web:   8%|▊         | 689160192/8300343137 [00:45<09:08, 13865501.28B/s]
   GAP-web:   8%|▊         | 690585600/8300343137 [00:45<09:04, 13964683.71B/s]
   GAP-web:   8%|▊         | 691994624/8300343137 [00:45<09:07, 13905820.82B/s]
   GAP-web:   8%|▊         | 693420032/8300343137 [00:45<09:03, 14007147.58B/s]
   GAP-web:   8%|▊         | 694829056/8300343137 [00:45<09:12, 13763619.71B/s]
   GAP-web:   8%|▊         | 696221696/8300343137 [00:45<09:26, 13431404.71B/s]
   GAP-web:   8%|▊         | 697630720/8300343137 [00:45<09:18, 13614639.00B/s]
   GAP-web:   8%|▊         | 699056128/8300343137 [00:46<09:12, 13760484.42B/s]
   GAP-web:   8%|▊         | 700448768/8300343137 [00:46<09:26, 13415700.63B/s]
   GAP-web:   8%|▊         | 701808640/8300343137 [00:46<09:28, 13357649.96B/s]
   GAP-web:   8%|▊         | 703234048/8300343137 [00:46<09:18, 13601161.07B/s]
   GAP-web:   8%|▊         | 704643072/8300343137 [00:46<09:14, 13699903.60B/s]
   GAP-web:   9%|▊         | 706019328/8300343137 [00:46<09:14, 13702689.64B/s]
   GAP-web:   9%|▊         | 707395584/8300343137 [00:46<09:46, 12952102.75B/s]
   GAP-web:   9%|▊         | 708771840/8300343137 [00:46<09:36, 13159452.49B/s]
   GAP-web:   9%|▊         | 710213632/8300343137 [00:46<09:21, 13522232.67B/s]
   GAP-web:   9%|▊         | 711606272/8300343137 [00:46<09:17, 13614037.40B/s]
   GAP-web:   9%|▊         | 713048064/8300343137 [00:47<09:09, 13798488.52B/s]
   GAP-web:   9%|▊         | 714473472/8300343137 [00:47<09:05, 13905001.18B/s]
   GAP-web:   9%|▊         | 715882496/8300343137 [00:47<09:35, 13170001.16B/s]
   GAP-web:   9%|▊         | 717340672/8300343137 [00:47<09:19, 13545977.79B/s]
   GAP-web:   9%|▊         | 718716928/8300343137 [00:47<09:46, 12925422.16B/s]
   GAP-web:   9%|▊         | 720125952/8300343137 [00:47<09:33, 13227123.41B/s]
   GAP-web:   9%|▊         | 721502208/8300343137 [00:47<09:27, 13363094.34B/s]
   GAP-web:   9%|▊         | 722976768/8300343137 [00:47<09:11, 13750731.14B/s]
   GAP-web:   9%|▊         | 724385792/8300343137 [00:47<09:09, 13797728.93B/s]
   GAP-web:   9%|▊         | 725778432/8300343137 [00:48<09:10, 13764923.00B/s]
   GAP-web:   9%|▉         | 727203840/8300343137 [00:48<09:05, 13871639.39B/s]
   GAP-web:   9%|▉         | 728596480/8300343137 [00:48<09:07, 13841842.60B/s]
   GAP-web:   9%|▉         | 730005504/8300343137 [00:48<09:04, 13901730.06B/s]
   GAP-web:   9%|▉         | 731414528/8300343137 [00:48<09:02, 13943951.80B/s]
   GAP-web:   9%|▉         | 732823552/8300343137 [00:48<09:07, 13817005.36B/s]
   GAP-web:   9%|▉         | 734216192/8300343137 [00:48<09:09, 13780118.31B/s]
   GAP-web:   9%|▉         | 735608832/8300343137 [00:48<09:10, 13729594.12B/s]
   GAP-web:   9%|▉         | 737017856/8300343137 [00:48<09:07, 13815057.31B/s]
   GAP-web:   9%|▉         | 738410496/8300343137 [00:48<09:06, 13836501.83B/s]
   GAP-web:   9%|▉         | 739819520/8300343137 [00:49<09:05, 13858375.18B/s]
   GAP-web:   9%|▉         | 741212160/8300343137 [00:49<09:44, 12938823.26B/s]
   GAP-web:   9%|▉         | 742522880/8300343137 [00:49<10:11, 12367716.53B/s]
   GAP-web:   9%|▉         | 743833600/8300343137 [00:49<10:04, 12499777.28B/s]
   GAP-web:   9%|▉         | 745095168/8300343137 [00:49<10:42, 11762109.88B/s]
   GAP-web:   9%|▉         | 746504192/8300343137 [00:49<10:09, 12395802.62B/s]
   GAP-web:   9%|▉         | 747765760/8300343137 [00:49<10:54, 11534197.61B/s]
   GAP-web:   9%|▉         | 749191168/8300343137 [00:49<10:17, 12237159.08B/s]
   GAP-web:   9%|▉         | 750616576/8300343137 [00:49<09:51, 12753754.43B/s]
   GAP-web:   9%|▉         | 751910912/8300343137 [00:50<10:13, 12296382.20B/s]
   GAP-web:   9%|▉         | 753188864/8300343137 [00:50<10:08, 12409137.34B/s]
   GAP-web:   9%|▉         | 754581504/8300343137 [00:50<09:47, 12834508.79B/s]
   GAP-web:   9%|▉         | 755990528/8300343137 [00:50<09:32, 13167506.64B/s]
   GAP-web:   9%|▉         | 757383168/8300343137 [00:50<09:26, 13306976.21B/s]
   GAP-web:   9%|▉         | 758792192/8300343137 [00:50<09:17, 13535696.35B/s]
   GAP-web:   9%|▉         | 760201216/8300343137 [00:50<09:11, 13660219.28B/s]
   GAP-web:   9%|▉         | 761577472/8300343137 [00:50<09:11, 13671086.92B/s]
   GAP-web:   9%|▉         | 763002880/8300343137 [00:50<09:05, 13817405.72B/s]
   GAP-web:   9%|▉         | 764395520/8300343137 [00:50<09:04, 13835631.47B/s]
   GAP-web:   9%|▉         | 765804544/8300343137 [00:51<09:02, 13887520.17B/s]
   GAP-web:   9%|▉         | 767197184/8300343137 [00:51<09:44, 12884721.13B/s]
   GAP-web:   9%|▉         | 768557056/8300343137 [00:51<09:37, 13051433.59B/s]
   GAP-web:   9%|▉         | 769900544/8300343137 [00:51<09:34, 13102283.22B/s]
   GAP-web:   9%|▉         | 771227648/8300343137 [00:51<10:06, 12422048.95B/s]
   GAP-web:   9%|▉         | 772653056/8300343137 [00:51<09:43, 12905834.65B/s]
   GAP-web:   9%|▉         | 773996544/8300343137 [00:51<09:38, 13010839.17B/s]
   GAP-web:   9%|▉         | 775307264/8300343137 [00:51<10:05, 12418288.28B/s]
   GAP-web:   9%|▉         | 776699904/8300343137 [00:51<09:46, 12837153.55B/s]
   GAP-web:   9%|▉         | 778108928/8300343137 [00:52<09:30, 13180185.04B/s]
   GAP-web:   9%|▉         | 779501568/8300343137 [00:52<09:22, 13374481.27B/s]
   GAP-web:   9%|▉         | 780861440/8300343137 [00:52<09:48, 12783520.76B/s]
   GAP-web:   9%|▉         | 782155776/8300343137 [00:52<10:11, 12284683.80B/s]
   GAP-web:   9%|▉         | 783532032/8300343137 [00:52<09:52, 12692452.95B/s]
   GAP-web:   9%|▉         | 784826368/8300343137 [00:52<10:00, 12511120.20B/s]
   GAP-web:   9%|▉         | 786186240/8300343137 [00:52<09:47, 12790535.30B/s]
   GAP-web:   9%|▉         | 787595264/8300343137 [00:52<09:31, 13139875.95B/s]
   GAP-web:  10%|▉         | 789004288/8300343137 [00:52<09:21, 13386771.28B/s]
   GAP-web:  10%|▉         | 790429696/8300343137 [00:52<09:12, 13595525.17B/s]
   GAP-web:  10%|▉         | 791805952/8300343137 [00:53<09:34, 13071105.89B/s]
   GAP-web:  10%|▉         | 793198592/8300343137 [00:53<09:23, 13311152.90B/s]
   GAP-web:  10%|▉         | 794624000/8300343137 [00:53<09:13, 13562901.30B/s]
   GAP-web:  10%|▉         | 796000256/8300343137 [00:53<09:11, 13597942.40B/s]
   GAP-web:  10%|▉         | 797376512/8300343137 [00:53<09:10, 13638506.66B/s]
   GAP-web:  10%|▉         | 798769152/8300343137 [00:53<09:07, 13704674.93B/s]
   GAP-web:  10%|▉         | 800161792/8300343137 [00:53<09:04, 13766486.65B/s]
   GAP-web:  10%|▉         | 801554432/8300343137 [00:53<09:03, 13805867.12B/s]
   GAP-web:  10%|▉         | 802963456/8300343137 [00:53<09:00, 13880997.10B/s]
   GAP-web:  10%|▉         | 804388864/8300343137 [00:53<08:56, 13982360.61B/s]
   GAP-web:  10%|▉         | 805797888/8300343137 [00:54<08:57, 13954548.35B/s]
   GAP-web:  10%|▉         | 807206912/8300343137 [00:54<09:19, 13387891.21B/s]
   GAP-web:  10%|▉         | 808583168/8300343137 [00:54<09:15, 13483187.81B/s]
   GAP-web:  10%|▉         | 809992192/8300343137 [00:54<09:09, 13620432.76B/s]
   GAP-web:  10%|▉         | 811368448/8300343137 [00:54<09:24, 13266491.02B/s]
   GAP-web:  10%|▉         | 812711936/8300343137 [00:54<09:26, 13215899.25B/s]
   GAP-web:  10%|▉         | 814104576/8300343137 [00:54<09:19, 13380800.52B/s]
   GAP-web:  10%|▉         | 815480832/8300343137 [00:54<09:15, 13477405.19B/s]
   GAP-web:  10%|▉         | 816922624/8300343137 [00:54<09:05, 13728928.73B/s]
   GAP-web:  10%|▉         | 818298880/8300343137 [00:55<09:06, 13683183.09B/s]
   GAP-web:  10%|▉         | 819724288/8300343137 [00:55<09:01, 13816591.96B/s]
   GAP-web:  10%|▉         | 821133312/8300343137 [00:55<08:59, 13851973.57B/s]
   GAP-web:  10%|▉         | 822542336/8300343137 [00:55<08:58, 13897747.93B/s]
   GAP-web:  10%|▉         | 823967744/8300343137 [00:55<08:54, 13981955.09B/s]
   GAP-web:  10%|▉         | 825376768/8300343137 [00:55<09:16, 13428994.90B/s]
   GAP-web:  10%|▉         | 826753024/8300343137 [00:55<09:12, 13520798.40B/s]
   GAP-web:  10%|▉         | 828145664/8300343137 [00:55<09:09, 13598678.87B/s]
   GAP-web:  10%|▉         | 829554688/8300343137 [00:55<09:03, 13737156.25B/s]
   GAP-web:  10%|█         | 830963712/8300343137 [00:55<09:00, 13827860.86B/s]
   GAP-web:  10%|█         | 832356352/8300343137 [00:56<09:19, 13352853.02B/s]
   GAP-web:  10%|█         | 833732608/8300343137 [00:56<09:14, 13467158.86B/s]
   GAP-web:  10%|█         | 835108864/8300343137 [00:56<09:11, 13541221.09B/s]
   GAP-web:  10%|█         | 836468736/8300343137 [00:56<09:26, 13186028.39B/s]
   GAP-web:  10%|█         | 837828608/8300343137 [00:56<09:22, 13275888.10B/s]
   GAP-web:  10%|█         | 839172096/8300343137 [00:56<09:33, 13019490.50B/s]
   GAP-web:  10%|█         | 840515584/8300343137 [00:56<09:27, 13134795.17B/s]
   GAP-web:  10%|█         | 841891840/8300343137 [00:56<09:20, 13313890.37B/s]
   
   asv: benchmark timed out (timeout 60s)
   
   For parameters: bfs_gap_inputs.GAP/GAP-kron_79485148
   INFO root: Dataset suitesparse_matrix.GAP/GAP-kron manifest metadata is stale.
   
   GAP-kron:   0%|          | 0/14570837178 [00:00<?, ?B/s]
   GAP-kron:   0%|          | 376832/14570837178 [00:00<1:09:33, 3491442.23B/s]
   GAP-kron:   0%|          | 1458176/14570837178 [00:00<31:58, 7594453.04B/s] 
   GAP-kron:   0%|          | 2834432/14570837178 [00:00<24:28, 9918483.65B/s]
   GAP-kron:   0%|          | 3948544/14570837178 [00:00<23:23, 10379571.00B/s]
   GAP-kron:   0%|          | 5193728/14570837178 [00:00<22:55, 10592567.10B/s]
   GAP-kron:   0%|          | 6553600/14570837178 [00:00<20:59, 11561729.61B/s]
   GAP-kron:   0%|          | 7946240/14570837178 [00:00<19:45, 12286730.51B/s]
   GAP-kron:   0%|          | 9191424/14570837178 [00:00<20:00, 12131350.80B/s]
   GAP-kron:   0%|          | 10682368/14570837178 [00:00<18:43, 12963746.64B/s]
   GAP-kron:   0%|          | 12124160/14570837178 [00:01<18:07, 13384162.50B/s]
   GAP-kron:   0%|          | 13582336/14570837178 [00:01<17:41, 13718900.55B/s]
   GAP-kron:   0%|          | 15007744/14570837178 [00:01<17:30, 13862126.30B/s]
   GAP-kron:   0%|          | 16449536/14570837178 [00:01<17:17, 14026916.20B/s]
   GAP-kron:   0%|          | 17858560/14570837178 [00:01<17:24, 13936444.08B/s]
   GAP-kron:   0%|          | 19316736/14570837178 [00:01<17:11, 14106968.26B/s]
   GAP-kron:   0%|          | 20824064/14570837178 [00:01<16:52, 14366880.96B/s]
   GAP-kron:   0%|          | 22298624/14570837178 [00:01<16:47, 14445594.42B/s]
   GAP-kron:   0%|          | 23789568/14570837178 [00:01<16:38, 14573281.70B/s]
   GAP-kron:   0%|          | 25313280/14570837178 [00:01<16:24, 14769680.83B/s]
   GAP-kron:   0%|          | 26968064/14570837178 [00:02<15:52, 15264026.15B/s]
   GAP-kron:   0%|          | 28540928/14570837178 [00:02<15:45, 15376879.35B/s]
   GAP-kron:   0%|          | 30081024/14570837178 [00:02<15:45, 15378272.93B/s]
   GAP-kron:   0%|          | 31768576/14570837178 [00:02<15:19, 15812623.80B/s]
   GAP-kron:   0%|          | 33390592/14570837178 [00:02<15:12, 15934132.95B/s]
   GAP-kron:   0%|          | 35028992/14570837178 [00:02<15:06, 16041839.36B/s]
   GAP-kron:   0%|          | 36700160/14570837178 [00:02<14:56, 16205331.69B/s]
   GAP-kron:   0%|          | 38322176/14570837178 [00:02<14:59, 16158717.53B/s]
   GAP-kron:   0%|          | 39993344/14570837178 [00:02<14:50, 16321207.93B/s]
   GAP-kron:   0%|          | 41746432/14570837178 [00:02<14:31, 16674917.57B/s]
   GAP-kron:   0%|          | 43450368/14570837178 [00:03<14:27, 16739186.64B/s]
   GAP-kron:   0%|          | 45170688/14570837178 [00:03<14:21, 16861812.70B/s]
   GAP-kron:   0%|          | 46858240/14570837178 [00:03<14:30, 16680664.16B/s]
   GAP-kron:   0%|          | 48545792/14570837178 [00:03<14:30, 16679899.01B/s]
   GAP-kron:   0%|          | 50216960/14570837178 [00:03<14:30, 16673105.37B/s]
   GAP-kron:   0%|          | 51920896/14570837178 [00:03<14:26, 16761438.68B/s]
   GAP-kron:   0%|          | 53608448/14570837178 [00:03<14:28, 16715375.96B/s]
   GAP-kron:   0%|          | 55377920/14570837178 [00:03<14:15, 16966717.14B/s]
   GAP-kron:   0%|          | 57081856/14570837178 [00:03<14:24, 16785053.45B/s]
   GAP-kron:   0%|          | 58769408/14570837178 [00:03<14:26, 16754145.88B/s]
   GAP-kron:   0%|          | 60456960/14570837178 [00:04<14:29, 16687733.18B/s]
   GAP-kron:   0%|          | 62226432/14570837178 [00:04<14:15, 16951413.13B/s]
   GAP-kron:   0%|          | 63930368/14570837178 [00:04<14:19, 16876738.31B/s]
   GAP-kron:   0%|          | 65667072/14570837178 [00:04<14:14, 16967994.50B/s]
   GAP-kron:   0%|          | 67371008/14570837178 [00:04<14:23, 16803825.04B/s]
   GAP-kron:   0%|          | 69058560/14570837178 [00:04<15:01, 16090843.77B/s]
   GAP-kron:   0%|          | 70746112/14570837178 [00:04<14:50, 16291270.68B/s]
   GAP-kron:   0%|          | 72384512/14570837178 [00:04<15:37, 15461695.30B/s]
   GAP-kron:   1%|          | 74104832/14570837178 [00:04<15:09, 15935706.29B/s]
   GAP-kron:   1%|          | 75710464/14570837178 [00:05<15:49, 15261830.68B/s]
   GAP-kron:   1%|          | 77430784/14570837178 [00:05<15:16, 15807122.62B/s]
   GAP-kron:   1%|          | 79134720/14570837178 [00:05<14:58, 16126537.98B/s]
   GAP-kron:   1%|          | 80756736/14570837178 [00:05<15:52, 15214816.51B/s]
   GAP-kron:   1%|          | 82427904/14570837178 [00:05<15:27, 15626929.74B/s]
   GAP-kron:   1%|          | 84017152/14570837178 [00:05<16:15, 14858149.62B/s]
   GAP-kron:   1%|          | 85753856/14570837178 [00:05<15:32, 15540072.75B/s]
   GAP-kron:   1%|          | 87425024/14570837178 [00:05<15:13, 15851653.81B/s]
   GAP-kron:   1%|          | 89030656/14570837178 [00:05<16:02, 15051298.15B/s]
   GAP-kron:   1%|          | 90750976/14570837178 [00:05<15:25, 15637383.96B/s]
   GAP-kron:   1%|          | 92340224/14570837178 [00:06<15:24, 15663429.68B/s]
   GAP-kron:   1%|          | 94126080/14570837178 [00:06<14:50, 16261795.86B/s]
   GAP-kron:   1%|          | 95830016/14570837178 [00:06<14:40, 16446731.06B/s]
   GAP-kron:   1%|          | 97550336/14570837178 [00:06<14:28, 16658181.41B/s]
   GAP-kron:   1%|          | 99303424/14570837178 [00:06<14:17, 16880206.21B/s]
   GAP-kron:   1%|          | 101007360/14570837178 [00:06<15:11, 15877231.65B/s]
   GAP-kron:   1%|          | 102776832/14570837178 [00:06<14:43, 16373620.32B/s]
   GAP-kron:   1%|          | 104431616/14570837178 [00:06<15:29, 15567105.73B/s]
   GAP-kron:   1%|          | 106233856/14570837178 [00:06<14:50, 16249494.29B/s]
   GAP-kron:   1%|          | 108003328/14570837178 [00:07<14:29, 16629224.87B/s]
   GAP-kron:   1%|          | 109690880/14570837178 [00:07<15:33, 15493866.19B/s]
   GAP-kron:   1%|          | 111394816/14570837178 [00:07<15:10, 15884841.11B/s]
   GAP-kron:   1%|          | 113016832/14570837178 [00:07<15:59, 15067123.37B/s]
   GAP-kron:   1%|          | 114737152/14570837178 [00:07<15:24, 15641986.54B/s]
   GAP-kron:   1%|          | 116326400/14570837178 [00:07<16:07, 14933550.87B/s]
   GAP-kron:   1%|          | 118046720/14570837178 [00:07<15:31, 15522867.41B/s]
   GAP-kron:   1%|          | 119832576/14570837178 [00:07<14:52, 16183772.12B/s]
   GAP-kron:   1%|          | 121470976/14570837178 [00:07<15:44, 15295274.85B/s]
   GAP-kron:   1%|          | 123240448/14570837178 [00:08<15:05, 15947510.68B/s]
   GAP-kron:   1%|          | 124862464/14570837178 [00:08<15:42, 15322223.04B/s]
   GAP-kron:   1%|          | 126615552/14570837178 [00:08<15:07, 15909154.59B/s]
   GAP-kron:   1%|          | 128237568/14570837178 [00:08<15:55, 15110026.96B/s]
   GAP-kron:   1%|          | 129925120/14570837178 [00:08<15:26, 15579617.51B/s]
   GAP-kron:   1%|          | 131678208/14570837178 [00:08<14:56, 16101937.51B/s]
   GAP-kron:   1%|          | 133316608/14570837178 [00:08<15:48, 15222745.45B/s]
   GAP-kron:   1%|          | 135053312/14570837178 [00:08<15:12, 15817935.72B/s]
   GAP-kron:   1%|          | 136658944/14570837178 [00:08<15:48, 15213637.39B/s]
   GAP-kron:   1%|          | 138412032/14570837178 [00:09<15:10, 15847123.38B/s]
   GAP-kron:   1%|          | 140017664/14570837178 [00:09<15:48, 15210621.13B/s]
   GAP-kron:   1%|          | 141787136/14570837178 [00:09<15:07, 15903942.07B/s]
   GAP-kron:   1%|          | 143556608/14570837178 [00:09<14:41, 16375383.13B/s]
   GAP-kron:   1%|          | 145211392/14570837178 [00:09<15:06, 15916970.91B/s]
   GAP-kron:   1%|          | 146997248/14570837178 [00:09<14:36, 16451403.87B/s]
   GAP-kron:   1%|          | 148652032/14570837178 [00:09<15:27, 15548858.36B/s]
   GAP-kron:   1%|          | 150421504/14570837178 [00:09<14:55, 16111469.09B/s]
   GAP-kron:   1%|          | 152059904/14570837178 [00:09<15:35, 15416178.47B/s]
   GAP-kron:   1%|          | 153780224/14570837178 [00:09<15:06, 15899495.47B/s]
   GAP-kron:   1%|          | 155566080/14570837178 [00:10<14:37, 16431232.04B/s]
   GAP-kron:   1%|          | 157220864/14570837178 [00:10<15:21, 15643387.75B/s]
   GAP-kron:   1%|          | 158957568/14570837178 [00:10<14:53, 16129161.01B/s]
   GAP-kron:   1%|          | 160595968/14570837178 [00:10<15:41, 15313746.83B/s]
   GAP-kron:   1%|          | 162349056/14570837178 [00:10<15:06, 15898462.35B/s]
   GAP-kron:   1%|          | 164134912/14570837178 [00:10<14:37, 16424627.67B/s]
   GAP-kron:   1%|          | 165806080/14570837178 [00:10<15:19, 15660684.76B/s]
   GAP-kron:   1%|          | 167608320/14570837178 [00:10<14:44, 16288469.89B/s]
   GAP-kron:   1%|          | 169263104/14570837178 [00:10<15:34, 15402860.59B/s]
   GAP-kron:   1%|          | 170983424/14570837178 [00:11<15:06, 15890457.33B/s]
   GAP-kron:   1%|          | 172589056/14570837178 [00:11<15:53, 15105425.26B/s]
   GAP-kron:   1%|          | 174325760/14570837178 [00:11<15:16, 15713058.23B/s]
   GAP-kron:   1%|          | 176078848/14570837178 [00:11<14:47, 16219046.79B/s]
   GAP-kron:   1%|          | 177717248/14570837178 [00:11<15:40, 15309609.24B/s]
   GAP-kron:   1%|          | 179404800/14570837178 [00:11<15:15, 15723056.64B/s]
   GAP-kron:   1%|          | 180994048/14570837178 [00:11<15:55, 15067110.72B/s]
   GAP-kron:   1%|▏         | 182763520/14570837178 [00:11<15:12, 15773385.91B/s]
   GAP-kron:   1%|▏         | 184516608/14570837178 [00:11<15:46, 15191971.74B/s]
   GAP-kron:   1%|▏         | 186171392/14570837178 [00:12<15:24, 15556876.12B/s]
   GAP-kron:   1%|▏         | 187858944/14570837178 [00:12<15:03, 15911167.91B/s]
   GAP-kron:   1%|▏         | 189464576/14570837178 [00:12<15:47, 15177517.42B/s]
   GAP-kron:   1%|▏         | 191217664/14570837178 [00:12<15:08, 15822676.63B/s]
   GAP-kron:   1%|▏         | 192823296/14570837178 [00:12<15:54, 15057113.00B/s]
   GAP-kron:   1%|▏         | 194609152/14570837178 [00:12<15:08, 15832033.16B/s]
   GAP-kron:   1%|▏         | 196395008/14570837178 [00:12<14:36, 16402126.59B/s]
   GAP-kron:   1%|▏         | 198049792/14570837178 [00:12<15:19, 15628538.92B/s]
   GAP-kron:   1%|▏         | 199819264/14570837178 [00:12<14:46, 16203094.65B/s]
   GAP-kron:   1%|▏         | 201457664/14570837178 [00:13<15:45, 15202156.92B/s]
   GAP-kron:   1%|▏         | 203210752/14570837178 [00:13<15:09, 15805884.91B/s]
   GAP-kron:   1%|▏         | 204816384/14570837178 [00:13<15:55, 15032765.51B/s]
   GAP-kron:   1%|▏         | 206536704/14570837178 [00:13<15:19, 15613767.74B/s]
   GAP-kron:   1%|▏         | 208125952/14570837178 [00:13<15:16, 15675578.62B/s]
   GAP-kron:   1%|▏         | 209715200/14570837178 [00:13<16:28, 14532366.32B/s]
   GAP-kron:   1%|▏         | 211517440/14570837178 [00:13<15:27, 15479381.23B/s]
   GAP-kron:   1%|▏         | 213090304/14570837178 [00:13<15:58, 14985714.58B/s]
   GAP-kron:   1%|▏         | 214908928/14570837178 [00:13<15:06, 15840031.07B/s]
   GAP-kron:   1%|▏         | 216563712/14570837178 [00:14<15:50, 15100221.95B/s]
   GAP-kron:   1%|▏         | 218120192/14570837178 [00:14<15:50, 15105234.77B/s]
   GAP-kron:   2%|▏         | 219774976/14570837178 [00:14<15:25, 15509737.65B/s]
   GAP-kron:   2%|▏         | 221347840/14570837178 [00:14<16:24, 14578985.12B/s]
   GAP-kron:   2%|▏         | 222969856/14570837178 [00:14<15:54, 15026515.00B/s]
   GAP-kron:   2%|▏         | 224493568/14570837178 [00:14<16:35, 14413749.95B/s]
   GAP-kron:   2%|▏         | 226131968/14570837178 [00:14<16:00, 14928444.60B/s]
   GAP-kron:   2%|▏         | 227786752/14570837178 [00:14<15:33, 15372938.80B/s]
   GAP-kron:   2%|▏         | 229343232/14570837178 [00:14<16:28, 14511416.20B/s]
   GAP-kron:   2%|▏         | 230998016/14570837178 [00:14<15:52, 15053507.65B/s]
   GAP-kron:   2%|▏         | 232521728/14570837178 [00:15<16:28, 14500042.61B/s]
   GAP-kron:   2%|▏         | 234258432/14570837178 [00:15<15:38, 15275335.70B/s]
   GAP-kron:   2%|▏         | 235962368/14570837178 [00:15<15:08, 15772005.80B/s]
   GAP-kron:   2%|▏         | 237568000/14570837178 [00:15<16:08, 14797478.78B/s]
   GAP-kron:   2%|▏         | 239222784/14570837178 [00:15<15:39, 15258711.60B/s]
   GAP-kron:   2%|▏         | 240779264/14570837178 [00:15<16:46, 14230705.82B/s]
   GAP-kron:   2%|▏         | 242352128/14570837178 [00:15<16:20, 14608250.35B/s]
   GAP-kron:   2%|▏         | 243859456/14570837178 [00:15<16:12, 14734624.11B/s]
   GAP-kron:   2%|▏         | 245350400/14570837178 [00:15<17:09, 13914696.08B/s]
   GAP-kron:   2%|▏         | 246972416/14570837178 [00:16<16:24, 14552917.91B/s]
   GAP-kron:   2%|▏         | 248446976/14570837178 [00:16<16:59, 14053432.71B/s]
   GAP-kron:   2%|▏         | 250085376/14570837178 [00:16<16:15, 14678743.20B/s]
   GAP-kron:   2%|▏         | 251772928/14570837178 [00:16<15:36, 15295695.33B/s]
   GAP-kron:   2%|▏         | 253329408/14570837178 [00:16<16:50, 14165499.36B/s]
   GAP-kron:   2%|▏         | 254935040/14570837178 [00:16<16:15, 14677300.20B/s]
   GAP-kron:   2%|▏         | 256425984/14570837178 [00:16<16:43, 14270444.73B/s]
   GAP-kron:   2%|▏         | 258113536/14570837178 [00:16<15:54, 14988820.19B/s]
   GAP-kron:   2%|▏         | 259653632/14570837178 [00:16<15:48, 15095636.88B/s]
   GAP-kron:   2%|▏         | 261177344/14570837178 [00:17<16:37, 14347134.18B/s]
   GAP-kron:   2%|▏         | 262897664/14570837178 [00:17<15:45, 15136692.51B/s]
   GAP-kron:   2%|▏         | 264437760/14570837178 [00:17<16:21, 14582787.29B/s]
   GAP-kron:   2%|▏         | 266158080/14570837178 [00:17<15:34, 15312703.78B/s]
   GAP-kron:   2%|▏         | 267763712/14570837178 [00:17<15:23, 15480098.88B/s]
   GAP-kron:   2%|▏         | 269336576/14570837178 [00:17<16:22, 14549201.97B/s]
   GAP-kron:   2%|▏         | 271073280/14570837178 [00:17<15:33, 15317621.09B/s]
   GAP-kron:   2%|▏         | 272629760/14570837178 [00:17<16:24, 14520188.37B/s]
   GAP-kron:   2%|▏         | 274350080/14570837178 [00:17<15:38, 15230423.90B/s]
   GAP-kron:   2%|▏         | 276054016/14570837178 [00:18<15:08, 15742037.72B/s]
   GAP-kron:   2%|▏         | 277659648/14570837178 [00:18<15:52, 14998447.02B/s]
   GAP-kron:   2%|▏         | 279379968/14570837178 [00:18<15:17, 15580229.29B/s]
   GAP-kron:   2%|▏         | 280969216/14570837178 [00:18<16:09, 14746735.89B/s]
   GAP-kron:   2%|▏         | 282673152/14570837178 [00:18<15:31, 15346871.52B/s]
   GAP-kron:   2%|▏         | 284327936/14570837178 [00:18<16:03, 14827282.60B/s]
   GAP-kron:   2%|▏         | 285966336/14570837178 [00:18<15:37, 15244372.93B/s]
   GAP-kron:   2%|▏         | 287653888/14570837178 [00:18<15:11, 15663678.45B/s]
   GAP-kron:   2%|▏         | 289243136/14570837178 [00:18<16:05, 14785543.15B/s]
   GAP-kron:   2%|▏         | 290979840/14570837178 [00:18<15:22, 15478700.43B/s]
   GAP-kron:   2%|▏         | 292552704/14570837178 [00:19<16:04, 14805743.34B/s]
   GAP-kron:   2%|▏         | 294273024/14570837178 [00:19<15:23, 15459126.32B/s]
   GAP-kron:   2%|▏         | 295976960/14570837178 [00:19<14:58, 15886005.15B/s]
   GAP-kron:   2%|▏         | 297582592/14570837178 [00:19<15:47, 15067310.89B/s]
   GAP-kron:   2%|▏         | 299319296/14570837178 [00:19<15:10, 15682955.58B/s]
   GAP-kron:   2%|▏         | 300908544/14570837178 [00:19<16:03, 14805630.83B/s]
   GAP-kron:   2%|▏         | 302546944/14570837178 [00:19<15:37, 15212825.79B/s]
   GAP-kron:   2%|▏         | 304300032/14570837178 [00:19<14:59, 15853517.97B/s]
   GAP-kron:   2%|▏         | 305905664/14570837178 [00:19<15:52, 14981926.93B/s]
   GAP-kron:   2%|▏         | 307609600/14570837178 [00:20<15:18, 15524279.52B/s]
   GAP-kron:   2%|▏         | 309182464/14570837178 [00:20<16:03, 14807738.01B/s]
   GAP-kron:   2%|▏         | 310951936/14570837178 [00:20<15:15, 15576810.62B/s]
   GAP-kron:   2%|▏         | 312557568/14570837178 [00:20<15:53, 14956692.43B/s]
   GAP-kron:   2%|▏         | 314081280/14570837178 [00:20<15:53, 14954481.25B/s]
   GAP-kron:   2%|▏         | 315686912/14570837178 [00:20<15:34, 15252767.41B/s]
   GAP-kron:   2%|▏         | 317227008/14570837178 [00:20<16:16, 14597920.27B/s]
   GAP-kron:   2%|▏         | 318898176/14570837178 [00:20<15:39, 15167982.31B/s]
   GAP-kron:   2%|▏         | 320602112/14570837178 [00:20<15:07, 15700819.72B/s]
   GAP-kron:   2%|▏         | 322191360/14570837178 [00:21<15:54, 14921548.31B/s]
   GAP-kron:   2%|▏         | 323878912/14570837178 [00:21<15:21, 15457342.91B/s]
   GAP-kron:   2%|▏         | 325451776/14570837178 [00:21<16:03, 14783254.40B/s]
   GAP-kron:   2%|▏         | 327172096/14570837178 [00:21<15:29, 15320447.89B/s]
   GAP-kron:   2%|▏         | 328744960/14570837178 [00:21<15:56, 14897101.35B/s]
   GAP-kron:   2%|▏         | 330465280/14570837178 [00:21<15:17, 15524993.13B/s]
   GAP-kron:   2%|▏         | 332218368/14570837178 [00:21<14:45, 16087155.94B/s]
   GAP-kron:   2%|▏         | 333840384/14570837178 [00:21<15:29, 15311202.77B/s]
   GAP-kron:   2%|▏         | 335560704/14570837178 [00:21<15:01, 15787691.20B/s]
   GAP-kron:   2%|▏         | 337166336/14570837178 [00:22<15:37, 15188154.88B/s]
   GAP-kron:   2%|▏         | 338903040/14570837178 [00:22<15:01, 15787383.61B/s]
   GAP-kron:   2%|▏         | 340656128/14570837178 [00:22<14:36, 16244205.49B/s]
   GAP-kron:   2%|▏         | 342294528/14570837178 [00:22<15:04, 15737435.61B/s]
   GAP-kron:   2%|▏         | 343949312/14570837178 [00:22<14:57, 15855633.53B/s]
   GAP-kron:   2%|▏         | 345554944/14570837178 [00:22<15:11, 15611028.54B/s]
   GAP-kron:   2%|▏         | 347258880/14570837178 [00:22<14:48, 16005883.61B/s]
   GAP-kron:   2%|▏         | 349011968/14570837178 [00:22<14:26, 16410821.10B/s]
   GAP-kron:   2%|▏         | 350666752/14570837178 [00:22<15:20, 15456404.27B/s]
   GAP-kron:   2%|▏         | 352419840/14570837178 [00:22<14:48, 16008416.03B/s]
   GAP-kron:   2%|▏         | 354041856/14570837178 [00:23<15:38, 15147228.05B/s]
   GAP-kron:   2%|▏         | 355696640/14570837178 [00:23<15:17, 15496417.87B/s]
   GAP-kron:   2%|▏         | 357335040/14570837178 [00:23<15:03, 15731063.74B/s]
   GAP-kron:   2%|▏         | 358924288/14570837178 [00:23<15:47, 14992184.92B/s]
   GAP-kron:   2%|▏         | 360660992/14570837178 [00:23<15:08, 15641528.96B/s]
   GAP-kron:   2%|▏         | 362250240/14570837178 [00:23<15:49, 14966806.71B/s]
   GAP-kron:   2%|▏         | 363905024/14570837178 [00:23<15:23, 15377132.77B/s]
   GAP-kron:   3%|▎         | 365461504/14570837178 [00:23<16:22, 14455789.29B/s]
   GAP-kron:   3%|▎         | 367067136/14570837178 [00:23<15:55, 14872351.72B/s]
   GAP-kron:   3%|▎         | 368803840/14570837178 [00:24<15:13, 15554382.17B/s]
   GAP-kron:   3%|▎         | 370376704/14570837178 [00:24<16:02, 14756171.39B/s]
   GAP-kron:   3%|▎         | 372080640/14570837178 [00:24<15:22, 15384119.76B/s]
   GAP-kron:   3%|▎         | 373637120/14570837178 [00:24<16:11, 14619931.00B/s]
   GAP-kron:   3%|▎         | 375275520/14570837178 [00:24<15:40, 15093658.75B/s]
   GAP-kron:   3%|▎         | 376864768/14570837178 [00:24<15:28, 15291451.60B/s]
   GAP-kron:   3%|▎         | 378421248/14570837178 [00:24<16:15, 14546053.96B/s]
   GAP-kron:   3%|▎         | 380092416/14570837178 [00:24<15:38, 15122985.67B/s]
   GAP-kron:   3%|▎         | 381632512/14570837178 [00:24<16:12, 14584730.17B/s]
   GAP-kron:   3%|▎         | 383401984/14570837178 [00:25<15:19, 15429441.53B/s]
   GAP-kron:   3%|▎         | 385007616/14570837178 [00:25<15:09, 15600789.28B/s]
   GAP-kron:   3%|▎         | 386580480/14570837178 [00:25<15:51, 14902148.76B/s]
   GAP-kron:   3%|▎         | 388317184/14570837178 [00:25<15:10, 15574386.13B/s]
   GAP-kron:   3%|▎         | 389890048/14570837178 [00:25<16:00, 14771027.75B/s]
   GAP-kron:   3%|▎         | 391593984/14570837178 [00:25<15:22, 15377966.03B/s]
   GAP-kron:   3%|▎         | 393150464/14570837178 [00:25<15:59, 14782024.38B/s]
   GAP-kron:   3%|▎         | 394821632/14570837178 [00:25<15:25, 15313095.72B/s]
   GAP-kron:   3%|▎         | 396574720/14570837178 [00:25<14:51, 15905990.13B/s]
   GAP-kron:   3%|▎         | 398180352/14570837178 [00:25<15:35, 15156910.55B/s]
   GAP-kron:   3%|▎         | 399933440/14570837178 [00:26<14:57, 15788675.64B/s]
   GAP-kron:   3%|▎         | 401539072/14570837178 [00:26<15:47, 14958914.46B/s]
   GAP-kron:   3%|▎         | 403259392/14570837178 [00:26<15:11, 15541264.61B/s]
   GAP-kron:   3%|▎         | 404914176/14570837178 [00:26<14:56, 15794118.15B/s]
   GAP-kron:   3%|▎         | 406519808/14570837178 [00:26<15:41, 15037795.12B/s]
   GAP-kron:   3%|▎         | 408240128/14570837178 [00:26<15:05, 15644947.73B/s]
   GAP-kron:   3%|▎         | 409829376/14570837178 [00:26<15:50, 14905669.47B/s]
   GAP-kron:   3%|▎         | 411549696/14570837178 [00:26<15:11, 15533550.76B/s]
   GAP-kron:   3%|▎         | 413122560/14570837178 [00:26<15:49, 14911107.30B/s]
   GAP-kron:   3%|▎         | 414793728/14570837178 [00:27<15:18, 15404852.23B/s]
   GAP-kron:   3%|▎         | 416530432/14570837178 [00:27<14:48, 15937204.89B/s]
   GAP-kron:   3%|▎         | 418136064/14570837178 [00:27<15:40, 15050140.92B/s]
   GAP-kron:   3%|▎         | 419889152/14570837178 [00:27<14:59, 15734606.49B/s]
   GAP-kron:   3%|▎         | 421494784/14570837178 [00:27<15:01, 15701886.05B/s]
   GAP-kron:   3%|▎         | 423264256/14570837178 [00:27<14:30, 16250394.50B/s]
   GAP-kron:   3%|▎         | 425000960/14570837178 [00:27<14:14, 16563650.78B/s]
   GAP-kron:   3%|▎         | 426672128/14570837178 [00:27<14:23, 16375260.34B/s]
   GAP-kron:   3%|▎         | 428441600/14570837178 [00:27<14:04, 16750826.51B/s]
   GAP-kron:   3%|▎         | 430129152/14570837178 [00:28<14:30, 16246685.41B/s]
   GAP-kron:   3%|▎         | 431816704/14570837178 [00:28<14:21, 16415904.85B/s]
   GAP-kron:   3%|▎         | 433471488/14570837178 [00:28<14:19, 16453674.97B/s]
   GAP-kron:   3%|▎         | 435126272/14570837178 [00:28<15:17, 15409303.07B/s]
   GAP-kron:   3%|▎         | 436764672/14570837178 [00:28<15:01, 15671910.37B/s]
   GAP-kron:   3%|▎         | 438353920/14570837178 [00:28<15:31, 15174046.08B/s]
   GAP-kron:   3%|▎         | 440008704/14570837178 [00:28<15:09, 15540085.23B/s]
   GAP-kron:   3%|▎         | 441729024/14570837178 [00:28<14:42, 16002475.02B/s]
   GAP-kron:   3%|▎         | 443351040/14570837178 [00:28<15:25, 15262969.23B/s]
   GAP-kron:   3%|▎         | 445071360/14570837178 [00:28<14:54, 15800415.73B/s]
   GAP-kron:   3%|▎         | 446676992/14570837178 [00:29<15:39, 15033625.99B/s]
   GAP-kron:   3%|▎         | 448397312/14570837178 [00:29<15:04, 15620582.42B/s]
   GAP-kron:   3%|▎         | 449986560/14570837178 [00:29<15:40, 15008062.47B/s]
   GAP-kron:   3%|▎         | 451706880/14570837178 [00:29<15:04, 15613059.34B/s]
   GAP-kron:   3%|▎         | 453345280/14570837178 [00:29<14:53, 15793821.36B/s]
   GAP-kron:   3%|▎         | 454950912/14570837178 [00:29<15:37, 15063196.82B/s]
   GAP-kron:   3%|▎         | 456605696/14570837178 [00:29<15:14, 15437677.79B/s]
   GAP-kron:   3%|▎         | 458211328/14570837178 [00:29<15:58, 14721873.43B/s]
   GAP-kron:   3%|▎         | 459800576/14570837178 [00:29<15:37, 15043913.60B/s]
   GAP-kron:   3%|▎         | 461504512/14570837178 [00:30<15:05, 15585122.20B/s]
   GAP-kron:   3%|▎         | 463077376/14570837178 [00:30<15:51, 14831345.44B/s]
   GAP-kron:   3%|▎         | 464764928/14570837178 [00:30<15:15, 15405867.60B/s]
   GAP-kron:   3%|▎         | 466321408/14570837178 [00:30<16:05, 14613480.73B/s]
   GAP-kron:   3%|▎         | 467992576/14570837178 [00:30<15:28, 15185111.77B/s]
   GAP-kron:   3%|▎         | 469712896/14570837178 [00:30<14:56, 15724529.38B/s]
   GAP-kron:   3%|▎         | 471302144/14570837178 [00:30<15:45, 14907059.35B/s]
   GAP-kron:   3%|▎         | 472973312/14570837178 [00:30<15:15, 15399253.60B/s]
   GAP-kron:   3%|▎         | 474529792/14570837178 [00:30<15:58, 14710313.56B/s]
   GAP-kron:   3%|▎         | 476250112/14570837178 [00:31<15:16, 15385688.65B/s]
   GAP-kron:   3%|▎         | 478003200/14570837178 [00:31<14:41, 15978904.51B/s]
   GAP-kron:   3%|▎         | 479625216/14570837178 [00:31<15:32, 15108697.80B/s]
   GAP-kron:   3%|▎         | 481296384/14570837178 [00:31<15:06, 15537952.21B/s]
   GAP-kron:   3%|▎         | 482869248/14570837178 [00:31<15:24, 15232435.98B/s]
   GAP-kron:   3%|▎         | 484638720/14570837178 [00:31<14:46, 15895056.35B/s]
   GAP-kron:   3%|▎         | 486342656/14570837178 [00:31<14:29, 16195693.27B/s]
   GAP-kron:   3%|▎         | 487981056/14570837178 [00:31<15:16, 15365677.39B/s]
   GAP-kron:   3%|▎         | 489684992/14570837178 [00:31<14:49, 15829965.57B/s]
   GAP-kron:   3%|▎         | 491290624/14570837178 [00:32<15:32, 15097218.58B/s]
   GAP-kron:   3%|▎         | 493010944/14570837178 [00:32<14:58, 15676283.60B/s]
   GAP-kron:   3%|▎         | 494780416/14570837178 [00:32<14:27, 16233540.29B/s]
   GAP-kron:   3%|▎         | 496418816/14570837178 [00:32<15:38, 14991503.41B/s]
   GAP-kron:   3%|▎         | 498024448/14570837178 [00:32<15:21, 15268200.15B/s]
   GAP-kron:   3%|▎         | 499580928/14570837178 [00:32<16:13, 14449348.58B/s]
   GAP-kron:   3%|▎         | 501252096/14570837178 [00:32<15:33, 15065399.59B/s]
   GAP-kron:   3%|▎         | 502939648/14570837178 [00:32<15:05, 15542057.20B/s]
   GAP-kron:   3%|▎         | 504512512/14570837178 [00:32<15:02, 15579316.57B/s]
   GAP-kron:   3%|▎         | 506249216/14570837178 [00:32<14:33, 16097833.80B/s]
   GAP-kron:   3%|▎         | 507871232/14570837178 [00:33<14:44, 15897938.15B/s]
   GAP-kron:   3%|▎         | 509624320/14570837178 [00:33<14:20, 16338476.84B/s]
   GAP-kron:   4%|▎         | 511311872/14570837178 [00:33<14:12, 16493324.09B/s]
   GAP-kron:   4%|▎         | 512966656/14570837178 [00:33<15:08, 15469153.31B/s]
   GAP-kron:   4%|▎         | 514719744/14570837178 [00:33<14:37, 16018032.23B/s]
   GAP-kron:   4%|▎         | 516341760/14570837178 [00:33<15:24, 15195231.64B/s]
   GAP-kron:   4%|▎         | 518094848/14570837178 [00:33<14:48, 15825034.54B/s]
   GAP-kron:   4%|▎         | 519700480/14570837178 [00:33<15:27, 15157342.68B/s]
   GAP-kron:   4%|▎         | 521420800/14570837178 [00:33<14:55, 15697056.23B/s]
   GAP-kron:   4%|▎         | 523173888/14570837178 [00:34<14:27, 16199026.56B/s]
   GAP-kron:   4%|▎         | 524812288/14570837178 [00:34<15:18, 15284589.19B/s]
   GAP-kron:   4%|▎         | 526532608/14570837178 [00:34<14:49, 15782902.56B/s]
   GAP-kron:   4%|▎         | 528138240/14570837178 [00:34<15:40, 14931178.19B/s]
   GAP-kron:   4%|▎         | 529891328/14570837178 [00:34<14:58, 15632486.57B/s]
   GAP-kron:   4%|▎         | 531513344/14570837178 [00:34<15:27, 15132119.36B/s]
   GAP-kron:   4%|▎         | 533233664/14570837178 [00:34<14:54, 15689887.75B/s]
   GAP-kron:   4%|▎         | 534986752/14570837178 [00:34<14:25, 16211115.75B/s]
   GAP-kron:   4%|▎         | 536625152/14570837178 [00:34<15:16, 15316359.25B/s]
   GAP-kron:   4%|▎         | 538345472/14570837178 [00:35<14:46, 15827287.20B/s]
   GAP-kron:   4%|▎         | 539951104/14570837178 [00:35<15:30, 15070896.54B/s]
   GAP-kron:   4%|▎         | 541704192/14570837178 [00:35<14:52, 15727307.33B/s]
   GAP-kron:   4%|▎         | 543424512/14570837178 [00:35<14:29, 16135995.99B/s]
   GAP-kron:   4%|▎         | 545062912/14570837178 [00:35<15:18, 15273935.40B/s]
   GAP-kron:   4%|▍         | 546783232/14570837178 [00:35<14:49, 15771749.58B/s]
   GAP-kron:   4%|▍         | 548388864/14570837178 [00:35<15:40, 14912946.12B/s]
   GAP-kron:   4%|▍         | 550076416/14570837178 [00:35<15:09, 15419757.60B/s]
   GAP-kron:   4%|▍         | 551878656/14570837178 [00:35<15:26, 15128409.32B/s]
   GAP-kron:   4%|▍         | 553598976/14570837178 [00:35<14:54, 15662886.40B/s]
   GAP-kron:   4%|▍         | 555286528/14570837178 [00:36<14:36, 15997311.68B/s]
   GAP-kron:   4%|▍         | 556908544/14570837178 [00:36<15:41, 14890953.84B/s]
   GAP-kron:   4%|▍         | 558546944/14570837178 [00:36<15:16, 15287297.80B/s]
   GAP-kron:   4%|▍         | 560103424/14570837178 [00:36<16:00, 14593601.63B/s]
   GAP-kron:   4%|▍         | 561676288/14570837178 [00:36<15:40, 14902056.16B/s]
   GAP-kron:   4%|▍         | 563380224/14570837178 [00:36<15:05, 15465022.76B/s]
   GAP-kron:   4%|▍         | 564953088/14570837178 [00:36<15:47, 14776453.76B/s]
   GAP-kron:   4%|▍         | 566706176/14570837178 [00:36<15:00, 15545297.39B/s]
   GAP-kron:   4%|▍         | 568279040/14570837178 [00:36<15:58, 14609118.90B/s]
   GAP-kron:   4%|▍         | 569966592/14570837178 [00:37<15:20, 15213859.88B/s]
   GAP-kron:   4%|▍         | 571604992/14570837178 [00:37<15:52, 14700294.54B/s]
   GAP-kron:   4%|▍         | 573259776/14570837178 [00:37<15:22, 15172429.06B/s]
   GAP-kron:   4%|▍         | 574996480/14570837178 [00:37<14:48, 15760806.14B/s]
   GAP-kron:   4%|▍         | 576602112/14570837178 [00:37<15:29, 15050763.90B/s]
   GAP-kron:   4%|▍         | 578371584/14570837178 [00:37<14:47, 15770152.45B/s]
   GAP-kron:   4%|▍         | 579977216/14570837178 [00:37<15:05, 15455908.08B/s]
   GAP-kron:   4%|▍         | 581550080/14570837178 [00:37<15:13, 15314620.20B/s]
   GAP-kron:   4%|▍         | 583319552/14570837178 [00:37<14:34, 15989437.65B/s]
   GAP-kron:   4%|▍         | 584941568/14570837178 [00:38<15:20, 15191346.88B/s]
   GAP-kron:   4%|▍         | 586711040/14570837178 [00:38<14:41, 15868446.33B/s]
   GAP-kron:   4%|▍         | 588316672/14570837178 [00:38<15:32, 14998643.70B/s]
   GAP-kron:   4%|▍         | 590086144/14570837178 [00:38<14:47, 15745869.03B/s]
   GAP-kron:   4%|▍         | 591691776/14570837178 [00:38<15:23, 15142118.76B/s]
   GAP-kron:   4%|▍         | 593428480/14570837178 [00:38<14:48, 15731634.76B/s]
   GAP-kron:   4%|▍         | 595263488/14570837178 [00:38<14:10, 16437559.18B/s]
   GAP-kron:   4%|▍         | 596934656/14570837178 [00:38<14:55, 15596733.35B/s]
   GAP-kron:   4%|▍         | 598671360/14570837178 [00:38<14:28, 16078658.73B/s]
   GAP-kron:   4%|▍         | 600309760/14570837178 [00:39<15:24, 15117479.23B/s]
   GAP-kron:   4%|▍         | 602046464/14570837178 [00:39<14:47, 15733699.14B/s]
   GAP-kron:   4%|▍         | 603652096/14570837178 [00:39<15:20, 15175650.26B/s]
   GAP-kron:   4%|▍         | 605372416/14570837178 [00:39<14:49, 15698995.48B/s]
   GAP-kron:   4%|▍         | 607076352/14570837178 [00:39<14:30, 16037150.84B/s]
   GAP-kron:   4%|▍         | 608698368/14570837178 [00:39<15:21, 15156365.02B/s]
   GAP-kron:   4%|▍         | 610467840/14570837178 [00:39<14:40, 15850783.54B/s]
   GAP-kron:   4%|▍         | 612073472/14570837178 [00:39<15:33, 14947869.79B/s]
   GAP-kron:   4%|▍         | 613744640/14570837178 [00:39<15:06, 15404918.55B/s]
   GAP-kron:   4%|▍         | 615317504/14570837178 [00:40<15:01, 15480710.28B/s]
   GAP-kron:   4%|▍         | 616890368/14570837178 [00:40<15:45, 14760406.08B/s]
   GAP-kron:   4%|▍         | 618643456/14570837178 [00:40<14:58, 15525509.08B/s]
   GAP-kron:   4%|▍         | 620216320/14570837178 [00:40<15:46, 14743359.35B/s]
   GAP-kron:   4%|▍         | 621936640/14570837178 [00:40<15:05, 15412709.18B/s]
   GAP-kron:   4%|▍         | 623509504/14570837178 [00:40<15:45, 14749405.39B/s]
   GAP-kron:   4%|▍         | 625278976/14570837178 [00:40<14:57, 15534011.21B/s]
   GAP-kron:   4%|▍         | 627064832/14570837178 [00:40<14:22, 16170660.92B/s]
   GAP-kron:   4%|▍         | 628703232/14570837178 [00:40<14:59, 15493866.25B/s]
   GAP-kron:   4%|▍         | 630456320/14570837178 [00:40<14:28, 16056733.66B/s]
   GAP-kron:   4%|▍         | 632078336/14570837178 [00:41<14:43, 15782363.52B/s]
   GAP-kron:   4%|▍         | 633798656/14570837178 [00:41<14:21, 16178262.70B/s]
   GAP-kron:   4%|▍         | 635437056/14570837178 [00:41<14:19, 16217763.98B/s]
   GAP-kron:   4%|▍         | 637075456/14570837178 [00:41<15:05, 15386396.23B/s]
   GAP-kron:   4%|▍         | 638861312/14570837178 [00:41<14:27, 16057488.74B/s]
   GAP-kron:   4%|▍         | 640483328/14570837178 [00:41<15:17, 15179039.44B/s]
   GAP-kron:   4%|▍         | 642105344/14570837178 [00:41<15:02, 15441882.66B/s]
   GAP-kron:   4%|▍         | 643776512/14570837178 [00:41<14:49, 15662313.94B/s]
   GAP-kron:   4%|▍         | 645447680/14570837178 [00:41<14:32, 15959344.63B/s]
   GAP-kron:   4%|▍         | 647135232/14570837178 [00:42<14:18, 16223885.30B/s]
   GAP-kron:   4%|▍         | 648773632/14570837178 [00:42<15:10, 15284448.05B/s]
   GAP-kron:   4%|▍         | 650428416/14570837178 [00:42<14:51, 15616851.69B/s]
   GAP-kron:   4%|▍         | 652017664/14570837178 [00:42<15:44, 14738159.25B/s]
   GAP-kron:   4%|▍         | 653672448/14570837178 [00:42<15:14, 15213309.29B/s]
   GAP-kron:   4%|▍         | 655360000/14570837178 [00:42<14:47, 15683196.11B/s]
   GAP-kron:   5%|▍         | 656949248/14570837178 [00:42<15:32, 14921014.12B/s]
   GAP-kron:   5%|▍         | 658718720/14570837178 [00:42<14:47, 15668200.58B/s]
   GAP-kron:   5%|▍         | 660307968/14570837178 [00:42<15:37, 14840818.41B/s]
   GAP-kron:   5%|▍         | 661946368/14570837178 [00:43<15:11, 15260561.89B/s]
   GAP-kron:   5%|▍         | 663666688/14570837178 [00:43<14:41, 15781959.66B/s]
   GAP-kron:   5%|▍         | 665272320/14570837178 [00:43<15:32, 14911675.89B/s]
   GAP-kron:   5%|▍         | 666894336/14570837178 [00:43<15:11, 15259023.92B/s]
   GAP-kron:   5%|▍         | 668450816/14570837178 [00:43<15:57, 14512488.51B/s]
   GAP-kron:   5%|▍         | 670154752/14570837178 [00:43<15:15, 15187148.39B/s]
   GAP-kron:   5%|▍         | 671776768/14570837178 [00:43<15:52, 14596591.06B/s]
   GAP-kron:   5%|▍         | 673415168/14570837178 [00:43<15:23, 15049299.26B/s]
   GAP-kron:   5%|▍         | 675168256/14570837178 [00:43<14:43, 15733405.74B/s]
   GAP-kron:   5%|▍         | 676757504/14570837178 [00:44<15:27, 14973616.51B/s]
   GAP-kron:   5%|▍         | 678346752/14570837178 [00:44<15:14, 15187052.57B/s]
   GAP-kron:   5%|▍         | 679886848/14570837178 [00:44<16:15, 14239663.51B/s]
   GAP-kron:   5%|▍         | 681328640/14570837178 [00:44<16:14, 14250652.71B/s]
   GAP-kron:   5%|▍         | 682770432/14570837178 [00:44<16:17, 14205790.24B/s]
   GAP-kron:   5%|▍         | 684212224/14570837178 [00:44<17:32, 13188778.72B/s]
   GAP-kron:   5%|▍         | 685735936/14570837178 [00:44<16:51, 13733304.17B/s]
   GAP-kron:   5%|▍         | 687161344/14570837178 [00:44<16:42, 13849571.46B/s]
   GAP-kron:   5%|▍         | 688570368/14570837178 [00:44<17:31, 13206995.88B/s]
   GAP-kron:   5%|▍         | 690094080/14570837178 [00:44<16:49, 13754213.54B/s]
   GAP-kron:   5%|▍         | 691568640/14570837178 [00:45<17:35, 13149514.34B/s]
   GAP-kron:   5%|▍         | 692944896/14570837178 [00:45<17:22, 13315488.45B/s]
   GAP-kron:   5%|▍         | 694288384/14570837178 [00:45<17:23, 13304411.98B/s]
   GAP-kron:   5%|▍         | 695631872/14570837178 [00:45<18:29, 12507893.16B/s]
   GAP-kron:   5%|▍         | 697040896/14570837178 [00:45<17:55, 12903530.86B/s]
   GAP-kron:   5%|▍         | 698548224/14570837178 [00:45<17:09, 13473388.15B/s]
   GAP-kron:   5%|▍         | 699908096/14570837178 [00:45<17:13, 13422651.29B/s]
   GAP-kron:   5%|▍         | 701366272/14570837178 [00:45<16:50, 13730059.93B/s]
   GAP-kron:   5%|▍         | 702840832/14570837178 [00:45<16:30, 13997557.19B/s]
   GAP-kron:   5%|▍         | 704249856/14570837178 [00:46<17:10, 13453430.30B/s]
   GAP-kron:   5%|▍         | 705904640/14570837178 [00:46<16:08, 14311637.60B/s]
   GAP-kron:   5%|▍         | 707526656/14570837178 [00:46<16:29, 14012202.38B/s]
   GAP-kron:   5%|▍         | 709099520/14570837178 [00:46<15:57, 14482034.01B/s]
   GAP-kron:   5%|▍         | 710770688/14570837178 [00:46<15:18, 15083850.61B/s]
   GAP-kron:   5%|▍         | 712294400/14570837178 [00:46<16:00, 14425061.18B/s]
   GAP-kron:   5%|▍         | 713965568/14570837178 [00:46<15:19, 15068269.20B/s]
   GAP-kron:   5%|▍         | 715489280/14570837178 [00:46<16:05, 14347098.20B/s]
   GAP-kron:   5%|▍         | 717160448/14570837178 [00:46<15:25, 14971973.30B/s]
   GAP-kron:   5%|▍         | 718831616/14570837178 [00:47<14:57, 15442505.10B/s]
   GAP-kron:   5%|▍         | 720388096/14570837178 [00:47<15:15, 15134506.07B/s]
   GAP-kron:   5%|▍         | 722059264/14570837178 [00:47<14:50, 15559303.59B/s]
   GAP-kron:   5%|▍         | 723664896/14570837178 [00:47<14:42, 15696571.15B/s]
   GAP-kron:   5%|▍         | 725254144/14570837178 [00:47<14:56, 15439198.81B/s]
   GAP-kron:   5%|▍         | 726876160/14570837178 [00:47<14:43, 15660762.96B/s]
   GAP-kron:   5%|▍         | 728449024/14570837178 [00:47<15:35, 14792217.06B/s]
   GAP-kron:   5%|▌         | 730136576/14570837178 [00:47<15:00, 15361732.10B/s]
   GAP-kron:   5%|▌         | 731807744/14570837178 [00:47<14:39, 15739974.39B/s]
   GAP-kron:   5%|▌         | 733396992/14570837178 [00:47<14:55, 15448899.83B/s]
   GAP-kron:   5%|▌         | 735084544/14570837178 [00:48<14:33, 15842879.88B/s]
   GAP-kron:   5%|▌         | 736690176/14570837178 [00:48<15:23, 14981269.71B/s]
   GAP-kron:   5%|▌         | 738361344/14570837178 [00:48<14:55, 15448573.70B/s]
   GAP-kron:   5%|▌         | 739999744/14570837178 [00:48<14:41, 15691879.45B/s]
   GAP-kron:   5%|▌         | 741588992/14570837178 [00:48<15:36, 14763908.69B/s]
   GAP-kron:   5%|▌         | 743243776/14570837178 [00:48<15:06, 15254919.29B/s]
   GAP-kron:   5%|▌         | 744800256/14570837178 [00:48<15:48, 14580344.41B/s]
   GAP-kron:   5%|▌         | 746471424/14570837178 [00:48<15:12, 15144948.48B/s]
   GAP-kron:   5%|▌         | 748126208/14570837178 [00:48<15:49, 14552188.39B/s]
   GAP-kron:   5%|▌         | 749780992/14570837178 [00:49<15:16, 15075230.70B/s]
   GAP-kron:   5%|▌         | 751435776/14570837178 [00:49<14:52, 15486077.24B/s]
   GAP-kron:   5%|▌         | 753008640/14570837178 [00:49<15:02, 15303459.23B/s]
   GAP-kron:   5%|▌         | 754663424/14570837178 [00:49<14:43, 15638346.53B/s]
   GAP-kron:   5%|▌         | 756301824/14570837178 [00:49<15:31, 14824440.69B/s]
   GAP-kron:   5%|▌         | 757956608/14570837178 [00:49<15:03, 15288376.92B/s]
   GAP-kron:   5%|▌         | 759627776/14570837178 [00:49<14:40, 15684655.14B/s]
   GAP-kron:   5%|▌         | 761217024/14570837178 [00:49<15:32, 14802067.66B/s]
   GAP-kron:   5%|▌         | 762855424/14570837178 [00:49<15:07, 15219403.89B/s]
   GAP-kron:   5%|▌         | 764395520/14570837178 [00:50<15:51, 14503587.55B/s]
   GAP-kron:   5%|▌         | 766050304/14570837178 [00:50<15:17, 15051476.94B/s]
   GAP-kron:   5%|▌         | 767705088/14570837178 [00:50<14:53, 15451971.22B/s]
   GAP-kron:   5%|▌         | 769277952/14570837178 [00:50<15:40, 14670981.61B/s]
   GAP-kron:   5%|▌         | 770949120/14570837178 [00:50<15:06, 15216168.86B/s]
   GAP-kron:   5%|▌         | 772489216/14570837178 [00:50<15:49, 14533166.01B/s]
   GAP-kron:   5%|▌         | 774160384/14570837178 [00:50<15:14, 15089320.79B/s]
   GAP-kron:   5%|▌         | 775847936/14570837178 [00:50<14:47, 15551595.09B/s]
   GAP-kron:   5%|▌         | 777420800/14570837178 [00:50<15:34, 14760091.79B/s]
   GAP-kron:   5%|▌         | 779108352/14570837178 [00:50<14:59, 15328407.34B/s]
   GAP-kron:   5%|▌         | 780664832/14570837178 [00:51<15:20, 14978754.83B/s]
   GAP-kron:   5%|▌         | 782336000/14570837178 [00:51<14:53, 15432031.80B/s]
   GAP-kron:   5%|▌         | 784023552/14570837178 [00:51<14:32, 15810376.39B/s]
   GAP-kron:   5%|▌         | 785612800/14570837178 [00:51<14:43, 15604838.20B/s]
   GAP-kron:   5%|▌         | 787251200/14570837178 [00:51<14:31, 15817867.43B/s]
   GAP-kron:   5%|▌         | 788840448/14570837178 [00:51<15:25, 14891832.01B/s]
   GAP-kron:   5%|▌         | 790511616/14570837178 [00:51<14:55, 15386144.46B/s]
   GAP-kron:   5%|▌         | 792182784/14570837178 [00:51<14:34, 15750267.03B/s]
   GAP-kron:   5%|▌         | 793772032/14570837178 [00:51<15:31, 14791792.86B/s]
   GAP-kron:   5%|▌         | 795459584/14570837178 [00:52<14:58, 15336831.17B/s]
   GAP-kron:   5%|▌         | 797016064/14570837178 [00:52<15:47, 14531598.40B/s]
   GAP-kron:   5%|▌         | 798670848/14570837178 [00:52<15:13, 15082935.23B/s]
   GAP-kron:   5%|▌         | 800358400/14570837178 [00:52<14:45, 15556294.61B/s]
   GAP-kron:   6%|▌         | 801931264/14570837178 [00:52<15:34, 14739921.09B/s]
   GAP-kron:   6%|▌         | 803553280/14570837178 [00:52<15:09, 15138457.65B/s]
   GAP-kron:   6%|▌         | 805093376/14570837178 [00:52<15:55, 14412200.35B/s]
   GAP-kron:   6%|▌         | 806764544/14570837178 [00:52<15:15, 15041809.74B/s]
   GAP-kron:   6%|▌         | 808435712/14570837178 [00:52<14:47, 15514273.84B/s]
   GAP-kron:   6%|▌         | 810008576/14570837178 [00:53<15:33, 14739714.09B/s]
   GAP-kron:   6%|▌         | 811696128/14570837178 [00:53<14:58, 15308563.59B/s]
   GAP-kron:   6%|▌         | 813252608/14570837178 [00:53<15:53, 14434200.00B/s]
   GAP-kron:   6%|▌         | 814841856/14570837178 [00:53<15:29, 14804088.86B/s]
   GAP-kron:   6%|▌         | 816496640/14570837178 [00:53<15:00, 15279230.94B/s]
   GAP-kron:   6%|▌         | 818053120/14570837178 [00:53<15:45, 14538661.67B/s]
   GAP-kron:   6%|▌         | 819724288/14570837178 [00:53<15:09, 15119442.05B/s]
   GAP-kron:   6%|▌         | 821264384/14570837178 [00:53<15:23, 14894535.92B/s]
   GAP-kron:   6%|▌         | 822935552/14570837178 [00:53<14:52, 15395954.89B/s]
   GAP-kron:   6%|▌         | 824606720/14570837178 [00:53<14:33, 15734697.57B/s]
   GAP-kron:   6%|▌         | 826195968/14570837178 [00:54<15:30, 14777467.30B/s]
   GAP-kron:   6%|▌         | 827867136/14570837178 [00:54<14:57, 15312438.28B/s]
   GAP-kron:   6%|▌         | 829423616/14570837178 [00:54<15:43, 14565558.99B/s]
   GAP-kron:   6%|▌         | 831111168/14570837178 [00:54<15:05, 15171284.05B/s]
   GAP-kron:   6%|▌         | 832733184/14570837178 [00:54<15:46, 14508046.05B/s]
   GAP-kron:   6%|▌         | 834371584/14570837178 [00:54<15:16, 14993348.00B/s]
   GAP-kron:   6%|▌         | 836059136/14570837178 [00:54<14:47, 15483761.20B/s]
   GAP-kron:   6%|▌         | 837632000/14570837178 [00:54<15:36, 14667938.46B/s]
   GAP-kron:   6%|▌         | 839303168/14570837178 [00:54<15:02, 15217497.82B/s]
   GAP-kron:   6%|▌         | 840843264/14570837178 [00:55<15:54, 14381269.10B/s]
   GAP-kron:   6%|▌         | 842530816/14570837178 [00:55<15:13, 15033001.12B/s]
   GAP-kron:   6%|▌         | 844185600/14570837178 [00:55<14:48, 15444568.72B/s]
   GAP-kron:   6%|▌         | 845758464/14570837178 [00:55<15:36, 14652716.72B/s]
   GAP-kron:   6%|▌         | 847429632/14570837178 [00:55<15:01, 15218858.01B/s]
   GAP-kron:   6%|▌         | 848969728/14570837178 [00:55<15:48, 14471828.67B/s]
   GAP-kron:   6%|▌         | 850657280/14570837178 [00:55<15:07, 15111300.90B/s]
   GAP-kron:   6%|▌         | 852279296/14570837178 [00:55<14:50, 15409165.02B/s]
   GAP-kron:   6%|▌         | 853835776/14570837178 [00:55<15:35, 14654937.82B/s]
   GAP-kron:   6%|▌         | 855490560/14570837178 [00:56<15:04, 15162343.79B/s]
   GAP-kron:   6%|▌         | 857030656/14570837178 [00:56<15:50, 14432537.00B/s]
   GAP-kron:   6%|▌         | 858701824/14570837178 [00:56<15:12, 15031495.30B/s]
   GAP-kron:   6%|▌         | 860372992/14570837178 [00:56<14:44, 15504539.93B/s]
   GAP-kron:   6%|▌         | 861945856/14570837178 [00:56<15:35, 14659260.77B/s]
   GAP-kron:   6%|▌         | 863617024/14570837178 [00:56<15:01, 15210779.43B/s]
   GAP-kron:   6%|▌         | 865157120/14570837178 [00:56<15:47, 14462878.09B/s]
   GAP-kron:   6%|▌         | 866811904/14570837178 [00:56<15:13, 14995664.79B/s]
   GAP-kron:   6%|▌         | 868466688/14570837178 [00:56<14:48, 15413337.65B/s]
   
   asv: benchmark timed out (timeout 60s)
   
   For parameters: bfs_gap_inputs.GAP/GAP-urand_16733665
   INFO root: Dataset suitesparse_matrix.GAP/GAP-urand manifest metadata is stale.
   
   GAP-urand:   0%|          | 0/16766984746 [00:00<?, ?B/s]
   GAP-urand:   0%|          | 278528/16766984746 [00:00<1:44:52, 2664560.16B/s]
   GAP-urand:   0%|          | 1196032/16766984746 [00:00<43:41, 6395706.77B/s] 
   GAP-urand:   0%|          | 2670592/16766984746 [00:00<27:34, 10129937.88B/s]
   GAP-urand:   0%|          | 4177920/16766984746 [00:00<23:09, 12061639.66B/s]
   GAP-urand:   0%|          | 5718016/16766984746 [00:00<21:04, 13253713.63B/s]
   GAP-urand:   0%|          | 7372800/16766984746 [00:00<19:30, 14319458.96B/s]
   GAP-urand:   0%|          | 9076736/16766984746 [00:00<18:22, 15195706.88B/s]
   GAP-urand:   0%|          | 10829824/16766984746 [00:00<17:32, 15915613.84B/s]
   GAP-urand:   0%|          | 12566528/16766984746 [00:00<17:04, 16352814.94B/s]
   GAP-urand:   0%|          | 14336000/16766984746 [00:01<16:41, 16724008.09B/s]
   GAP-urand:   0%|          | 16105472/16766984746 [00:01<16:26, 16984206.68B/s]
   GAP-urand:   0%|          | 17874944/16766984746 [00:01<16:14, 17181982.75B/s]
   GAP-urand:   0%|          | 19660800/16766984746 [00:01<16:04, 17361242.62B/s]
   GAP-urand:   0%|          | 21397504/16766984746 [00:01<16:06, 17331973.61B/s]
   GAP-urand:   0%|          | 23199744/16766984746 [00:01<15:55, 17516332.74B/s]
   GAP-urand:   0%|          | 24952832/16766984746 [00:01<16:08, 17285114.43B/s]
   GAP-urand:   0%|          | 26689536/16766984746 [00:01<16:16, 17144661.89B/s]
   GAP-urand:   0%|          | 28409856/16766984746 [00:01<16:35, 16820320.96B/s]
   GAP-urand:   0%|          | 30097408/16766984746 [00:01<16:44, 16666023.08B/s]
   GAP-urand:   0%|          | 31784960/16766984746 [00:02<16:43, 16685131.92B/s]
   GAP-urand:   0%|          | 33488896/16766984746 [00:02<16:38, 16765055.56B/s]
   GAP-urand:   0%|          | 35176448/16766984746 [00:02<16:38, 16757234.95B/s]
   GAP-urand:   0%|          | 36896768/16766984746 [00:02<16:31, 16871447.95B/s]
   GAP-urand:   0%|          | 38633472/16766984746 [00:02<16:25, 16976685.67B/s]
   GAP-urand:   0%|          | 40370176/16766984746 [00:02<16:20, 17053240.86B/s]
   GAP-urand:   0%|          | 42090496/16766984746 [00:02<16:26, 16955458.32B/s]
   GAP-urand:   0%|          | 43794432/16766984746 [00:02<16:29, 16903332.55B/s]
   GAP-urand:   0%|          | 45547520/16766984746 [00:02<16:20, 17061190.73B/s]
   GAP-urand:   0%|          | 47300608/16766984746 [00:02<16:14, 17162978.44B/s]
   GAP-urand:   0%|          | 49070080/16766984746 [00:03<16:06, 17292562.15B/s]
   GAP-urand:   0%|          | 50806784/16766984746 [00:03<16:16, 17112534.17B/s]
   GAP-urand:   0%|          | 52527104/16766984746 [00:03<16:28, 16911203.13B/s]
   GAP-urand:   0%|          | 54231040/16766984746 [00:03<16:27, 16927568.84B/s]
   GAP-urand:   0%|          | 55934976/16766984746 [00:03<16:25, 16955112.32B/s]
   GAP-urand:   0%|          | 57638912/16766984746 [00:03<16:26, 16934999.52B/s]
   GAP-urand:   0%|          | 59342848/16766984746 [00:03<16:24, 16963259.00B/s]
   GAP-urand:   0%|          | 61046784/16766984746 [00:03<16:23, 16984477.81B/s]
   GAP-urand:   0%|          | 62799872/16766984746 [00:03<16:16, 17105102.08B/s]
   GAP-urand:   0%|          | 64520192/16766984746 [00:03<16:25, 16940205.60B/s]
   GAP-urand:   0%|          | 66224128/16766984746 [00:04<16:26, 16925860.85B/s]
   GAP-urand:   0%|          | 67977216/16766984746 [00:04<16:18, 17064045.99B/s]
   GAP-urand:   0%|          | 69697536/16766984746 [00:04<16:17, 17080101.28B/s]
   GAP-urand:   0%|          | 71434240/16766984746 [00:04<16:14, 17140917.61B/s]
   GAP-urand:   0%|          | 73203712/16766984746 [00:04<16:07, 17259395.24B/s]
   GAP-urand:   0%|          | 74940416/16766984746 [00:04<16:17, 17081988.84B/s]
   GAP-urand:   0%|          | 76660736/16766984746 [00:04<17:01, 16345592.30B/s]
   GAP-urand:   0%|          | 78331904/16766984746 [00:04<16:57, 16406548.50B/s]
   GAP-urand:   0%|          | 79986688/16766984746 [00:04<17:40, 15733068.93B/s]
   GAP-urand:   0%|          | 81707008/16766984746 [00:04<17:13, 16148111.11B/s]
   GAP-urand:   0%|          | 83427328/16766984746 [00:05<16:55, 16428708.63B/s]
   GAP-urand:   1%|          | 85082112/16766984746 [00:05<17:29, 15897248.61B/s]
   GAP-urand:   1%|          | 86736896/16766984746 [00:05<17:18, 16064029.16B/s]
   GAP-urand:   1%|          | 88358912/16766984746 [00:05<17:26, 15934095.34B/s]
   GAP-urand:   1%|          | 90079232/16766984746 [00:05<17:05, 16264633.53B/s]
   GAP-urand:   1%|          | 91766784/16766984746 [00:05<16:54, 16432777.00B/s]
   GAP-urand:   1%|          | 93421568/16766984746 [00:05<17:38, 15757635.18B/s]
   GAP-urand:   1%|          | 95174656/16766984746 [00:05<17:06, 16242673.67B/s]
   GAP-urand:   1%|          | 96813056/16766984746 [00:05<17:35, 15789927.62B/s]
   GAP-urand:   1%|          | 98500608/16766984746 [00:06<17:16, 16084332.64B/s]
   GAP-urand:   1%|          | 100237312/16766984746 [00:06<16:55, 16416911.56B/s]
   GAP-urand:   1%|          | 101892096/16766984746 [00:06<17:19, 16030066.22B/s]
   GAP-urand:   1%|          | 103628800/16766984746 [00:06<16:56, 16391644.63B/s]
   GAP-urand:   1%|          | 105283584/16766984746 [00:06<17:17, 16054451.65B/s]
   GAP-urand:   1%|          | 106987520/16766984746 [00:06<16:59, 16334149.81B/s]
   GAP-urand:   1%|          | 108625920/16766984746 [00:06<17:20, 16013055.03B/s]
   GAP-urand:   1%|          | 110379008/16766984746 [00:06<16:54, 16414570.45B/s]
   GAP-urand:   1%|          | 112099328/16766984746 [00:06<16:40, 16641129.47B/s]
   GAP-urand:   1%|          | 113770496/16766984746 [00:06<17:06, 16218724.93B/s]
   GAP-urand:   1%|          | 115556352/16766984746 [00:07<16:38, 16676813.94B/s]
   GAP-urand:   1%|          | 117243904/16766984746 [00:07<17:11, 16140343.72B/s]
   GAP-urand:   1%|          | 119029760/16766984746 [00:07<16:42, 16606219.37B/s]
   GAP-urand:   1%|          | 120700928/16766984746 [00:07<16:58, 16344707.20B/s]
   GAP-urand:   1%|          | 122388480/16766984746 [00:07<16:51, 16462246.69B/s]
   GAP-urand:   1%|          | 124059648/16766984746 [00:07<16:47, 16520523.14B/s]
   GAP-urand:   1%|          | 125714432/16766984746 [00:07<17:26, 15896454.56B/s]
   GAP-urand:   1%|          | 127401984/16766984746 [00:07<17:08, 16175955.67B/s]
   GAP-urand:   1%|          | 129040384/16766984746 [00:07<17:25, 15912414.42B/s]
   GAP-urand:   1%|          | 130744320/16766984746 [00:08<17:07, 16198181.88B/s]
   GAP-urand:   1%|          | 132464640/16766984746 [00:08<16:48, 16491645.39B/s]
   GAP-urand:   1%|          | 134119424/16766984746 [00:08<17:13, 16097437.98B/s]
   GAP-urand:   1%|          | 135872512/16766984746 [00:08<16:47, 16500153.32B/s]
   GAP-urand:   1%|          | 137527296/16766984746 [00:08<17:06, 16206157.68B/s]
   GAP-urand:   1%|          | 139264000/16766984746 [00:08<16:47, 16502075.64B/s]
   GAP-urand:   1%|          | 140918784/16766984746 [00:08<17:11, 16114044.28B/s]
   GAP-urand:   1%|          | 142688256/16766984746 [00:08<16:43, 16564418.08B/s]
   GAP-urand:   1%|          | 144408576/16766984746 [00:08<16:33, 16733084.31B/s]
   GAP-urand:   1%|          | 146096128/16766984746 [00:08<17:09, 16144965.02B/s]
   GAP-urand:   1%|          | 147767296/16766984746 [00:09<17:00, 16283771.15B/s]
   GAP-urand:   1%|          | 149405696/16766984746 [00:09<17:33, 15779224.20B/s]
   GAP-urand:   1%|          | 151158784/16766984746 [00:09<17:02, 16256708.24B/s]
   GAP-urand:   1%|          | 152846336/16766984746 [00:09<16:51, 16418808.02B/s]
   GAP-urand:   1%|          | 154599424/16766984746 [00:09<16:33, 16728136.29B/s]
   GAP-urand:   1%|          | 156319744/16766984746 [00:09<16:25, 16863274.23B/s]
   GAP-urand:   1%|          | 158023680/16766984746 [00:09<16:46, 16503632.95B/s]
   GAP-urand:   1%|          | 159793152/16766984746 [00:09<16:27, 16820069.23B/s]
   GAP-urand:   1%|          | 161480704/16766984746 [00:09<17:01, 16253973.92B/s]
   GAP-urand:   1%|          | 163217408/16766984746 [00:09<16:43, 16544403.20B/s]
   GAP-urand:   1%|          | 164888576/16766984746 [00:10<17:09, 16129862.14B/s]
   GAP-urand:   1%|          | 166658048/16766984746 [00:10<16:41, 16574381.93B/s]
   GAP-urand:   1%|          | 168460288/16766984746 [00:10<16:18, 16964133.06B/s]
   GAP-urand:   1%|          | 170164224/16766984746 [00:10<16:56, 16326206.86B/s]
   GAP-urand:   1%|          | 171917312/16766984746 [00:10<16:37, 16629982.31B/s]
   GAP-urand:   1%|          | 173588480/16766984746 [00:10<17:07, 16143688.36B/s]
   GAP-urand:   1%|          | 175374336/16766984746 [00:10<16:39, 16598657.48B/s]
   GAP-urand:   1%|          | 177061888/16766984746 [00:10<17:03, 16201984.00B/s]
   GAP-urand:   1%|          | 178798592/16766984746 [00:10<16:44, 16519098.28B/s]
   GAP-urand:   1%|          | 180600832/16766984746 [00:11<16:19, 16933309.41B/s]
   GAP-urand:   1%|          | 182304768/16766984746 [00:11<16:40, 16578840.39B/s]
   GAP-urand:   1%|          | 184008704/16766984746 [00:11<16:34, 16677645.82B/s]
   GAP-urand:   1%|          | 185696256/16766984746 [00:11<16:57, 16291754.42B/s]
   GAP-urand:   1%|          | 187432960/16766984746 [00:11<16:39, 16581235.40B/s]
   GAP-urand:   1%|          | 189136896/16766984746 [00:11<16:54, 16342185.60B/s]
   GAP-urand:   1%|          | 190873600/16766984746 [00:11<16:37, 16619937.00B/s]
   GAP-urand:   1%|          | 192643072/16766984746 [00:11<16:19, 16926628.23B/s]
   GAP-urand:   1%|          | 194347008/16766984746 [00:11<16:50, 16407791.97B/s]
   GAP-urand:   1%|          | 196034560/16766984746 [00:11<16:42, 16536888.56B/s]
   GAP-urand:   1%|          | 197705728/16766984746 [00:12<17:11, 16058814.57B/s]
   GAP-urand:   1%|          | 199409664/16766984746 [00:12<16:53, 16339917.62B/s]
   GAP-urand:   1%|          | 201129984/16766984746 [00:12<16:38, 16590823.82B/s]
   GAP-urand:   1%|          | 202801152/16766984746 [00:12<17:06, 16144173.40B/s]
   GAP-urand:   1%|          | 204537856/16766984746 [00:12<16:44, 16495784.82B/s]
   GAP-urand:   1%|          | 206192640/16766984746 [00:12<17:11, 16059599.67B/s]
   GAP-urand:   1%|          | 207929344/16766984746 [00:12<16:47, 16437508.50B/s]
   GAP-urand:   1%|          | 209584128/16766984746 [00:12<17:22, 15879540.55B/s]
   GAP-urand:   1%|▏         | 211386368/16766984746 [00:12<16:44, 16489192.23B/s]
   GAP-urand:   1%|▏         | 213057536/16766984746 [00:13<16:41, 16536847.26B/s]
   GAP-urand:   1%|▏         | 214728704/16766984746 [00:13<17:10, 16062008.20B/s]
   GAP-urand:   1%|▏         | 216514560/16766984746 [00:13<16:38, 16578371.47B/s]
   GAP-urand:   1%|▏         | 218185728/16766984746 [00:13<17:17, 15949562.30B/s]
   GAP-urand:   1%|▏         | 219971584/16766984746 [00:13<16:43, 16495107.30B/s]
   GAP-urand:   1%|▏         | 221642752/16766984746 [00:13<17:30, 15747162.78B/s]
   GAP-urand:   1%|▏         | 223395840/16766984746 [00:13<16:58, 16239998.56B/s]
   GAP-urand:   1%|▏         | 225230848/16766984746 [00:13<16:24, 16799623.01B/s]
   GAP-urand:   1%|▏         | 226934784/16766984746 [00:13<17:00, 16201761.01B/s]
   GAP-urand:   1%|▏         | 228671488/16766984746 [00:13<16:41, 16517093.60B/s]
   GAP-urand:   1%|▏         | 230342656/16766984746 [00:14<16:41, 16508572.20B/s]
   GAP-urand:   1%|▏         | 232062976/16766984746 [00:14<16:32, 16668213.50B/s]
   GAP-urand:   1%|▏         | 233816064/16766984746 [00:14<16:17, 16918342.73B/s]
   GAP-urand:   1%|▏         | 235520000/16766984746 [00:14<17:05, 16120059.30B/s]
   GAP-urand:   1%|▏         | 237256704/16766984746 [00:14<16:43, 16469690.30B/s]
   GAP-urand:   1%|▏         | 238927872/16766984746 [00:14<17:34, 15668839.51B/s]
   GAP-urand:   1%|▏         | 240648192/16766984746 [00:14<17:08, 16064050.95B/s]
   GAP-urand:   1%|▏         | 242270208/16766984746 [00:14<18:01, 15276398.02B/s]
   GAP-urand:   1%|▏         | 243908608/16766984746 [00:14<17:42, 15556795.95B/s]
   GAP-urand:   1%|▏         | 245481472/16766984746 [00:15<17:44, 15521741.96B/s]
   GAP-urand:   1%|▏         | 247054336/16766984746 [00:15<19:10, 14359657.88B/s]
   GAP-urand:   1%|▏         | 248627200/16766984746 [00:15<18:42, 14710691.90B/s]
   GAP-urand:   1%|▏         | 250118144/16766984746 [00:15<19:26, 14162169.47B/s]
   GAP-urand:   2%|▏         | 251740160/16766984746 [00:15<18:42, 14713753.47B/s]
   GAP-urand:   2%|▏         | 253378560/16766984746 [00:15<18:08, 15165318.07B/s]
   GAP-urand:   2%|▏         | 254918656/16766984746 [00:15<19:00, 14483307.33B/s]
   GAP-urand:   2%|▏         | 256524288/16766984746 [00:15<18:27, 14905709.54B/s]
   GAP-urand:   2%|▏         | 258031616/16766984746 [00:15<18:42, 14700826.21B/s]
   GAP-urand:   2%|▏         | 259653632/16766984746 [00:16<18:11, 15117963.70B/s]
   GAP-urand:   2%|▏         | 261308416/16766984746 [00:16<17:43, 15521872.29B/s]
   GAP-urand:   2%|▏         | 262881280/16766984746 [00:16<18:03, 15226918.20B/s]
   GAP-urand:   2%|▏         | 264568832/16766984746 [00:16<17:31, 15696476.70B/s]
   GAP-urand:   2%|▏         | 266158080/16766984746 [00:16<18:14, 15072994.02B/s]
   GAP-urand:   2%|▏         | 267894784/16766984746 [00:16<17:29, 15720030.86B/s]
   GAP-urand:   2%|▏         | 269533184/16766984746 [00:16<17:17, 15903660.87B/s]
   GAP-urand:   2%|▏         | 271138816/16766984746 [00:16<17:58, 15296503.59B/s]
   GAP-urand:   2%|▏         | 272678912/16766984746 [00:16<17:58, 15291353.08B/s]
   GAP-urand:   2%|▏         | 274219008/16766984746 [00:16<18:42, 14687346.44B/s]
   GAP-urand:   2%|▏         | 275791872/16766984746 [00:17<18:23, 14950631.38B/s]
   GAP-urand:   2%|▏         | 277331968/16766984746 [00:17<18:15, 15055421.27B/s]
   GAP-urand:   2%|▏         | 278904832/16766984746 [00:17<18:03, 15221632.50B/s]
   GAP-urand:   2%|▏         | 280592384/16766984746 [00:17<17:31, 15672864.81B/s]
   GAP-urand:   2%|▏         | 282165248/16766984746 [00:17<17:40, 15542990.06B/s]
   GAP-urand:   2%|▏         | 283738112/16766984746 [00:17<17:42, 15516448.45B/s]
   GAP-urand:   2%|▏         | 285294592/16766984746 [00:17<17:41, 15528773.98B/s]
   GAP-urand:   2%|▏         | 286949376/16766984746 [00:17<17:24, 15785254.83B/s]
   GAP-urand:   2%|▏         | 288636928/16766984746 [00:17<17:02, 16107983.89B/s]
   GAP-urand:   2%|▏         | 290258944/16766984746 [00:17<17:23, 15785184.46B/s]
   GAP-urand:   2%|▏         | 291848192/16766984746 [00:18<17:31, 15668545.27B/s]
   GAP-urand:   2%|▏         | 293437440/16766984746 [00:18<17:28, 15715050.04B/s]
   GAP-urand:   2%|▏         | 295026688/16766984746 [00:18<17:27, 15718060.66B/s]
   GAP-urand:   2%|▏         | 296730624/16766984746 [00:18<17:05, 16061386.24B/s]
   GAP-urand:   2%|▏         | 298352640/16766984746 [00:18<17:20, 15832130.31B/s]
   GAP-urand:   2%|▏         | 300007424/16766984746 [00:18<17:09, 15993107.71B/s]
   GAP-urand:   2%|▏         | 301613056/16766984746 [00:18<17:19, 15837175.64B/s]
   GAP-urand:   2%|▏         | 303202304/16766984746 [00:18<17:41, 15515152.34B/s]
   GAP-urand:   2%|▏         | 304840704/16766984746 [00:18<17:24, 15759354.38B/s]
   GAP-urand:   2%|▏         | 306462720/16766984746 [00:19<17:16, 15876206.08B/s]
   GAP-urand:   2%|▏         | 308068352/16766984746 [00:19<17:13, 15924545.80B/s]
   GAP-urand:   2%|▏         | 309706752/16766984746 [00:19<17:04, 16059842.17B/s]
   GAP-urand:   2%|▏         | 311394304/16766984746 [00:19<16:49, 16296308.43B/s]
   GAP-urand:   2%|▏         | 313049088/16766984746 [00:19<16:46, 16347870.94B/s]
   GAP-urand:   2%|▏         | 314703872/16766984746 [00:19<16:43, 16388812.46B/s]
   GAP-urand:   2%|▏         | 316473344/16766984746 [00:19<16:22, 16738391.65B/s]
   GAP-urand:   2%|▏         | 318160896/16766984746 [00:19<17:02, 16089725.58B/s]
   GAP-urand:   2%|▏         | 319815680/16766984746 [00:19<16:56, 16179883.57B/s]
   GAP-urand:   2%|▏         | 321552384/16766984746 [00:19<16:37, 16493159.25B/s]
   GAP-urand:   2%|▏         | 323207168/16766984746 [00:20<16:54, 16213560.59B/s]
   GAP-urand:   2%|▏         | 324911104/16766984746 [00:20<16:40, 16428223.51B/s]
   GAP-urand:   2%|▏         | 326565888/16766984746 [00:20<17:09, 15973229.86B/s]
   GAP-urand:   2%|▏         | 328286208/16766984746 [00:20<16:49, 16281711.55B/s]
   GAP-urand:   2%|▏         | 330055680/16766984746 [00:20<16:27, 16650485.41B/s]
   GAP-urand:   2%|▏         | 331726848/16766984746 [00:20<16:58, 16137751.91B/s]
   GAP-urand:   2%|▏         | 333463552/16766984746 [00:20<16:38, 16455860.11B/s]
   GAP-urand:   2%|▏         | 335118336/16766984746 [00:20<16:54, 16198765.58B/s]
   GAP-urand:   2%|▏         | 336822272/16766984746 [00:20<16:40, 16419001.26B/s]
   GAP-urand:   2%|▏         | 338575360/16766984746 [00:20<16:45, 16331709.17B/s]
   GAP-urand:   2%|▏         | 340295680/16766984746 [00:21<16:31, 16559264.65B/s]
   GAP-urand:   2%|▏         | 341966848/16766984746 [00:21<16:33, 16528816.79B/s]
   GAP-urand:   2%|▏         | 343621632/16766984746 [00:21<17:04, 16032179.17B/s]
   GAP-urand:   2%|▏         | 345374720/16766984746 [00:21<16:38, 16445961.34B/s]
   GAP-urand:   2%|▏         | 347029504/16766984746 [00:21<17:06, 16001868.76B/s]
   GAP-urand:   2%|▏         | 348700672/16766984746 [00:21<16:54, 16180615.52B/s]
   GAP-urand:   2%|▏         | 350420992/16766984746 [00:21<16:36, 16474949.84B/s]
   GAP-urand:   2%|▏         | 352075776/16766984746 [00:21<16:54, 16183136.70B/s]
   GAP-urand:   2%|▏         | 353796096/16766984746 [00:21<16:37, 16461156.48B/s]
   GAP-urand:   2%|▏         | 355450880/16766984746 [00:22<16:54, 16172642.34B/s]
   GAP-urand:   2%|▏         | 357122048/16766984746 [00:22<16:45, 16312635.27B/s]
   GAP-urand:   2%|▏         | 358760448/16766984746 [00:22<16:45, 16322955.71B/s]
   GAP-urand:   2%|▏         | 360398848/16766984746 [00:22<17:08, 15957591.29B/s]
   GAP-urand:   2%|▏         | 362070016/16766984746 [00:22<16:55, 16157255.97B/s]
   GAP-urand:   2%|▏         | 363692032/16766984746 [00:22<16:57, 16118000.70B/s]
   GAP-urand:   2%|▏         | 365412352/16766984746 [00:22<16:39, 16416031.17B/s]
   GAP-urand:   2%|▏         | 367067136/16766984746 [00:22<16:40, 16389815.77B/s]
   GAP-urand:   2%|▏         | 368787456/16766984746 [00:22<16:28, 16589736.38B/s]
   GAP-urand:   2%|▏         | 370491392/16766984746 [00:22<16:23, 16677273.97B/s]
   GAP-urand:   2%|▏         | 372195328/16766984746 [00:23<16:18, 16762747.30B/s]
   GAP-urand:   2%|▏         | 373932032/16766984746 [00:23<16:08, 16925669.86B/s]
   GAP-urand:   2%|▏         | 375635968/16766984746 [00:23<16:32, 16516140.51B/s]
   GAP-urand:   2%|▏         | 377372672/16766984746 [00:23<16:17, 16762298.69B/s]
   GAP-urand:   2%|▏         | 379060224/16766984746 [00:23<16:43, 16334793.99B/s]
   GAP-urand:   2%|▏         | 380764160/16766984746 [00:23<16:31, 16532292.84B/s]
   GAP-urand:   2%|▏         | 382484480/16766984746 [00:23<16:20, 16711067.59B/s]
   GAP-urand:   2%|▏         | 384172032/16766984746 [00:23<16:28, 16568303.52B/s]
   GAP-urand:   2%|▏         | 385892352/16766984746 [00:23<16:25, 16617589.83B/s]
   GAP-urand:   2%|▏         | 387563520/16766984746 [00:23<16:35, 16447702.31B/s]
   GAP-urand:   2%|▏         | 389316608/16766984746 [00:24<16:19, 16715234.51B/s]
   GAP-urand:   2%|▏         | 391004160/16766984746 [00:24<17:10, 15893654.85B/s]
   GAP-urand:   2%|▏         | 392691712/16766984746 [00:24<16:55, 16130231.07B/s]
   GAP-urand:   2%|▏         | 394313728/16766984746 [00:24<16:53, 16156182.65B/s]
   GAP-urand:   2%|▏         | 395935744/16766984746 [00:24<17:15, 15805489.36B/s]
   GAP-urand:   2%|▏         | 397705216/16766984746 [00:24<16:42, 16321877.02B/s]
   GAP-urand:   2%|▏         | 399392768/16766984746 [00:24<16:32, 16483188.97B/s]
   GAP-urand:   2%|▏         | 401129472/16766984746 [00:24<16:19, 16712116.44B/s]
   GAP-urand:   2%|▏         | 402817024/16766984746 [00:24<16:17, 16747948.50B/s]
   GAP-urand:   2%|▏         | 404504576/16766984746 [00:24<16:19, 16707019.17B/s]
   GAP-urand:   2%|▏         | 406192128/16766984746 [00:25<16:17, 16743224.84B/s]
   GAP-urand:   2%|▏         | 407879680/16766984746 [00:25<16:16, 16749550.34B/s]
   GAP-urand:   2%|▏         | 409616384/16766984746 [00:25<16:06, 16923665.83B/s]
   GAP-urand:   2%|▏         | 411320320/16766984746 [00:25<16:16, 16748826.58B/s]
   GAP-urand:   2%|▏         | 413007872/16766984746 [00:25<16:26, 16584037.53B/s]
   GAP-urand:   2%|▏         | 414679040/16766984746 [00:25<16:51, 16160345.59B/s]
   GAP-urand:   2%|▏         | 416301056/16766984746 [00:25<16:59, 16042857.75B/s]
   GAP-urand:   2%|▏         | 417972224/16766984746 [00:25<16:49, 16202267.93B/s]
   GAP-urand:   3%|▎         | 419594240/16766984746 [00:25<16:59, 16032236.53B/s]
   GAP-urand:   3%|▎         | 421298176/16766984746 [00:26<16:41, 16324246.83B/s]
   GAP-urand:   3%|▎         | 422952960/16766984746 [00:26<16:38, 16363225.57B/s]
   GAP-urand:   3%|▎         | 424624128/16766984746 [00:26<16:34, 16439133.22B/s]
   GAP-urand:   3%|▎         | 426278912/16766984746 [00:26<16:38, 16365807.46B/s]
   GAP-urand:   3%|▎         | 427917312/16766984746 [00:26<16:53, 16117992.10B/s]
   GAP-urand:   3%|▎         | 429555712/16766984746 [00:26<16:49, 16183427.37B/s]
   GAP-urand:   3%|▎         | 431177728/16766984746 [00:26<17:08, 15876982.14B/s]
   GAP-urand:   3%|▎         | 432914432/16766984746 [00:26<16:41, 16303428.09B/s]
   GAP-urand:   3%|▎         | 434618368/16766984746 [00:26<16:58, 16036436.09B/s]
   GAP-urand:   3%|▎         | 436355072/16766984746 [00:26<16:35, 16396505.39B/s]
   GAP-urand:   3%|▎         | 438075392/16766984746 [00:27<16:22, 16626545.96B/s]
   GAP-urand:   3%|▎         | 439746560/16766984746 [00:27<16:48, 16182618.89B/s]
   GAP-urand:   3%|▎         | 441483264/16766984746 [00:27<16:30, 16486489.84B/s]
   GAP-urand:   3%|▎         | 443138048/16766984746 [00:27<16:45, 16235465.79B/s]
   GAP-urand:   3%|▎         | 444841984/16766984746 [00:27<16:31, 16458715.23B/s]
   GAP-urand:   3%|▎         | 446545920/16766984746 [00:27<16:21, 16629210.16B/s]
   GAP-urand:   3%|▎         | 448233472/16766984746 [00:27<16:17, 16695684.04B/s]
   GAP-urand:   3%|▎         | 449970176/16766984746 [00:27<16:06, 16877136.13B/s]
   GAP-urand:   3%|▎         | 451674112/16766984746 [00:27<16:07, 16859685.80B/s]
   GAP-urand:   3%|▎         | 453361664/16766984746 [00:27<16:13, 16754219.49B/s]
   GAP-urand:   3%|▎         | 455049216/16766984746 [00:28<16:26, 16537464.34B/s]
   GAP-urand:   3%|▎         | 456704000/16766984746 [00:28<16:39, 16321479.60B/s]
   GAP-urand:   3%|▎         | 458391552/16766984746 [00:28<16:31, 16452978.00B/s]
   GAP-urand:   3%|▎         | 460144640/16766984746 [00:28<16:13, 16758429.88B/s]
   GAP-urand:   3%|▎         | 461832192/16766984746 [00:28<16:12, 16767945.75B/s]
   GAP-urand:   3%|▎         | 463536128/16766984746 [00:28<16:08, 16831134.34B/s]
   GAP-urand:   3%|▎         | 465256448/16766984746 [00:28<16:04, 16907546.43B/s]
   GAP-urand:   3%|▎         | 466960384/16766984746 [00:28<16:04, 16907718.26B/s]
   GAP-urand:   3%|▎         | 468779008/16766984746 [00:28<15:44, 17247809.42B/s]
   GAP-urand:   3%|▎         | 470564864/16766984746 [00:28<15:35, 17418818.68B/s]
   GAP-urand:   3%|▎         | 472317952/16766984746 [00:29<15:36, 17392295.93B/s]
   GAP-urand:   3%|▎         | 474071040/16766984746 [00:29<15:41, 17311911.87B/s]
   GAP-urand:   3%|▎         | 475824128/16766984746 [00:29<15:38, 17357790.94B/s]
   GAP-urand:   3%|▎         | 477560832/16766984746 [00:29<15:49, 17151223.50B/s]
   GAP-urand:   3%|▎         | 479379456/16766984746 [00:29<15:35, 17408603.02B/s]
   GAP-urand:   3%|▎         | 481132544/16766984746 [00:29<16:12, 16746531.47B/s]
   GAP-urand:   3%|▎         | 482918400/16766984746 [00:29<15:54, 17059048.49B/s]
   GAP-urand:   3%|▎         | 484704256/16766984746 [00:29<15:42, 17276161.74B/s]
   GAP-urand:   3%|▎         | 486440960/16766984746 [00:29<16:18, 16642891.77B/s]
   GAP-urand:   3%|▎         | 488128512/16766984746 [00:30<16:20, 16608391.61B/s]
   GAP-urand:   3%|▎         | 489799680/16766984746 [00:30<16:44, 16205124.51B/s]
   GAP-urand:   3%|▎         | 491438080/16766984746 [00:30<16:50, 16111648.91B/s]
   GAP-urand:   3%|▎         | 493060096/16766984746 [00:30<17:28, 15525223.08B/s]
   GAP-urand:   3%|▎         | 494731264/16766984746 [00:30<17:07, 15839112.93B/s]
   GAP-urand:   3%|▎         | 496386048/16766984746 [00:30<16:55, 16017871.74B/s]
   GAP-urand:   3%|▎         | 498008064/16766984746 [00:30<17:25, 15567829.22B/s]
   GAP-urand:   3%|▎         | 499597312/16766984746 [00:30<17:19, 15651300.85B/s]
   GAP-urand:   3%|▎         | 501170176/16766984746 [00:30<17:28, 15513255.30B/s]
   GAP-urand:   3%|▎         | 502874112/16766984746 [00:30<17:01, 15926981.85B/s]
   GAP-urand:   3%|▎         | 504643584/16766984746 [00:31<16:30, 16420306.00B/s]
   GAP-urand:   3%|▎         | 506298368/16766984746 [00:31<16:57, 15978274.61B/s]
   GAP-urand:   3%|▎         | 507953152/16766984746 [00:31<16:47, 16138430.50B/s]
   GAP-urand:   3%|▎         | 509575168/16766984746 [00:31<16:48, 16122479.09B/s]
   GAP-urand:   3%|▎         | 511246336/16766984746 [00:31<16:38, 16279620.42B/s]
   GAP-urand:   3%|▎         | 512901120/16766984746 [00:31<16:34, 16339436.97B/s]
   GAP-urand:   3%|▎         | 514621440/16766984746 [00:31<16:21, 16560627.66B/s]
   GAP-urand:   3%|▎         | 516292608/16766984746 [00:31<16:30, 16412476.22B/s]
   GAP-urand:   3%|▎         | 517947392/16766984746 [00:31<16:54, 16022193.62B/s]
   GAP-urand:   3%|▎         | 519569408/16766984746 [00:31<16:52, 16052985.48B/s]
   GAP-urand:   3%|▎         | 521191424/16766984746 [00:32<17:06, 15821930.98B/s]
   GAP-urand:   3%|▎         | 522829824/16766984746 [00:32<16:57, 15959720.52B/s]
   GAP-urand:   3%|▎         | 524517376/16766984746 [00:32<17:02, 15884024.14B/s]
   GAP-urand:   3%|▎         | 526155776/16766984746 [00:32<16:53, 16024885.34B/s]
   GAP-urand:   3%|▎         | 527810560/16766984746 [00:32<16:46, 16134910.82B/s]
   GAP-urand:   3%|▎         | 529432576/16766984746 [00:32<16:58, 15947997.91B/s]
   GAP-urand:   3%|▎         | 531120128/16766984746 [00:32<16:42, 16198756.67B/s]
   GAP-urand:   3%|▎         | 532742144/16766984746 [00:32<16:43, 16184125.53B/s]
   GAP-urand:   3%|▎         | 534364160/16766984746 [00:32<16:48, 16094797.77B/s]
   GAP-urand:   3%|▎         | 536002560/16766984746 [00:33<16:43, 16174219.52B/s]
   GAP-urand:   3%|▎         | 537657344/16766984746 [00:33<16:39, 16244013.78B/s]
   GAP-urand:   3%|▎         | 539295744/16766984746 [00:33<16:38, 16244817.60B/s]
   GAP-urand:   3%|▎         | 540950528/16766984746 [00:33<16:35, 16302561.95B/s]
   GAP-urand:   3%|▎         | 542670848/16766984746 [00:33<16:19, 16567007.32B/s]
   GAP-urand:   3%|▎         | 544342016/16766984746 [00:33<16:29, 16398972.73B/s]
   GAP-urand:   3%|▎         | 546013184/16766984746 [00:33<16:26, 16444573.44B/s]
   GAP-urand:   3%|▎         | 547749888/16766984746 [00:33<16:10, 16714093.91B/s]
   GAP-urand:   3%|▎         | 549437440/16766984746 [00:33<16:07, 16757172.65B/s]
   GAP-urand:   3%|▎         | 551124992/16766984746 [00:33<16:17, 16586161.61B/s]
   GAP-urand:   3%|▎         | 552845312/16766984746 [00:34<16:09, 16717396.96B/s]
   GAP-urand:   3%|▎         | 554549248/16766984746 [00:34<16:06, 16773893.59B/s]
   GAP-urand:   3%|▎         | 556269568/16766984746 [00:34<16:00, 16868597.24B/s]
   GAP-urand:   3%|▎         | 558055424/16766984746 [00:34<15:47, 17107998.88B/s]
   GAP-urand:   3%|▎         | 559775744/16766984746 [00:34<15:59, 16897710.50B/s]
   GAP-urand:   3%|▎         | 561479680/16766984746 [00:34<16:23, 16483559.40B/s]
   GAP-urand:   3%|▎         | 563134464/16766984746 [00:34<16:44, 16130410.48B/s]
   GAP-urand:   3%|▎         | 564789248/16766984746 [00:34<16:38, 16224387.48B/s]
   GAP-urand:   3%|▎         | 566460416/16766984746 [00:34<16:30, 16356783.30B/s]
   GAP-urand:   3%|▎         | 568098816/16766984746 [00:34<16:46, 16098925.52B/s]
   GAP-urand:   3%|▎         | 569753600/16766984746 [00:35<16:41, 16180234.82B/s]
   GAP-urand:   3%|▎         | 571408384/16766984746 [00:35<16:34, 16277552.11B/s]
   GAP-urand:   3%|▎         | 573177856/16766984746 [00:35<16:12, 16651412.03B/s]
   GAP-urand:   3%|▎         | 574849024/16766984746 [00:35<16:14, 16615608.89B/s]
   GAP-urand:   3%|▎         | 576536576/16766984746 [00:35<16:12, 16651525.64B/s]
   GAP-urand:   3%|▎         | 578256896/16766984746 [00:35<16:04, 16789710.63B/s]
   GAP-urand:   3%|▎         | 579944448/16766984746 [00:35<16:11, 16656611.70B/s]
   GAP-urand:   3%|▎         | 581648384/16766984746 [00:35<16:06, 16746675.76B/s]
   GAP-urand:   3%|▎         | 583417856/16766984746 [00:35<15:52, 16985797.29B/s]
   GAP-urand:   3%|▎         | 585121792/16766984746 [00:35<16:01, 16824258.00B/s]
   GAP-urand:   3%|▎         | 586809344/16766984746 [00:36<16:02, 16804814.43B/s]
   GAP-urand:   4%|▎         | 588562432/16766984746 [00:36<15:53, 16967607.38B/s]
   GAP-urand:   4%|▎         | 590266368/16766984746 [00:36<15:55, 16927454.11B/s]
   GAP-urand:   4%|▎         | 591986688/16766984746 [00:36<15:52, 16985762.47B/s]
   GAP-urand:   4%|▎         | 593739776/16766984746 [00:36<15:45, 17105236.57B/s]
   GAP-urand:   4%|▎         | 595476480/16766984746 [00:36<15:43, 17143161.62B/s]
   GAP-urand:   4%|▎         | 597196800/16766984746 [00:36<15:56, 16907869.88B/s]
   GAP-urand:   4%|▎         | 598966272/16766984746 [00:36<15:43, 17137832.58B/s]
   GAP-urand:   4%|▎         | 600686592/16766984746 [00:36<16:05, 16751239.69B/s]
   GAP-urand:   4%|▎         | 602390528/16766984746 [00:36<16:00, 16832546.05B/s]
   GAP-urand:   4%|▎         | 604160000/16766984746 [00:37<15:47, 17050617.87B/s]
   GAP-urand:   4%|▎         | 605880320/16766984746 [00:37<15:48, 17035917.01B/s]
   GAP-urand:   4%|▎         | 607666176/16766984746 [00:37<15:37, 17236770.37B/s]
   GAP-urand:   4%|▎         | 609402880/16766984746 [00:37<15:37, 17238649.59B/s]
   GAP-urand:   4%|▎         | 611139584/16766984746 [00:37<15:38, 17215241.46B/s]
   GAP-urand:   4%|▎         | 612876288/16766984746 [00:37<15:45, 17088232.33B/s]
   GAP-urand:   4%|▎         | 614678528/16766984746 [00:37<15:31, 17333346.17B/s]
   GAP-urand:   4%|▎         | 616415232/16766984746 [00:37<15:44, 17096708.92B/s]
   GAP-urand:   4%|▎         | 618135552/16766984746 [00:37<15:43, 17124751.98B/s]
   GAP-urand:   4%|▎         | 619855872/16766984746 [00:38<16:04, 16748708.19B/s]
   GAP-urand:   4%|▎         | 621543424/16766984746 [00:38<16:08, 16662558.55B/s]
   GAP-urand:   4%|▎         | 623214592/16766984746 [00:38<16:18, 16502146.22B/s]
   GAP-urand:   4%|▎         | 624869376/16766984746 [00:38<17:00, 15819991.83B/s]
   GAP-urand:   4%|▎         | 626638848/16766984746 [00:38<16:27, 16344340.70B/s]
   GAP-urand:   4%|▎         | 628293632/16766984746 [00:38<16:58, 15844828.44B/s]
   GAP-urand:   4%|▍         | 630079488/16766984746 [00:38<16:23, 16413309.91B/s]
   GAP-urand:   4%|▍         | 631767040/16766984746 [00:38<16:17, 16498877.37B/s]
   GAP-urand:   4%|▍         | 633438208/16766984746 [00:38<17:34, 15301391.74B/s]
   GAP-urand:   4%|▍         | 635142144/16766984746 [00:38<17:02, 15780473.08B/s]
   GAP-urand:   4%|▍         | 636747776/16766984746 [00:39<17:39, 15224577.65B/s]
   GAP-urand:   4%|▍         | 638304256/16766984746 [00:39<17:34, 15288837.57B/s]
   GAP-urand:   4%|▍         | 639877120/16766984746 [00:39<17:52, 15039363.16B/s]
   GAP-urand:   4%|▍         | 641548288/16766984746 [00:39<17:20, 15496417.45B/s]
   GAP-urand:   4%|▍         | 643235840/16766984746 [00:39<16:54, 15891292.39B/s]
   GAP-urand:   4%|▍         | 644841472/16766984746 [00:39<17:38, 15237694.49B/s]
   GAP-urand:   4%|▍         | 646414336/16766984746 [00:39<17:28, 15370677.68B/s]
   GAP-urand:   4%|▍         | 647970816/16766984746 [00:39<17:41, 15183691.45B/s]
   GAP-urand:   4%|▍         | 649707520/16766984746 [00:39<17:01, 15773391.10B/s]
   GAP-urand:   4%|▍         | 651313152/16766984746 [00:40<16:58, 15830209.10B/s]
   GAP-urand:   4%|▍         | 653000704/16766984746 [00:40<16:39, 16120960.88B/s]
   GAP-urand:   4%|▍         | 654770176/16766984746 [00:40<16:14, 16540261.25B/s]
   GAP-urand:   4%|▍         | 656457728/16766984746 [00:40<16:09, 16613863.62B/s]
   GAP-urand:   4%|▍         | 658161664/16766984746 [00:40<16:02, 16730198.91B/s]
   GAP-urand:   4%|▍         | 659865600/16766984746 [00:40<16:10, 16599834.95B/s]
   GAP-urand:   4%|▍         | 661569536/16766984746 [00:40<16:03, 16718953.12B/s]
   GAP-urand:   4%|▍         | 663289856/16766984746 [00:40<15:57, 16824284.34B/s]
   GAP-urand:   4%|▍         | 664977408/16766984746 [00:40<16:29, 16268899.69B/s]
   GAP-urand:   4%|▍         | 666697728/16766984746 [00:40<16:15, 16509063.97B/s]
   GAP-urand:   4%|▍         | 668352512/16766984746 [00:41<17:02, 15744610.07B/s]
   GAP-urand:   4%|▍         | 670105600/16766984746 [00:41<16:32, 16217844.41B/s]
   GAP-urand:   4%|▍         | 671858688/16766984746 [00:41<17:03, 15728626.76B/s]
   GAP-urand:   4%|▍         | 673579008/16766984746 [00:41<16:37, 16140756.77B/s]
   GAP-urand:   4%|▍         | 675299328/16766984746 [00:41<16:20, 16418125.13B/s]
   GAP-urand:   4%|▍         | 676954112/16766984746 [00:41<16:30, 16237761.93B/s]
   GAP-urand:   4%|▍         | 678641664/16766984746 [00:41<16:20, 16413643.87B/s]
   GAP-urand:   4%|▍         | 680296448/16766984746 [00:41<16:50, 15923170.39B/s]
   GAP-urand:   4%|▍         | 682016768/16766984746 [00:41<16:28, 16275795.14B/s]
   GAP-urand:   4%|▍         | 683687936/16766984746 [00:41<16:25, 16322581.19B/s]
   GAP-urand:   4%|▍         | 685359104/16766984746 [00:42<16:19, 16417929.70B/s]
   GAP-urand:   4%|▍         | 687095808/16766984746 [00:42<16:04, 16677978.79B/s]
   GAP-urand:   4%|▍         | 688766976/16766984746 [00:42<17:11, 15587271.01B/s]
   GAP-urand:   4%|▍         | 690405376/16766984746 [00:42<16:58, 15789858.20B/s]
   GAP-urand:   4%|▍         | 692174848/16766984746 [00:42<16:24, 16322499.34B/s]
   GAP-urand:   4%|▍         | 693829632/16766984746 [00:42<16:54, 15847603.46B/s]
   GAP-urand:   4%|▍         | 695484416/16766984746 [00:42<16:44, 15996981.20B/s]
   GAP-urand:   4%|▍         | 697106432/16766984746 [00:42<16:48, 15939784.25B/s]
   GAP-urand:   4%|▍         | 698728448/16766984746 [00:42<16:44, 15989099.98B/s]
   GAP-urand:   4%|▍         | 700416000/16766984746 [00:43<16:30, 16219044.60B/s]
   GAP-urand:   4%|▍         | 702054400/16766984746 [00:43<17:15, 15521506.94B/s]
   GAP-urand:   4%|▍         | 703774720/16766984746 [00:43<16:45, 15980193.65B/s]
   GAP-urand:   4%|▍         | 705380352/16766984746 [00:43<17:48, 15033007.41B/s]
   GAP-urand:   4%|▍         | 707117056/16766984746 [00:43<17:04, 15677741.45B/s]
   GAP-urand:   4%|▍         | 708706304/16766984746 [00:43<18:00, 14859915.42B/s]
   GAP-urand:   4%|▍         | 710410240/16766984746 [00:43<17:20, 15438840.43B/s]
   GAP-urand:   4%|▍         | 712196096/16766984746 [00:43<16:37, 16101010.01B/s]
   GAP-urand:   4%|▍         | 713834496/16766984746 [00:43<17:35, 15203760.80B/s]
   GAP-urand:   4%|▍         | 715554816/16766984746 [00:44<17:00, 15729207.05B/s]
   GAP-urand:   4%|▍         | 717160448/16766984746 [00:44<17:54, 14942430.35B/s]
   GAP-urand:   4%|▍         | 718831616/16766984746 [00:44<17:22, 15399144.72B/s]
   GAP-urand:   4%|▍         | 720486400/16766984746 [00:44<18:05, 14781768.41B/s]
   GAP-urand:   4%|▍         | 722141184/16766984746 [00:44<17:30, 15267248.49B/s]
   GAP-urand:   4%|▍         | 723828736/16766984746 [00:44<17:00, 15713869.09B/s]
   GAP-urand:   4%|▍         | 725417984/16766984746 [00:44<17:39, 15137822.14B/s]
   GAP-urand:   4%|▍         | 727154688/16766984746 [00:44<16:59, 15735105.70B/s]
   GAP-urand:   4%|▍         | 728743936/16766984746 [00:44<17:56, 14903836.27B/s]
   GAP-urand:   4%|▍         | 730284032/16766984746 [00:44<17:46, 15032672.37B/s]
   GAP-urand:   4%|▍         | 731889664/16766984746 [00:45<17:27, 15302443.95B/s]
   GAP-urand:   4%|▍         | 733429760/16766984746 [00:45<18:29, 14447201.60B/s]
   GAP-urand:   4%|▍         | 735117312/16766984746 [00:45<17:42, 15086639.78B/s]
   GAP-urand:   4%|▍         | 736641024/16766984746 [00:45<18:36, 14353237.91B/s]
   GAP-urand:   4%|▍         | 738263040/16766984746 [00:45<17:57, 14869699.23B/s]
   GAP-urand:   4%|▍         | 739950592/16766984746 [00:45<17:19, 15418098.91B/s]
   GAP-urand:   4%|▍         | 741507072/16766984746 [00:45<18:32, 14408173.88B/s]
   GAP-urand:   4%|▍         | 743096320/16766984746 [00:45<18:03, 14792321.67B/s]
   GAP-urand:   4%|▍         | 744603648/16766984746 [00:45<19:00, 14045755.45B/s]
   GAP-urand:   4%|▍         | 746242048/16766984746 [00:46<18:13, 14653209.64B/s]
   GAP-urand:   4%|▍         | 747929600/16766984746 [00:46<17:30, 15242201.65B/s]
   GAP-urand:   4%|▍         | 749469696/16766984746 [00:46<18:17, 14595156.54B/s]
   GAP-urand:   4%|▍         | 751157248/16766984746 [00:46<17:32, 15218631.59B/s]
   GAP-urand:   4%|▍         | 752697344/16766984746 [00:46<18:16, 14603567.37B/s]
   GAP-urand:   4%|▍         | 754253824/16766984746 [00:46<17:56, 14868313.18B/s]
   GAP-urand:   5%|▍         | 755892224/16766984746 [00:46<17:28, 15263568.84B/s]
   GAP-urand:   5%|▍         | 757432320/16766984746 [00:46<18:16, 14594398.25B/s]
   GAP-urand:   5%|▍         | 759054336/16766984746 [00:46<17:46, 15014712.90B/s]
   GAP-urand:   5%|▍         | 760578048/16766984746 [00:47<18:36, 14331453.11B/s]
   GAP-urand:   5%|▍         | 762183680/16766984746 [00:47<18:03, 14776482.83B/s]
   GAP-urand:   5%|▍         | 763887616/16766984746 [00:47<17:18, 15405924.46B/s]
   GAP-urand:   5%|▍         | 765444096/16766984746 [00:47<17:15, 15449457.99B/s]
   GAP-urand:   5%|▍         | 767066112/16766984746 [00:47<17:01, 15656456.83B/s]
   GAP-urand:   5%|▍         | 768638976/16766984746 [00:47<18:07, 14710300.15B/s]
   GAP-urand:   5%|▍         | 770277376/16766984746 [00:47<17:33, 15179309.92B/s]
   GAP-urand:   5%|▍         | 772030464/16766984746 [00:47<16:49, 15843134.02B/s]
   GAP-urand:   5%|▍         | 773636096/16766984746 [00:47<17:45, 15013352.40B/s]
   GAP-urand:   5%|▍         | 775307264/16766984746 [00:48<17:13, 15479987.68B/s]
   GAP-urand:   5%|▍         | 776880128/16766984746 [00:48<17:51, 14916746.83B/s]
   GAP-urand:   5%|▍         | 778387456/16766984746 [00:48<17:51, 14923814.49B/s]
   GAP-urand:   5%|▍         | 779894784/16766984746 [00:48<17:50, 14929577.96B/s]
   GAP-urand:   5%|▍         | 781402112/16766984746 [00:48<18:59, 14022999.89B/s]
   GAP-urand:   5%|▍         | 783007744/16766984746 [00:48<18:15, 14589130.86B/s]
   GAP-urand:   5%|▍         | 784482304/16766984746 [00:48<18:50, 14137600.10B/s]
   GAP-urand:   5%|▍         | 786120704/16766984746 [00:48<18:03, 14752404.86B/s]
   GAP-urand:   5%|▍         | 787759104/16766984746 [00:48<17:31, 15190659.32B/s]
   GAP-urand:   5%|▍         | 789299200/16766984746 [00:48<18:40, 14258675.75B/s]
   GAP-urand:   5%|▍         | 790839296/16766984746 [00:49<18:18, 14546315.91B/s]
   GAP-urand:   5%|▍         | 792313856/16766984746 [00:49<18:18, 14539197.40B/s]
   GAP-urand:   5%|▍         | 793788416/16766984746 [00:49<19:14, 13840167.58B/s]
   GAP-urand:   5%|▍         | 795377664/16766984746 [00:49<18:27, 14415784.67B/s]
   GAP-urand:   5%|▍         | 796835840/16766984746 [00:49<19:06, 13930909.68B/s]
   GAP-urand:   5%|▍         | 798523392/16766984746 [00:49<18:04, 14729145.59B/s]
   GAP-urand:   5%|▍         | 800260096/16766984746 [00:49<17:13, 15454365.70B/s]
   GAP-urand:   5%|▍         | 801832960/16766984746 [00:49<18:26, 14424413.14B/s]
   GAP-urand:   5%|▍         | 803438592/16766984746 [00:49<17:54, 14856154.82B/s]
   GAP-urand:   5%|▍         | 804945920/16766984746 [00:50<18:29, 14383421.46B/s]
   GAP-urand:   5%|▍         | 806617088/16766984746 [00:50<17:46, 14968908.18B/s]
   GAP-urand:   5%|▍         | 808140800/16766984746 [00:50<17:56, 14822009.56B/s]
   GAP-urand:   5%|▍         | 809631744/16766984746 [00:50<21:23, 12428106.60B/s]
   GAP-urand:   5%|▍         | 810942464/16766984746 [00:50<22:21, 11890009.14B/s]
   GAP-urand:   5%|▍         | 812187648/16766984746 [00:50<23:09, 11482475.66B/s]
   GAP-urand:   5%|▍         | 813367296/16766984746 [00:50<23:32, 11297869.97B/s]
   GAP-urand:   5%|▍         | 815005696/16766984746 [00:50<21:04, 12616638.28B/s]
   GAP-urand:   5%|▍         | 816676864/16766984746 [00:50<19:20, 13738838.40B/s]
   GAP-urand:   5%|▍         | 818085888/16766984746 [00:51<19:39, 13522440.13B/s]
   GAP-urand:   5%|▍         | 819757056/16766984746 [00:51<18:27, 14402214.74B/s]
   GAP-urand:   5%|▍         | 821231616/16766984746 [00:51<19:03, 13945559.02B/s]
   GAP-urand:   5%|▍         | 822738944/16766984746 [00:51<18:40, 14227562.19B/s]
   GAP-urand:   5%|▍         | 824295424/16766984746 [00:51<18:12, 14589929.34B/s]
   GAP-urand:   5%|▍         | 825769984/16766984746 [00:51<19:39, 13509996.56B/s]
   GAP-urand:   5%|▍         | 827441152/16766984746 [00:51<18:29, 14370276.84B/s]
   GAP-urand:   5%|▍         | 828981248/16766984746 [00:51<19:04, 13920073.53B/s]
   GAP-urand:   5%|▍         | 830668800/16766984746 [00:51<18:02, 14718738.52B/s]
   GAP-urand:   5%|▍         | 832159744/16766984746 [00:52<18:12, 14584690.83B/s]
   GAP-urand:   5%|▍         | 833634304/16766984746 [00:52<18:50, 14091132.77B/s]
   GAP-urand:   5%|▍         | 835305472/16766984746 [00:52<17:55, 14814965.86B/s]
   GAP-urand:   5%|▍         | 836943872/16766984746 [00:52<17:26, 15226616.36B/s]
   GAP-urand:   5%|▌         | 838483968/16766984746 [00:52<18:11, 14599356.16B/s]
   GAP-urand:   5%|▌         | 840155136/16766984746 [00:52<17:28, 15187178.47B/s]
   GAP-urand:   5%|▌         | 841695232/16766984746 [00:52<19:01, 13945662.76B/s]
   GAP-urand:   5%|▌         | 843382784/16766984746 [00:52<18:01, 14718871.31B/s]
   GAP-urand:   5%|▌         | 845053952/16766984746 [00:52<17:24, 15239280.72B/s]
   GAP-urand:   5%|▌         | 846610432/16766984746 [00:53<18:51, 14066970.37B/s]
   GAP-urand:   5%|▌         | 848265216/16766984746 [00:53<18:00, 14729764.83B/s]
   GAP-urand:   5%|▌         | 849854464/16766984746 [00:53<17:39, 15026395.71B/s]
   GAP-urand:   5%|▌         | 851525632/16766984746 [00:53<17:06, 15499335.10B/s]
   GAP-urand:   5%|▌         | 853213184/16766984746 [00:53<16:41, 15886682.04B/s]
   GAP-urand:   5%|▌         | 854851584/16766984746 [00:53<16:32, 16028322.73B/s]
   GAP-urand:   5%|▌         | 856473600/16766984746 [00:53<17:14, 15378617.40B/s]
   GAP-urand:   5%|▌         | 858030080/16766984746 [00:53<19:33, 13552163.18B/s]
   GAP-urand:   5%|▌         | 859439104/16766984746 [00:53<20:35, 12872630.04B/s]
   GAP-urand:   5%|▌         | 860815360/16766984746 [00:54<20:16, 13072083.82B/s]
   GAP-urand:   5%|▌         | 862158848/16766984746 [00:54<20:28, 12951005.86B/s]
   GAP-urand:   5%|▌         | 863846400/16766984746 [00:54<18:54, 14014518.97B/s]
   GAP-urand:   5%|▌         | 865271808/16766984746 [00:54<18:59, 13959710.33B/s]
   GAP-urand:   5%|▌         | 866697216/16766984746 [00:54<20:33, 12889410.55B/s]
   GAP-urand:   5%|▌         | 868384768/16766984746 [00:54<18:57, 13971553.77B/s]
   GAP-urand:   5%|▌         | 869810176/16766984746 [00:54<19:05, 13883836.72B/s]
   GAP-urand:   5%|▌         | 871219200/16766984746 [00:54<19:33, 13543439.11B/s]
   GAP-urand:   5%|▌         | 872611840/16766984746 [00:54<19:26, 13627987.95B/s]
   GAP-urand:   5%|▌         | 874299392/16766984746 [00:55<18:13, 14528944.21B/s]
   GAP-urand:   5%|▌         | 875773952/16766984746 [00:55<19:41, 13452165.46B/s]
   GAP-urand:   5%|▌         | 877379584/16766984746 [00:55<18:41, 14161941.89B/s]
   GAP-urand:   5%|▌         | 878821376/16766984746 [00:55<19:13, 13777205.37B/s]
   GAP-urand:   5%|▌         | 880230400/16766984746 [00:55<19:10, 13808774.78B/s]
   GAP-urand:   5%|▌         | 881901568/16766984746 [00:55<18:06, 14615894.28B/s]
   GAP-urand:   5%|▌         | 883376128/16766984746 [00:55<19:40, 13453617.15B/s]
   GAP-urand:   5%|▌         | 885014528/16766984746 [00:55<18:41, 14160153.56B/s]
   GAP-urand:   5%|▌         | 886456320/16766984746 [00:55<20:04, 13180872.31B/s]
   GAP-urand:   5%|▌         | 888143872/16766984746 [00:56<18:40, 14177012.96B/s]
   GAP-urand:   5%|▌         | 889716736/16766984746 [00:56<18:10, 14560596.85B/s]
   GAP-urand:   5%|▌         | 891207680/16766984746 [00:56<19:25, 13625396.20B/s]
   GAP-urand:   5%|▌         | 892895232/16766984746 [00:56<18:14, 14497407.79B/s]
   GAP-urand:   5%|▌         | 894386176/16766984746 [00:56<18:53, 14000693.45B/s]
   GAP-urand:   5%|▌         | 895844352/16766984746 [00:56<18:42, 14136649.44B/s]
   
   asv: benchmark timed out (timeout 60s)
INFO:root:GMRES.GMRESBenchmark.time_gmres

·· GMRES.GMRESBenchmark.time_gmres                       1/228 failedINFO:root:================================================= ============
                     dataset                                  
------------------------------------------------- ------------
      gmres_test_inputs.test_gmres_random_42          n/a     
     gmres_test_inputs.test_gmres_random_123          n/a     
      gmres_test_inputs.test_gmres_diagonal           n/a     
         gmres_test_inputs.test_gmres_3x3             n/a     
         gmres_test_inputs.test_gmres_4x4             n/a     
           gmres_inputs.Andrews/Andrews               n/a     
           gmres_inputs.Andrianov/ins2                n/a     
          gmres_inputs.Andrianov/net100               n/a     
          gmres_inputs.Andrianov/net125               n/a     
          gmres_inputs.Andrianov/net150               n/a     
           gmres_inputs.Andrianov/net25               n/a     
           gmres_inputs.Andrianov/net50               n/a     
           gmres_inputs.Andrianov/net75               n/a     
             gmres_inputs.Bai/bfwa62                  n/a     
             gmres_inputs.Bai/bfwb398                 n/a     
             gmres_inputs.Bai/bfwb62                  n/a     
             gmres_inputs.Bai/bfwb782                 n/a     
              gmres_inputs.Bai/ck104                  n/a     
             gmres_inputs.Bai/dw256B                  n/a     
             gmres_inputs.Bai/dwb512                  n/a     
             gmres_inputs.Bai/pde225                  n/a     
             gmres_inputs.Bai/rdb200                  n/a     
             gmres_inputs.Bai/rdb200l                 n/a     
            gmres_inputs.Bindel/ted_B               1.32±0s   
        gmres_inputs.Bindel/ted_B_unscaled            n/a     
       gmres_inputs.Bomhof/circuit_1__rhs0            n/a     
       gmres_inputs.Botonakis/thermomech_TC           n/a     
       gmres_inputs.Botonakis/thermomech_dM           n/a     
     gmres_inputs.Bourchtein/atmosmodd__rhs1          n/a     
     gmres_inputs.Bourchtein/atmosmodj__rhs1          n/a     
     gmres_inputs.Bourchtein/atmosmodl__rhs0          n/a     
     gmres_inputs.Bourchtein/atmosmodl__rhs1          n/a     
     gmres_inputs.Bourchtein/atmosmodm__rhs0          n/a     
     gmres_inputs.Bourchtein/atmosmodm__rhs1          n/a     
         gmres_inputs.Brunetiere/thermal              n/a     
              gmres_inputs.CPM/cz148                  n/a     
         gmres_inputs.Cunningham/m3plates             n/a     
          gmres_inputs.Cunningham/qa8fk               n/a     
          gmres_inputs.Cunningham/qa8fm               n/a     
       gmres_inputs.FEMLAB/poisson2D__rhs0            n/a     
           gmres_inputs.FEMLAB/problem1               n/a     
             gmres_inputs.FIDAP/ex29                  n/a     
             gmres_inputs.FIDAP/ex37                  n/a     
              gmres_inputs.FIDAP/ex5                  n/a     
              gmres_inputs.FIDAP/ex7                  n/a     
       gmres_inputs.Freescale/circuit5M_dc            n/a     
         gmres_inputs.GHS_indef/blockqp1              n/a     
        gmres_inputs.GHS_indef/boyd1__rhs0            n/a     
        gmres_inputs.GHS_indef/boyd2__rhs0            n/a     
           gmres_inputs.GHS_indef/laser               n/a     
          gmres_inputs.GHS_indef/qpband               n/a     
         gmres_inputs.GHS_psdef/jnlbrng1              n/a     
         gmres_inputs.GHS_psdef/minsurfo              n/a     
         gmres_inputs.GHS_psdef/obstclae              n/a     
         gmres_inputs.GHS_psdef/wathen120             n/a     
          gmres_inputs.Grund/b1_ss__rhs0              n/a     
             gmres_inputs.Grund/meg4                  n/a     
          gmres_inputs.Grund/poli__rhs0               n/a     
             gmres_inputs.Grund/poli3                 n/a     
             gmres_inputs.Grund/poli4                 n/a     
          gmres_inputs.Grund/poli_large               n/a     
              gmres_inputs.HB/arc130                  n/a     
             gmres_inputs.HB/bcspwr01                 n/a     
             gmres_inputs.HB/bcspwr02                 n/a     
             gmres_inputs.HB/bcsstk01                 n/a     
             gmres_inputs.HB/bcsstk02                 n/a     
             gmres_inputs.HB/bcsstk20                 n/a     
             gmres_inputs.HB/bcsstm01                 n/a     
             gmres_inputs.HB/bcsstm02                 n/a     
             gmres_inputs.HB/bcsstm03                 n/a     
             gmres_inputs.HB/bcsstm04                 n/a     
             gmres_inputs.HB/bcsstm05                 n/a     
             gmres_inputs.HB/bcsstm06                 n/a     
             gmres_inputs.HB/bcsstm08                 n/a     
             gmres_inputs.HB/bcsstm09                 n/a     
             gmres_inputs.HB/bcsstm11                 n/a     
             gmres_inputs.HB/bcsstm19                 n/a     
             gmres_inputs.HB/bcsstm20                 n/a     
             gmres_inputs.HB/bcsstm21                 n/a     
             gmres_inputs.HB/bcsstm22                 n/a     
             gmres_inputs.HB/can_144                  n/a     
              gmres_inputs.HB/can_24                  n/a     
              gmres_inputs.HB/can_61                  n/a     
              gmres_inputs.HB/can_73                  n/a     
             gmres_inputs.HB/curtis54                 n/a     
             gmres_inputs.HB/fs_541_1                 n/a     
             gmres_inputs.HB/fs_760_1                 n/a     
             gmres_inputs.HB/fs_760_2              26.8±0.6ms 
             gmres_inputs.HB/fs_760_3                 n/a     
             gmres_inputs.HB/gr_30_30                 n/a     
             gmres_inputs.HB/jpwh_991                 n/a     
              gmres_inputs.HB/lap_25                  n/a     
               gmres_inputs.HB/nos4                   n/a     
               gmres_inputs.HB/nos7                   n/a     
          gmres_inputs.HB/orani678__rhs1              n/a     
         gmres_inputs.HB/orani678__rhs10              n/a     
         gmres_inputs.HB/orani678__rhs11              n/a     
         gmres_inputs.HB/orani678__rhs12              n/a     
         gmres_inputs.HB/orani678__rhs14              n/a     
         gmres_inputs.HB/orani678__rhs15              n/a     
         gmres_inputs.HB/orani678__rhs16              n/a     
         gmres_inputs.HB/orani678__rhs17              n/a     
         gmres_inputs.HB/orani678__rhs18              n/a     
         gmres_inputs.HB/orani678__rhs19              n/a     
          gmres_inputs.HB/orani678__rhs2              n/a     
          gmres_inputs.HB/orani678__rhs3              n/a     
          gmres_inputs.HB/orani678__rhs4              n/a     
          gmres_inputs.HB/orani678__rhs5              n/a     
          gmres_inputs.HB/orani678__rhs6              n/a     
         gmres_inputs.HB/orani678__rhs62              n/a     
          gmres_inputs.HB/orani678__rhs7              n/a     
          gmres_inputs.HB/orani678__rhs8              n/a     
             gmres_inputs.HB/pores_1                  n/a     
             gmres_inputs.HB/psmigr_3                 n/a     
              gmres_inputs.HB/steam2                  n/a     
              gmres_inputs.HB/steam3                  n/a     
              gmres_inputs.HB/watt_1                  n/a     
              gmres_inputs.HB/watt_2                  n/a     
        gmres_inputs.Hamrle/Hamrle1__rhs0             n/a     
               gmres_inputs.MKS/fp                    n/a     
            gmres_inputs.MathWorks/Muu                n/a     
        gmres_inputs.MathWorks/tomography             n/a     
      gmres_inputs.MaxPlanck/shallow_water1           n/a     
      gmres_inputs.MaxPlanck/shallow_water2           n/a     
          gmres_inputs.Morandini/rotor1               n/a     
           gmres_inputs.Mulvey/finan512               n/a     
         gmres_inputs.Nasa/nasa2146__rhs0             n/a     
           gmres_inputs.Nemeth/nemeth02               n/a     
           gmres_inputs.Nemeth/nemeth03               n/a     
           gmres_inputs.Nemeth/nemeth04               n/a     
           gmres_inputs.Nemeth/nemeth05               n/a     
           gmres_inputs.Nemeth/nemeth06               n/a     
           gmres_inputs.Nemeth/nemeth07               n/a     
           gmres_inputs.Nemeth/nemeth08               n/a     
           gmres_inputs.Nemeth/nemeth09               n/a     
           gmres_inputs.Nemeth/nemeth10               n/a     
           gmres_inputs.Nemeth/nemeth11               n/a     
           gmres_inputs.Nemeth/nemeth12               n/a     
           gmres_inputs.Nemeth/nemeth13               n/a     
           gmres_inputs.Nemeth/nemeth16               n/a     
           gmres_inputs.Nemeth/nemeth17               n/a     
           gmres_inputs.Nemeth/nemeth18               n/a     
           gmres_inputs.Nemeth/nemeth19               n/a     
           gmres_inputs.Nemeth/nemeth20               n/a     
           gmres_inputs.Nemeth/nemeth21               n/a     
           gmres_inputs.Nemeth/nemeth22               n/a     
           gmres_inputs.Nemeth/nemeth23               n/a     
           gmres_inputs.Nemeth/nemeth24               n/a     
           gmres_inputs.Nemeth/nemeth25               n/a     
           gmres_inputs.Nemeth/nemeth26               n/a     
             gmres_inputs.Norris/fv1                  n/a     
             gmres_inputs.Norris/fv2               646±0.3ms  
            gmres_inputs.Norris/torso2                n/a     
          gmres_inputs.Oberwolfach/LF10               n/a     
          gmres_inputs.Oberwolfach/LFAT5              n/a     
             gmres_inputs.PARSEC/Si2                  n/a     
           gmres_inputs.Pothen/mesh1e1                n/a     
           gmres_inputs.Pothen/mesh1em1               n/a     
           gmres_inputs.Pothen/mesh1em6               n/a     
           gmres_inputs.Pothen/mesh2e1                n/a     
           gmres_inputs.Pothen/mesh2em5               n/a     
           gmres_inputs.Pothen/mesh3e1                n/a     
           gmres_inputs.Pothen/mesh3em5               n/a     
           gmres_inputs.Pothen/sphere2                n/a     
          gmres_inputs.Precima/analytics              n/a     
            gmres_inputs.Rajat/rajat13                n/a     
         gmres_inputs.Rommes/bips98_1450              n/a     
          gmres_inputs.Rommes/bips98_606              n/a     
        gmres_inputs.Rommes/ww_36_pmec_36             n/a     
          gmres_inputs.Sandia/ASIC_100k               n/a     
          gmres_inputs.Sandia/ASIC_100ks              n/a     
          gmres_inputs.Sandia/ASIC_320ks              n/a     
          gmres_inputs.Sandia/ASIC_680k               n/a     
          gmres_inputs.Sandia/ASIC_680ks              n/a     
        gmres_inputs.Sandia/adder_dcop_31             n/a     
        gmres_inputs.Sandia/adder_dcop_32             n/a     
        gmres_inputs.Sandia/adder_dcop_33             n/a     
        gmres_inputs.Sandia/adder_dcop_34             n/a     
        gmres_inputs.Sandia/adder_dcop_35             n/a     
        gmres_inputs.Sandia/adder_dcop_36             n/a     
        gmres_inputs.Sandia/adder_dcop_37             n/a     
        gmres_inputs.Sandia/adder_dcop_38             n/a     
        gmres_inputs.Sandia/adder_dcop_40             n/a     
        gmres_inputs.Sandia/adder_dcop_41             n/a     
        gmres_inputs.Sandia/adder_dcop_42             n/a     
        gmres_inputs.Sandia/adder_dcop_43             n/a     
        gmres_inputs.Sandia/adder_dcop_44             n/a     
        gmres_inputs.Sandia/adder_dcop_45             n/a     
        gmres_inputs.Sandia/adder_dcop_46             n/a     
        gmres_inputs.Sandia/adder_dcop_47             n/a     
        gmres_inputs.Sandia/adder_dcop_48             n/a     
        gmres_inputs.Sandia/adder_dcop_49             n/a     
        gmres_inputs.Sandia/adder_dcop_50             n/a     
        gmres_inputs.Sandia/adder_dcop_51             n/a     
        gmres_inputs.Sandia/adder_dcop_52             n/a     
        gmres_inputs.Sandia/adder_dcop_53             n/a     
        gmres_inputs.Sandia/adder_dcop_54             n/a     
        gmres_inputs.Sandia/adder_dcop_55             n/a     
        gmres_inputs.Sandia/adder_dcop_57             n/a     
        gmres_inputs.Sandia/adder_dcop_58             n/a     
        gmres_inputs.Sandia/adder_dcop_59             n/a     
        gmres_inputs.Sandia/adder_dcop_60             n/a     
        gmres_inputs.Sandia/adder_dcop_61             n/a     
        gmres_inputs.Sandia/adder_dcop_62             n/a     
        gmres_inputs.Sandia/adder_dcop_63             n/a     
        gmres_inputs.Sandia/adder_dcop_64             n/a     
        gmres_inputs.Sandia/adder_dcop_65             n/a     
        gmres_inputs.Sandia/adder_dcop_66             n/a     
        gmres_inputs.Sandia/adder_dcop_67             n/a     
        gmres_inputs.Sandia/adder_dcop_68             n/a     
        gmres_inputs.Sandia/adder_dcop_69             n/a     
        gmres_inputs.Sandia/adder_trans_01            n/a     
        gmres_inputs.Sandia/adder_trans_02            n/a     
      gmres_inputs.Sandia/mult_dcop_02__rhs0          n/a     
     gmres_inputs.Schenk_AFE/af_shell3__rhs0          n/a     
     gmres_inputs.Schenk_AFE/af_shell4__rhs0         failed   
     gmres_inputs.Schenk_AFE/af_shell7__rhs0          n/a     
     gmres_inputs.Schenk_AFE/af_shell8__rhs0          n/a     
        gmres_inputs.Simon/raefsky5__rhs0             n/a     
       gmres_inputs.TOKAMAK/utm1700b__rhs0            n/a     
        gmres_inputs.TOKAMAK/utm3060__rhs0            n/a     
       gmres_inputs.VDOL/hangGlider_1__rhs0           n/a     
 gmres_inputs.VDOL/tumorAntiAngiogenesis_1__rhs0      n/a     
 gmres_inputs.VDOL/tumorAntiAngiogenesis_2__rhs0      n/a     
              gmres_inputs.VLSI/ss1                   n/a     
             gmres_inputs.Wang/swang1                 n/a     
             gmres_inputs.Wang/swang2                 n/a     
             gmres_inputs.Zhao/Zhao1                  n/a     
================================================= ============
For parameters: gmres_inputs.Bindel/ted_B
INFO root: Dataset suitesparse_matrix.Bindel/ted_B found in cache.
INFO root: Dataset suitesparse_matrix.Bindel/ted_B found in cache.
INFO root: Dataset suitesparse_matrix.Bindel/ted_B found in cache.
INFO root: Dataset suitesparse_matrix.Bindel/ted_B found in cache.
INFO root: Dataset suitesparse_matrix.Bindel/ted_B found in cache.
INFO root: Dataset suitesparse_matrix.Bindel/ted_B found in cache.

For parameters: gmres_inputs.HB/fs_760_2
INFO root: Dataset suitesparse_matrix.HB/fs_760_2 found in cache.
INFO root: Dataset suitesparse_matrix.HB/fs_760_2 found in cache.
INFO root: Dataset suitesparse_matrix.HB/fs_760_2 found in cache.
INFO root: Dataset suitesparse_matrix.HB/fs_760_2 found in cache.
INFO root: Dataset suitesparse_matrix.HB/fs_760_2 found in cache.
INFO root: Dataset suitesparse_matrix.HB/fs_760_2 found in cache.
INFO root: Dataset suitesparse_matrix.HB/fs_760_2 found in cache.
INFO root: Dataset suitesparse_matrix.HB/fs_760_2 found in cache.

For parameters: gmres_inputs.Norris/fv2
INFO root: Dataset suitesparse_matrix.Norris/fv2 manifest metadata is stale.
INFO root: Dataset suitesparse_matrix.Norris/fv2 regenerated.
INFO root: Dataset suitesparse_matrix.Norris/fv2 found in cache.
INFO root: Dataset suitesparse_matrix.Norris/fv2 found in cache.
INFO root: Dataset suitesparse_matrix.Norris/fv2 found in cache.
INFO root: Dataset suitesparse_matrix.Norris/fv2 found in cache.
INFO root: Dataset suitesparse_matrix.Norris/fv2 found in cache.

For parameters: gmres_inputs.Schenk_AFE/af_shell4__rhs0
INFO root: Dataset suitesparse_matrix.Schenk_AFE/af_shell4__rhs0 manifest metadata is stale.
INFO root: Dataset suitesparse_matrix.Schenk_AFE/af_shell4__rhs0 regenerated.
Traceback (most recent call last):
  File "/storage/scratch1/7/wahrens6/SparseArrayProgrammingSuite/competition/run_13072363/task_5/env/chunk-5/c6e6c30cd4da42ee650d557ff6858c92/lib/python3.12/site-packages/asv_runner/server.py", line 179, in _run_server
    _run(run_args)
  File "/storage/scratch1/7/wahrens6/SparseArrayProgrammingSuite/competition/run_13072363/task_5/env/chunk-5/c6e6c30cd4da42ee650d557ff6858c92/lib/python3.12/site-packages/asv_runner/run.py", line 73, in _run
    result = benchmark.do_run()
             ^^^^^^^^^^^^^^^^^^
  File "/storage/scratch1/7/wahrens6/SparseArrayProgrammingSuite/competition/run_13072363/task_5/env/chunk-5/c6e6c30cd4da42ee650d557ff6858c92/lib/python3.12/site-packages/asv_runner/benchmarks/_base.py", line 758, in do_run
    return self.run(*self._build_params())
           ^^^^^^^^^^^^^^^^^^^^^^^^^^^^^^^
  File "/storage/scratch1/7/wahrens6/SparseArrayProgrammingSuite/competition/run_13072363/task_5/env/chunk-5/c6e6c30cd4da42ee650d557ff6858c92/lib/python3.12/site-packages/asv_runner/benchmarks/time.py", line 235, in run
    samples, number = self.benchmark_timing(
                      ^^^^^^^^^^^^^^^^^^^^^^
  File "/storage/scratch1/7/wahrens6/SparseArrayProgrammingSuite/competition/run_13072363/task_5/env/chunk-5/c6e6c30cd4da42ee650d557ff6858c92/lib/python3.12/site-packages/asv_runner/benchmarks/time.py", line 357, in benchmark_timing
    timing = timer.timeit(number)
             ^^^^^^^^^^^^^^^^^^^^
  File "/storage/pace-apps/spack/packages/linux-rhel9-x86_64_v3/gcc-11.3.1/python-3.12.5-5sase6atfv2x5tf7dy5x5sqfzyguhsia/lib/python3.12/timeit.py", line 180, in timeit
    timing = self.inner(it, self.timer)
             ^^^^^^^^^^^^^^^^^^^^^^^^^^
  File "<timeit-src>", line 6, in inner
  File "/storage/scratch1/7/wahrens6/SparseArrayProgrammingSuite/competition/run_13072363/task_5/env/chunk-5/c6e6c30cd4da42ee650d557ff6858c92/lib/python3.12/site-packages/asv_runner/benchmarks/time.py", line 130, in func
    self.func(*param)
  File "/storage/scratch1/7/wahrens6/SparseArrayProgrammingSuite/competition/run_13072363/task_5/env/chunk-5/c6e6c30cd4da42ee650d557ff6858c92/lib/python3.12/site-packages/saps/benchmark.py", line 360, in _time_run
    self.run(param)
  File "/storage/scratch1/7/wahrens6/SparseArrayProgrammingSuite/competition/run_13072363/task_5/env/chunk-5/c6e6c30cd4da42ee650d557ff6858c92/lib/python3.12/site-packages/saps/benchmark.py", line 432, in run
    input = [xp.from_binsparse(d) for d in self._input]
             ^^^^^^^^^^^^^^^^^^^^
  File "/storage/scratch1/7/wahrens6/SparseArrayProgrammingSuite/frameworks/saps_numpy.py", line 33, in from_binsparse
    return np.asarray(to_sparse(array).todense())
                      ^^^^^^^^^^^^^^^^^^^^^^^^^^
  File "/storage/scratch1/7/wahrens6/SparseArrayProgrammingSuite/competition/run_13072363/task_5/env/chunk-5/c6e6c30cd4da42ee650d557ff6858c92/lib/python3.12/site-packages/sparse/numba_backend/_coo/core.py", line 410, in todense
    x = np.full(self.shape, self.fill_value, self.dtype)
        ^^^^^^^^^^^^^^^^^^^^^^^^^^^^^^^^^^^^^^^^^^^^^^^^
  File "/storage/scratch1/7/wahrens6/SparseArrayProgrammingSuite/competition/run_13072363/task_5/env/chunk-5/c6e6c30cd4da42ee650d557ff6858c92/lib/python3.12/site-packages/numpy/_core/numeric.py", line 386, in full
    a = empty(shape, dtype, order, device=device)
        ^^^^^^^^^^^^^^^^^^^^^^^^^^^^^^^^^^^^^^^^^
numpy._core._exceptions._ArrayMemoryError: Unable to allocate 1.85 TiB for an array with shape (504855, 504855) and data type float64

·· ================================================= ============
                        dataset                                  
   ------------------------------------------------- ------------
         gmres_test_inputs.test_gmres_random_42          n/a     
        gmres_test_inputs.test_gmres_random_123          n/a     
         gmres_test_inputs.test_gmres_diagonal           n/a     
            gmres_test_inputs.test_gmres_3x3             n/a     
            gmres_test_inputs.test_gmres_4x4             n/a     
              gmres_inputs.Andrews/Andrews               n/a     
              gmres_inputs.Andrianov/ins2                n/a     
             gmres_inputs.Andrianov/net100               n/a     
             gmres_inputs.Andrianov/net125               n/a     
             gmres_inputs.Andrianov/net150               n/a     
              gmres_inputs.Andrianov/net25               n/a     
              gmres_inputs.Andrianov/net50               n/a     
              gmres_inputs.Andrianov/net75               n/a     
                gmres_inputs.Bai/bfwa62                  n/a     
                gmres_inputs.Bai/bfwb398                 n/a     
                gmres_inputs.Bai/bfwb62                  n/a     
                gmres_inputs.Bai/bfwb782                 n/a     
                 gmres_inputs.Bai/ck104                  n/a     
                gmres_inputs.Bai/dw256B                  n/a     
                gmres_inputs.Bai/dwb512                  n/a     
                gmres_inputs.Bai/pde225                  n/a     
                gmres_inputs.Bai/rdb200                  n/a     
                gmres_inputs.Bai/rdb200l                 n/a     
               gmres_inputs.Bindel/ted_B               1.32±0s   
           gmres_inputs.Bindel/ted_B_unscaled            n/a     
          gmres_inputs.Bomhof/circuit_1__rhs0            n/a     
          gmres_inputs.Botonakis/thermomech_TC           n/a     
          gmres_inputs.Botonakis/thermomech_dM           n/a     
        gmres_inputs.Bourchtein/atmosmodd__rhs1          n/a     
        gmres_inputs.Bourchtein/atmosmodj__rhs1          n/a     
        gmres_inputs.Bourchtein/atmosmodl__rhs0          n/a     
        gmres_inputs.Bourchtein/atmosmodl__rhs1          n/a     
        gmres_inputs.Bourchtein/atmosmodm__rhs0          n/a     
        gmres_inputs.Bourchtein/atmosmodm__rhs1          n/a     
            gmres_inputs.Brunetiere/thermal              n/a     
                 gmres_inputs.CPM/cz148                  n/a     
            gmres_inputs.Cunningham/m3plates             n/a     
             gmres_inputs.Cunningham/qa8fk               n/a     
             gmres_inputs.Cunningham/qa8fm               n/a     
          gmres_inputs.FEMLAB/poisson2D__rhs0            n/a     
              gmres_inputs.FEMLAB/problem1               n/a     
                gmres_inputs.FIDAP/ex29                  n/a     
                gmres_inputs.FIDAP/ex37                  n/a     
                 gmres_inputs.FIDAP/ex5                  n/a     
                 gmres_inputs.FIDAP/ex7                  n/a     
          gmres_inputs.Freescale/circuit5M_dc            n/a     
            gmres_inputs.GHS_indef/blockqp1              n/a     
           gmres_inputs.GHS_indef/boyd1__rhs0            n/a     
           gmres_inputs.GHS_indef/boyd2__rhs0            n/a     
              gmres_inputs.GHS_indef/laser               n/a     
             gmres_inputs.GHS_indef/qpband               n/a     
            gmres_inputs.GHS_psdef/jnlbrng1              n/a     
            gmres_inputs.GHS_psdef/minsurfo              n/a     
            gmres_inputs.GHS_psdef/obstclae              n/a     
            gmres_inputs.GHS_psdef/wathen120             n/a     
             gmres_inputs.Grund/b1_ss__rhs0              n/a     
                gmres_inputs.Grund/meg4                  n/a     
             gmres_inputs.Grund/poli__rhs0               n/a     
                gmres_inputs.Grund/poli3                 n/a     
                gmres_inputs.Grund/poli4                 n/a     
             gmres_inputs.Grund/poli_large               n/a     
                 gmres_inputs.HB/arc130                  n/a     
                gmres_inputs.HB/bcspwr01                 n/a     
                gmres_inputs.HB/bcspwr02                 n/a     
                gmres_inputs.HB/bcsstk01                 n/a     
                gmres_inputs.HB/bcsstk02                 n/a     
                gmres_inputs.HB/bcsstk20                 n/a     
                gmres_inputs.HB/bcsstm01                 n/a     
                gmres_inputs.HB/bcsstm02                 n/a     
                gmres_inputs.HB/bcsstm03                 n/a     
                gmres_inputs.HB/bcsstm04                 n/a     
                gmres_inputs.HB/bcsstm05                 n/a     
                gmres_inputs.HB/bcsstm06                 n/a     
                gmres_inputs.HB/bcsstm08                 n/a     
                gmres_inputs.HB/bcsstm09                 n/a     
                gmres_inputs.HB/bcsstm11                 n/a     
                gmres_inputs.HB/bcsstm19                 n/a     
                gmres_inputs.HB/bcsstm20                 n/a     
                gmres_inputs.HB/bcsstm21                 n/a     
                gmres_inputs.HB/bcsstm22                 n/a     
                gmres_inputs.HB/can_144                  n/a     
                 gmres_inputs.HB/can_24                  n/a     
                 gmres_inputs.HB/can_61                  n/a     
                 gmres_inputs.HB/can_73                  n/a     
                gmres_inputs.HB/curtis54                 n/a     
                gmres_inputs.HB/fs_541_1                 n/a     
                gmres_inputs.HB/fs_760_1                 n/a     
                gmres_inputs.HB/fs_760_2              26.8±0.6ms 
                gmres_inputs.HB/fs_760_3                 n/a     
                gmres_inputs.HB/gr_30_30                 n/a     
                gmres_inputs.HB/jpwh_991                 n/a     
                 gmres_inputs.HB/lap_25                  n/a     
                  gmres_inputs.HB/nos4                   n/a     
                  gmres_inputs.HB/nos7                   n/a     
             gmres_inputs.HB/orani678__rhs1              n/a     
            gmres_inputs.HB/orani678__rhs10              n/a     
            gmres_inputs.HB/orani678__rhs11              n/a     
            gmres_inputs.HB/orani678__rhs12              n/a     
            gmres_inputs.HB/orani678__rhs14              n/a     
            gmres_inputs.HB/orani678__rhs15              n/a     
            gmres_inputs.HB/orani678__rhs16              n/a     
            gmres_inputs.HB/orani678__rhs17              n/a     
            gmres_inputs.HB/orani678__rhs18              n/a     
            gmres_inputs.HB/orani678__rhs19              n/a     
             gmres_inputs.HB/orani678__rhs2              n/a     
             gmres_inputs.HB/orani678__rhs3              n/a     
             gmres_inputs.HB/orani678__rhs4              n/a     
             gmres_inputs.HB/orani678__rhs5              n/a     
             gmres_inputs.HB/orani678__rhs6              n/a     
            gmres_inputs.HB/orani678__rhs62              n/a     
             gmres_inputs.HB/orani678__rhs7              n/a     
             gmres_inputs.HB/orani678__rhs8              n/a     
                gmres_inputs.HB/pores_1                  n/a     
                gmres_inputs.HB/psmigr_3                 n/a     
                 gmres_inputs.HB/steam2                  n/a     
                 gmres_inputs.HB/steam3                  n/a     
                 gmres_inputs.HB/watt_1                  n/a     
                 gmres_inputs.HB/watt_2                  n/a     
           gmres_inputs.Hamrle/Hamrle1__rhs0             n/a     
                  gmres_inputs.MKS/fp                    n/a     
               gmres_inputs.MathWorks/Muu                n/a     
           gmres_inputs.MathWorks/tomography             n/a     
         gmres_inputs.MaxPlanck/shallow_water1           n/a     
         gmres_inputs.MaxPlanck/shallow_water2           n/a     
             gmres_inputs.Morandini/rotor1               n/a     
              gmres_inputs.Mulvey/finan512               n/a     
            gmres_inputs.Nasa/nasa2146__rhs0             n/a     
              gmres_inputs.Nemeth/nemeth02               n/a     
              gmres_inputs.Nemeth/nemeth03               n/a     
              gmres_inputs.Nemeth/nemeth04               n/a     
              gmres_inputs.Nemeth/nemeth05               n/a     
              gmres_inputs.Nemeth/nemeth06               n/a     
              gmres_inputs.Nemeth/nemeth07               n/a     
              gmres_inputs.Nemeth/nemeth08               n/a     
              gmres_inputs.Nemeth/nemeth09               n/a     
              gmres_inputs.Nemeth/nemeth10               n/a     
              gmres_inputs.Nemeth/nemeth11               n/a     
              gmres_inputs.Nemeth/nemeth12               n/a     
              gmres_inputs.Nemeth/nemeth13               n/a     
              gmres_inputs.Nemeth/nemeth16               n/a     
              gmres_inputs.Nemeth/nemeth17               n/a     
              gmres_inputs.Nemeth/nemeth18               n/a     
              gmres_inputs.Nemeth/nemeth19               n/a     
              gmres_inputs.Nemeth/nemeth20               n/a     
              gmres_inputs.Nemeth/nemeth21               n/a     
              gmres_inputs.Nemeth/nemeth22               n/a     
              gmres_inputs.Nemeth/nemeth23               n/a     
              gmres_inputs.Nemeth/nemeth24               n/a     
              gmres_inputs.Nemeth/nemeth25               n/a     
              gmres_inputs.Nemeth/nemeth26               n/a     
                gmres_inputs.Norris/fv1                  n/a     
                gmres_inputs.Norris/fv2               646±0.3ms  
               gmres_inputs.Norris/torso2                n/a     
             gmres_inputs.Oberwolfach/LF10               n/a     
             gmres_inputs.Oberwolfach/LFAT5              n/a     
                gmres_inputs.PARSEC/Si2                  n/a     
              gmres_inputs.Pothen/mesh1e1                n/a     
              gmres_inputs.Pothen/mesh1em1               n/a     
              gmres_inputs.Pothen/mesh1em6               n/a     
              gmres_inputs.Pothen/mesh2e1                n/a     
              gmres_inputs.Pothen/mesh2em5               n/a     
              gmres_inputs.Pothen/mesh3e1                n/a     
              gmres_inputs.Pothen/mesh3em5               n/a     
              gmres_inputs.Pothen/sphere2                n/a     
             gmres_inputs.Precima/analytics              n/a     
               gmres_inputs.Rajat/rajat13                n/a     
            gmres_inputs.Rommes/bips98_1450              n/a     
             gmres_inputs.Rommes/bips98_606              n/a     
           gmres_inputs.Rommes/ww_36_pmec_36             n/a     
             gmres_inputs.Sandia/ASIC_100k               n/a     
             gmres_inputs.Sandia/ASIC_100ks              n/a     
             gmres_inputs.Sandia/ASIC_320ks              n/a     
             gmres_inputs.Sandia/ASIC_680k               n/a     
             gmres_inputs.Sandia/ASIC_680ks              n/a     
           gmres_inputs.Sandia/adder_dcop_31             n/a     
           gmres_inputs.Sandia/adder_dcop_32             n/a     
           gmres_inputs.Sandia/adder_dcop_33             n/a     
           gmres_inputs.Sandia/adder_dcop_34             n/a     
           gmres_inputs.Sandia/adder_dcop_35             n/a     
           gmres_inputs.Sandia/adder_dcop_36             n/a     
           gmres_inputs.Sandia/adder_dcop_37             n/a     
           gmres_inputs.Sandia/adder_dcop_38             n/a     
           gmres_inputs.Sandia/adder_dcop_40             n/a     
           gmres_inputs.Sandia/adder_dcop_41             n/a     
           gmres_inputs.Sandia/adder_dcop_42             n/a     
           gmres_inputs.Sandia/adder_dcop_43             n/a     
           gmres_inputs.Sandia/adder_dcop_44             n/a     
           gmres_inputs.Sandia/adder_dcop_45             n/a     
           gmres_inputs.Sandia/adder_dcop_46             n/a     
           gmres_inputs.Sandia/adder_dcop_47             n/a     
           gmres_inputs.Sandia/adder_dcop_48             n/a     
           gmres_inputs.Sandia/adder_dcop_49             n/a     
           gmres_inputs.Sandia/adder_dcop_50             n/a     
           gmres_inputs.Sandia/adder_dcop_51             n/a     
           gmres_inputs.Sandia/adder_dcop_52             n/a     
           gmres_inputs.Sandia/adder_dcop_53             n/a     
           gmres_inputs.Sandia/adder_dcop_54             n/a     
           gmres_inputs.Sandia/adder_dcop_55             n/a     
           gmres_inputs.Sandia/adder_dcop_57             n/a     
           gmres_inputs.Sandia/adder_dcop_58             n/a     
           gmres_inputs.Sandia/adder_dcop_59             n/a     
           gmres_inputs.Sandia/adder_dcop_60             n/a     
           gmres_inputs.Sandia/adder_dcop_61             n/a     
           gmres_inputs.Sandia/adder_dcop_62             n/a     
           gmres_inputs.Sandia/adder_dcop_63             n/a     
           gmres_inputs.Sandia/adder_dcop_64             n/a     
           gmres_inputs.Sandia/adder_dcop_65             n/a     
           gmres_inputs.Sandia/adder_dcop_66             n/a     
           gmres_inputs.Sandia/adder_dcop_67             n/a     
           gmres_inputs.Sandia/adder_dcop_68             n/a     
           gmres_inputs.Sandia/adder_dcop_69             n/a     
           gmres_inputs.Sandia/adder_trans_01            n/a     
           gmres_inputs.Sandia/adder_trans_02            n/a     
         gmres_inputs.Sandia/mult_dcop_02__rhs0          n/a     
        gmres_inputs.Schenk_AFE/af_shell3__rhs0          n/a     
        gmres_inputs.Schenk_AFE/af_shell4__rhs0         failed   
        gmres_inputs.Schenk_AFE/af_shell7__rhs0          n/a     
        gmres_inputs.Schenk_AFE/af_shell8__rhs0          n/a     
           gmres_inputs.Simon/raefsky5__rhs0             n/a     
          gmres_inputs.TOKAMAK/utm1700b__rhs0            n/a     
           gmres_inputs.TOKAMAK/utm3060__rhs0            n/a     
          gmres_inputs.VDOL/hangGlider_1__rhs0           n/a     
    gmres_inputs.VDOL/tumorAntiAngiogenesis_1__rhs0      n/a     
    gmres_inputs.VDOL/tumorAntiAngiogenesis_2__rhs0      n/a     
                 gmres_inputs.VLSI/ss1                   n/a     
                gmres_inputs.Wang/swang1                 n/a     
                gmres_inputs.Wang/swang2                 n/a     
                gmres_inputs.Zhao/Zhao1                  n/a     
   ================================================= ============
   For parameters: gmres_inputs.Bindel/ted_B
   INFO root: Dataset suitesparse_matrix.Bindel/ted_B found in cache.
   INFO root: Dataset suitesparse_matrix.Bindel/ted_B found in cache.
   INFO root: Dataset suitesparse_matrix.Bindel/ted_B found in cache.
   INFO root: Dataset suitesparse_matrix.Bindel/ted_B found in cache.
   INFO root: Dataset suitesparse_matrix.Bindel/ted_B found in cache.
   INFO root: Dataset suitesparse_matrix.Bindel/ted_B found in cache.
   
   For parameters: gmres_inputs.HB/fs_760_2
   INFO root: Dataset suitesparse_matrix.HB/fs_760_2 found in cache.
   INFO root: Dataset suitesparse_matrix.HB/fs_760_2 found in cache.
   INFO root: Dataset suitesparse_matrix.HB/fs_760_2 found in cache.
   INFO root: Dataset suitesparse_matrix.HB/fs_760_2 found in cache.
   INFO root: Dataset suitesparse_matrix.HB/fs_760_2 found in cache.
   INFO root: Dataset suitesparse_matrix.HB/fs_760_2 found in cache.
   INFO root: Dataset suitesparse_matrix.HB/fs_760_2 found in cache.
   INFO root: Dataset suitesparse_matrix.HB/fs_760_2 found in cache.
   
   For parameters: gmres_inputs.Norris/fv2
   INFO root: Dataset suitesparse_matrix.Norris/fv2 manifest metadata is stale.
   INFO root: Dataset suitesparse_matrix.Norris/fv2 regenerated.
   INFO root: Dataset suitesparse_matrix.Norris/fv2 found in cache.
   INFO root: Dataset suitesparse_matrix.Norris/fv2 found in cache.
   INFO root: Dataset suitesparse_matrix.Norris/fv2 found in cache.
   INFO root: Dataset suitesparse_matrix.Norris/fv2 found in cache.
   INFO root: Dataset suitesparse_matrix.Norris/fv2 found in cache.
   
   For parameters: gmres_inputs.Schenk_AFE/af_shell4__rhs0
   INFO root: Dataset suitesparse_matrix.Schenk_AFE/af_shell4__rhs0 manifest metadata is stale.
   INFO root: Dataset suitesparse_matrix.Schenk_AFE/af_shell4__rhs0 regenerated.
   Traceback (most recent call last):
     File "/storage/scratch1/7/wahrens6/SparseArrayProgrammingSuite/competition/run_13072363/task_5/env/chunk-5/c6e6c30cd4da42ee650d557ff6858c92/lib/python3.12/site-packages/asv_runner/server.py", line 179, in _run_server
       _run(run_args)
     File "/storage/scratch1/7/wahrens6/SparseArrayProgrammingSuite/competition/run_13072363/task_5/env/chunk-5/c6e6c30cd4da42ee650d557ff6858c92/lib/python3.12/site-packages/asv_runner/run.py", line 73, in _run
       result = benchmark.do_run()
                ^^^^^^^^^^^^^^^^^^
     File "/storage/scratch1/7/wahrens6/SparseArrayProgrammingSuite/competition/run_13072363/task_5/env/chunk-5/c6e6c30cd4da42ee650d557ff6858c92/lib/python3.12/site-packages/asv_runner/benchmarks/_base.py", line 758, in do_run
       return self.run(*self._build_params())
              ^^^^^^^^^^^^^^^^^^^^^^^^^^^^^^^
     File "/storage/scratch1/7/wahrens6/SparseArrayProgrammingSuite/competition/run_13072363/task_5/env/chunk-5/c6e6c30cd4da42ee650d557ff6858c92/lib/python3.12/site-packages/asv_runner/benchmarks/time.py", line 235, in run
       samples, number = self.benchmark_timing(
                         ^^^^^^^^^^^^^^^^^^^^^^
     File "/storage/scratch1/7/wahrens6/SparseArrayProgrammingSuite/competition/run_13072363/task_5/env/chunk-5/c6e6c30cd4da42ee650d557ff6858c92/lib/python3.12/site-packages/asv_runner/benchmarks/time.py", line 357, in benchmark_timing
       timing = timer.timeit(number)
                ^^^^^^^^^^^^^^^^^^^^
     File "/storage/pace-apps/spack/packages/linux-rhel9-x86_64_v3/gcc-11.3.1/python-3.12.5-5sase6atfv2x5tf7dy5x5sqfzyguhsia/lib/python3.12/timeit.py", line 180, in timeit
       timing = self.inner(it, self.timer)
                ^^^^^^^^^^^^^^^^^^^^^^^^^^
     File "<timeit-src>", line 6, in inner
     File "/storage/scratch1/7/wahrens6/SparseArrayProgrammingSuite/competition/run_13072363/task_5/env/chunk-5/c6e6c30cd4da42ee650d557ff6858c92/lib/python3.12/site-packages/asv_runner/benchmarks/time.py", line 130, in func
       self.func(*param)
     File "/storage/scratch1/7/wahrens6/SparseArrayProgrammingSuite/competition/run_13072363/task_5/env/chunk-5/c6e6c30cd4da42ee650d557ff6858c92/lib/python3.12/site-packages/saps/benchmark.py", line 360, in _time_run
       self.run(param)
     File "/storage/scratch1/7/wahrens6/SparseArrayProgrammingSuite/competition/run_13072363/task_5/env/chunk-5/c6e6c30cd4da42ee650d557ff6858c92/lib/python3.12/site-packages/saps/benchmark.py", line 432, in run
       input = [xp.from_binsparse(d) for d in self._input]
                ^^^^^^^^^^^^^^^^^^^^
     File "/storage/scratch1/7/wahrens6/SparseArrayProgrammingSuite/frameworks/saps_numpy.py", line 33, in from_binsparse
       return np.asarray(to_sparse(array).todense())
                         ^^^^^^^^^^^^^^^^^^^^^^^^^^
     File "/storage/scratch1/7/wahrens6/SparseArrayProgrammingSuite/competition/run_13072363/task_5/env/chunk-5/c6e6c30cd4da42ee650d557ff6858c92/lib/python3.12/site-packages/sparse/numba_backend/_coo/core.py", line 410, in todense
       x = np.full(self.shape, self.fill_value, self.dtype)
           ^^^^^^^^^^^^^^^^^^^^^^^^^^^^^^^^^^^^^^^^^^^^^^^^
     File "/storage/scratch1/7/wahrens6/SparseArrayProgrammingSuite/competition/run_13072363/task_5/env/chunk-5/c6e6c30cd4da42ee650d557ff6858c92/lib/python3.12/site-packages/numpy/_core/numeric.py", line 386, in full
       a = empty(shape, dtype, order, device=device)
           ^^^^^^^^^^^^^^^^^^^^^^^^^^^^^^^^^^^^^^^^^
   numpy._core._exceptions._ArrayMemoryError: Unable to allocate 1.85 TiB for an array with shape (504855, 504855) and data type float64
INFO:root:...nford.BellmanFordBenchmark.time_bellman_ford

·· ...nford.BellmanFordBenchmark.time_bellman_ford