---------------------------------------
Begin Slurm Prolog: Sep-10-2026 16:22:49
Job ID:    13072377
User ID:   wahrens6
Account:   gts-wahrens6
Job name:  saps-competition
Partition: cpu-small
QOS:       inferno
---------------------------------------
INFO:root:Using SAPS config: {'//': 'Competition config using ASV-native include entries. Each include is one competitor environment with its own dependencies.', 'environment_type': 'virtualenv', 'install_command': ['in-dir={env_dir} python -mpip install {build_dir} --force-reinstall'], 'timeout': 60, 'resume': True, 'metrics': ['time'], 'tag': ['standard'], 'saps_dir': 'competition/run_local/task_0', 'env_dir': 'competition/run_local/task_0/env', 'results_dir': 'competition/run_local/task_0/results', 'matrix': {'env_nobuild': {'SAPS_LOG_PATH': ['/storage/scratch1/7/wahrens6/SparseArrayProgrammingSuite/competition/run_13072363/task_0/results/chunk-0/diagnostics.log'], 'REMOTE_STORAGE_BACKEND': ['s3'], 'REMOTE_STORAGE_BUCKET': ['sparse-array-programming-suite'], 'SAPS_CACHE_DIR': ['/storage/scratch1/7/wahrens6/SparseArrayProgrammingSuite/.saps/outputs/cache'], 'SAPS_MANIFEST_PATH': ['/storage/scratch1/7/wahrens6/SparseArrayProgrammingSuite/manifest.json']}}, 'exclude': [{'env_nobuild': {'SAPS_FRAMEWORK': None}}], 'include': [{'python': '3.12', 'req': {'array-api-compat': '1.15.0', 'lark': '1.3.1', 'networkx': '3.6', 'numpy': '2.3', 'scipy': '1.17.1', 'sparse': '0.17.0', 'ssgetpy': '1.0rc2'}, 'env_nobuild': {'SAPS_FRAMEWORK': 'frameworks/saps_numpy.py', 'SAPS_REPO_ROOT': '.', 'SAPS_LOG_PATH': '/storage/scratch1/7/wahrens6/SparseArrayProgrammingSuite/competition/run_13072363/task_0/results/chunk-0/diagnostics.log', 'REMOTE_STORAGE_BACKEND': 's3', 'REMOTE_STORAGE_BUCKET': 'sparse-array-programming-suite', 'SAPS_CACHE_DIR': '/storage/scratch1/7/wahrens6/SparseArrayProgrammingSuite/.saps/outputs/cache', 'SAPS_MANIFEST_PATH': '/storage/scratch1/7/wahrens6/SparseArrayProgrammingSuite/manifest.json'}}, {'python': '3.12', 'req': {'array-api-compat': '1.15.0', 'lark': '1.3.1', 'networkx': '3.6', 'numpy': '2.3', 'scipy': '1.17.1', 'sparse': '0.17.0', 'ssgetpy': '1.0rc2'}, 'env_nobuild': {'SAPS_FRAMEWORK': 'frameworks/saps_scipy.py', 'SAPS_REPO_ROOT': '.', 'SAPS_LOG_PATH': '/storage/scratch1/7/wahrens6/SparseArrayProgrammingSuite/competition/run_13072363/task_0/results/chunk-0/diagnostics.log', 'REMOTE_STORAGE_BACKEND': 's3', 'REMOTE_STORAGE_BUCKET': 'sparse-array-programming-suite', 'SAPS_CACHE_DIR': '/storage/scratch1/7/wahrens6/SparseArrayProgrammingSuite/.saps/outputs/cache', 'SAPS_MANIFEST_PATH': '/storage/scratch1/7/wahrens6/SparseArrayProgrammingSuite/manifest.json'}}, {'python': '3.12', 'req': {'array-api-compat': '1.15.0', 'lark': '1.3.1', 'networkx': '3.6', 'numpy': '2.3', 'scipy': '1.17.1', 'sparse': '0.17.0', 'ssgetpy': '1.0rc2'}, 'env_nobuild': {'SAPS_FRAMEWORK': 'frameworks/saps_sparse.py', 'SAPS_REPO_ROOT': '.', 'SAPS_LOG_PATH': '/storage/scratch1/7/wahrens6/SparseArrayProgrammingSuite/competition/run_13072363/task_0/results/chunk-0/diagnostics.log', 'REMOTE_STORAGE_BACKEND': 's3', 'REMOTE_STORAGE_BUCKET': 'sparse-array-programming-suite', 'SAPS_CACHE_DIR': '/storage/scratch1/7/wahrens6/SparseArrayProgrammingSuite/.saps/outputs/cache', 'SAPS_MANIFEST_PATH': '/storage/scratch1/7/wahrens6/SparseArrayProgrammingSuite/manifest.json'}}, {'python': '3.12', 'req': {'array-api-compat': '1.15.0', 'lark': '1.3.1', 'networkx': '3.6', 'numpy': '2.3', 'scipy': '1.17.1', 'sparse': '0.17.0', 'ssgetpy': '1.0rc2', 'torch': '2.12.1'}, 'env_nobuild': {'SAPS_FRAMEWORK': 'frameworks/saps_pytorch.py', 'SAPS_REPO_ROOT': '.', 'SAPS_LOG_PATH': '/storage/scratch1/7/wahrens6/SparseArrayProgrammingSuite/competition/run_13072363/task_0/results/chunk-0/diagnostics.log', 'REMOTE_STORAGE_BACKEND': 's3', 'REMOTE_STORAGE_BUCKET': 'sparse-array-programming-suite', 'SAPS_CACHE_DIR': '/storage/scratch1/7/wahrens6/SparseArrayProgrammingSuite/.saps/outputs/cache', 'SAPS_MANIFEST_PATH': '/storage/scratch1/7/wahrens6/SparseArrayProgrammingSuite/manifest.json'}}]}
· Using SAPS config: {'//': 'Competition config using ASV-native include entries. Each include is one competitor environment with its own dependencies.', 'environment_type': 'virtualenv', 'install_command': ['in-dir={env_dir} python -mpip install {build_dir} --force-reinstall'], 'timeout': 60, 'resume': True, 'metrics': ['time'], 'tag': ['standard'], 'saps_dir': 'competition/run_local/task_0', 'env_dir': 'competition/run_local/task_0/env', 'results_dir': 'competition/run_local/task_0/results', 'matrix': {'env_nobuild': {'SAPS_LOG_PATH': ['/storage/scratch1/7/wahrens6/SparseArrayProgrammingSuite/competition/run_13072363/task_0/results/chunk-0/diagnostics.log'], 'REMOTE_STORAGE_BACKEND': ['s3'], 'REMOTE_STORAGE_BUCKET': ['sparse-array-programming-suite'], 'SAPS_CACHE_DIR': ['/storage/scratch1/7/wahrens6/SparseArrayProgrammingSuite/.saps/outputs/cache'], 'SAPS_MANIFEST_PATH': ['/storage/scratch1/7/wahrens6/SparseArrayProgrammingSuite/manifest.json']}}, 'exclude': [{'env_nobuild': {'SAPS_FRAMEWORK': None}}], 'include': [{'python': '3.12', 'req': {'array-api-compat': '1.15.0', 'lark': '1.3.1', 'networkx': '3.6', 'numpy': '2.3', 'scipy': '1.17.1', 'sparse': '0.17.0', 'ssgetpy': '1.0rc2'}, 'env_nobuild': {'SAPS_FRAMEWORK': 'frameworks/saps_numpy.py', 'SAPS_REPO_ROOT': '.', 'SAPS_LOG_PATH': '/storage/scratch1/7/wahrens6/SparseArrayProgrammingSuite/competition/run_13072363/task_0/results/chunk-0/diagnostics.log', 'REMOTE_STORAGE_BACKEND': 's3', 'REMOTE_STORAGE_BUCKET': 'sparse-array-programming-suite', 'SAPS_CACHE_DIR': '/storage/scratch1/7/wahrens6/SparseArrayProgrammingSuite/.saps/outputs/cache', 'SAPS_MANIFEST_PATH': '/storage/scratch1/7/wahrens6/SparseArrayProgrammingSuite/manifest.json'}}, {'python': '3.12', 'req': {'array-api-compat': '1.15.0', 'lark': '1.3.1', 'networkx': '3.6', 'numpy': '2.3', 'scipy': '1.17.1', 'sparse': '0.17.0', 'ssgetpy': '1.0rc2'}, 'env_nobuild': {'SAPS_FRAMEWORK': 'frameworks/saps_scipy.py', 'SAPS_REPO_ROOT': '.', 'SAPS_LOG_PATH': '/storage/scratch1/7/wahrens6/SparseArrayProgrammingSuite/competition/run_13072363/task_0/results/chunk-0/diagnostics.log', 'REMOTE_STORAGE_BACKEND': 's3', 'REMOTE_STORAGE_BUCKET': 'sparse-array-programming-suite', 'SAPS_CACHE_DIR': '/storage/scratch1/7/wahrens6/SparseArrayProgrammingSuite/.saps/outputs/cache', 'SAPS_MANIFEST_PATH': '/storage/scratch1/7/wahrens6/SparseArrayProgrammingSuite/manifest.json'}}, {'python': '3.12', 'req': {'array-api-compat': '1.15.0', 'lark': '1.3.1', 'networkx': '3.6', 'numpy': '2.3', 'scipy': '1.17.1', 'sparse': '0.17.0', 'ssgetpy': '1.0rc2'}, 'env_nobuild': {'SAPS_FRAMEWORK': 'frameworks/saps_sparse.py', 'SAPS_REPO_ROOT': '.', 'SAPS_LOG_PATH': '/storage/scratch1/7/wahrens6/SparseArrayProgrammingSuite/competition/run_13072363/task_0/results/chunk-0/diagnostics.log', 'REMOTE_STORAGE_BACKEND': 's3', 'REMOTE_STORAGE_BUCKET': 'sparse-array-programming-suite', 'SAPS_CACHE_DIR': '/storage/scratch1/7/wahrens6/SparseArrayProgrammingSuite/.saps/outputs/cache', 'SAPS_MANIFEST_PATH': '/storage/scratch1/7/wahrens6/SparseArrayProgrammingSuite/manifest.json'}}, {'python': '3.12', 'req': {'array-api-compat': '1.15.0', 'lark': '1.3.1', 'networkx': '3.6', 'numpy': '2.3', 'scipy': '1.17.1', 'sparse': '0.17.0', 'ssgetpy': '1.0rc2', 'torch': '2.12.1'}, 'env_nobuild': {'SAPS_FRAMEWORK': 'frameworks/saps_pytorch.py', 'SAPS_REPO_ROOT': '.', 'SAPS_LOG_PATH': '/storage/scratch1/7/wahrens6/SparseArrayProgrammingSuite/competition/run_13072363/task_0/results/chunk-0/diagnostics.log', 'REMOTE_STORAGE_BACKEND': 's3', 'REMOTE_STORAGE_BUCKET': 'sparse-array-programming-suite', 'SAPS_CACHE_DIR': '/storage/scratch1/7/wahrens6/SparseArrayProgrammingSuite/.saps/outputs/cache', 'SAPS_MANIFEST_PATH': '/storage/scratch1/7/wahrens6/SparseArrayProgrammingSuite/manifest.json'}}]}INFO:root:Using SAPS outputs directory: /storage/scratch1/7/wahrens6/SparseArrayProgrammingSuite/competition/run_13072363/task_0/outputs/chunk-0

· Using SAPS outputs directory: /storage/scratch1/7/wahrens6/SparseArrayProgrammingSuite/competition/run_13072363/task_0/outputs/chunk-0INFO:root:Using SAPS dataset cache: /storage/scratch1/7/wahrens6/SparseArrayProgrammingSuite/.saps/outputs/cache

· Using SAPS dataset cache: /storage/scratch1/7/wahrens6/SparseArrayProgrammingSuite/.saps/outputs/cacheINFO:root:Using SAPS machine files directory: /storage/scratch1/7/wahrens6/SparseArrayProgrammingSuite/competition/run_13072363/task_0/machine_files/chunk-0

· Using SAPS machine files directory: /storage/scratch1/7/wahrens6/SparseArrayProgrammingSuite/competition/run_13072363/task_0/machine_files/chunk-0INFO:root:Discovering benchmarks

· Discovering benchmarksINFO:root:Creating environments
Discovered 12 benchmark entries
Using timeout: 60 seconds

· Creating environmentsINFO:root:Uninstalling from virtualenv-py3.12-array-api-compat1.15.0-lark1.3.1-networkx3.6-numpy2.3-scipy1.17.1-sparse0.17.0-ssgetpy1.0rc2-REMOTE_STORAGE_BACKENDs3-REMOTE_STORAGE_BUCKETsparse-array-programming-suite-SAPS_CACHE_DIR_storage_scratch1_7_wahrens6_SparseArrayProgrammingSuite_.saps_outputs_cache-SAPS_FRAMEWORK_storage_scratch1_7_wahrens6_SparseArrayProgrammingSuite_frameworks_saps_numpy.py-SAPS_LOG_PATH_storage_scratch1_7_wahrens6_SparseArrayProgrammingSuite_competition_run_13072363_task_0_results_chunk-0_diagnostics.log-SAPS_MANIFEST_PATH_storage_scratch1_7_wahrens6_SparseArrayProgrammingSuite_manifest.json-SAPS_REPO_ROOT_storage_scratch1_7_wahrens6_SparseArrayProgrammingSuite

· Uninstalling from virtualenv-py3.12-array-api-compat1.15.0-lark1.3.1-networkx3.6-numpy2.3-scipy1.17.1-sparse0.17.0-ssgetpy1.0rc2-REMOTE_STORAGE_BACKENDs3-REMOTE_STORAGE_BUCKETsparse-array-programming-suite-SAPS_CACHE_DIR_storage_scratch1_7_wahrens6_SparseArrayProgrammingSuite_.saps_outputs_cache-SAPS_FRAMEWORK_storage_scratch1_7_wahrens6_SparseArrayProgrammingSuite_frameworks_saps_numpy.py-SAPS_LOG_PATH_storage_scratch1_7_wahrens6_SparseArrayProgrammingSuite_competition_run_13072363_task_0_results_chunk-0_diagnostics.log-SAPS_MANIFEST_PATH_storage_scratch1_7_wahrens6_SparseArrayProgrammingSuite_manifest.json-SAPS_REPO_ROOT_storage_scratch1_7_wahrens6_SparseArrayProgrammingSuiteINFO:root:Building e00ec0f4 <wma/fix-runner> for virtualenv-py3.12-array-api-compat1.15.0-lark1.3.1-networkx3.6-numpy2.3-scipy1.17.1-sparse0.17.0-ssgetpy1.0rc2-REMOTE_STORAGE_BACKENDs3-REMOTE_STORAGE_BUCKETsparse-array-programming-suite-SAPS_CACHE_DIR_storage_scratch1_7_wahrens6_SparseArrayProgrammingSuite_.saps_outputs_cache-SAPS_FRAMEWORK_storage_scratch1_7_wahrens6_SparseArrayProgrammingSuite_frameworks_saps_numpy.py-SAPS_LOG_PATH_storage_scratch1_7_wahrens6_SparseArrayProgrammingSuite_competition_run_13072363_task_0_results_chunk-0_diagnostics.log-SAPS_MANIFEST_PATH_storage_scratch1_7_wahrens6_SparseArrayProgrammingSuite_manifest.json-SAPS_REPO_ROOT_storage_scratch1_7_wahrens6_SparseArrayProgrammingSuite

· Building e00ec0f4 <wma/fix-runner> for virtualenv-py3.12-array-api-compat1.15.0-lark1.3.1-networkx3.6-numpy2.3-scipy1.17.1-sparse0.17.0-ssgetpy1.0rc2-REMOTE_STORAGE_BACKENDs3-REMOTE_STORAGE_BUCKETsparse-array-programming-suite-SAPS_CACHE_DIR_storage_scratch1_7_wahrens6_SparseArrayProgrammingSuite_.saps_outputs_cache-SAPS_FRAMEWORK_storage_scratch1_7_wahrens6_SparseArrayProgrammingSuite_frameworks_saps_numpy.py-SAPS_LOG_PATH_storage_scratch1_7_wahrens6_SparseArrayProgrammingSuite_competition_run_13072363_task_0_results_chunk-0_diagnostics.log-SAPS_MANIFEST_PATH_storage_scratch1_7_wahrens6_SparseArrayProgrammingSuite_manifest.json-SAPS_REPO_ROOT_storage_scratch1_7_wahrens6_SparseArrayProgrammingSuiteINFO:root:Installing e00ec0f4 <wma/fix-runner> into virtualenv-py3.12-array-api-compat1.15.0-lark1.3.1-networkx3.6-numpy2.3-scipy1.17.1-sparse0.17.0-ssgetpy1.0rc2-REMOTE_STORAGE_BACKENDs3-REMOTE_STORAGE_BUCKETsparse-array-programming-suite-SAPS_CACHE_DIR_storage_scratch1_7_wahrens6_SparseArrayProgrammingSuite_.saps_outputs_cache-SAPS_FRAMEWORK_storage_scratch1_7_wahrens6_SparseArrayProgrammingSuite_frameworks_saps_numpy.py-SAPS_LOG_PATH_storage_scratch1_7_wahrens6_SparseArrayProgrammingSuite_competition_run_13072363_task_0_results_chunk-0_diagnostics.log-SAPS_MANIFEST_PATH_storage_scratch1_7_wahrens6_SparseArrayProgrammingSuite_manifest.json-SAPS_REPO_ROOT_storage_scratch1_7_wahrens6_SparseArrayProgrammingSuite

· Installing e00ec0f4 <wma/fix-runner> into virtualenv-py3.12-array-api-compat1.15.0-lark1.3.1-networkx3.6-numpy2.3-scipy1.17.1-sparse0.17.0-ssgetpy1.0rc2-REMOTE_STORAGE_BACKENDs3-REMOTE_STORAGE_BUCKETsparse-array-programming-suite-SAPS_CACHE_DIR_storage_scratch1_7_wahrens6_SparseArrayProgrammingSuite_.saps_outputs_cache-SAPS_FRAMEWORK_storage_scratch1_7_wahrens6_SparseArrayProgrammingSuite_frameworks_saps_numpy.py-SAPS_LOG_PATH_storage_scratch1_7_wahrens6_SparseArrayProgrammingSuite_competition_run_13072363_task_0_results_chunk-0_diagnostics.log-SAPS_MANIFEST_PATH_storage_scratch1_7_wahrens6_SparseArrayProgrammingSuite_manifest.json-SAPS_REPO_ROOT_storage_scratch1_7_wahrens6_SparseArrayProgrammingSuiteINFO:root:Benchmarking virtualenv-py3.12-array-api-compat1.15.0-lark1.3.1-networkx3.6-numpy2.3-scipy1.17.1-sparse0.17.0-ssgetpy1.0rc2-REMOTE_STORAGE_BACKENDs3-REMOTE_STORAGE_BUCKETsparse-array-programming-suite-SAPS_CACHE_DIR_storage_scratch1_7_wahrens6_SparseArrayProgrammingSuite_.saps_outputs_cache-SAPS_FRAMEWORK_storage_scratch1_7_wahrens6_SparseArrayProgrammingSuite_frameworks_saps_numpy.py-SAPS_LOG_PATH_storage_scratch1_7_wahrens6_SparseArrayProgrammingSuite_competition_run_13072363_task_0_results_chunk-0_diagnostics.log-SAPS_MANIFEST_PATH_storage_scratch1_7_wahrens6_SparseArrayProgrammingSuite_manifest.json-SAPS_REPO_ROOT_storage_scratch1_7_wahrens6_SparseArrayProgrammingSuite

· Benchmarking virtualenv-py3.12-array-api-compat1.15.0-lark1.3.1-networkx3.6-numpy2.3-scipy1.17.1-sparse0.17.0-ssgetpy1.0rc2-REMOTE_STORAGE_BACKENDs3-REMOTE_STORAGE_BUCKETsparse-array-programming-suite-SAPS_CACHE_DIR_storage_scratch1_7_wahrens6_SparseArrayProgrammingSuite_.saps_outputs_cache-SAPS_FRAMEWORK_storage_scratch1_7_wahrens6_SparseArrayProgrammingSuite_frameworks_saps_numpy.py-SAPS_LOG_PATH_storage_scratch1_7_wahrens6_SparseArrayProgrammingSuite_competition_run_13072363_task_0_results_chunk-0_diagnostics.log-SAPS_MANIFEST_PATH_storage_scratch1_7_wahrens6_SparseArrayProgrammingSuite_manifest.json-SAPS_REPO_ROOT_storage_scratch1_7_wahrens6_SparseArrayProgrammingSuiteINFO:root:Running (BFS.BreadthFirstSearchBenchmark.time_bfs--)

·· Running (BFS.BreadthFirstSearchBenchmark.time_bfs--).INFO:root:Running (GMRES.GMRESBenchmark.time_gmres--)

·· Running (GMRES.GMRESBenchmark.time_gmres--)..INFO:root:Running (cg.CGBenchmark.time_cg_solver--)

·· Running (cg.CGBenchmark.time_cg_solver--).....INFO:root:Running (pagerank.PageRankBenchmark.time_pagerank--)

·· Running (pagerank.PageRankBenchmark.time_pagerank--).INFO:root:Running (preconditioned_cg.JacobiPreconditionedCGBenchmark.time_jacobi_preconditioned_cg--)

·· Running (preconditioned_cg.JacobiPreconditionedCGBenchmark.time_jacobi_preconditioned_cg--)...INFO:root:BFS.BreadthFirstSearchBenchmark.time_bfs

·· BFS.BreadthFirstSearchBenchmark.time_bfs              5/330 failedINFO:root:========================================= ========
                 dataset                          
----------------------------------------- --------
      bfs_inputs.snap-email-Eu-core         n/a   
    bfs_inputs.snap-facebook_combined       n/a   
         bfs_inputs.snap-ca-GrQc            n/a   
      bfs_inputs.snap-p2p-Gnutella04        n/a   
      bfs_test_inputs.test_bfs_basic        n/a   
   bfs_test_inputs.test_bfs_single_node     n/a   
  bfs_test_inputs.test_bfs_disconnected     n/a   
   bfs_test_inputs.test_bfs_undirected      n/a   
      bfs_test_inputs.test_bfs_cycle        n/a   
    bfs_test_inputs.test_bfs_snap_toy       n/a   
   bfs_gap_inputs.GAP/GAP-road_4795720      n/a   
   bfs_gap_inputs.GAP/GAP-road_21003853     n/a   
    bfs_gap_inputs.GAP/GAP-road_417968      n/a   
   bfs_gap_inputs.GAP/GAP-road_6496511      n/a   
   bfs_gap_inputs.GAP/GAP-road_6648699      n/a   
   bfs_gap_inputs.GAP/GAP-road_9811073      n/a   
   bfs_gap_inputs.GAP/GAP-road_22247478     n/a   
   bfs_gap_inputs.GAP/GAP-road_5720252      n/a   
   bfs_gap_inputs.GAP/GAP-road_12366459     n/a   
   bfs_gap_inputs.GAP/GAP-road_20413729     n/a   
   bfs_gap_inputs.GAP/GAP-road_4217374      n/a   
   bfs_gap_inputs.GAP/GAP-road_2674749      n/a   
   bfs_gap_inputs.GAP/GAP-road_22085557     n/a   
   bfs_gap_inputs.GAP/GAP-road_19445040     n/a   
   bfs_gap_inputs.GAP/GAP-road_2360788      n/a   
   bfs_gap_inputs.GAP/GAP-road_19115968     n/a   
   bfs_gap_inputs.GAP/GAP-road_7758767      n/a   
   bfs_gap_inputs.GAP/GAP-road_13468234     n/a   
    bfs_gap_inputs.GAP/GAP-road_30367       n/a   
   bfs_gap_inputs.GAP/GAP-road_18599547     n/a   
   bfs_gap_inputs.GAP/GAP-road_7526108      n/a   
   bfs_gap_inputs.GAP/GAP-road_16836280     n/a   
   bfs_gap_inputs.GAP/GAP-road_12742067     n/a   
   bfs_gap_inputs.GAP/GAP-road_7697995      n/a   
   bfs_gap_inputs.GAP/GAP-road_5876443      n/a   
   bfs_gap_inputs.GAP/GAP-road_9616340      n/a   
   bfs_gap_inputs.GAP/GAP-road_2497673      n/a   
   bfs_gap_inputs.GAP/GAP-road_10052290     n/a   
   bfs_gap_inputs.GAP/GAP-road_12493057     n/a   
   bfs_gap_inputs.GAP/GAP-road_1670855      n/a   
   bfs_gap_inputs.GAP/GAP-road_2760679      n/a   
   bfs_gap_inputs.GAP/GAP-road_2460941      n/a   
   bfs_gap_inputs.GAP/GAP-road_8489650      n/a   
   bfs_gap_inputs.GAP/GAP-road_5005225      n/a   
   bfs_gap_inputs.GAP/GAP-road_8744645      n/a   
   bfs_gap_inputs.GAP/GAP-road_8512023      n/a   
   bfs_gap_inputs.GAP/GAP-road_21912165     n/a   
   bfs_gap_inputs.GAP/GAP-road_1105390      n/a   
   bfs_gap_inputs.GAP/GAP-road_15432163     n/a   
   bfs_gap_inputs.GAP/GAP-road_1600177     failed 
   bfs_gap_inputs.GAP/GAP-road_19079469     n/a   
   bfs_gap_inputs.GAP/GAP-road_16516637     n/a   
   bfs_gap_inputs.GAP/GAP-road_20202566     n/a   
   bfs_gap_inputs.GAP/GAP-road_21372803     n/a   
   bfs_gap_inputs.GAP/GAP-road_2898009      n/a   
   bfs_gap_inputs.GAP/GAP-road_8491277      n/a   
   bfs_gap_inputs.GAP/GAP-road_18798317     n/a   
   bfs_gap_inputs.GAP/GAP-road_23757560     n/a   
   bfs_gap_inputs.GAP/GAP-road_17161819     n/a   
   bfs_gap_inputs.GAP/GAP-road_23180739     n/a   
   bfs_gap_inputs.GAP/GAP-road_10997085     n/a   
   bfs_gap_inputs.GAP/GAP-road_3730630      n/a   
   bfs_gap_inputs.GAP/GAP-road_1079068      n/a   
   bfs_gap_inputs.GAP/GAP-road_15426822     n/a   
   bfs_gap_inputs.GAP/GAP-road_12190925     n/a   
   bfs_gap_inputs.GAP/GAP-road_1155218      n/a   
   bfs_gap_inputs.GAP/GAP-road_10693488     n/a   
   bfs_gap_inputs.GAP/GAP-road_14434835     n/a   
   bfs_gap_inputs.GAP/GAP-road_19963339     n/a   
   bfs_gap_inputs.GAP/GAP-road_3486185      n/a   
   bfs_gap_inputs.GAP/GAP-road_18383269     n/a   
   bfs_gap_inputs.GAP/GAP-road_20269908     n/a   
   bfs_gap_inputs.GAP/GAP-road_12370764     n/a   
   bfs_gap_inputs.GAP/GAP-road_7843140      n/a   
 bfs_gap_inputs.GAP/GAP-twitter_12441072    n/a   
 bfs_gap_inputs.GAP/GAP-twitter_54488257    n/a   
 bfs_gap_inputs.GAP/GAP-twitter_25451915    n/a   
 bfs_gap_inputs.GAP/GAP-twitter_57714473    n/a   
 bfs_gap_inputs.GAP/GAP-twitter_14839494    n/a   
 bfs_gap_inputs.GAP/GAP-twitter_32081104    n/a   
 bfs_gap_inputs.GAP/GAP-twitter_52957357    n/a   
 bfs_gap_inputs.GAP/GAP-twitter_50444380    n/a   
 bfs_gap_inputs.GAP/GAP-twitter_49590701    n/a   
 bfs_gap_inputs.GAP/GAP-twitter_20127816    n/a   
 bfs_gap_inputs.GAP/GAP-twitter_34939333    n/a   
 bfs_gap_inputs.GAP/GAP-twitter_48251001    n/a   
 bfs_gap_inputs.GAP/GAP-twitter_19524253    n/a   
 bfs_gap_inputs.GAP/GAP-twitter_43676726    n/a   
 bfs_gap_inputs.GAP/GAP-twitter_33055508    n/a   
 bfs_gap_inputs.GAP/GAP-twitter_15244687    n/a   
 bfs_gap_inputs.GAP/GAP-twitter_24946738    n/a   
  bfs_gap_inputs.GAP/GAP-twitter_6479472    n/a   
 bfs_gap_inputs.GAP/GAP-twitter_26077682    n/a   
 bfs_gap_inputs.GAP/GAP-twitter_22023875    n/a   
 bfs_gap_inputs.GAP/GAP-twitter_22081915    n/a   
 bfs_gap_inputs.GAP/GAP-twitter_40034162    n/a   
 bfs_gap_inputs.GAP/GAP-twitter_49496014    n/a   
 bfs_gap_inputs.GAP/GAP-twitter_42847507    n/a   
 bfs_gap_inputs.GAP/GAP-twitter_52409557    n/a   
 bfs_gap_inputs.GAP/GAP-twitter_55445388    n/a   
 bfs_gap_inputs.GAP/GAP-twitter_22028097    n/a   
 bfs_gap_inputs.GAP/GAP-twitter_48766648    n/a   
 bfs_gap_inputs.GAP/GAP-twitter_44521241    n/a   
 bfs_gap_inputs.GAP/GAP-twitter_60135542    n/a   
 bfs_gap_inputs.GAP/GAP-twitter_28528671    n/a   
  bfs_gap_inputs.GAP/GAP-twitter_9678012    n/a   
 bfs_gap_inputs.GAP/GAP-twitter_40020306    n/a   
 bfs_gap_inputs.GAP/GAP-twitter_31625735    n/a   
 bfs_gap_inputs.GAP/GAP-twitter_37446892    n/a   
 bfs_gap_inputs.GAP/GAP-twitter_51788952    n/a   
 bfs_gap_inputs.GAP/GAP-twitter_52584255    n/a   
 bfs_gap_inputs.GAP/GAP-twitter_20346696    n/a   
 bfs_gap_inputs.GAP/GAP-twitter_48387909    n/a   
 bfs_gap_inputs.GAP/GAP-twitter_37337427   failed 
 bfs_gap_inputs.GAP/GAP-twitter_50501084    n/a   
 bfs_gap_inputs.GAP/GAP-twitter_30130061    n/a   
 bfs_gap_inputs.GAP/GAP-twitter_41185893    n/a   
 bfs_gap_inputs.GAP/GAP-twitter_56495703    n/a   
 bfs_gap_inputs.GAP/GAP-twitter_45663305    n/a   
 bfs_gap_inputs.GAP/GAP-twitter_33359460    n/a   
 bfs_gap_inputs.GAP/GAP-twitter_48143058    n/a   
 bfs_gap_inputs.GAP/GAP-twitter_33291513    n/a   
 bfs_gap_inputs.GAP/GAP-twitter_53461445    n/a   
 bfs_gap_inputs.GAP/GAP-twitter_29340610    n/a   
 bfs_gap_inputs.GAP/GAP-twitter_34148498    n/a   
 bfs_gap_inputs.GAP/GAP-twitter_49171806    n/a   
 bfs_gap_inputs.GAP/GAP-twitter_35550696    n/a   
 bfs_gap_inputs.GAP/GAP-twitter_14521507    n/a   
 bfs_gap_inputs.GAP/GAP-twitter_51633218    n/a   
 bfs_gap_inputs.GAP/GAP-twitter_46823382    n/a   
 bfs_gap_inputs.GAP/GAP-twitter_19396273    n/a   
 bfs_gap_inputs.GAP/GAP-twitter_19871750    n/a   
 bfs_gap_inputs.GAP/GAP-twitter_36862677    n/a   
 bfs_gap_inputs.GAP/GAP-twitter_49539126    n/a   
 bfs_gap_inputs.GAP/GAP-twitter_34016452    n/a   
 bfs_gap_inputs.GAP/GAP-twitter_36567395    n/a   
 bfs_gap_inputs.GAP/GAP-twitter_55487793    n/a   
 bfs_gap_inputs.GAP/GAP-twitter_14391370    n/a   
   bfs_gap_inputs.GAP/GAP-web_10219452      n/a   
   bfs_gap_inputs.GAP/GAP-web_44758211      n/a   
    bfs_gap_inputs.GAP/GAP-web_890671       n/a   
   bfs_gap_inputs.GAP/GAP-web_13843756      n/a   
   bfs_gap_inputs.GAP/GAP-web_14168062      n/a   
   bfs_gap_inputs.GAP/GAP-web_20906930      n/a   
   bfs_gap_inputs.GAP/GAP-web_12189584      n/a   
   bfs_gap_inputs.GAP/GAP-web_26352335      n/a   
   bfs_gap_inputs.GAP/GAP-web_43500686      n/a   
    bfs_gap_inputs.GAP/GAP-web_8987024      n/a   
    bfs_gap_inputs.GAP/GAP-web_5699762      n/a   
   bfs_gap_inputs.GAP/GAP-web_41436455      n/a   
    bfs_gap_inputs.GAP/GAP-web_5030727      n/a   
   bfs_gap_inputs.GAP/GAP-web_40735218      n/a   
   bfs_gap_inputs.GAP/GAP-web_16533563      n/a   
   bfs_gap_inputs.GAP/GAP-web_28700166      n/a   
     bfs_gap_inputs.GAP/GAP-web_64711       n/a   
   bfs_gap_inputs.GAP/GAP-web_39634750      n/a   
   bfs_gap_inputs.GAP/GAP-web_16037779      n/a   
   bfs_gap_inputs.GAP/GAP-web_27152739      n/a   
   bfs_gap_inputs.GAP/GAP-web_16404061      n/a   
   bfs_gap_inputs.GAP/GAP-web_20491963      n/a   
    bfs_gap_inputs.GAP/GAP-web_5322423      n/a   
   bfs_gap_inputs.GAP/GAP-web_21420953      n/a   
   bfs_gap_inputs.GAP/GAP-web_26622109      n/a   
    bfs_gap_inputs.GAP/GAP-web_5882875      n/a   
   bfs_gap_inputs.GAP/GAP-web_18091040      n/a   
   bfs_gap_inputs.GAP/GAP-web_10665896      n/a   
   bfs_gap_inputs.GAP/GAP-web_18634422      n/a   
   bfs_gap_inputs.GAP/GAP-web_18138715      n/a   
    bfs_gap_inputs.GAP/GAP-web_2355535      n/a   
   bfs_gap_inputs.GAP/GAP-web_32885205      n/a   
   bfs_gap_inputs.GAP/GAP-web_40657440      n/a   
   bfs_gap_inputs.GAP/GAP-web_35196167      n/a   
   bfs_gap_inputs.GAP/GAP-web_45544426      n/a   
    bfs_gap_inputs.GAP/GAP-web_6175519      n/a   
   bfs_gap_inputs.GAP/GAP-web_40058318      n/a   
   bfs_gap_inputs.GAP/GAP-web_50626230      n/a   
   bfs_gap_inputs.GAP/GAP-web_36571019      n/a   
   bfs_gap_inputs.GAP/GAP-web_49397052     failed 
   bfs_gap_inputs.GAP/GAP-web_23434265      n/a   
    bfs_gap_inputs.GAP/GAP-web_2299444      n/a   
   bfs_gap_inputs.GAP/GAP-web_32873823      n/a   
   bfs_gap_inputs.GAP/GAP-web_25978282      n/a   
    bfs_gap_inputs.GAP/GAP-web_2461715      n/a   
   bfs_gap_inputs.GAP/GAP-web_22787314      n/a   
   bfs_gap_inputs.GAP/GAP-web_30759947      n/a   
    bfs_gap_inputs.GAP/GAP-web_7428894      n/a   
   bfs_gap_inputs.GAP/GAP-web_39173870      n/a   
   bfs_gap_inputs.GAP/GAP-web_43194209      n/a   
   bfs_gap_inputs.GAP/GAP-web_26361509      n/a   
   bfs_gap_inputs.GAP/GAP-web_39747211      n/a   
   bfs_gap_inputs.GAP/GAP-web_30670029      n/a   
   bfs_gap_inputs.GAP/GAP-web_41483033      n/a   
    bfs_gap_inputs.GAP/GAP-web_9358666      n/a   
    bfs_gap_inputs.GAP/GAP-web_9945008      n/a   
    bfs_gap_inputs.GAP/GAP-web_3355244      n/a   
   bfs_gap_inputs.GAP/GAP-web_33831269      n/a   
   bfs_gap_inputs.GAP/GAP-web_45124744      n/a   
   bfs_gap_inputs.GAP/GAP-web_16137877      n/a   
   bfs_gap_inputs.GAP/GAP-web_11235448      n/a   
   bfs_gap_inputs.GAP/GAP-web_37509144      n/a   
   bfs_gap_inputs.GAP/GAP-web_27402414      n/a   
   bfs_gap_inputs.GAP/GAP-web_39546083      n/a   
   bfs_gap_inputs.GAP/GAP-kron_2338012      n/a   
   bfs_gap_inputs.GAP/GAP-kron_31997659     n/a   
   bfs_gap_inputs.GAP/GAP-kron_23590940     n/a   
   bfs_gap_inputs.GAP/GAP-kron_43400604     n/a   
   bfs_gap_inputs.GAP/GAP-kron_75337937     n/a   
    bfs_gap_inputs.GAP/GAP-kron_169867      n/a   
  bfs_gap_inputs.GAP/GAP-kron_104041220     n/a   
   bfs_gap_inputs.GAP/GAP-kron_94177942     n/a   
   bfs_gap_inputs.GAP/GAP-kron_32871357     n/a   
   bfs_gap_inputs.GAP/GAP-kron_56230002     n/a   
   bfs_gap_inputs.GAP/GAP-kron_69883037     n/a   
   bfs_gap_inputs.GAP/GAP-kron_9346345      n/a   
   bfs_gap_inputs.GAP/GAP-kron_48915358     n/a   
  bfs_gap_inputs.GAP/GAP-kron_122571173     n/a   
   bfs_gap_inputs.GAP/GAP-kron_6183279      n/a   
   bfs_gap_inputs.GAP/GAP-kron_86323663     n/a   
  bfs_gap_inputs.GAP/GAP-kron_106725780     n/a   
   bfs_gap_inputs.GAP/GAP-kron_92389938     n/a   
   bfs_gap_inputs.GAP/GAP-kron_16210738     n/a   
   bfs_gap_inputs.GAP/GAP-kron_59816700     n/a   
  bfs_gap_inputs.GAP/GAP-kron_111669929     n/a   
  bfs_gap_inputs.GAP/GAP-kron_102831411     n/a   
  bfs_gap_inputs.GAP/GAP-kron_113384800     n/a   
   bfs_gap_inputs.GAP/GAP-kron_43872564     n/a   
   bfs_gap_inputs.GAP/GAP-kron_80508827     n/a   
   bfs_gap_inputs.GAP/GAP-kron_26105648     n/a   
   bfs_gap_inputs.GAP/GAP-kron_8807516      n/a   
  bfs_gap_inputs.GAP/GAP-kron_118452455     n/a   
  bfs_gap_inputs.GAP/GAP-kron_121818859     n/a   
   bfs_gap_inputs.GAP/GAP-kron_42361928     n/a   
   bfs_gap_inputs.GAP/GAP-kron_29493053     n/a   
   bfs_gap_inputs.GAP/GAP-kron_98461503     n/a   
   bfs_gap_inputs.GAP/GAP-kron_71931337     n/a   
  bfs_gap_inputs.GAP/GAP-kron_103808468     n/a   
   bfs_gap_inputs.GAP/GAP-kron_4092345      n/a   
  bfs_gap_inputs.GAP/GAP-kron_115276241     n/a   
   bfs_gap_inputs.GAP/GAP-kron_4649343      n/a   
   bfs_gap_inputs.GAP/GAP-kron_76656189     n/a   
   bfs_gap_inputs.GAP/GAP-kron_31312001     n/a   
  bfs_gap_inputs.GAP/GAP-kron_111334127    failed 
  bfs_gap_inputs.GAP/GAP-kron_100962918     n/a   
   bfs_gap_inputs.GAP/GAP-kron_41823215     n/a   
   bfs_gap_inputs.GAP/GAP-kron_22631240     n/a   
   bfs_gap_inputs.GAP/GAP-kron_42848461     n/a   
   bfs_gap_inputs.GAP/GAP-kron_79485148     n/a   
  bfs_gap_inputs.GAP/GAP-kron_106818742     n/a   
   bfs_gap_inputs.GAP/GAP-kron_73347974     n/a   
   bfs_gap_inputs.GAP/GAP-kron_78848445     n/a   
  bfs_gap_inputs.GAP/GAP-kron_109920510     n/a   
  bfs_gap_inputs.GAP/GAP-kron_121492133     n/a   
  bfs_gap_inputs.GAP/GAP-kron_101037296     n/a   
   bfs_gap_inputs.GAP/GAP-kron_15438600     n/a   
   bfs_gap_inputs.GAP/GAP-kron_4584784      n/a   
  bfs_gap_inputs.GAP/GAP-kron_124503845     n/a   
   bfs_gap_inputs.GAP/GAP-kron_87241743     n/a   
  bfs_gap_inputs.GAP/GAP-kron_108297008     n/a   
   bfs_gap_inputs.GAP/GAP-kron_33955082     n/a   
   bfs_gap_inputs.GAP/GAP-kron_79934823     n/a   
   bfs_gap_inputs.GAP/GAP-kron_8608481      n/a   
   bfs_gap_inputs.GAP/GAP-kron_82435063     n/a   
   bfs_gap_inputs.GAP/GAP-kron_46579271     n/a   
    bfs_gap_inputs.GAP/GAP-kron_515421      n/a   
  bfs_gap_inputs.GAP/GAP-kron_121530467     n/a   
  bfs_gap_inputs.GAP/GAP-kron_127978736     n/a   
  bfs_gap_inputs.GAP/GAP-urand_27691419     n/a   
  bfs_gap_inputs.GAP/GAP-urand_121280314    n/a   
   bfs_gap_inputs.GAP/GAP-urand_2413431     n/a   
  bfs_gap_inputs.GAP/GAP-urand_37512113     n/a   
  bfs_gap_inputs.GAP/GAP-urand_38390877     n/a   
  bfs_gap_inputs.GAP/GAP-urand_56651037     n/a   
  bfs_gap_inputs.GAP/GAP-urand_128461248    n/a   
  bfs_gap_inputs.GAP/GAP-urand_33029842     n/a   
  bfs_gap_inputs.GAP/GAP-urand_71406328     n/a   
  bfs_gap_inputs.GAP/GAP-urand_117872827    n/a   
  bfs_gap_inputs.GAP/GAP-urand_24351938     n/a   
  bfs_gap_inputs.GAP/GAP-urand_15444519     n/a   
  bfs_gap_inputs.GAP/GAP-urand_127526281    n/a   
  bfs_gap_inputs.GAP/GAP-urand_112279428    n/a   
  bfs_gap_inputs.GAP/GAP-urand_13631649     n/a   
  bfs_gap_inputs.GAP/GAP-urand_110379302    n/a   
  bfs_gap_inputs.GAP/GAP-urand_44800623     n/a   
  bfs_gap_inputs.GAP/GAP-urand_77768193     n/a   
   bfs_gap_inputs.GAP/GAP-urand_175347      n/a   
  bfs_gap_inputs.GAP/GAP-urand_107397389    n/a   
  bfs_gap_inputs.GAP/GAP-urand_43457209     n/a   
  bfs_gap_inputs.GAP/GAP-urand_97215940     n/a   
  bfs_gap_inputs.GAP/GAP-urand_73575165     n/a   
  bfs_gap_inputs.GAP/GAP-urand_44449715     n/a   
  bfs_gap_inputs.GAP/GAP-urand_33931724     n/a   
  bfs_gap_inputs.GAP/GAP-urand_55526610     n/a   
  bfs_gap_inputs.GAP/GAP-urand_14422051     n/a   
  bfs_gap_inputs.GAP/GAP-urand_58043873     n/a   
  bfs_gap_inputs.GAP/GAP-urand_72137329     n/a   
   bfs_gap_inputs.GAP/GAP-urand_9647840     n/a   
  bfs_gap_inputs.GAP/GAP-urand_15940695     n/a   
  bfs_gap_inputs.GAP/GAP-urand_14209952     n/a   
  bfs_gap_inputs.GAP/GAP-urand_49020883     n/a   
  bfs_gap_inputs.GAP/GAP-urand_28901138     n/a   
  bfs_gap_inputs.GAP/GAP-urand_50493273     n/a   
  bfs_gap_inputs.GAP/GAP-urand_49150069     n/a   
  bfs_gap_inputs.GAP/GAP-urand_126525082    n/a   
   bfs_gap_inputs.GAP/GAP-urand_6382740     n/a   
  bfs_gap_inputs.GAP/GAP-urand_89108297     n/a   
   bfs_gap_inputs.GAP/GAP-urand_9239735    failed 
  bfs_gap_inputs.GAP/GAP-urand_110168548    n/a   
  bfs_gap_inputs.GAP/GAP-urand_95370259     n/a   
  bfs_gap_inputs.GAP/GAP-urand_116653530    n/a   
  bfs_gap_inputs.GAP/GAP-urand_123410703    n/a   
  bfs_gap_inputs.GAP/GAP-urand_16733665     n/a   
  bfs_gap_inputs.GAP/GAP-urand_49030282     n/a   
  bfs_gap_inputs.GAP/GAP-urand_108545121    n/a   
  bfs_gap_inputs.GAP/GAP-urand_99095665     n/a   
  bfs_gap_inputs.GAP/GAP-urand_133850077    n/a   
  bfs_gap_inputs.GAP/GAP-urand_63499301     n/a   
  bfs_gap_inputs.GAP/GAP-urand_21541382     n/a   
   bfs_gap_inputs.GAP/GAP-urand_6230751     n/a   
  bfs_gap_inputs.GAP/GAP-urand_89077456     n/a   
  bfs_gap_inputs.GAP/GAP-urand_70392765     n/a   
   bfs_gap_inputs.GAP/GAP-urand_6670455     n/a   
  bfs_gap_inputs.GAP/GAP-urand_61746271     n/a   
  bfs_gap_inputs.GAP/GAP-urand_83349535     n/a   
  bfs_gap_inputs.GAP/GAP-urand_115272184    n/a   
  bfs_gap_inputs.GAP/GAP-urand_20129908     n/a   
  bfs_gap_inputs.GAP/GAP-urand_106148553    n/a   
  bfs_gap_inputs.GAP/GAP-urand_117042375    n/a   
  bfs_gap_inputs.GAP/GAP-urand_71431187     n/a   
  bfs_gap_inputs.GAP/GAP-urand_45287808     n/a   
  bfs_gap_inputs.GAP/GAP-urand_107702120    n/a   
========================================= ========
For parameters: bfs_gap_inputs.GAP/GAP-road_1600177
INFO root: Dataset suitesparse_matrix.GAP/GAP-road manifest metadata is stale.
INFO root: Dataset suitesparse_matrix.GAP/GAP-road regenerated.
Traceback (most recent call last):
  File "/storage/scratch1/7/wahrens6/SparseArrayProgrammingSuite/competition/run_13072363/task_0/env/chunk-0/c6e6c30cd4da42ee650d557ff6858c92/lib/python3.12/site-packages/asv_runner/server.py", line 179, in _run_server
    _run(run_args)
  File "/storage/scratch1/7/wahrens6/SparseArrayProgrammingSuite/competition/run_13072363/task_0/env/chunk-0/c6e6c30cd4da42ee650d557ff6858c92/lib/python3.12/site-packages/asv_runner/run.py", line 73, in _run
    result = benchmark.do_run()
             ^^^^^^^^^^^^^^^^^^
  File "/storage/scratch1/7/wahrens6/SparseArrayProgrammingSuite/competition/run_13072363/task_0/env/chunk-0/c6e6c30cd4da42ee650d557ff6858c92/lib/python3.12/site-packages/asv_runner/benchmarks/_base.py", line 758, in do_run
    return self.run(*self._build_params())
           ^^^^^^^^^^^^^^^^^^^^^^^^^^^^^^^
  File "/storage/scratch1/7/wahrens6/SparseArrayProgrammingSuite/competition/run_13072363/task_0/env/chunk-0/c6e6c30cd4da42ee650d557ff6858c92/lib/python3.12/site-packages/asv_runner/benchmarks/time.py", line 235, in run
    samples, number = self.benchmark_timing(
                      ^^^^^^^^^^^^^^^^^^^^^^
  File "/storage/scratch1/7/wahrens6/SparseArrayProgrammingSuite/competition/run_13072363/task_0/env/chunk-0/c6e6c30cd4da42ee650d557ff6858c92/lib/python3.12/site-packages/asv_runner/benchmarks/time.py", line 357, in benchmark_timing
    timing = timer.timeit(number)
             ^^^^^^^^^^^^^^^^^^^^
  File "/storage/pace-apps/spack/packages/linux-rhel9-x86_64_v3/gcc-11.3.1/python-3.12.5-5sase6atfv2x5tf7dy5x5sqfzyguhsia/lib/python3.12/timeit.py", line 180, in timeit
    timing = self.inner(it, self.timer)
             ^^^^^^^^^^^^^^^^^^^^^^^^^^
  File "<timeit-src>", line 6, in inner
  File "/storage/scratch1/7/wahrens6/SparseArrayProgrammingSuite/competition/run_13072363/task_0/env/chunk-0/c6e6c30cd4da42ee650d557ff6858c92/lib/python3.12/site-packages/asv_runner/benchmarks/time.py", line 130, in func
    self.func(*param)
  File "/storage/scratch1/7/wahrens6/SparseArrayProgrammingSuite/competition/run_13072363/task_0/env/chunk-0/c6e6c30cd4da42ee650d557ff6858c92/lib/python3.12/site-packages/saps/benchmark.py", line 360, in _time_run
    self.run(param)
  File "/storage/scratch1/7/wahrens6/SparseArrayProgrammingSuite/competition/run_13072363/task_0/env/chunk-0/c6e6c30cd4da42ee650d557ff6858c92/lib/python3.12/site-packages/saps/benchmark.py", line 432, in run
    input = [xp.from_binsparse(d) for d in self._input]
             ^^^^^^^^^^^^^^^^^^^^
  File "/storage/scratch1/7/wahrens6/SparseArrayProgrammingSuite/frameworks/saps_numpy.py", line 33, in from_binsparse
    return np.asarray(to_sparse(array).todense())
                      ^^^^^^^^^^^^^^^^^^^^^^^^^^
  File "/storage/scratch1/7/wahrens6/SparseArrayProgrammingSuite/competition/run_13072363/task_0/env/chunk-0/c6e6c30cd4da42ee650d557ff6858c92/lib/python3.12/site-packages/sparse/numba_backend/_coo/core.py", line 410, in todense
    x = np.full(self.shape, self.fill_value, self.dtype)
        ^^^^^^^^^^^^^^^^^^^^^^^^^^^^^^^^^^^^^^^^^^^^^^^^
  File "/storage/scratch1/7/wahrens6/SparseArrayProgrammingSuite/competition/run_13072363/task_0/env/chunk-0/c6e6c30cd4da42ee650d557ff6858c92/lib/python3.12/site-packages/numpy/_core/numeric.py", line 386, in full
    a = empty(shape, dtype, order, device=device)
        ^^^^^^^^^^^^^^^^^^^^^^^^^^^^^^^^^^^^^^^^^
numpy._core._exceptions._ArrayMemoryError: Unable to allocate 4.07 PiB for an array with shape (23947347, 23947347) and data type int64

For parameters: bfs_gap_inputs.GAP/GAP-twitter_37337427
INFO root: Dataset suitesparse_matrix.GAP/GAP-twitter manifest metadata is stale.

GAP-twitter:   0%|          | 0/9469180207 [00:00<?, ?B/s]
GAP-twitter:   0%|          | 245760/9469180207 [00:00<1:09:12, 2280039.44B/s]
GAP-twitter:   0%|          | 622592/9469180207 [00:00<52:17, 3017758.46B/s]  
GAP-twitter:   0%|          | 1097728/9469180207 [00:00<44:20, 3559292.78B/s]
GAP-twitter:   0%|          | 1654784/9469180207 [00:00<39:40, 3976780.95B/s]
GAP-twitter:   0%|          | 2244608/9469180207 [00:00<34:14, 4607886.15B/s]
GAP-twitter:   0%|          | 2899968/9469180207 [00:00<30:11, 5226074.19B/s]
GAP-twitter:   0%|          | 3588096/9469180207 [00:00<27:28, 5741250.13B/s]
GAP-twitter:   0%|          | 4308992/9469180207 [00:00<25:31, 6178687.93B/s]
GAP-twitter:   0%|          | 5177344/9469180207 [00:00<22:45, 6933309.85B/s]
GAP-twitter:   0%|          | 6029312/9469180207 [00:01<21:32, 7320297.93B/s]
GAP-twitter:   0%|          | 7012352/9469180207 [00:01<19:32, 8069060.03B/s]
GAP-twitter:   0%|          | 8175616/9469180207 [00:01<17:16, 9129976.15B/s]
GAP-twitter:   0%|          | 9388032/9469180207 [00:01<15:45, 10007267.43B/s]
GAP-twitter:   0%|          | 10567680/9469180207 [00:01<14:58, 10522168.09B/s]
GAP-twitter:   0%|          | 11829248/9469180207 [00:01<14:09, 11136944.37B/s]
GAP-twitter:   0%|          | 13123584/9469180207 [00:01<13:29, 11677300.70B/s]
GAP-twitter:   0%|          | 14614528/9469180207 [00:01<12:28, 12625095.22B/s]
GAP-twitter:   0%|          | 15958016/9469180207 [00:01<12:16, 12830819.81B/s]
GAP-twitter:   0%|          | 17481728/9469180207 [00:01<11:39, 13517978.55B/s]
GAP-twitter:   0%|          | 19038208/9469180207 [00:02<11:09, 14119783.49B/s]
GAP-twitter:   0%|          | 20578304/9469180207 [00:02<10:58, 14340714.15B/s]
GAP-twitter:   0%|          | 22233088/9469180207 [00:02<10:30, 14974679.65B/s]
GAP-twitter:   0%|          | 23904256/9469180207 [00:02<10:10, 15471448.51B/s]
GAP-twitter:   0%|          | 25624576/9469180207 [00:02<09:52, 15944087.49B/s]
GAP-twitter:   0%|          | 27312128/9469180207 [00:02<09:42, 16221433.12B/s]
GAP-twitter:   0%|          | 29048832/9469180207 [00:02<09:31, 16522080.45B/s]
GAP-twitter:   0%|          | 30801920/9469180207 [00:02<09:21, 16798838.72B/s]
GAP-twitter:   0%|          | 32538624/9469180207 [00:02<09:16, 16960058.07B/s]
GAP-twitter:   0%|          | 34275328/9469180207 [00:02<09:13, 17054597.81B/s]
GAP-twitter:   0%|          | 36028416/9469180207 [00:03<09:09, 17161482.89B/s]
GAP-twitter:   0%|          | 37748736/9469180207 [00:03<09:12, 17085134.18B/s]
GAP-twitter:   0%|          | 39469056/9469180207 [00:03<09:16, 16955559.09B/s]
GAP-twitter:   0%|          | 41172992/9469180207 [00:03<09:18, 16887003.65B/s]
GAP-twitter:   0%|          | 42893312/9469180207 [00:03<09:15, 16972033.91B/s]
GAP-twitter:   0%|          | 44597248/9469180207 [00:03<09:19, 16846879.30B/s]
GAP-twitter:   0%|          | 46333952/9469180207 [00:03<09:15, 16969113.68B/s]
GAP-twitter:   1%|          | 48103424/9469180207 [00:03<09:08, 17163417.80B/s]
GAP-twitter:   1%|          | 49823744/9469180207 [00:03<09:09, 17135204.91B/s]
GAP-twitter:   1%|          | 51593216/9469180207 [00:03<09:05, 17275773.97B/s]
GAP-twitter:   1%|          | 53329920/9469180207 [00:04<09:08, 17152291.08B/s]
GAP-twitter:   1%|          | 55050240/9469180207 [00:04<09:11, 17064083.15B/s]
GAP-twitter:   1%|          | 56770560/9469180207 [00:04<09:19, 16836923.21B/s]
GAP-twitter:   1%|          | 58458112/9469180207 [00:04<09:24, 16659124.38B/s]
GAP-twitter:   1%|          | 60162048/9469180207 [00:04<09:21, 16760536.56B/s]
GAP-twitter:   1%|          | 61849600/9469180207 [00:04<09:21, 16749268.90B/s]
GAP-twitter:   1%|          | 63586304/9469180207 [00:04<09:15, 16930341.74B/s]
GAP-twitter:   1%|          | 65290240/9469180207 [00:04<09:16, 16884843.62B/s]
GAP-twitter:   1%|          | 67059712/9469180207 [00:04<09:09, 17115846.92B/s]
GAP-twitter:   1%|          | 68780032/9469180207 [00:05<09:11, 17045017.79B/s]
GAP-twitter:   1%|          | 70500352/9469180207 [00:05<09:15, 16907005.10B/s]
GAP-twitter:   1%|          | 72269824/9469180207 [00:05<09:08, 17120528.66B/s]
GAP-twitter:   1%|          | 74006528/9469180207 [00:05<09:07, 17166106.64B/s]
GAP-twitter:   1%|          | 75726848/9469180207 [00:05<09:09, 17103567.94B/s]
GAP-twitter:   1%|          | 77447168/9469180207 [00:05<09:19, 16774957.77B/s]
GAP-twitter:   1%|          | 79233024/9469180207 [00:05<09:09, 17078482.56B/s]
GAP-twitter:   1%|          | 80953344/9469180207 [00:05<09:38, 16221451.91B/s]
GAP-twitter:   1%|          | 82591744/9469180207 [00:05<09:38, 16226855.86B/s]
GAP-twitter:   1%|          | 84279296/9469180207 [00:05<09:31, 16411642.67B/s]
GAP-twitter:   1%|          | 85934080/9469180207 [00:06<09:57, 15701835.51B/s]
GAP-twitter:   1%|          | 87687168/9469180207 [00:06<09:38, 16206191.90B/s]
GAP-twitter:   1%|          | 89325568/9469180207 [00:06<10:05, 15480457.35B/s]
GAP-twitter:   1%|          | 91078656/9469180207 [00:06<09:44, 16032323.98B/s]
GAP-twitter:   1%|          | 92749824/9469180207 [00:06<09:38, 16221169.99B/s]
GAP-twitter:   1%|          | 94388224/9469180207 [00:06<09:56, 15713305.49B/s]
GAP-twitter:   1%|          | 96157696/9469180207 [00:06<09:35, 16278062.38B/s]
GAP-twitter:   1%|          | 97796096/9469180207 [00:06<10:12, 15288508.39B/s]
GAP-twitter:   1%|          | 99549184/9469180207 [00:06<09:50, 15875177.49B/s]
GAP-twitter:   1%|          | 101154816/9469180207 [00:07<10:20, 15089330.75B/s]
GAP-twitter:   1%|          | 102907904/9469180207 [00:07<09:54, 15754681.34B/s]
GAP-twitter:   1%|          | 104660992/9469180207 [00:07<09:36, 16245291.09B/s]
GAP-twitter:   1%|          | 106315776/9469180207 [00:07<10:00, 15578964.02B/s]
GAP-twitter:   1%|          | 108150784/9469180207 [00:07<09:33, 16331827.61B/s]
GAP-twitter:   1%|          | 109805568/9469180207 [00:07<09:55, 15706888.93B/s]
GAP-twitter:   1%|          | 111640576/9469180207 [00:07<09:28, 16447257.43B/s]
GAP-twitter:   1%|          | 113311744/9469180207 [00:07<09:51, 15818066.50B/s]
GAP-twitter:   1%|          | 115179520/9469180207 [00:07<09:23, 16602614.50B/s]
GAP-twitter:   1%|          | 116899840/9469180207 [00:07<09:18, 16731109.95B/s]
GAP-twitter:   1%|▏         | 118587392/9469180207 [00:08<09:50, 15833941.06B/s]
GAP-twitter:   1%|▏         | 120389632/9469180207 [00:08<09:28, 16444518.98B/s]
GAP-twitter:   1%|▏         | 122060800/9469180207 [00:08<10:00, 15557915.18B/s]
GAP-twitter:   1%|▏         | 123846656/9469180207 [00:08<09:38, 16159830.77B/s]
GAP-twitter:   1%|▏         | 125485056/9469180207 [00:08<10:06, 15408510.77B/s]
GAP-twitter:   1%|▏         | 127238144/9469180207 [00:08<09:45, 15963165.05B/s]
GAP-twitter:   1%|▏         | 129056768/9469180207 [00:08<09:23, 16579547.44B/s]
GAP-twitter:   1%|▏         | 130744320/9469180207 [00:08<09:46, 15930811.00B/s]
GAP-twitter:   1%|▏         | 132579328/9469180207 [00:08<09:22, 16598535.14B/s]
GAP-twitter:   1%|▏         | 134266880/9469180207 [00:09<09:58, 15608299.40B/s]
GAP-twitter:   1%|▏         | 136052736/9469180207 [00:09<09:35, 16227668.42B/s]
GAP-twitter:   1%|▏         | 137707520/9469180207 [00:09<09:56, 15633337.58B/s]
GAP-twitter:   1%|▏         | 139558912/9469180207 [00:09<09:28, 16423560.56B/s]
GAP-twitter:   1%|▏         | 141410304/9469180207 [00:09<09:08, 17008755.15B/s]
GAP-twitter:   2%|▏         | 143130624/9469180207 [00:09<09:42, 16004206.88B/s]
GAP-twitter:   2%|▏         | 144916480/9469180207 [00:09<09:25, 16492732.44B/s]
GAP-twitter:   2%|▏         | 146587648/9469180207 [00:09<09:51, 15767049.89B/s]
GAP-twitter:   2%|▏         | 148389888/9469180207 [00:09<09:29, 16367336.75B/s]
GAP-twitter:   2%|▏         | 150044672/9469180207 [00:10<09:56, 15611522.57B/s]
GAP-twitter:   2%|▏         | 151830528/9469180207 [00:10<09:34, 16217178.39B/s]
GAP-twitter:   2%|▏         | 153600000/9469180207 [00:10<09:20, 16615425.49B/s]
GAP-twitter:   2%|▏         | 155287552/9469180207 [00:10<09:56, 15627248.81B/s]
GAP-twitter:   2%|▏         | 157073408/9469180207 [00:10<09:33, 16230143.11B/s]
GAP-twitter:   2%|▏         | 158728192/9469180207 [00:10<09:58, 15547779.19B/s]
GAP-twitter:   2%|▏         | 160497664/9469180207 [00:10<09:36, 16143537.41B/s]
GAP-twitter:   2%|▏         | 162136064/9469180207 [00:10<09:58, 15552159.07B/s]
GAP-twitter:   2%|▏         | 163987456/9469180207 [00:10<09:28, 16366101.77B/s]
GAP-twitter:   2%|▏         | 165691392/9469180207 [00:11<09:53, 15669284.60B/s]
GAP-twitter:   2%|▏         | 167444480/9469180207 [00:11<09:34, 16182818.43B/s]
GAP-twitter:   2%|▏         | 169312256/9469180207 [00:11<09:10, 16882312.23B/s]
GAP-twitter:   2%|▏         | 171016192/9469180207 [00:11<09:36, 16140417.82B/s]
GAP-twitter:   2%|▏         | 172802048/9469180207 [00:11<09:20, 16586280.76B/s]
GAP-twitter:   2%|▏         | 174489600/9469180207 [00:11<09:48, 15794404.24B/s]
GAP-twitter:   2%|▏         | 176324608/9469180207 [00:11<09:23, 16483954.00B/s]
GAP-twitter:   2%|▏         | 177995776/9469180207 [00:11<09:45, 15881288.97B/s]
GAP-twitter:   2%|▏         | 179847168/9469180207 [00:11<09:19, 16590647.94B/s]
GAP-twitter:   2%|▏         | 181714944/9469180207 [00:11<09:01, 17162145.13B/s]
GAP-twitter:   2%|▏         | 183451648/9469180207 [00:12<09:31, 16244501.39B/s]
GAP-twitter:   2%|▏         | 185221120/9469180207 [00:12<09:17, 16650142.63B/s]
GAP-twitter:   2%|▏         | 186908672/9469180207 [00:12<09:52, 15653197.56B/s]
GAP-twitter:   2%|▏         | 188727296/9469180207 [00:12<09:27, 16348741.01B/s]
GAP-twitter:   2%|▏         | 190382080/9469180207 [00:12<09:51, 15684876.54B/s]
GAP-twitter:   2%|▏         | 192217088/9469180207 [00:12<09:25, 16415170.63B/s]
GAP-twitter:   2%|▏         | 194035712/9469180207 [00:12<09:08, 16913382.86B/s]
GAP-twitter:   2%|▏         | 195756032/9469180207 [00:12<09:34, 16145547.50B/s]
GAP-twitter:   2%|▏         | 197574656/9469180207 [00:12<09:14, 16720299.77B/s]
GAP-twitter:   2%|▏         | 199262208/9469180207 [00:13<09:37, 16044329.79B/s]
GAP-twitter:   2%|▏         | 201080832/9469180207 [00:13<09:16, 16646017.09B/s]
GAP-twitter:   2%|▏         | 202768384/9469180207 [00:13<09:42, 15908606.47B/s]
GAP-twitter:   2%|▏         | 204570624/9469180207 [00:13<09:22, 16470576.49B/s]
GAP-twitter:   2%|▏         | 206241792/9469180207 [00:13<09:50, 15677020.95B/s]
GAP-twitter:   2%|▏         | 208060416/9469180207 [00:13<09:25, 16364221.10B/s]
GAP-twitter:   2%|▏         | 209862656/9469180207 [00:13<09:10, 16816269.40B/s]
GAP-twitter:   2%|▏         | 211566592/9469180207 [00:13<09:40, 15949834.50B/s]
GAP-twitter:   2%|▏         | 213401600/9469180207 [00:13<09:17, 16605718.96B/s]
GAP-twitter:   2%|▏         | 215089152/9469180207 [00:14<09:38, 15994556.84B/s]
GAP-twitter:   2%|▏         | 216924160/9469180207 [00:14<09:16, 16621642.83B/s]
GAP-twitter:   2%|▏         | 218775552/9469180207 [00:14<08:59, 17139023.30B/s]
GAP-twitter:   2%|▏         | 220512256/9469180207 [00:14<09:29, 16249155.04B/s]
GAP-twitter:   2%|▏         | 222314496/9469180207 [00:14<09:12, 16721279.97B/s]
GAP-twitter:   2%|▏         | 224002048/9469180207 [00:14<09:37, 15996741.73B/s]
GAP-twitter:   2%|▏         | 225837056/9469180207 [00:14<09:15, 16644874.77B/s]
GAP-twitter:   2%|▏         | 227524608/9469180207 [00:14<09:43, 15839424.71B/s]
GAP-twitter:   2%|▏         | 229244928/9469180207 [00:14<09:29, 16217716.18B/s]
GAP-twitter:   2%|▏         | 231014400/9469180207 [00:15<09:15, 16625775.59B/s]
GAP-twitter:   2%|▏         | 232701952/9469180207 [00:15<09:47, 15714835.43B/s]
GAP-twitter:   2%|▏         | 234536960/9469180207 [00:15<09:22, 16407852.08B/s]
GAP-twitter:   2%|▏         | 236208128/9469180207 [00:15<09:46, 15755263.22B/s]
GAP-twitter:   3%|▎         | 238010368/9469180207 [00:15<09:24, 16349369.40B/s]
GAP-twitter:   3%|▎         | 239665152/9469180207 [00:15<09:49, 15651433.42B/s]
GAP-twitter:   3%|▎         | 241500160/9469180207 [00:15<09:23, 16379680.31B/s]
GAP-twitter:   3%|▎         | 243269632/9469180207 [00:15<09:50, 15615999.68B/s]
GAP-twitter:   3%|▎         | 244957184/9469180207 [00:15<09:38, 15949336.78B/s]
GAP-twitter:   3%|▎         | 246792192/9469180207 [00:15<09:15, 16604199.09B/s]
GAP-twitter:   3%|▎         | 248479744/9469180207 [00:16<09:42, 15832485.52B/s]
GAP-twitter:   3%|▎         | 250265600/9469180207 [00:16<09:22, 16382957.35B/s]
GAP-twitter:   3%|▎         | 251920384/9469180207 [00:16<09:45, 15736844.99B/s]
GAP-twitter:   3%|▎         | 253624320/9469180207 [00:16<09:33, 16068798.40B/s]
GAP-twitter:   3%|▎         | 255361024/9469180207 [00:16<09:21, 16413268.05B/s]
GAP-twitter:   3%|▎         | 257015808/9469180207 [00:16<09:50, 15613300.49B/s]
GAP-twitter:   3%|▎         | 258867200/9469180207 [00:16<09:20, 16426289.48B/s]
GAP-twitter:   3%|▎         | 260538368/9469180207 [00:16<09:45, 15723016.73B/s]
GAP-twitter:   3%|▎         | 262373376/9469180207 [00:16<09:20, 16421874.73B/s]
GAP-twitter:   3%|▎         | 264044544/9469180207 [00:17<09:48, 15649846.12B/s]
GAP-twitter:   3%|▎         | 265863168/9469180207 [00:17<09:22, 16347945.90B/s]
GAP-twitter:   3%|▎         | 267550720/9469180207 [00:17<09:43, 15778206.34B/s]
GAP-twitter:   3%|▎         | 269402112/9469180207 [00:17<09:16, 16539709.58B/s]
GAP-twitter:   3%|▎         | 271269888/9469180207 [00:17<08:56, 17137115.02B/s]
GAP-twitter:   3%|▎         | 273006592/9469180207 [00:17<09:25, 16275160.16B/s]
GAP-twitter:   3%|▎         | 274808832/9469180207 [00:17<09:08, 16763275.19B/s]
GAP-twitter:   3%|▎         | 276512768/9469180207 [00:17<09:32, 16049491.97B/s]
GAP-twitter:   3%|▎         | 278347776/9469180207 [00:17<09:11, 16664538.14B/s]
GAP-twitter:   3%|▎         | 280035328/9469180207 [00:18<09:38, 15893152.42B/s]
GAP-twitter:   3%|▎         | 281755648/9469180207 [00:18<09:25, 16240911.56B/s]
GAP-twitter:   3%|▎         | 283574272/9469180207 [00:18<09:07, 16774615.03B/s]
GAP-twitter:   3%|▎         | 285278208/9469180207 [00:18<09:33, 16002992.87B/s]
GAP-twitter:   3%|▎         | 287129600/9469180207 [00:18<09:10, 16678321.21B/s]
GAP-twitter:   3%|▎         | 288817152/9469180207 [00:18<09:37, 15888670.46B/s]
GAP-twitter:   3%|▎         | 290684928/9469180207 [00:18<09:11, 16631757.44B/s]
GAP-twitter:   3%|▎         | 292372480/9469180207 [00:18<09:38, 15853979.47B/s]
GAP-twitter:   3%|▎         | 294223872/9469180207 [00:18<09:13, 16563671.58B/s]
GAP-twitter:   3%|▎         | 295911424/9469180207 [00:19<09:34, 15960362.71B/s]
GAP-twitter:   3%|▎         | 297762816/9469180207 [00:19<09:10, 16651073.09B/s]
GAP-twitter:   3%|▎         | 299679744/9469180207 [00:19<08:48, 17334205.07B/s]
GAP-twitter:   3%|▎         | 301432832/9469180207 [00:19<09:15, 16491758.98B/s]
GAP-twitter:   3%|▎         | 303316992/9469180207 [00:19<08:55, 17120818.81B/s]
GAP-twitter:   3%|▎         | 305053696/9469180207 [00:19<09:29, 16088570.78B/s]
GAP-twitter:   3%|▎         | 306757632/9469180207 [00:19<09:20, 16343018.91B/s]
GAP-twitter:   3%|▎         | 308494336/9469180207 [00:19<09:11, 16622011.10B/s]
GAP-twitter:   3%|▎         | 310181888/9469180207 [00:19<09:52, 15459647.93B/s]
GAP-twitter:   3%|▎         | 311869440/9469180207 [00:20<09:38, 15817650.08B/s]
GAP-twitter:   3%|▎         | 313475072/9469180207 [00:20<10:15, 14865600.02B/s]
GAP-twitter:   3%|▎         | 315211776/9469180207 [00:20<09:49, 15530407.54B/s]
GAP-twitter:   3%|▎         | 316801024/9469180207 [00:20<10:11, 14975487.03B/s]
GAP-twitter:   3%|▎         | 318554112/9469180207 [00:20<09:44, 15642866.36B/s]
GAP-twitter:   3%|▎         | 320290816/9469180207 [00:20<09:29, 16076137.06B/s]
GAP-twitter:   3%|▎         | 321912832/9469180207 [00:20<09:55, 15359537.98B/s]
GAP-twitter:   3%|▎         | 323665920/9469180207 [00:20<09:32, 15968530.14B/s]
GAP-twitter:   3%|▎         | 325287936/9469180207 [00:20<10:00, 15226362.56B/s]
GAP-twitter:   3%|▎         | 327008256/9469180207 [00:20<09:40, 15745760.32B/s]
GAP-twitter:   3%|▎         | 328597504/9469180207 [00:21<10:06, 15074161.86B/s]
GAP-twitter:   3%|▎         | 330416128/9469180207 [00:21<09:33, 15926571.41B/s]
GAP-twitter:   4%|▎         | 332234752/9469180207 [00:21<09:12, 16544235.80B/s]
GAP-twitter:   4%|▎         | 333905920/9469180207 [00:21<09:41, 15715166.41B/s]
GAP-twitter:   4%|▎         | 335560704/9469180207 [00:21<09:33, 15935455.07B/s]
GAP-twitter:   4%|▎         | 337182720/9469180207 [00:21<09:54, 15355906.96B/s]
GAP-twitter:   4%|▎         | 338968576/9469180207 [00:21<09:29, 16041882.72B/s]
GAP-twitter:   4%|▎         | 340705280/9469180207 [00:21<09:17, 16387766.49B/s]
GAP-twitter:   4%|▎         | 342360064/9469180207 [00:21<09:54, 15341115.99B/s]
GAP-twitter:   4%|▎         | 343949312/9469180207 [00:22<09:52, 15405851.57B/s]
GAP-twitter:   4%|▎         | 345505792/9469180207 [00:22<10:25, 14584615.02B/s]
GAP-twitter:   4%|▎         | 347013120/9469180207 [00:22<10:19, 14718052.81B/s]
GAP-twitter:   4%|▎         | 348585984/9469180207 [00:22<10:09, 14963512.85B/s]
GAP-twitter:   4%|▎         | 350093312/9469180207 [00:22<10:42, 14188849.91B/s]
GAP-twitter:   4%|▎         | 351600640/9469180207 [00:22<10:31, 14435956.80B/s]
GAP-twitter:   4%|▎         | 353058816/9469180207 [00:22<10:53, 13948708.81B/s]
GAP-twitter:   4%|▎         | 354828288/9469180207 [00:22<10:07, 14996346.92B/s]
GAP-twitter:   4%|▍         | 356630528/9469180207 [00:22<09:35, 15839685.81B/s]
GAP-twitter:   4%|▍         | 358236160/9469180207 [00:23<10:02, 15132324.39B/s]
GAP-twitter:   4%|▍         | 359890944/9469180207 [00:23<09:46, 15519777.08B/s]
GAP-twitter:   4%|▍         | 361463808/9469180207 [00:23<10:27, 14514163.06B/s]
GAP-twitter:   4%|▍         | 363102208/9469180207 [00:23<10:06, 15019544.66B/s]
GAP-twitter:   4%|▍         | 364855296/9469180207 [00:23<10:20, 14682255.63B/s]
GAP-twitter:   4%|▍         | 366608384/9469180207 [00:23<09:48, 15455116.86B/s]
GAP-twitter:   4%|▍         | 368394240/9469180207 [00:23<09:24, 16119815.96B/s]
GAP-twitter:   4%|▍         | 370032640/9469180207 [00:23<09:52, 15368555.44B/s]
GAP-twitter:   4%|▍         | 371621888/9469180207 [00:23<09:47, 15493344.32B/s]
GAP-twitter:   4%|▍         | 373194752/9469180207 [00:24<10:26, 14513703.74B/s]
GAP-twitter:   4%|▍         | 374784000/9469180207 [00:24<10:11, 14862284.80B/s]
GAP-twitter:   4%|▍         | 376471552/9469180207 [00:24<09:49, 15424756.23B/s]
GAP-twitter:   4%|▍         | 378044416/9469180207 [00:24<10:20, 14662378.34B/s]
GAP-twitter:   4%|▍         | 379846656/9469180207 [00:24<09:42, 15596990.24B/s]
GAP-twitter:   4%|▍         | 381435904/9469180207 [00:24<10:05, 15000516.63B/s]
GAP-twitter:   4%|▍         | 383172608/9469180207 [00:24<09:40, 15659679.04B/s]
GAP-twitter:   4%|▍         | 384942080/9469180207 [00:24<09:20, 16217336.23B/s]
GAP-twitter:   4%|▍         | 386580480/9469180207 [00:24<09:45, 15512322.65B/s]
GAP-twitter:   4%|▍         | 388251648/9469180207 [00:24<09:34, 15809360.22B/s]
GAP-twitter:   4%|▍         | 389857280/9469180207 [00:25<10:11, 14857460.37B/s]
GAP-twitter:   4%|▍         | 391528448/9469180207 [00:25<09:50, 15360177.49B/s]
GAP-twitter:   4%|▍         | 393084928/9469180207 [00:25<10:22, 14581321.52B/s]
GAP-twitter:   4%|▍         | 394772480/9469180207 [00:25<09:57, 15188804.93B/s]
GAP-twitter:   4%|▍         | 396443648/9469180207 [00:25<09:42, 15582919.20B/s]
GAP-twitter:   4%|▍         | 398016512/9469180207 [00:25<10:03, 15032579.24B/s]
GAP-twitter:   4%|▍         | 399736832/9469180207 [00:25<09:40, 15622774.90B/s]
GAP-twitter:   4%|▍         | 401408000/9469180207 [00:25<10:11, 14839455.57B/s]
GAP-twitter:   4%|▍         | 403095552/9469180207 [00:25<09:48, 15394535.91B/s]
GAP-twitter:   4%|▍         | 404684800/9469180207 [00:26<09:44, 15513157.58B/s]
GAP-twitter:   4%|▍         | 406257664/9469180207 [00:26<10:16, 14712522.21B/s]
GAP-twitter:   4%|▍         | 408059904/9469180207 [00:26<09:39, 15631659.71B/s]
GAP-twitter:   4%|▍         | 409649152/9469180207 [00:26<09:58, 15141930.56B/s]
GAP-twitter:   4%|▍         | 411320320/9469180207 [00:26<09:41, 15578069.85B/s]
GAP-twitter:   4%|▍         | 412991488/9469180207 [00:26<09:29, 15893594.47B/s]
GAP-twitter:   4%|▍         | 414597120/9469180207 [00:26<09:53, 15265654.48B/s]
GAP-twitter:   4%|▍         | 416366592/9469180207 [00:26<09:27, 15947747.94B/s]
GAP-twitter:   4%|▍         | 417988608/9469180207 [00:26<09:47, 15413726.51B/s]
GAP-twitter:   4%|▍         | 419627008/9469180207 [00:27<09:38, 15644673.70B/s]
GAP-twitter:   4%|▍         | 421298176/9469180207 [00:27<09:27, 15936344.55B/s]
GAP-twitter:   4%|▍         | 422903808/9469180207 [00:27<09:55, 15203605.97B/s]
GAP-twitter:   4%|▍         | 424689664/9469180207 [00:27<09:26, 15953105.86B/s]
GAP-twitter:   5%|▍         | 426311680/9469180207 [00:27<09:53, 15231353.22B/s]
GAP-twitter:   5%|▍         | 428081152/9469180207 [00:27<09:28, 15891398.04B/s]
GAP-twitter:   5%|▍         | 429850624/9469180207 [00:27<09:11, 16392448.40B/s]
GAP-twitter:   5%|▍         | 431505408/9469180207 [00:27<09:41, 15543647.85B/s]
GAP-twitter:   5%|▍         | 433209344/9469180207 [00:27<09:26, 15960522.62B/s]
GAP-twitter:   5%|▍         | 434831360/9469180207 [00:28<09:51, 15279191.31B/s]
GAP-twitter:   5%|▍         | 436568064/9469180207 [00:28<09:29, 15864055.92B/s]
GAP-twitter:   5%|▍         | 438173696/9469180207 [00:28<09:56, 15146577.58B/s]
GAP-twitter:   5%|▍         | 439959552/9469180207 [00:28<09:28, 15878005.61B/s]
GAP-twitter:   5%|▍         | 441745408/9469180207 [00:28<09:09, 16432984.15B/s]
GAP-twitter:   5%|▍         | 443416576/9469180207 [00:28<09:37, 15618102.24B/s]
GAP-twitter:   5%|▍         | 445202432/9469180207 [00:28<09:15, 16232235.40B/s]
GAP-twitter:   5%|▍         | 446857216/9469180207 [00:28<09:39, 15572381.15B/s]
GAP-twitter:   5%|▍         | 448643072/9469180207 [00:28<09:16, 16200103.95B/s]
GAP-twitter:   5%|▍         | 450281472/9469180207 [00:28<09:42, 15488173.74B/s]
GAP-twitter:   5%|▍         | 452067328/9469180207 [00:29<09:19, 16125610.10B/s]
GAP-twitter:   5%|▍         | 453836800/9469180207 [00:29<09:04, 16565561.39B/s]
GAP-twitter:   5%|▍         | 455507968/9469180207 [00:29<09:30, 15803676.37B/s]
GAP-twitter:   5%|▍         | 457277440/9469180207 [00:29<09:11, 16332180.34B/s]
GAP-twitter:   5%|▍         | 458932224/9469180207 [00:29<09:35, 15653420.35B/s]
GAP-twitter:   5%|▍         | 460570624/9469180207 [00:29<09:28, 15854724.88B/s]
GAP-twitter:   5%|▍         | 462176256/9469180207 [00:29<09:28, 15831782.49B/s]
GAP-twitter:   5%|▍         | 463781888/9469180207 [00:29<10:06, 14841705.26B/s]
GAP-twitter:   5%|▍         | 465502208/9469180207 [00:29<09:41, 15494708.45B/s]
GAP-twitter:   5%|▍         | 467075072/9469180207 [00:30<10:03, 14916328.87B/s]
GAP-twitter:   5%|▍         | 468811776/9469180207 [00:30<09:37, 15590447.44B/s]
GAP-twitter:   5%|▍         | 470401024/9469180207 [00:30<10:00, 14995683.11B/s]
GAP-twitter:   5%|▍         | 472104960/9469180207 [00:30<09:38, 15561359.65B/s]
GAP-twitter:   5%|▌         | 473808896/9469180207 [00:30<09:23, 15955076.19B/s]
GAP-twitter:   5%|▌         | 475430912/9469180207 [00:30<09:57, 15060155.30B/s]
GAP-twitter:   5%|▌         | 477118464/9469180207 [00:30<09:37, 15564109.42B/s]
GAP-twitter:   5%|▌         | 478691328/9469180207 [00:30<10:03, 14889605.56B/s]
GAP-twitter:   5%|▌         | 480378880/9469180207 [00:30<09:42, 15432462.34B/s]
GAP-twitter:   5%|▌         | 482082816/9469180207 [00:31<09:26, 15852971.42B/s]
GAP-twitter:   5%|▌         | 483688448/9469180207 [00:31<09:57, 15032564.54B/s]
GAP-twitter:   5%|▌         | 485343232/9469180207 [00:31<09:41, 15456635.02B/s]
GAP-twitter:   5%|▌         | 486916096/9469180207 [00:31<10:03, 14871908.78B/s]
GAP-twitter:   5%|▌         | 488603648/9469180207 [00:31<09:42, 15407036.20B/s]
GAP-twitter:   5%|▌         | 490356736/9469180207 [00:31<09:21, 15987194.58B/s]
GAP-twitter:   5%|▌         | 491978752/9469180207 [00:31<09:52, 15154113.94B/s]
GAP-twitter:   5%|▌         | 493731840/9469180207 [00:31<09:27, 15814722.90B/s]
GAP-twitter:   5%|▌         | 495337472/9469180207 [00:31<09:51, 15179794.45B/s]
GAP-twitter:   5%|▌         | 497090560/9469180207 [00:32<09:27, 15813562.51B/s]
GAP-twitter:   5%|▌         | 498696192/9469180207 [00:32<09:52, 15147538.22B/s]
GAP-twitter:   5%|▌         | 500514816/9469180207 [00:32<09:20, 15990209.04B/s]
GAP-twitter:   5%|▌         | 502284288/9469180207 [00:32<09:04, 16456904.23B/s]
GAP-twitter:   5%|▌         | 503955456/9469180207 [00:32<09:34, 15605380.78B/s]
GAP-twitter:   5%|▌         | 505741312/9469180207 [00:32<09:12, 16229100.12B/s]
GAP-twitter:   5%|▌         | 507396096/9469180207 [00:32<09:35, 15568454.62B/s]
GAP-twitter:   5%|▌         | 509214720/9469180207 [00:32<09:10, 16269606.40B/s]
GAP-twitter:   5%|▌         | 510869504/9469180207 [00:32<09:31, 15678824.29B/s]
GAP-twitter:   5%|▌         | 512671744/9469180207 [00:32<09:09, 16313571.99B/s]
GAP-twitter:   5%|▌         | 514506752/9469180207 [00:33<08:50, 16864039.64B/s]
GAP-twitter:   5%|▌         | 516210688/9469180207 [00:33<09:19, 15987845.93B/s]
GAP-twitter:   5%|▌         | 518012928/9469180207 [00:33<09:01, 16526126.46B/s]
GAP-twitter:   5%|▌         | 519684096/9469180207 [00:33<09:28, 15737249.88B/s]
GAP-twitter:   6%|▌         | 521453568/9469180207 [00:33<09:10, 16243600.10B/s]
GAP-twitter:   6%|▌         | 523108352/9469180207 [00:33<09:38, 15468732.38B/s]
GAP-twitter:   6%|▌         | 524828672/9469180207 [00:33<09:21, 15915429.33B/s]
GAP-twitter:   6%|▌         | 526565376/9469180207 [00:33<09:08, 16305454.95B/s]
GAP-twitter:   6%|▌         | 528220160/9469180207 [00:33<09:38, 15465361.12B/s]
GAP-twitter:   6%|▌         | 529940480/9469180207 [00:34<09:21, 15933152.54B/s]
GAP-twitter:   6%|▌         | 531562496/9469180207 [00:34<09:56, 14990089.81B/s]
GAP-twitter:   6%|▌         | 533184512/9469180207 [00:34<09:43, 15323246.27B/s]
GAP-twitter:   6%|▌         | 534773760/9469180207 [00:34<10:03, 14801071.46B/s]
GAP-twitter:   6%|▌         | 536428544/9469180207 [00:34<09:44, 15276240.94B/s]
GAP-twitter:   6%|▌         | 538050560/9469180207 [00:34<09:34, 15542692.87B/s]
GAP-twitter:   6%|▌         | 539623424/9469180207 [00:34<10:01, 14833676.25B/s]
GAP-twitter:   6%|▌         | 541360128/9469180207 [00:34<09:35, 15517620.25B/s]
GAP-twitter:   6%|▌         | 542932992/9469180207 [00:34<09:54, 15011376.05B/s]
GAP-twitter:   6%|▌         | 544686080/9469180207 [00:35<09:28, 15687273.53B/s]
GAP-twitter:   6%|▌         | 546390016/9469180207 [00:35<09:15, 16061267.83B/s]
GAP-twitter:   6%|▌         | 548012032/9469180207 [00:35<09:48, 15148143.41B/s]
GAP-twitter:   6%|▌         | 549715968/9469180207 [00:35<09:29, 15675287.17B/s]
GAP-twitter:   6%|▌         | 551403520/9469180207 [00:35<09:17, 15995918.83B/s]
GAP-twitter:   6%|▌         | 553025536/9469180207 [00:35<09:43, 15286818.15B/s]
GAP-twitter:   6%|▌         | 554778624/9469180207 [00:35<09:21, 15886963.24B/s]
GAP-twitter:   6%|▌         | 556384256/9469180207 [00:35<09:53, 15011677.26B/s]
GAP-twitter:   6%|▌         | 558071808/9469180207 [00:35<09:34, 15507376.11B/s]
GAP-twitter:   6%|▌         | 559644672/9469180207 [00:36<10:04, 14746305.74B/s]
GAP-twitter:   6%|▌         | 561414144/9469180207 [00:36<09:32, 15565786.74B/s]
GAP-twitter:   6%|▌         | 563200000/9469180207 [00:36<09:10, 16192119.32B/s]
GAP-twitter:   6%|▌         | 564838400/9469180207 [00:36<09:40, 15326861.68B/s]
GAP-twitter:   6%|▌         | 566624256/9469180207 [00:36<09:16, 16008138.23B/s]
GAP-twitter:   6%|▌         | 568246272/9469180207 [00:36<09:52, 15019102.67B/s]
GAP-twitter:   6%|▌         | 569901056/9469180207 [00:36<09:37, 15410319.16B/s]
GAP-twitter:   6%|▌         | 571473920/9469180207 [00:36<10:03, 14735044.77B/s]
GAP-twitter:   6%|▌         | 573210624/9469180207 [00:36<09:35, 15452483.84B/s]
GAP-twitter:   6%|▌         | 574980096/9469180207 [00:36<09:14, 16046776.55B/s]
GAP-twitter:   6%|▌         | 576602112/9469180207 [00:37<09:42, 15274620.20B/s]
GAP-twitter:   6%|▌         | 578338816/9469180207 [00:37<09:20, 15858774.89B/s]
GAP-twitter:   6%|▌         | 579944448/9469180207 [00:37<09:43, 15229070.18B/s]
GAP-twitter:   6%|▌         | 581713920/9469180207 [00:37<09:19, 15889131.49B/s]
GAP-twitter:   6%|▌         | 583467008/9469180207 [00:37<09:41, 15286660.21B/s]
GAP-twitter:   6%|▌         | 585203712/9469180207 [00:37<09:20, 15846904.96B/s]
GAP-twitter:   6%|▌         | 586956800/9469180207 [00:37<09:04, 16317616.93B/s]
GAP-twitter:   6%|▌         | 588611584/9469180207 [00:37<09:37, 15366872.00B/s]
GAP-twitter:   6%|▌         | 590364672/9469180207 [00:37<09:16, 15952964.04B/s]
GAP-twitter:   6%|▋         | 591986688/9469180207 [00:38<09:40, 15292564.45B/s]
GAP-twitter:   6%|▋         | 593674240/9469180207 [00:38<09:25, 15682684.57B/s]
GAP-twitter:   6%|▋         | 595410944/9469180207 [00:38<09:09, 16154422.53B/s]
GAP-twitter:   6%|▋         | 597049344/9469180207 [00:38<09:38, 15341058.91B/s]
GAP-twitter:   6%|▋         | 598736896/9469180207 [00:38<09:22, 15769324.31B/s]
GAP-twitter:   6%|▋         | 600342528/9469180207 [00:38<09:47, 15085687.45B/s]
GAP-twitter:   6%|▋         | 602095616/9469180207 [00:38<09:23, 15748508.63B/s]
GAP-twitter:   6%|▋         | 603684864/9469180207 [00:38<09:47, 15102859.34B/s]
GAP-twitter:   6%|▋         | 605470720/9469180207 [00:38<09:18, 15866454.48B/s]
GAP-twitter:   6%|▋         | 607223808/9469180207 [00:39<09:03, 16300039.41B/s]
GAP-twitter:   6%|▋         | 608878592/9469180207 [00:39<09:33, 15458336.26B/s]
GAP-twitter:   6%|▋         | 610631680/9469180207 [00:39<09:13, 16010272.56B/s]
GAP-twitter:   6%|▋         | 612253696/9469180207 [00:39<09:38, 15302837.61B/s]
GAP-twitter:   6%|▋         | 614023168/9469180207 [00:39<09:14, 15968251.22B/s]
GAP-twitter:   7%|▋         | 615792640/9469180207 [00:39<08:58, 16437232.69B/s]
GAP-twitter:   7%|▋         | 617463808/9469180207 [00:39<09:23, 15697642.76B/s]
GAP-twitter:   7%|▋         | 619184128/9469180207 [00:39<09:10, 16082313.07B/s]
GAP-twitter:   7%|▋         | 620806144/9469180207 [00:39<09:38, 15293577.06B/s]
GAP-twitter:   7%|▋         | 622608384/9469180207 [00:40<09:11, 16055344.26B/s]
GAP-twitter:   7%|▋         | 624230400/9469180207 [00:40<09:32, 15441102.89B/s]
GAP-twitter:   7%|▋         | 626065408/9469180207 [00:40<09:05, 16221820.90B/s]
GAP-twitter:   7%|▋         | 627867648/9469180207 [00:40<08:48, 16724662.09B/s]
GAP-twitter:   7%|▋         | 629555200/9469180207 [00:40<09:16, 15873250.26B/s]
GAP-twitter:   7%|▋         | 631341056/9469180207 [00:40<08:58, 16411496.02B/s]
GAP-twitter:   7%|▋         | 633012224/9469180207 [00:40<09:26, 15604839.55B/s]
GAP-twitter:   7%|▋         | 634798080/9469180207 [00:40<09:05, 16206635.77B/s]
GAP-twitter:   7%|▋         | 636583936/9469180207 [00:40<08:49, 16671113.61B/s]
GAP-twitter:   7%|▋         | 638271488/9469180207 [00:40<09:15, 15907689.08B/s]
GAP-twitter:   7%|▋         | 640073728/9469180207 [00:41<08:55, 16492533.51B/s]
GAP-twitter:   7%|▋         | 641744896/9469180207 [00:41<09:27, 15557633.71B/s]
GAP-twitter:   7%|▋         | 643612672/9469180207 [00:41<08:58, 16388963.95B/s]
GAP-twitter:   7%|▋         | 645283840/9469180207 [00:41<09:33, 15395668.39B/s]
GAP-twitter:   7%|▋         | 647053312/9469180207 [00:41<09:11, 16004751.62B/s]
GAP-twitter:   7%|▋         | 648839168/9469180207 [00:41<08:54, 16491718.39B/s]
GAP-twitter:   7%|▋         | 650510336/9469180207 [00:41<09:26, 15573275.07B/s]
GAP-twitter:   7%|▋         | 652263424/9469180207 [00:41<09:07, 16097051.52B/s]
GAP-twitter:   7%|▋         | 653901824/9469180207 [00:41<09:34, 15338396.97B/s]
GAP-twitter:   7%|▋         | 655638528/9469180207 [00:42<09:15, 15865732.93B/s]
GAP-twitter:   7%|▋         | 657342464/9469180207 [00:42<09:38, 15241989.29B/s]
GAP-twitter:   7%|▋         | 659062784/9469180207 [00:42<09:18, 15782079.71B/s]
GAP-twitter:   7%|▋         | 660750336/9469180207 [00:42<09:08, 16045906.39B/s]
GAP-twitter:   7%|▋         | 662372352/9469180207 [00:42<09:42, 15122188.23B/s]
GAP-twitter:   7%|▋         | 664010752/9469180207 [00:42<09:29, 15460173.52B/s]
GAP-twitter:   7%|▋         | 665616384/9469180207 [00:42<09:58, 14707714.53B/s]
GAP-twitter:   7%|▋         | 667287552/9469180207 [00:42<09:37, 15234149.41B/s]
GAP-twitter:   7%|▋         | 668958720/9469180207 [00:42<09:22, 15635508.26B/s]
GAP-twitter:   7%|▋         | 670547968/9469180207 [00:43<09:52, 14839182.35B/s]
GAP-twitter:   7%|▋         | 672186368/9469180207 [00:43<09:37, 15232236.75B/s]
GAP-twitter:   7%|▋         | 673742848/9469180207 [00:43<10:04, 14550435.22B/s]
GAP-twitter:   7%|▋         | 675414016/9469180207 [00:43<09:41, 15132662.54B/s]
GAP-twitter:   7%|▋         | 677085184/9469180207 [00:43<09:24, 15566113.77B/s]
GAP-twitter:   7%|▋         | 678658048/9469180207 [00:43<09:57, 14714946.11B/s]
GAP-twitter:   7%|▋         | 680329216/9469180207 [00:43<09:36, 15244608.33B/s]
GAP-twitter:   7%|▋         | 681869312/9469180207 [00:43<10:03, 14552370.37B/s]
GAP-twitter:   7%|▋         | 683524096/9469180207 [00:43<09:42, 15087991.97B/s]
GAP-twitter:   7%|▋         | 685162496/9469180207 [00:44<09:29, 15422698.46B/s]
GAP-twitter:   7%|▋         | 686718976/9469180207 [00:44<10:03, 14541201.52B/s]
GAP-twitter:   7%|▋         | 688373760/9469180207 [00:44<09:41, 15090607.33B/s]
GAP-twitter:   7%|▋         | 689930240/9469180207 [00:44<10:10, 14388720.97B/s]
GAP-twitter:   7%|▋         | 691585024/9469180207 [00:44<09:45, 14982062.87B/s]
GAP-twitter:   7%|▋         | 693256192/9469180207 [00:44<09:27, 15457771.80B/s]
GAP-twitter:   7%|▋         | 694829056/9469180207 [00:44<09:57, 14684467.99B/s]
GAP-twitter:   7%|▋         | 696451072/9469180207 [00:44<09:41, 15095796.40B/s]
GAP-twitter:   7%|▋         | 698105856/9469180207 [00:44<09:25, 15507402.77B/s]
GAP-twitter:   7%|▋         | 699678720/9469180207 [00:45<09:56, 14711470.65B/s]
GAP-twitter:   7%|▋         | 701349888/9469180207 [00:45<09:35, 15236940.12B/s]
GAP-twitter:   7%|▋         | 702889984/9469180207 [00:45<10:02, 14550000.87B/s]
GAP-twitter:   7%|▋         | 704561152/9469180207 [00:45<09:38, 15147532.69B/s]
GAP-twitter:   7%|▋         | 706232320/9469180207 [00:45<09:22, 15591193.19B/s]
GAP-twitter:   7%|▋         | 707805184/9469180207 [00:45<09:53, 14755513.38B/s]
GAP-twitter:   7%|▋         | 709459968/9469180207 [00:45<09:34, 15249067.87B/s]
GAP-twitter:   8%|▊         | 711000064/9469180207 [00:45<10:01, 14551536.43B/s]
GAP-twitter:   8%|▊         | 712638464/9469180207 [00:45<09:42, 15041282.53B/s]
GAP-twitter:   8%|▊         | 714260480/9469180207 [00:45<09:29, 15359604.08B/s]
GAP-twitter:   8%|▊         | 715816960/9469180207 [00:46<10:00, 14573272.95B/s]
GAP-twitter:   8%|▊         | 717488128/9469180207 [00:46<09:38, 15140351.41B/s]
GAP-twitter:   8%|▊         | 719028224/9469180207 [00:46<10:04, 14481204.50B/s]
GAP-twitter:   8%|▊         | 720683008/9469180207 [00:46<09:41, 15052687.30B/s]
GAP-twitter:   8%|▊         | 722337792/9469180207 [00:46<09:26, 15450897.68B/s]
GAP-twitter:   8%|▊         | 723894272/9469180207 [00:46<09:55, 14693676.31B/s]
GAP-twitter:   8%|▊         | 725565440/9469180207 [00:46<09:33, 15246416.72B/s]
GAP-twitter:   8%|▊         | 727105536/9469180207 [00:46<10:00, 14550581.59B/s]
GAP-twitter:   8%|▊         | 728743936/9469180207 [00:46<09:40, 15048572.06B/s]
GAP-twitter:   8%|▊         | 730398720/9469180207 [00:47<09:24, 15472828.95B/s]
GAP-twitter:   8%|▊         | 731971584/9469180207 [00:47<09:53, 14715673.22B/s]
GAP-twitter:   8%|▊         | 733593600/9469180207 [00:47<09:37, 15130053.57B/s]
GAP-twitter:   8%|▊         | 735133696/9469180207 [00:47<10:05, 14430038.68B/s]
GAP-twitter:   8%|▊         | 736788480/9469180207 [00:47<09:41, 15020775.72B/s]
GAP-twitter:   8%|▊         | 738410496/9469180207 [00:47<09:29, 15318657.99B/s]
GAP-twitter:   8%|▊         | 739966976/9469180207 [00:47<09:57, 14620816.63B/s]
GAP-twitter:   8%|▊         | 741638144/9469180207 [00:47<09:35, 15164918.93B/s]
GAP-twitter:   8%|▊         | 743178240/9469180207 [00:47<10:03, 14460247.05B/s]
GAP-twitter:   8%|▊         | 744833024/9469180207 [00:48<09:40, 15036937.51B/s]
GAP-twitter:   8%|▊         | 746471424/9469180207 [00:48<09:25, 15420694.77B/s]
GAP-twitter:   8%|▊         | 748027904/9469180207 [00:48<09:55, 14646384.94B/s]
GAP-twitter:   8%|▊         | 749666304/9469180207 [00:48<09:36, 15131030.05B/s]
GAP-twitter:   8%|▊         | 751321088/9469180207 [00:48<09:23, 15470128.26B/s]
GAP-twitter:   8%|▊         | 752893952/9469180207 [00:48<09:50, 14757137.90B/s]
GAP-twitter:   8%|▊         | 754565120/9469180207 [00:48<09:29, 15297895.21B/s]
GAP-twitter:   8%|▊         | 756121600/9469180207 [00:48<09:56, 14609706.78B/s]
GAP-twitter:   8%|▊         | 757776384/9469180207 [00:48<09:35, 15150018.57B/s]
GAP-twitter:   8%|▊         | 759447552/9469180207 [00:48<09:19, 15560146.38B/s]
GAP-twitter:   8%|▊         | 761020416/9469180207 [00:49<09:51, 14716223.54B/s]
GAP-twitter:   8%|▊         | 762691584/9469180207 [00:49<09:31, 15239999.08B/s]
GAP-twitter:   8%|▊         | 764231680/9469180207 [00:49<10:04, 14396072.47B/s]
GAP-twitter:   8%|▊         | 765886464/9469180207 [00:49<09:40, 14983008.39B/s]
GAP-twitter:   8%|▊         | 767557632/9469180207 [00:49<09:23, 15429246.57B/s]
GAP-twitter:   8%|▊         | 769130496/9469180207 [00:49<09:52, 14682393.19B/s]
GAP-twitter:   8%|▊         | 770801664/9469180207 [00:49<09:30, 15242868.74B/s]
GAP-twitter:   8%|▊         | 772341760/9469180207 [00:49<09:57, 14558428.86B/s]
GAP-twitter:   8%|▊         | 774012928/9469180207 [00:49<09:33, 15152149.43B/s]
GAP-twitter:   8%|▊         | 775684096/9469180207 [00:50<09:18, 15572133.58B/s]
GAP-twitter:   8%|▊         | 777256960/9469180207 [00:50<09:47, 14800891.96B/s]
GAP-twitter:   8%|▊         | 778895360/9469180207 [00:50<09:30, 15242768.58B/s]
GAP-twitter:   8%|▊         | 780435456/9469180207 [00:50<09:57, 14547232.80B/s]
GAP-twitter:   8%|▊         | 782090240/9469180207 [00:50<09:36, 15078233.36B/s]
GAP-twitter:   8%|▊         | 783728640/9469180207 [00:50<09:22, 15428870.18B/s]
GAP-twitter:   8%|▊         | 785285120/9469180207 [00:50<09:50, 14697612.62B/s]
GAP-twitter:   8%|▊         | 786923520/9469180207 [00:50<09:32, 15168048.28B/s]
GAP-twitter:   8%|▊         | 788463616/9469180207 [00:50<09:58, 14504173.22B/s]
GAP-twitter:   8%|▊         | 790102016/9469180207 [00:51<09:38, 15012852.61B/s]
GAP-twitter:   8%|▊         | 791740416/9469180207 [00:51<09:24, 15359345.49B/s]
GAP-twitter:   8%|▊         | 793296896/9469180207 [00:51<09:55, 14564492.54B/s]
GAP-twitter:   8%|▊         | 794951680/9469180207 [00:51<09:34, 15111423.41B/s]
GAP-twitter:   8%|▊         | 796491776/9469180207 [00:51<10:09, 14231863.68B/s]
GAP-twitter:   8%|▊         | 798130176/9469180207 [00:51<09:46, 14795324.39B/s]
GAP-twitter:   8%|▊         | 799817728/9469180207 [00:51<09:24, 15364771.53B/s]
GAP-twitter:   8%|▊         | 801374208/9469180207 [00:51<09:53, 14602053.66B/s]
GAP-twitter:   8%|▊         | 803028992/9469180207 [00:51<09:32, 15128591.42B/s]
GAP-twitter:   8%|▊         | 804569088/9469180207 [00:52<10:01, 14395331.80B/s]
GAP-twitter:   9%|▊         | 806174720/9469180207 [00:52<09:43, 14855423.10B/s]
GAP-twitter:   9%|▊         | 807829504/9469180207 [00:52<09:25, 15319249.70B/s]
GAP-twitter:   9%|▊         | 809385984/9469180207 [00:52<09:53, 14584495.26B/s]
GAP-twitter:   9%|▊         | 811057152/9469180207 [00:52<09:31, 15151325.22B/s]
GAP-twitter:   9%|▊         | 812597248/9469180207 [00:52<09:58, 14456926.67B/s]
GAP-twitter:   9%|▊         | 814268416/9469180207 [00:52<09:33, 15086840.70B/s]
GAP-twitter:   9%|▊         | 815939584/9469180207 [00:52<09:16, 15548177.62B/s]
GAP-twitter:   9%|▊         | 817512448/9469180207 [00:52<09:45, 14766472.89B/s]
GAP-twitter:   9%|▊         | 819183616/9469180207 [00:52<09:25, 15285589.52B/s]
GAP-twitter:   9%|▊         | 820740096/9469180207 [00:53<09:52, 14588972.23B/s]
GAP-twitter:   9%|▊         | 822394880/9469180207 [00:53<09:31, 15135092.81B/s]
GAP-twitter:   9%|▊         | 824033280/9469180207 [00:53<09:18, 15478987.24B/s]
GAP-twitter:   9%|▊         | 825606144/9469180207 [00:53<09:47, 14705881.21B/s]
GAP-twitter:   9%|▊         | 827277312/9469180207 [00:53<09:26, 15266164.83B/s]
GAP-twitter:   9%|▉         | 828833792/9469180207 [00:53<09:52, 14585723.86B/s]
GAP-twitter:   9%|▉         | 830472192/9469180207 [00:53<09:33, 15066157.47B/s]
GAP-twitter:   9%|▉         | 832110592/9469180207 [00:53<09:19, 15430073.44B/s]
GAP-twitter:   9%|▉         | 833667072/9469180207 [00:53<09:51, 14591290.90B/s]
GAP-twitter:   9%|▉         | 835338240/9469180207 [00:54<09:28, 15174024.37B/s]
GAP-twitter:   9%|▉         | 836878336/9469180207 [00:54<09:55, 14490235.81B/s]
GAP-twitter:   9%|▉         | 838369280/9469180207 [00:54<09:52, 14575598.82B/s]
GAP-twitter:   9%|▉         | 839892992/9469180207 [00:54<09:44, 14760630.69B/s]
GAP-twitter:   9%|▉         | 841383936/9469180207 [00:54<10:06, 14227826.72B/s]
GAP-twitter:   9%|▉         | 843022336/9469180207 [00:54<09:41, 14838651.78B/s]
GAP-twitter:   9%|▉         | 844693504/9469180207 [00:54<09:21, 15357405.55B/s]
GAP-twitter:   9%|▉         | 846249984/9469180207 [00:54<09:51, 14571282.47B/s]
GAP-twitter:   9%|▉         | 847904768/9469180207 [00:54<09:30, 15124416.42B/s]
GAP-twitter:   9%|▉         | 849526784/9469180207 [00:55<09:57, 14415733.25B/s]
GAP-twitter:   9%|▉         | 851165184/9469180207 [00:55<09:36, 14959325.67B/s]
GAP-twitter:   9%|▉         | 852819968/9469180207 [00:55<09:19, 15397460.61B/s]
GAP-twitter:   9%|▉         | 854376448/9469180207 [00:55<09:48, 14635823.38B/s]
GAP-twitter:   9%|▉         | 856031232/9469180207 [00:55<09:27, 15171484.30B/s]
GAP-twitter:   9%|▉         | 857686016/9469180207 [00:55<09:13, 15554671.76B/s]
GAP-twitter:   9%|▉         | 859258880/9469180207 [00:55<09:43, 14751198.55B/s]
GAP-twitter:   9%|▉         | 860913664/9469180207 [00:55<09:24, 15237442.31B/s]
GAP-twitter:   9%|▉         | 862453760/9469180207 [00:55<09:54, 14476314.73B/s]
GAP-twitter:   9%|▉         | 864124928/9469180207 [00:56<09:31, 15064484.69B/s]
GAP-twitter:   9%|▉         | 865779712/9469180207 [00:56<09:16, 15456022.14B/s]
GAP-twitter:   9%|▉         | 867352576/9469180207 [00:56<09:45, 14696896.05B/s]
GAP-twitter:   9%|▉         | 869023744/9469180207 [00:56<09:24, 15221606.98B/s]
GAP-twitter:   9%|▉         | 870563840/9469180207 [00:56<09:52, 14509261.76B/s]
GAP-twitter:   9%|▉         | 872218624/9469180207 [00:56<09:31, 15045792.20B/s]
GAP-twitter:   9%|▉         | 873873408/9469180207 [00:56<09:15, 15465002.75B/s]
GAP-twitter:   9%|▉         | 875446272/9469180207 [00:56<09:44, 14714553.06B/s]
GAP-twitter:   9%|▉         | 877117440/9469180207 [00:56<09:22, 15264742.09B/s]
GAP-twitter:   9%|▉         | 878673920/9469180207 [00:56<09:48, 14590061.82B/s]
GAP-twitter:   9%|▉         | 881983488/9469180207 [00:57<07:14, 19754003.72B/s]
GAP-twitter:   9%|▉         | 885194752/9469180207 [00:57<06:08, 23273440.78B/s]
GAP-twitter:   9%|▉         | 888373248/9469180207 [00:57<05:33, 25712762.42B/s]
GAP-twitter:   9%|▉         | 891633664/9469180207 [00:57<05:09, 27721408.01B/s]
GAP-twitter:   9%|▉         | 894877696/9469180207 [00:57<04:55, 29052623.67B/s]
GAP-twitter:   9%|▉         | 899006464/9469180207 [00:57<04:37, 30836926.70B/s]
GAP-twitter:  10%|▉         | 903053312/9469180207 [00:57<04:15, 33581759.44B/s]
GAP-twitter:  10%|▉         | 906428416/9469180207 [00:57<04:16, 33426037.65B/s]
GAP-twitter:  10%|▉         | 909787136/9469180207 [00:57<04:17, 33195590.38B/s]
GAP-twitter:  10%|▉         | 913129472/9469180207 [00:58<04:18, 33068384.49B/s]
GAP-twitter:  10%|▉         | 916455424/9469180207 [00:58<04:21, 32730403.78B/s]
GAP-twitter:  10%|▉         | 919732224/9469180207 [00:58<04:23, 32504622.71B/s]

asv: benchmark timed out (timeout 60s)

For parameters: bfs_gap_inputs.GAP/GAP-web_49397052
INFO root: Dataset suitesparse_matrix.GAP/GAP-web manifest metadata is stale.

GAP-web:   0%|          | 0/8300343137 [00:00<?, ?B/s]
GAP-web:   0%|          | 344064/8300343137 [00:00<40:26, 3420256.94B/s]
GAP-web:   0%|          | 1048576/8300343137 [00:00<24:56, 5544908.00B/s]
GAP-web:   0%|          | 1933312/8300343137 [00:00<20:12, 6841940.70B/s]
GAP-web:   0%|          | 3096576/8300343137 [00:00<16:52, 8194393.60B/s]
GAP-web:   0%|          | 4292608/8300343137 [00:00<14:36, 9467298.26B/s]
GAP-web:   0%|          | 5570560/8300343137 [00:00<13:06, 10544461.63B/s]
GAP-web:   0%|          | 6848512/8300343137 [00:00<12:24, 11135459.27B/s]
GAP-web:   0%|          | 8323072/8300343137 [00:00<11:30, 12003122.09B/s]
GAP-web:   0%|          | 9961472/8300343137 [00:00<10:23, 13298829.41B/s]
GAP-web:   0%|          | 11632640/8300343137 [00:01<09:39, 14303442.48B/s]
GAP-web:   0%|          | 13303808/8300343137 [00:01<09:11, 15020501.84B/s]
GAP-web:   0%|          | 15106048/8300343137 [00:01<08:40, 15919836.10B/s]
GAP-web:   0%|          | 16875520/8300343137 [00:01<08:24, 16428564.03B/s]
GAP-web:   0%|          | 18726912/8300343137 [00:01<08:06, 17008019.21B/s]
GAP-web:   0%|          | 20463616/8300343137 [00:01<08:04, 17087397.66B/s]
GAP-web:   0%|          | 22265856/8300343137 [00:01<07:57, 17325848.00B/s]
GAP-web:   0%|          | 24035328/8300343137 [00:01<07:55, 17388940.79B/s]
GAP-web:   0%|          | 25788416/8300343137 [00:01<08:03, 17122182.95B/s]
GAP-web:   0%|          | 27508736/8300343137 [00:01<08:07, 16973103.51B/s]
GAP-web:   0%|          | 29212672/8300343137 [00:02<08:13, 16750002.25B/s]
GAP-web:   0%|          | 30900224/8300343137 [00:02<08:12, 16774064.39B/s]
GAP-web:   0%|          | 32653312/8300343137 [00:02<08:06, 16978326.88B/s]
GAP-web:   0%|          | 34357248/8300343137 [00:02<08:18, 16585009.62B/s]
GAP-web:   0%|          | 36028416/8300343137 [00:02<08:33, 16101230.60B/s]
GAP-web:   0%|          | 37666816/8300343137 [00:02<08:30, 16175485.90B/s]
GAP-web:   0%|          | 39387136/8300343137 [00:02<08:22, 16425773.90B/s]
GAP-web:   0%|          | 41189376/8300343137 [00:02<08:09, 16860212.33B/s]
GAP-web:   1%|          | 42893312/8300343137 [00:02<08:20, 16494813.10B/s]
GAP-web:   1%|          | 44548096/8300343137 [00:02<08:35, 16004924.81B/s]
GAP-web:   1%|          | 46153728/8300343137 [00:03<08:47, 15660569.80B/s]
GAP-web:   1%|          | 47775744/8300343137 [00:03<08:42, 15801932.90B/s]
GAP-web:   1%|          | 49364992/8300343137 [00:03<08:47, 15654736.86B/s]
GAP-web:   1%|          | 50937856/8300343137 [00:03<08:50, 15555489.24B/s]
GAP-web:   1%|          | 52510720/8300343137 [00:03<08:51, 15521183.40B/s]
GAP-web:   1%|          | 54067200/8300343137 [00:03<08:53, 15452527.95B/s]
GAP-web:   1%|          | 55623680/8300343137 [00:03<08:57, 15336426.42B/s]
GAP-web:   1%|          | 57212928/8300343137 [00:03<08:52, 15473493.92B/s]
GAP-web:   1%|          | 58769408/8300343137 [00:03<08:53, 15446305.44B/s]
GAP-web:   1%|          | 60489728/8300343137 [00:04<08:37, 15935533.68B/s]
GAP-web:   1%|          | 62111744/8300343137 [00:04<08:35, 15970566.87B/s]
GAP-web:   1%|          | 63766528/8300343137 [00:04<08:30, 16127613.87B/s]
GAP-web:   1%|          | 65503232/8300343137 [00:04<08:19, 16478219.64B/s]
GAP-web:   1%|          | 67158016/8300343137 [00:04<08:19, 16478272.18B/s]
GAP-web:   1%|          | 68943872/8300343137 [00:04<08:08, 16851876.91B/s]
GAP-web:   1%|          | 70696960/8300343137 [00:04<08:03, 17017996.78B/s]
GAP-web:   1%|          | 72450048/8300343137 [00:04<07:59, 17152514.40B/s]
GAP-web:   1%|          | 74285056/8300343137 [00:04<07:49, 17509792.24B/s]
GAP-web:   1%|          | 76070912/8300343137 [00:04<07:46, 17612474.62B/s]
GAP-web:   1%|          | 77840384/8300343137 [00:05<07:51, 17445314.42B/s]
GAP-web:   1%|          | 79626240/8300343137 [00:05<07:48, 17538684.93B/s]
GAP-web:   1%|          | 81395712/8300343137 [00:05<08:08, 16816308.32B/s]
GAP-web:   1%|          | 83099648/8300343137 [00:05<08:11, 16732290.95B/s]
GAP-web:   1%|          | 84787200/8300343137 [00:05<08:19, 16459155.21B/s]
GAP-web:   1%|          | 86441984/8300343137 [00:05<08:21, 16380717.98B/s]
GAP-web:   1%|          | 88096768/8300343137 [00:05<09:13, 14833610.74B/s]
GAP-web:   1%|          | 89620480/8300343137 [00:05<09:20, 14648807.04B/s]
GAP-web:   1%|          | 91111424/8300343137 [00:05<09:25, 14529373.50B/s]
GAP-web:   1%|          | 92585984/8300343137 [00:06<09:47, 13968856.04B/s]
GAP-web:   1%|          | 94044160/8300343137 [00:06<09:40, 14132205.73B/s]
GAP-web:   1%|          | 95518720/8300343137 [00:06<09:34, 14286089.86B/s]
GAP-web:   1%|          | 96960512/8300343137 [00:06<09:46, 13983477.41B/s]
GAP-web:   1%|          | 98779136/8300343137 [00:06<09:01, 15149349.99B/s]
GAP-web:   1%|          | 100302848/8300343137 [00:06<09:09, 14932294.86B/s]
GAP-web:   1%|          | 101957632/8300343137 [00:06<08:52, 15398906.45B/s]
GAP-web:   1%|▏         | 103792640/8300343137 [00:06<08:24, 16233551.12B/s]
GAP-web:   1%|▏         | 105431040/8300343137 [00:06<08:55, 15316578.62B/s]
GAP-web:   1%|▏         | 107036672/8300343137 [00:06<08:48, 15489757.97B/s]
GAP-web:   1%|▏         | 108609536/8300343137 [00:07<09:07, 14975298.13B/s]
GAP-web:   1%|▏         | 110510080/8300343137 [00:07<08:29, 16089871.98B/s]
GAP-web:   1%|▏         | 112132096/8300343137 [00:07<08:47, 15519302.26B/s]
GAP-web:   1%|▏         | 113999872/8300343137 [00:07<08:20, 16370812.24B/s]
GAP-web:   1%|▏         | 115900416/8300343137 [00:07<07:58, 17104957.83B/s]
GAP-web:   1%|▏         | 117637120/8300343137 [00:07<08:24, 16207150.95B/s]
GAP-web:   1%|▏         | 119472128/8300343137 [00:07<08:06, 16803554.80B/s]
GAP-web:   1%|▏         | 121176064/8300343137 [00:07<08:30, 16007017.25B/s]
GAP-web:   1%|▏         | 122994688/8300343137 [00:07<08:12, 16609886.35B/s]
GAP-web:   2%|▏         | 124682240/8300343137 [00:08<08:40, 15721170.01B/s]
GAP-web:   2%|▏         | 126550016/8300343137 [00:08<08:14, 16518997.03B/s]
GAP-web:   2%|▏         | 128237568/8300343137 [00:08<08:40, 15703110.50B/s]
GAP-web:   2%|▏         | 130007040/8300343137 [00:08<08:23, 16233218.11B/s]
GAP-web:   2%|▏         | 131858432/8300343137 [00:08<08:04, 16866626.98B/s]
GAP-web:   2%|▏         | 133562368/8300343137 [00:08<08:27, 16082483.81B/s]
GAP-web:   2%|▏         | 135249920/8300343137 [00:08<08:21, 16284631.19B/s]
GAP-web:   2%|▏         | 136904704/8300343137 [00:08<09:09, 14857403.65B/s]
GAP-web:   2%|▏         | 138608640/8300343137 [00:08<08:49, 15401790.65B/s]
GAP-web:   2%|▏         | 140181504/8300343137 [00:09<08:48, 15443300.77B/s]
GAP-web:   2%|▏         | 141754368/8300343137 [00:09<09:36, 14157493.57B/s]
GAP-web:   2%|▏         | 143212544/8300343137 [00:09<10:02, 13533173.59B/s]
GAP-web:   2%|▏         | 144605184/8300343137 [00:09<11:00, 12342289.94B/s]
GAP-web:   2%|▏         | 146276352/8300343137 [00:09<10:07, 13432214.21B/s]
GAP-web:   2%|▏         | 147963904/8300343137 [00:09<09:28, 14343028.41B/s]
GAP-web:   2%|▏         | 149438464/8300343137 [00:09<09:41, 14008172.46B/s]
GAP-web:   2%|▏         | 150880256/8300343137 [00:09<09:39, 14055344.93B/s]
GAP-web:   2%|▏         | 152305664/8300343137 [00:09<10:16, 13221187.22B/s]
GAP-web:   2%|▏         | 153649152/8300343137 [00:10<11:38, 11669583.43B/s]
GAP-web:   2%|▏         | 154927104/8300343137 [00:10<11:22, 11936519.49B/s]
GAP-web:   2%|▏         | 156450816/8300343137 [00:10<10:35, 12815525.05B/s]
GAP-web:   2%|▏         | 157777920/8300343137 [00:10<10:36, 12797314.77B/s]
GAP-web:   2%|▏         | 159334400/8300343137 [00:10<10:00, 13556853.29B/s]
GAP-web:   2%|▏         | 160727040/8300343137 [00:10<10:19, 13146036.68B/s]
GAP-web:   2%|▏         | 162283520/8300343137 [00:10<09:49, 13797495.98B/s]
GAP-web:   2%|▏         | 163921920/8300343137 [00:10<09:21, 14491962.42B/s]
GAP-web:   2%|▏         | 165396480/8300343137 [00:10<09:58, 13591045.44B/s]
GAP-web:   2%|▏         | 167002112/8300343137 [00:11<09:30, 14266730.20B/s]
GAP-web:   2%|▏         | 168460288/8300343137 [00:11<10:01, 13526404.44B/s]
GAP-web:   2%|▏         | 170065920/8300343137 [00:11<09:32, 14211470.25B/s]
GAP-web:   2%|▏         | 171589632/8300343137 [00:11<09:20, 14492288.04B/s]
GAP-web:   2%|▏         | 173064192/8300343137 [00:11<09:59, 13558304.35B/s]
GAP-web:   2%|▏         | 174800896/8300343137 [00:11<09:17, 14575268.41B/s]
GAP-web:   2%|▏         | 176603136/8300343137 [00:11<08:42, 15536479.18B/s]
GAP-web:   2%|▏         | 178192384/8300343137 [00:11<09:28, 14289053.39B/s]
GAP-web:   2%|▏         | 179879936/8300343137 [00:11<09:02, 14964544.07B/s]
GAP-web:   2%|▏         | 181420032/8300343137 [00:12<09:30, 14227688.19B/s]
GAP-web:   2%|▏         | 183222272/8300343137 [00:12<08:51, 15264552.86B/s]
GAP-web:   2%|▏         | 184778752/8300343137 [00:12<09:17, 14565001.59B/s]
GAP-web:   2%|▏         | 186417152/8300343137 [00:12<08:59, 15039981.50B/s]
GAP-web:   2%|▏         | 188104704/8300343137 [00:12<08:42, 15519532.99B/s]
GAP-web:   2%|▏         | 189677568/8300343137 [00:12<09:01, 14975535.54B/s]
GAP-web:   2%|▏         | 191479808/8300343137 [00:12<08:32, 15833468.38B/s]
GAP-web:   2%|▏         | 193085440/8300343137 [00:12<09:01, 14970726.83B/s]
GAP-web:   2%|▏         | 194838528/8300343137 [00:12<08:37, 15672965.29B/s]
GAP-web:   2%|▏         | 196608000/8300343137 [00:13<08:19, 16211416.12B/s]
GAP-web:   2%|▏         | 198246400/8300343137 [00:13<08:48, 15331949.63B/s]
GAP-web:   2%|▏         | 199917568/8300343137 [00:13<08:35, 15705027.98B/s]
GAP-web:   2%|▏         | 201506816/8300343137 [00:13<09:20, 14454857.68B/s]
GAP-web:   2%|▏         | 203341824/8300343137 [00:13<08:42, 15496981.52B/s]
GAP-web:   2%|▏         | 205127680/8300343137 [00:13<08:23, 16078440.50B/s]
GAP-web:   2%|▏         | 206766080/8300343137 [00:13<08:36, 15658952.34B/s]
GAP-web:   3%|▎         | 208666624/8300343137 [00:13<08:08, 16567819.76B/s]
GAP-web:   3%|▎         | 210354176/8300343137 [00:13<08:31, 15821250.26B/s]
GAP-web:   3%|▎         | 212205568/8300343137 [00:14<08:07, 16574741.92B/s]
GAP-web:   3%|▎         | 213893120/8300343137 [00:14<08:30, 15845758.37B/s]
GAP-web:   3%|▎         | 215662592/8300343137 [00:14<08:14, 16345149.82B/s]
GAP-web:   3%|▎         | 217579520/8300343137 [00:14<08:23, 16038964.72B/s]
GAP-web:   3%|▎         | 219611136/8300343137 [00:14<07:50, 17176825.48B/s]
GAP-web:   3%|▎         | 221560832/8300343137 [00:14<08:06, 16614496.73B/s]
GAP-web:   3%|▎         | 223543296/8300343137 [00:14<07:43, 17441115.09B/s]
GAP-web:   3%|▎         | 225361920/8300343137 [00:14<07:37, 17636249.38B/s]
GAP-web:   3%|▎         | 227147776/8300343137 [00:14<08:12, 16395865.01B/s]
GAP-web:   3%|▎         | 228933632/8300343137 [00:15<08:00, 16792069.53B/s]
GAP-web:   3%|▎         | 230637568/8300343137 [00:15<08:34, 15699017.86B/s]
GAP-web:   3%|▎         | 232374272/8300343137 [00:15<08:20, 16127587.86B/s]
GAP-web:   3%|▎         | 234012672/8300343137 [00:15<08:43, 15414592.17B/s]
GAP-web:   3%|▎         | 235782144/8300343137 [00:15<08:23, 16026863.57B/s]
GAP-web:   3%|▎         | 237502464/8300343137 [00:15<08:13, 16334667.20B/s]
GAP-web:   3%|▎         | 239157248/8300343137 [00:15<08:40, 15490682.16B/s]
GAP-web:   3%|▎         | 240959488/8300343137 [00:15<08:17, 16191499.44B/s]
GAP-web:   3%|▎         | 242597888/8300343137 [00:15<08:51, 15152262.99B/s]
GAP-web:   3%|▎         | 244334592/8300343137 [00:15<08:31, 15747836.91B/s]
GAP-web:   3%|▎         | 245940224/8300343137 [00:16<08:55, 15051360.03B/s]
GAP-web:   3%|▎         | 247742464/8300343137 [00:16<08:28, 15826334.59B/s]
GAP-web:   3%|▎         | 249561088/8300343137 [00:16<08:08, 16477748.42B/s]
GAP-web:   3%|▎         | 251232256/8300343137 [00:16<08:33, 15665096.14B/s]
GAP-web:   3%|▎         | 252936192/8300343137 [00:16<08:22, 16029020.82B/s]
GAP-web:   3%|▎         | 254558208/8300343137 [00:16<09:13, 14540374.51B/s]
GAP-web:   3%|▎         | 256229376/8300343137 [00:16<08:52, 15113688.92B/s]
GAP-web:   3%|▎         | 257785856/8300343137 [00:16<09:07, 14702702.75B/s]
GAP-web:   3%|▎         | 259653632/8300343137 [00:16<08:29, 15775856.92B/s]
GAP-web:   3%|▎         | 261373952/8300343137 [00:17<08:17, 16168346.47B/s]
GAP-web:   3%|▎         | 263012352/8300343137 [00:17<08:50, 15154495.91B/s]
GAP-web:   3%|▎         | 264634368/8300343137 [00:17<08:41, 15419569.40B/s]
GAP-web:   3%|▎         | 266207232/8300343137 [00:17<09:07, 14669242.78B/s]
GAP-web:   3%|▎         | 267943936/8300343137 [00:17<08:42, 15372227.96B/s]
GAP-web:   3%|▎         | 269647872/8300343137 [00:17<08:26, 15842065.58B/s]
GAP-web:   3%|▎         | 271253504/8300343137 [00:17<08:59, 14871117.66B/s]
GAP-web:   3%|▎         | 272957440/8300343137 [00:17<08:40, 15424677.24B/s]
GAP-web:   3%|▎         | 274530304/8300343137 [00:17<09:04, 14732660.73B/s]
GAP-web:   3%|▎         | 276201472/8300343137 [00:18<08:45, 15272436.49B/s]
GAP-web:   3%|▎         | 277889024/8300343137 [00:18<09:06, 14684048.94B/s]
GAP-web:   3%|▎         | 279592960/8300343137 [00:18<08:43, 15322400.32B/s]
GAP-web:   3%|▎         | 281165824/8300343137 [00:18<08:39, 15435742.85B/s]
GAP-web:   3%|▎         | 282738688/8300343137 [00:18<08:56, 14937360.31B/s]
GAP-web:   3%|▎         | 284344320/8300343137 [00:18<08:46, 15237310.43B/s]
GAP-web:   3%|▎         | 285949952/8300343137 [00:18<09:07, 14641598.81B/s]
GAP-web:   3%|▎         | 287522816/8300343137 [00:18<08:56, 14926970.07B/s]
GAP-web:   3%|▎         | 289128448/8300343137 [00:18<08:47, 15181304.71B/s]
GAP-web:   4%|▎         | 290668544/8300343137 [00:19<09:08, 14604407.17B/s]
GAP-web:   4%|▎         | 292421632/8300343137 [00:19<08:39, 15405205.61B/s]
GAP-web:   4%|▎         | 293978112/8300343137 [00:19<09:04, 14710345.69B/s]
GAP-web:   4%|▎         | 295698432/8300343137 [00:19<08:40, 15368218.54B/s]
GAP-web:   4%|▎         | 297402368/8300343137 [00:19<08:26, 15815258.59B/s]
GAP-web:   4%|▎         | 299008000/8300343137 [00:19<08:55, 14939523.00B/s]
GAP-web:   4%|▎         | 300630016/8300343137 [00:19<08:44, 15264809.32B/s]
GAP-web:   4%|▎         | 302170112/8300343137 [00:19<09:11, 14495042.84B/s]
GAP-web:   4%|▎         | 303841280/8300343137 [00:19<08:49, 15111219.41B/s]
GAP-web:   4%|▎         | 305512448/8300343137 [00:20<08:34, 15551694.55B/s]
GAP-web:   4%|▎         | 307085312/8300343137 [00:20<09:01, 14760438.23B/s]
GAP-web:   4%|▎         | 308805632/8300343137 [00:20<08:39, 15390082.38B/s]
GAP-web:   4%|▎         | 310362112/8300343137 [00:20<09:04, 14675147.67B/s]
GAP-web:   4%|▍         | 312033280/8300343137 [00:20<08:44, 15235893.87B/s]
GAP-web:   4%|▍         | 313671680/8300343137 [00:20<09:08, 14553675.65B/s]
GAP-web:   4%|▍         | 315277312/8300343137 [00:20<08:54, 14927316.72B/s]
GAP-web:   4%|▍         | 316915712/8300343137 [00:20<08:41, 15306037.49B/s]
GAP-web:   4%|▍         | 318472192/8300343137 [00:20<09:08, 14551949.26B/s]
GAP-web:   4%|▍         | 320192512/8300343137 [00:20<08:41, 15291710.05B/s]
GAP-web:   4%|▍         | 321896448/8300343137 [00:21<08:52, 14995249.46B/s]
GAP-web:   4%|▍         | 323649536/8300343137 [00:21<08:29, 15670489.10B/s]
GAP-web:   4%|▍         | 325419008/8300343137 [00:21<08:11, 16235785.29B/s]
GAP-web:   4%|▍         | 327057408/8300343137 [00:21<08:50, 15018265.93B/s]
GAP-web:   4%|▍         | 328892416/8300343137 [00:21<08:20, 15935518.62B/s]
GAP-web:   4%|▍         | 330514432/8300343137 [00:21<08:44, 15182515.85B/s]
GAP-web:   4%|▍         | 332496896/8300343137 [00:21<08:04, 16439858.58B/s]
GAP-web:   4%|▍         | 334168064/8300343137 [00:21<08:09, 16283473.67B/s]
GAP-web:   4%|▍         | 336281600/8300343137 [00:21<07:31, 17637002.49B/s]
GAP-web:   4%|▍         | 338067456/8300343137 [00:22<08:09, 16269641.44B/s]
GAP-web:   4%|▍         | 339738624/8300343137 [00:22<08:33, 15493934.96B/s]
GAP-web:   4%|▍         | 341344256/8300343137 [00:22<08:29, 15623853.77B/s]
GAP-web:   4%|▍         | 342933504/8300343137 [00:22<09:07, 14531626.64B/s]
GAP-web:   4%|▍         | 344539136/8300343137 [00:22<08:53, 14923784.66B/s]
GAP-web:   4%|▍         | 346062848/8300343137 [00:22<09:01, 14691126.08B/s]
GAP-web:   4%|▍         | 347914240/8300343137 [00:22<08:24, 15750792.27B/s]
GAP-web:   4%|▍         | 349716480/8300343137 [00:22<08:04, 16394449.01B/s]
GAP-web:   4%|▍         | 351387648/8300343137 [00:22<08:43, 15184854.11B/s]
GAP-web:   4%|▍         | 352944128/8300343137 [00:23<08:41, 15245367.99B/s]
GAP-web:   4%|▍         | 354500608/8300343137 [00:23<09:38, 13740047.10B/s]
GAP-web:   4%|▍         | 356302848/8300343137 [00:23<08:55, 14829965.64B/s]
GAP-web:   4%|▍         | 357875712/8300343137 [00:23<09:10, 14440607.68B/s]
GAP-web:   4%|▍         | 359890944/8300343137 [00:23<08:16, 15980785.54B/s]
GAP-web:   4%|▍         | 361840640/8300343137 [00:23<08:16, 15979534.88B/s]
GAP-web:   4%|▍         | 363741184/8300343137 [00:23<07:52, 16802296.81B/s]
GAP-web:   4%|▍         | 365477888/8300343137 [00:23<07:48, 16929214.37B/s]
GAP-web:   4%|▍         | 367198208/8300343137 [00:24<08:24, 15732539.29B/s]
GAP-web:   4%|▍         | 368934912/8300343137 [00:24<08:11, 16142681.59B/s]
GAP-web:   4%|▍         | 370573312/8300343137 [00:24<08:32, 15470399.01B/s]
GAP-web:   4%|▍         | 372457472/8300343137 [00:24<08:04, 16360650.39B/s]
GAP-web:   5%|▍         | 374390784/8300343137 [00:24<07:40, 17201347.07B/s]
GAP-web:   5%|▍         | 376143872/8300343137 [00:24<08:00, 16492625.21B/s]
GAP-web:   5%|▍         | 378011648/8300343137 [00:24<07:43, 17094575.10B/s]
GAP-web:   5%|▍         | 379748352/8300343137 [00:24<08:08, 16219737.46B/s]
GAP-web:   5%|▍         | 381501440/8300343137 [00:24<07:57, 16582211.03B/s]
GAP-web:   5%|▍         | 383188992/8300343137 [00:24<08:21, 15795416.52B/s]
GAP-web:   5%|▍         | 384991232/8300343137 [00:25<08:03, 16362289.86B/s]
GAP-web:   5%|▍         | 386678784/8300343137 [00:25<08:23, 15722467.19B/s]
GAP-web:   5%|▍         | 388513792/8300343137 [00:25<08:01, 16421888.85B/s]
GAP-web:   5%|▍         | 390381568/8300343137 [00:25<07:43, 17049391.61B/s]
GAP-web:   5%|▍         | 392101888/8300343137 [00:25<08:09, 16147496.83B/s]
GAP-web:   5%|▍         | 394002432/8300343137 [00:25<07:46, 16935423.11B/s]
GAP-web:   5%|▍         | 395722752/8300343137 [00:25<08:08, 16191770.00B/s]
GAP-web:   5%|▍         | 397672448/8300343137 [00:25<07:42, 17072476.98B/s]
GAP-web:   5%|▍         | 399409152/8300343137 [00:25<08:15, 15935249.83B/s]
GAP-web:   5%|▍         | 401031168/8300343137 [00:26<08:28, 15522878.55B/s]
GAP-web:   5%|▍         | 402669568/8300343137 [00:26<08:21, 15757694.16B/s]
GAP-web:   5%|▍         | 404275200/8300343137 [00:26<08:50, 14872865.44B/s]
GAP-web:   5%|▍         | 405864448/8300343137 [00:26<08:41, 15147494.17B/s]
GAP-web:   5%|▍         | 407404544/8300343137 [00:26<09:30, 13846229.92B/s]
GAP-web:   5%|▍         | 408846336/8300343137 [00:26<09:23, 13998660.32B/s]
GAP-web:   5%|▍         | 410337280/8300343137 [00:26<09:14, 14233066.95B/s]
GAP-web:   5%|▍         | 411779072/8300343137 [00:26<09:46, 13460568.90B/s]
GAP-web:   5%|▍         | 413335552/8300343137 [00:26<09:22, 14025228.46B/s]
GAP-web:   5%|▍         | 414859264/8300343137 [00:27<09:09, 14356687.59B/s]
GAP-web:   5%|▌         | 416317440/8300343137 [00:27<09:36, 13674955.05B/s]
GAP-web:   5%|▌         | 417873920/8300343137 [00:27<09:17, 14145097.57B/s]
GAP-web:   5%|▌         | 419315712/8300343137 [00:27<09:43, 13499560.35B/s]
GAP-web:   5%|▌         | 420888576/8300343137 [00:27<09:18, 14109802.87B/s]
GAP-web:   5%|▌         | 422346752/8300343137 [00:27<09:14, 14220037.25B/s]
GAP-web:   5%|▌         | 423788544/8300343137 [00:27<09:39, 13602416.65B/s]
GAP-web:   5%|▌         | 425476096/8300343137 [00:27<09:03, 14492547.60B/s]
GAP-web:   5%|▌         | 426950656/8300343137 [00:27<09:33, 13731517.00B/s]
GAP-web:   5%|▌         | 428425216/8300343137 [00:28<09:22, 13995512.49B/s]
GAP-web:   5%|▌         | 430030848/8300343137 [00:28<09:00, 14549479.15B/s]
GAP-web:   5%|▌         | 431505408/8300343137 [00:28<09:26, 13887191.65B/s]
GAP-web:   5%|▌         | 433209344/8300343137 [00:28<08:54, 14706819.84B/s]
GAP-web:   5%|▌         | 434913280/8300343137 [00:28<08:58, 14618841.06B/s]
GAP-web:   5%|▌         | 436518912/8300343137 [00:28<08:44, 14993551.62B/s]
GAP-web:   5%|▌         | 438059008/8300343137 [00:28<08:41, 15090222.17B/s]
GAP-web:   5%|▌         | 439582720/8300343137 [00:28<09:04, 14426980.64B/s]
GAP-web:   5%|▌         | 441352192/8300343137 [00:28<08:33, 15316613.00B/s]
GAP-web:   5%|▌         | 442908672/8300343137 [00:29<08:44, 14975965.99B/s]
GAP-web:   5%|▌         | 444809216/8300343137 [00:29<08:07, 16106852.56B/s]
GAP-web:   5%|▌         | 446513152/8300343137 [00:29<08:00, 16360118.14B/s]
GAP-web:   5%|▌         | 448167936/8300343137 [00:29<08:28, 15451787.19B/s]
GAP-web:   5%|▌         | 449822720/8300343137 [00:29<08:18, 15740328.20B/s]
GAP-web:   5%|▌         | 451411968/8300343137 [00:29<08:41, 15044343.75B/s]
GAP-web:   5%|▌         | 453394432/8300343137 [00:29<08:00, 16339784.75B/s]
GAP-web:   5%|▌         | 455049216/8300343137 [00:29<08:43, 14996937.61B/s]
GAP-web:   6%|▌         | 456589312/8300343137 [00:29<08:53, 14693439.63B/s]
GAP-web:   6%|▌         | 458129408/8300343137 [00:29<08:47, 14872808.44B/s]
GAP-web:   6%|▌         | 459636736/8300343137 [00:30<09:24, 13886695.82B/s]
GAP-web:   6%|▌         | 461275136/8300343137 [00:30<08:59, 14542836.30B/s]
GAP-web:   6%|▌         | 462913536/8300343137 [00:30<08:41, 15020390.04B/s]
GAP-web:   6%|▌         | 464437248/8300343137 [00:30<09:04, 14396742.37B/s]
GAP-web:   6%|▌         | 466157568/8300343137 [00:30<08:37, 15135527.48B/s]
GAP-web:   6%|▌         | 467697664/8300343137 [00:30<09:10, 14216034.22B/s]
GAP-web:   6%|▌         | 469417984/8300343137 [00:30<08:42, 15001132.52B/s]
GAP-web:   6%|▌         | 471072768/8300343137 [00:30<08:28, 15410343.74B/s]
GAP-web:   6%|▌         | 472645632/8300343137 [00:30<08:59, 14498099.78B/s]
GAP-web:   6%|▌         | 474284032/8300343137 [00:31<08:41, 15000514.05B/s]
GAP-web:   6%|▌         | 475922432/8300343137 [00:31<08:28, 15388561.20B/s]
GAP-web:   6%|▌         | 477478912/8300343137 [00:31<08:56, 14586467.43B/s]
GAP-web:   6%|▌         | 479199232/8300343137 [00:31<08:30, 15312339.12B/s]
GAP-web:   6%|▌         | 480870400/8300343137 [00:31<08:50, 14747159.86B/s]
GAP-web:   6%|▌         | 482443264/8300343137 [00:31<08:41, 14989060.94B/s]
GAP-web:   6%|▌         | 484065280/8300343137 [00:31<08:30, 15317529.09B/s]
GAP-web:   6%|▌         | 485621760/8300343137 [00:31<08:50, 14730691.65B/s]
GAP-web:   6%|▌         | 487342080/8300343137 [00:31<08:26, 15417640.66B/s]
GAP-web:   6%|▌         | 488931328/8300343137 [00:32<08:54, 14609486.40B/s]
GAP-web:   6%|▌         | 490553344/8300343137 [00:32<08:39, 15026659.95B/s]
GAP-web:   6%|▌         | 492224512/8300343137 [00:32<08:24, 15468476.21B/s]
GAP-web:   6%|▌         | 493797376/8300343137 [00:32<08:55, 14589841.30B/s]
GAP-web:   6%|▌         | 495452160/8300343137 [00:32<08:37, 15080094.09B/s]
GAP-web:   6%|▌         | 496975872/8300343137 [00:32<09:07, 14257143.87B/s]
GAP-web:   6%|▌         | 498614272/8300343137 [00:32<08:46, 14818890.66B/s]
GAP-web:   6%|▌         | 500137984/8300343137 [00:32<08:43, 14903194.95B/s]
GAP-web:   6%|▌         | 501645312/8300343137 [00:32<09:30, 13672975.51B/s]
GAP-web:   6%|▌         | 503054336/8300343137 [00:33<09:25, 13779744.23B/s]
GAP-web:   6%|▌         | 504479744/8300343137 [00:33<09:22, 13865437.77B/s]
GAP-web:   6%|▌         | 505888768/8300343137 [00:33<10:01, 12958993.62B/s]
GAP-web:   6%|▌         | 507346944/8300343137 [00:33<09:41, 13404607.17B/s]
GAP-web:   6%|▌         | 508772352/8300343137 [00:33<09:32, 13619276.11B/s]
GAP-web:   6%|▌         | 510148608/8300343137 [00:33<10:04, 12877597.28B/s]
GAP-web:   6%|▌         | 511590400/8300343137 [00:33<09:45, 13299213.16B/s]
GAP-web:   6%|▌         | 512950272/8300343137 [00:33<10:20, 12545060.89B/s]
GAP-web:   6%|▌         | 514392064/8300343137 [00:33<09:56, 13045518.15B/s]
GAP-web:   6%|▌         | 515784704/8300343137 [00:34<09:45, 13292468.86B/s]
GAP-web:   6%|▌         | 517128192/8300343137 [00:34<10:19, 12555577.48B/s]
GAP-web:   6%|▌         | 518569984/8300343137 [00:34<09:56, 13055586.43B/s]
GAP-web:   6%|▋         | 520028160/8300343137 [00:34<09:38, 13447130.98B/s]
GAP-web:   6%|▋         | 521388032/8300343137 [00:34<10:13, 12688373.79B/s]
GAP-web:   6%|▋         | 522829824/8300343137 [00:34<09:52, 13131347.98B/s]
GAP-web:   6%|▋         | 524271616/8300343137 [00:34<09:36, 13479502.06B/s]
GAP-web:   6%|▋         | 525631488/8300343137 [00:34<10:09, 12745703.15B/s]
GAP-web:   6%|▋         | 527056896/8300343137 [00:34<09:50, 13168118.86B/s]
GAP-web:   6%|▋         | 528498688/8300343137 [00:34<09:40, 13391849.30B/s]
GAP-web:   6%|▋         | 529858560/8300343137 [00:35<10:07, 12800097.24B/s]
GAP-web:   6%|▋         | 531283968/8300343137 [00:35<09:48, 13198646.09B/s]
GAP-web:   6%|▋         | 532692992/8300343137 [00:35<09:41, 13357821.93B/s]
GAP-web:   6%|▋         | 534036480/8300343137 [00:35<10:07, 12776751.35B/s]
GAP-web:   6%|▋         | 535511040/8300343137 [00:35<09:45, 13261969.88B/s]
GAP-web:   6%|▋         | 536854528/8300343137 [00:35<10:17, 12574506.49B/s]
GAP-web:   6%|▋         | 538296320/8300343137 [00:35<09:53, 13086223.38B/s]
GAP-web:   7%|▋         | 539738112/8300343137 [00:35<09:36, 13458676.25B/s]
GAP-web:   7%|▋         | 541097984/8300343137 [00:35<10:11, 12697158.95B/s]
GAP-web:   7%|▋         | 542572544/8300343137 [00:36<09:45, 13247267.75B/s]
GAP-web:   7%|▋         | 544014336/8300343137 [00:36<09:31, 13560836.87B/s]
GAP-web:   7%|▋         | 545390592/8300343137 [00:36<10:04, 12822409.51B/s]
GAP-web:   7%|▋         | 546832384/8300343137 [00:36<09:45, 13242343.77B/s]
GAP-web:   7%|▋         | 548274176/8300343137 [00:36<09:31, 13566022.75B/s]
GAP-web:   7%|▋         | 549650432/8300343137 [00:36<10:13, 12643482.41B/s]
GAP-web:   7%|▋         | 550977536/8300343137 [00:36<10:05, 12807634.99B/s]
GAP-web:   7%|▋         | 552304640/8300343137 [00:36<10:00, 12905990.48B/s]
GAP-web:   7%|▋         | 553615360/8300343137 [00:36<10:40, 12102648.79B/s]
GAP-web:   7%|▋         | 554909696/8300343137 [00:37<10:29, 12307056.28B/s]
GAP-web:   7%|▋         | 556220416/8300343137 [00:37<10:18, 12512713.35B/s]
GAP-web:   7%|▋         | 557481984/8300343137 [00:37<10:59, 11737650.38B/s]
GAP-web:   7%|▋         | 558792704/8300343137 [00:37<10:39, 12108454.51B/s]
GAP-web:   7%|▋         | 560070656/8300343137 [00:37<10:32, 12240414.33B/s]
GAP-web:   7%|▋         | 561315840/8300343137 [00:37<11:10, 11546074.52B/s]
GAP-web:   7%|▋         | 562675712/8300343137 [00:37<10:40, 12086800.78B/s]
GAP-web:   7%|▋         | 563986432/8300343137 [00:37<10:26, 12353521.42B/s]
GAP-web:   7%|▋         | 565248000/8300343137 [00:37<10:51, 11870820.62B/s]
GAP-web:   7%|▋         | 566771712/8300343137 [00:38<10:04, 12793985.10B/s]
GAP-web:   7%|▋         | 568197120/8300343137 [00:38<09:46, 13193939.00B/s]
GAP-web:   7%|▋         | 569540608/8300343137 [00:38<10:19, 12477082.37B/s]
GAP-web:   7%|▋         | 570900480/8300343137 [00:38<10:04, 12782492.14B/s]
GAP-web:   7%|▋         | 572194816/8300343137 [00:38<10:02, 12819275.88B/s]
GAP-web:   7%|▋         | 573489152/8300343137 [00:38<10:42, 12022473.01B/s]
GAP-web:   7%|▋         | 574717952/8300343137 [00:38<12:00, 10717592.85B/s]
GAP-web:   7%|▋         | 575832064/8300343137 [00:38<12:57, 9940964.41B/s] 
GAP-web:   7%|▋         | 576864256/8300343137 [00:38<13:35, 9465266.09B/s]
GAP-web:   7%|▋         | 577830912/8300343137 [00:39<15:02, 8557606.65B/s]
GAP-web:   7%|▋         | 578715648/8300343137 [00:39<14:58, 8593734.82B/s]
GAP-web:   7%|▋         | 579665920/8300343137 [00:39<14:34, 8829257.87B/s]
GAP-web:   7%|▋         | 580993024/8300343137 [00:39<12:49, 10031001.07B/s]
GAP-web:   7%|▋         | 582025216/8300343137 [00:39<13:09, 9775794.48B/s] 
GAP-web:   7%|▋         | 583024640/8300343137 [00:39<13:35, 9468342.71B/s]
GAP-web:   7%|▋         | 583991296/8300343137 [00:39<13:41, 9393035.13B/s]
GAP-web:   7%|▋         | 585105408/8300343137 [00:39<13:00, 9883307.25B/s]
GAP-web:   7%|▋         | 586301440/8300343137 [00:39<12:16, 10470763.22B/s]
GAP-web:   7%|▋         | 587612160/8300343137 [00:40<11:26, 11232937.93B/s]
GAP-web:   7%|▋         | 588759040/8300343137 [00:40<12:24, 10357376.62B/s]
GAP-web:   7%|▋         | 589873152/8300343137 [00:40<12:09, 10568571.98B/s]
GAP-web:   7%|▋         | 591265792/8300343137 [00:40<11:10, 11490829.12B/s]
GAP-web:   7%|▋         | 592445440/8300343137 [00:40<11:06, 11560895.78B/s]
GAP-web:   7%|▋         | 593625088/8300343137 [00:40<11:44, 10936619.33B/s]
GAP-web:   7%|▋         | 594739200/8300343137 [00:40<11:42, 10971858.81B/s]
GAP-web:   7%|▋         | 595935232/8300343137 [00:40<11:24, 11251510.49B/s]
GAP-web:   7%|▋         | 597082112/8300343137 [00:40<11:34, 11089525.40B/s]
GAP-web:   7%|▋         | 598212608/8300343137 [00:41<11:57, 10738905.15B/s]
GAP-web:   7%|▋         | 599326720/8300343137 [00:41<11:50, 10837767.98B/s]
GAP-web:   7%|▋         | 600440832/8300343137 [00:41<11:46, 10897188.51B/s]
GAP-web:   7%|▋         | 601538560/8300343137 [00:41<11:48, 10871325.02B/s]
GAP-web:   7%|▋         | 602636288/8300343137 [00:41<11:51, 10821407.23B/s]
GAP-web:   7%|▋         | 603799552/8300343137 [00:41<11:38, 11017475.44B/s]
GAP-web:   7%|▋         | 605077504/8300343137 [00:41<11:08, 11517316.90B/s]
GAP-web:   7%|▋         | 606240768/8300343137 [00:41<11:53, 10789172.61B/s]
GAP-web:   7%|▋         | 607584256/8300343137 [00:41<11:10, 11481677.05B/s]
GAP-web:   7%|▋         | 608960512/8300343137 [00:41<10:34, 12130588.96B/s]
GAP-web:   7%|▋         | 610189312/8300343137 [00:42<10:45, 11918978.25B/s]
GAP-web:   7%|▋         | 611401728/8300343137 [00:42<10:43, 11951191.72B/s]
GAP-web:   7%|▋         | 612728832/8300343137 [00:42<10:23, 12323302.67B/s]
GAP-web:   7%|▋         | 613974016/8300343137 [00:42<10:55, 11717865.85B/s]
GAP-web:   7%|▋         | 615170048/8300343137 [00:42<10:56, 11699917.20B/s]
GAP-web:   7%|▋         | 616660992/8300343137 [00:42<10:09, 12598826.10B/s]
GAP-web:   7%|▋         | 617938944/8300343137 [00:42<10:54, 11731055.17B/s]
GAP-web:   7%|▋         | 619233280/8300343137 [00:42<10:38, 12024764.52B/s]
GAP-web:   7%|▋         | 620462080/8300343137 [00:42<10:51, 11782308.51B/s]
GAP-web:   7%|▋         | 621658112/8300343137 [00:43<11:03, 11574331.79B/s]
GAP-web:   8%|▊         | 622870528/8300343137 [00:43<10:54, 11721626.96B/s]
GAP-web:   8%|▊         | 624066560/8300343137 [00:43<10:52, 11758326.46B/s]
GAP-web:   8%|▊         | 625262592/8300343137 [00:43<11:03, 11566529.03B/s]
GAP-web:   8%|▊         | 626425856/8300343137 [00:43<11:02, 11579103.13B/s]
GAP-web:   8%|▊         | 627589120/8300343137 [00:43<11:02, 11585726.43B/s]
GAP-web:   8%|▊         | 628801536/8300343137 [00:43<10:53, 11743992.60B/s]
GAP-web:   8%|▊         | 629981184/8300343137 [00:43<11:54, 10733678.42B/s]
GAP-web:   8%|▊         | 631078912/8300343137 [00:43<11:51, 10783515.24B/s]
GAP-web:   8%|▊         | 632324096/8300343137 [00:43<11:21, 11257163.31B/s]
GAP-web:   8%|▊         | 633503744/8300343137 [00:44<11:12, 11394078.96B/s]
GAP-web:   8%|▊         | 634667008/8300343137 [00:44<11:29, 11125250.99B/s]
GAP-web:   8%|▊         | 635797504/8300343137 [00:44<11:30, 11094123.66B/s]
GAP-web:   8%|▊         | 637108224/8300343137 [00:44<10:57, 11661582.94B/s]
GAP-web:   8%|▊         | 638287872/8300343137 [00:44<12:17, 10389999.53B/s]
GAP-web:   8%|▊         | 639582208/8300343137 [00:44<11:33, 11052933.67B/s]
GAP-web:   8%|▊         | 640745472/8300343137 [00:44<11:23, 11210618.37B/s]
GAP-web:   8%|▊         | 641974272/8300343137 [00:44<11:14, 11356400.45B/s]
GAP-web:   8%|▊         | 643137536/8300343137 [00:44<11:52, 10746807.96B/s]
GAP-web:   8%|▊         | 644415488/8300343137 [00:45<11:19, 11270436.13B/s]
GAP-web:   8%|▊         | 645562368/8300343137 [00:45<11:22, 11221324.37B/s]
GAP-web:   8%|▊         | 646709248/8300343137 [00:45<12:23, 10293741.48B/s]
GAP-web:   8%|▊         | 648036352/8300343137 [00:45<11:29, 11093667.90B/s]
GAP-web:   8%|▊         | 649347072/8300343137 [00:45<10:58, 11612157.65B/s]
GAP-web:   8%|▊         | 650690560/8300343137 [00:45<10:30, 12125627.09B/s]
GAP-web:   8%|▊         | 652001280/8300343137 [00:45<10:16, 12402309.06B/s]
GAP-web:   8%|▊         | 653262848/8300343137 [00:45<10:53, 11692858.19B/s]
GAP-web:   8%|▊         | 654606336/8300343137 [00:45<10:28, 12165743.11B/s]
GAP-web:   8%|▊         | 655900672/8300343137 [00:46<10:20, 12327524.91B/s]
GAP-web:   8%|▊         | 657145856/8300343137 [00:46<10:52, 11714547.67B/s]
GAP-web:   8%|▊         | 658489344/8300343137 [00:46<10:27, 12183856.10B/s]
GAP-web:   8%|▊         | 659783680/8300343137 [00:46<10:16, 12391808.76B/s]
GAP-web:   8%|▊         | 661045248/8300343137 [00:46<10:52, 11708025.85B/s]
GAP-web:   8%|▊         | 662355968/8300343137 [00:46<10:32, 12080065.87B/s]
GAP-web:   8%|▊         | 663584768/8300343137 [00:46<11:04, 11497348.72B/s]
GAP-web:   8%|▊         | 664748032/8300343137 [00:46<11:28, 11095332.04B/s]
GAP-web:   8%|▊         | 665960448/8300343137 [00:46<11:11, 11367445.66B/s]
GAP-web:   8%|▊         | 667107328/8300343137 [00:47<11:12, 11355054.39B/s]
GAP-web:   8%|▊         | 668286976/8300343137 [00:47<11:47, 10785065.18B/s]
GAP-web:   8%|▊         | 669384704/8300343137 [00:47<11:45, 10820072.59B/s]
GAP-web:   8%|▊         | 670482432/8300343137 [00:47<11:57, 10627607.61B/s]
GAP-web:   8%|▊         | 671842304/8300343137 [00:47<11:06, 11439161.36B/s]
GAP-web:   8%|▊         | 673005568/8300343137 [00:47<11:53, 10686542.98B/s]
GAP-web:   8%|▊         | 674185216/8300343137 [00:47<11:34, 10979777.12B/s]
GAP-web:   8%|▊         | 675299328/8300343137 [00:47<11:43, 10831460.12B/s]
GAP-web:   8%|▊         | 676659200/8300343137 [00:47<10:59, 11564888.20B/s]
GAP-web:   8%|▊         | 677838848/8300343137 [00:48<12:08, 10457744.61B/s]
GAP-web:   8%|▊         | 679100416/8300343137 [00:48<11:31, 11023693.86B/s]
GAP-web:   8%|▊         | 680247296/8300343137 [00:48<11:24, 11129005.19B/s]
GAP-web:   8%|▊         | 681377792/8300343137 [00:48<11:35, 10949402.98B/s]
GAP-web:   8%|▊         | 682606592/8300343137 [00:48<11:13, 11305393.48B/s]
GAP-web:   8%|▊         | 683753472/8300343137 [00:48<11:16, 11266062.55B/s]
GAP-web:   8%|▊         | 685064192/8300343137 [00:48<10:45, 11792867.56B/s]
GAP-web:   8%|▊         | 686260224/8300343137 [00:48<11:38, 10896956.42B/s]
GAP-web:   8%|▊         | 687472640/8300343137 [00:48<11:19, 11199868.59B/s]
GAP-web:   8%|▊         | 688619520/8300343137 [00:48<11:29, 11034604.14B/s]
GAP-web:   8%|▊         | 689799168/8300343137 [00:49<11:17, 11237968.53B/s]
GAP-web:   8%|▊         | 691109888/8300343137 [00:49<10:46, 11774429.49B/s]
GAP-web:   8%|▊         | 692469760/8300343137 [00:49<10:19, 12271262.30B/s]
GAP-web:   8%|▊         | 693714944/8300343137 [00:49<10:55, 11605368.18B/s]
GAP-web:   8%|▊         | 695025664/8300343137 [00:49<10:33, 12012502.09B/s]
GAP-web:   8%|▊         | 696336384/8300343137 [00:49<10:19, 12282966.79B/s]
GAP-web:   8%|▊         | 697581568/8300343137 [00:49<10:55, 11597569.14B/s]
GAP-web:   8%|▊         | 698892288/8300343137 [00:49<10:33, 11995396.77B/s]
GAP-web:   8%|▊         | 700203008/8300343137 [00:49<10:18, 12289797.20B/s]
GAP-web:   8%|▊         | 701497344/8300343137 [00:50<10:13, 12390602.75B/s]
GAP-web:   8%|▊         | 702758912/8300343137 [00:50<10:16, 12327985.93B/s]
GAP-web:   8%|▊         | 704086016/8300343137 [00:50<10:03, 12591759.39B/s]
GAP-web:   8%|▊         | 705363968/8300343137 [00:50<10:03, 12581066.81B/s]
GAP-web:   9%|▊         | 706625536/8300343137 [00:50<10:44, 11780992.26B/s]
GAP-web:   9%|▊         | 707969024/8300343137 [00:50<10:22, 12203852.78B/s]
GAP-web:   9%|▊         | 709296128/8300343137 [00:50<10:07, 12491166.47B/s]
GAP-web:   9%|▊         | 710557696/8300343137 [00:50<10:46, 11735777.10B/s]
GAP-web:   9%|▊         | 711835648/8300343137 [00:50<10:31, 12012755.25B/s]
GAP-web:   9%|▊         | 713064448/8300343137 [00:50<10:47, 11716202.75B/s]
GAP-web:   9%|▊         | 714260480/8300343137 [00:51<11:02, 11446914.94B/s]
GAP-web:   9%|▊         | 715423744/8300343137 [00:51<11:02, 11454464.78B/s]
GAP-web:   9%|▊         | 716750848/8300343137 [00:51<10:34, 11955873.34B/s]
GAP-web:   9%|▊         | 717963264/8300343137 [00:51<11:01, 11468057.93B/s]
GAP-web:   9%|▊         | 719323136/8300343137 [00:51<10:28, 12059478.08B/s]
GAP-web:   9%|▊         | 720633856/8300343137 [00:51<10:13, 12351673.64B/s]
GAP-web:   9%|▊         | 721879040/8300343137 [00:51<10:43, 11773023.91B/s]
GAP-web:   9%|▊         | 723156992/8300343137 [00:51<10:29, 12037201.69B/s]
GAP-web:   9%|▊         | 724369408/8300343137 [00:51<10:31, 11989398.29B/s]
GAP-web:   9%|▊         | 725696512/8300343137 [00:52<10:12, 12360572.83B/s]
GAP-web:   9%|▉         | 726941696/8300343137 [00:52<10:49, 11651681.85B/s]
GAP-web:   9%|▉         | 728285184/8300343137 [00:52<10:23, 12149713.01B/s]
GAP-web:   9%|▉         | 729513984/8300343137 [00:52<10:48, 11675689.04B/s]
GAP-web:   9%|▉         | 730693632/8300343137 [00:52<10:57, 11518499.44B/s]
GAP-web:   9%|▉         | 732037120/8300343137 [00:52<10:27, 12056324.18B/s]
GAP-web:   9%|▉         | 733265920/8300343137 [00:52<10:28, 12039170.06B/s]
GAP-web:   9%|▉         | 734478336/8300343137 [00:52<11:18, 11144290.01B/s]
GAP-web:   9%|▉         | 735723520/8300343137 [00:52<10:58, 11486011.39B/s]
GAP-web:   9%|▉         | 736886784/8300343137 [00:53<10:56, 11513261.31B/s]
GAP-web:   9%|▉         | 738181120/8300343137 [00:53<10:36, 11878851.49B/s]
GAP-web:   9%|▉         | 739377152/8300343137 [00:53<10:45, 11714306.70B/s]
GAP-web:   9%|▉         | 740556800/8300343137 [00:53<10:45, 11711200.16B/s]
GAP-web:   9%|▉         | 741736448/8300343137 [00:53<10:58, 11475712.21B/s]
GAP-web:   9%|▉         | 742932480/8300343137 [00:53<10:50, 11612855.77B/s]
GAP-web:   9%|▉         | 744259584/8300343137 [00:53<10:26, 12069614.60B/s]
GAP-web:   9%|▉         | 745472000/8300343137 [00:53<10:43, 11736305.71B/s]
GAP-web:   9%|▉         | 746749952/8300343137 [00:53<11:10, 11271838.36B/s]
GAP-web:   9%|▉         | 748093440/8300343137 [00:53<10:36, 11857066.36B/s]
GAP-web:   9%|▉         | 749289472/8300343137 [00:54<10:59, 11443461.61B/s]
GAP-web:   9%|▉         | 750649344/8300343137 [00:54<10:27, 12027633.49B/s]
GAP-web:   9%|▉         | 751861760/8300343137 [00:54<11:00, 11431090.99B/s]
GAP-web:   9%|▉         | 753123328/8300343137 [00:54<10:42, 11748375.37B/s]
GAP-web:   9%|▉         | 754450432/8300343137 [00:54<10:22, 12128489.73B/s]
GAP-web:   9%|▉         | 755679232/8300343137 [00:54<10:37, 11831581.13B/s]
GAP-web:   9%|▉         | 756957184/8300343137 [00:54<10:23, 12091056.93B/s]
GAP-web:   9%|▉         | 758300672/8300343137 [00:54<10:04, 12477182.02B/s]
GAP-web:   9%|▉         | 759562240/8300343137 [00:54<10:15, 12249370.77B/s]
GAP-web:   9%|▉         | 760856576/8300343137 [00:55<10:07, 12416314.03B/s]
GAP-web:   9%|▉         | 762249216/8300343137 [00:55<09:48, 12805316.29B/s]
GAP-web:   9%|▉         | 763543552/8300343137 [00:55<09:47, 12834484.94B/s]
GAP-web:   9%|▉         | 764837888/8300343137 [00:55<10:53, 11529769.45B/s]
GAP-web:   9%|▉         | 766148608/8300343137 [00:55<10:30, 11943910.74B/s]
GAP-web:   9%|▉         | 767377408/8300343137 [00:55<10:51, 11560271.16B/s]
GAP-web:   9%|▉         | 768557056/8300343137 [00:55<11:14, 11167132.83B/s]
GAP-web:   9%|▉         | 769867776/8300343137 [00:55<10:43, 11702517.49B/s]
GAP-web:   9%|▉         | 771178496/8300343137 [00:55<10:25, 12034722.22B/s]
GAP-web:   9%|▉         | 772407296/8300343137 [00:55<10:58, 11439488.07B/s]
GAP-web:   9%|▉         | 773701632/8300343137 [00:56<10:36, 11820879.46B/s]
GAP-web:   9%|▉         | 775028736/8300343137 [00:56<10:15, 12224995.33B/s]
GAP-web:   9%|▉         | 776273920/8300343137 [00:56<10:52, 11532118.56B/s]
GAP-web:   9%|▉         | 777617408/8300343137 [00:56<10:25, 12020028.25B/s]
GAP-web:   9%|▉         | 778977280/8300343137 [00:56<10:04, 12432854.35B/s]
GAP-web:   9%|▉         | 780238848/8300343137 [00:56<10:46, 11626004.35B/s]
GAP-web:   9%|▉         | 781549568/8300343137 [00:56<10:26, 12003693.16B/s]
GAP-web:   9%|▉         | 782778368/8300343137 [00:56<10:23, 12055570.37B/s]

asv: benchmark timed out (timeout 60s)

For parameters: bfs_gap_inputs.GAP/GAP-kron_111334127
INFO root: Dataset suitesparse_matrix.GAP/GAP-kron manifest metadata is stale.

GAP-kron:   0%|          | 0/14570837178 [00:00<?, ?B/s]
GAP-kron:   0%|          | 327680/14570837178 [00:00<1:21:19, 2985849.55B/s]
GAP-kron:   0%|          | 1507328/14570837178 [00:00<30:28, 7966093.38B/s] 
GAP-kron:   0%|          | 2736128/14570837178 [00:00<24:34, 9876793.38B/s]
GAP-kron:   0%|          | 4194304/14570837178 [00:00<20:46, 11689283.39B/s]
GAP-kron:   0%|          | 5554176/14570837178 [00:00<19:39, 12345199.09B/s]
GAP-kron:   0%|          | 7110656/14570837178 [00:00<18:08, 13384740.83B/s]
GAP-kron:   0%|          | 8519680/14570837178 [00:00<17:49, 13612463.00B/s]
GAP-kron:   0%|          | 10174464/14570837178 [00:00<16:42, 14521350.35B/s]
GAP-kron:   0%|          | 11780096/14570837178 [00:00<16:13, 14960186.63B/s]
GAP-kron:   0%|          | 13402112/14570837178 [00:01<15:50, 15316380.68B/s]
GAP-kron:   0%|          | 15138816/14570837178 [00:01<15:14, 15924657.64B/s]
GAP-kron:   0%|          | 16908288/14570837178 [00:01<14:44, 16452553.37B/s]
GAP-kron:   0%|          | 18612224/14570837178 [00:01<14:36, 16595507.77B/s]
GAP-kron:   0%|          | 20414464/14570837178 [00:01<14:16, 16997522.76B/s]
GAP-kron:   0%|          | 22134784/14570837178 [00:01<14:12, 17058733.79B/s]
GAP-kron:   0%|          | 23855104/14570837178 [00:01<14:13, 17034889.49B/s]
GAP-kron:   0%|          | 25559040/14570837178 [00:01<14:14, 17016414.09B/s]
GAP-kron:   0%|          | 27262976/14570837178 [00:01<14:15, 16996992.54B/s]
GAP-kron:   0%|          | 28966912/14570837178 [00:01<14:15, 17003899.36B/s]
GAP-kron:   0%|          | 30687232/14570837178 [00:02<14:12, 17059559.00B/s]
GAP-kron:   0%|          | 32407552/14570837178 [00:02<14:10, 17092136.44B/s]
GAP-kron:   0%|          | 34144256/14570837178 [00:02<14:07, 17159567.11B/s]
GAP-kron:   0%|          | 35864576/14570837178 [00:02<14:08, 17139767.71B/s]
GAP-kron:   0%|          | 37584896/14570837178 [00:02<14:11, 17076773.75B/s]
GAP-kron:   0%|          | 39305216/14570837178 [00:02<14:11, 17066505.56B/s]
GAP-kron:   0%|          | 41091072/14570837178 [00:02<14:00, 17282559.51B/s]
GAP-kron:   0%|          | 42827776/14570837178 [00:02<14:00, 17288847.62B/s]
GAP-kron:   0%|          | 44564480/14570837178 [00:02<14:02, 17238841.82B/s]
GAP-kron:   0%|          | 46301184/14570837178 [00:02<14:04, 17204717.26B/s]
GAP-kron:   0%|          | 48037888/14570837178 [00:03<14:02, 17239633.42B/s]
GAP-kron:   0%|          | 49774592/14570837178 [00:03<14:03, 17213366.74B/s]
GAP-kron:   0%|          | 51511296/14570837178 [00:03<14:07, 17126681.56B/s]
GAP-kron:   0%|          | 53280768/14570837178 [00:03<13:59, 17291826.02B/s]
GAP-kron:   0%|          | 55017472/14570837178 [00:03<13:59, 17293687.86B/s]
GAP-kron:   0%|          | 56803328/14570837178 [00:03<13:53, 17417521.47B/s]
GAP-kron:   0%|          | 58556416/14570837178 [00:03<13:59, 17291968.99B/s]
GAP-kron:   0%|          | 60309504/14570837178 [00:03<13:56, 17345033.36B/s]
GAP-kron:   0%|          | 62111744/14570837178 [00:03<13:47, 17531952.17B/s]
GAP-kron:   0%|          | 63881216/14570837178 [00:03<13:47, 17539653.05B/s]
GAP-kron:   0%|          | 65683456/14570837178 [00:04<13:40, 17673860.82B/s]
GAP-kron:   0%|          | 67452928/14570837178 [00:04<14:11, 17034860.91B/s]
GAP-kron:   0%|          | 69206016/14570837178 [00:04<14:04, 17174906.05B/s]
GAP-kron:   0%|          | 70942720/14570837178 [00:04<14:43, 16405782.70B/s]
GAP-kron:   0%|          | 72663040/14570837178 [00:04<14:33, 16593824.37B/s]
GAP-kron:   1%|          | 74432512/14570837178 [00:04<14:17, 16898049.59B/s]
GAP-kron:   1%|          | 76136448/14570837178 [00:04<15:11, 15895640.70B/s]
GAP-kron:   1%|          | 77938688/14570837178 [00:04<14:40, 16465080.52B/s]
GAP-kron:   1%|          | 79609856/14570837178 [00:04<15:35, 15487479.95B/s]
GAP-kron:   1%|          | 81379328/14570837178 [00:05<15:02, 16060409.78B/s]
GAP-kron:   1%|          | 83017728/14570837178 [00:05<15:45, 15327095.42B/s]
GAP-kron:   1%|          | 84787200/14570837178 [00:05<15:07, 15956539.93B/s]
GAP-kron:   1%|          | 86507520/14570837178 [00:05<14:49, 16278950.01B/s]
GAP-kron:   1%|          | 88162304/14570837178 [00:05<15:38, 15439251.56B/s]
GAP-kron:   1%|          | 89948160/14570837178 [00:05<15:00, 16085115.46B/s]
GAP-kron:   1%|          | 91586560/14570837178 [00:05<15:40, 15397788.42B/s]
GAP-kron:   1%|          | 93454336/14570837178 [00:05<14:48, 16292481.36B/s]
GAP-kron:   1%|          | 95109120/14570837178 [00:05<15:31, 15533956.81B/s]
GAP-kron:   1%|          | 96927744/14570837178 [00:05<14:50, 16257791.10B/s]
GAP-kron:   1%|          | 98779136/14570837178 [00:06<14:17, 16879565.21B/s]
GAP-kron:   1%|          | 100483072/14570837178 [00:06<15:04, 15993055.68B/s]
GAP-kron:   1%|          | 102318080/14570837178 [00:06<14:29, 16644177.05B/s]
GAP-kron:   1%|          | 104005632/14570837178 [00:06<15:13, 15835322.82B/s]
GAP-kron:   1%|          | 105857024/14570837178 [00:06<14:34, 16538671.47B/s]
GAP-kron:   1%|          | 107528192/14570837178 [00:06<15:13, 15830629.95B/s]
GAP-kron:   1%|          | 109314048/14570837178 [00:06<14:43, 16361680.94B/s]
GAP-kron:   1%|          | 110968832/14570837178 [00:06<15:38, 15401056.28B/s]
GAP-kron:   1%|          | 112705536/14570837178 [00:06<15:07, 15934894.95B/s]
GAP-kron:   1%|          | 114491392/14570837178 [00:07<14:38, 16461158.42B/s]
GAP-kron:   1%|          | 116162560/14570837178 [00:07<15:26, 15605671.96B/s]
GAP-kron:   1%|          | 117932032/14570837178 [00:07<14:53, 16184302.34B/s]
GAP-kron:   1%|          | 119570432/14570837178 [00:07<15:36, 15432785.94B/s]
GAP-kron:   1%|          | 121274368/14570837178 [00:07<15:10, 15869947.91B/s]
GAP-kron:   1%|          | 122978304/14570837178 [00:07<14:52, 16196542.82B/s]
GAP-kron:   1%|          | 124616704/14570837178 [00:07<14:58, 16086411.57B/s]
GAP-kron:   1%|          | 126435328/14570837178 [00:07<14:27, 16655762.91B/s]
GAP-kron:   1%|          | 128122880/14570837178 [00:07<15:20, 15693797.72B/s]
GAP-kron:   1%|          | 129875968/14570837178 [00:08<14:51, 16204839.09B/s]
GAP-kron:   1%|          | 131514368/14570837178 [00:08<15:40, 15359433.59B/s]
GAP-kron:   1%|          | 133300224/14570837178 [00:08<15:00, 16029722.51B/s]
GAP-kron:   1%|          | 135118848/14570837178 [00:08<14:29, 16611819.25B/s]
GAP-kron:   1%|          | 136806400/14570837178 [00:08<15:11, 15839409.01B/s]
GAP-kron:   1%|          | 138608640/14570837178 [00:08<14:37, 16446660.06B/s]
GAP-kron:   1%|          | 140279808/14570837178 [00:08<15:21, 15662198.64B/s]
GAP-kron:   1%|          | 142098432/14570837178 [00:08<14:42, 16349461.85B/s]
GAP-kron:   1%|          | 143753216/14570837178 [00:08<15:21, 15653913.55B/s]
GAP-kron:   1%|          | 145604608/14570837178 [00:09<14:37, 16442551.26B/s]
GAP-kron:   1%|          | 147439616/14570837178 [00:09<14:10, 16962625.50B/s]
GAP-kron:   1%|          | 149159936/14570837178 [00:09<15:02, 15988413.21B/s]
GAP-kron:   1%|          | 150978560/14570837178 [00:09<14:30, 16564132.09B/s]
GAP-kron:   1%|          | 152666112/14570837178 [00:09<15:09, 15853777.27B/s]
GAP-kron:   1%|          | 154484736/14570837178 [00:09<14:35, 16471060.23B/s]
GAP-kron:   1%|          | 156155904/14570837178 [00:09<15:17, 15718100.00B/s]
GAP-kron:   1%|          | 158007296/14570837178 [00:09<14:35, 16460467.46B/s]
GAP-kron:   1%|          | 159793152/14570837178 [00:09<14:16, 16829622.53B/s]
GAP-kron:   1%|          | 161497088/14570837178 [00:10<15:08, 15866249.14B/s]
GAP-kron:   1%|          | 163266560/14570837178 [00:10<14:41, 16340896.95B/s]
GAP-kron:   1%|          | 164921344/14570837178 [00:10<15:25, 15560077.58B/s]
GAP-kron:   1%|          | 166772736/14570837178 [00:10<14:40, 16361246.78B/s]
GAP-kron:   1%|          | 168427520/14570837178 [00:10<15:20, 15641646.62B/s]
GAP-kron:   1%|          | 170196992/14570837178 [00:10<14:48, 16199640.34B/s]
GAP-kron:   1%|          | 171950080/14570837178 [00:10<14:29, 16555629.55B/s]
GAP-kron:   1%|          | 173621248/14570837178 [00:10<15:21, 15625351.73B/s]
GAP-kron:   1%|          | 175407104/14570837178 [00:10<14:45, 16248230.23B/s]
GAP-kron:   1%|          | 177061888/14570837178 [00:10<15:31, 15449112.82B/s]
GAP-kron:   1%|          | 178847744/14570837178 [00:11<14:53, 16113491.58B/s]
GAP-kron:   1%|          | 180486144/14570837178 [00:11<15:43, 15256825.75B/s]
GAP-kron:   1%|▏         | 182288384/14570837178 [00:11<14:58, 16020524.50B/s]
GAP-kron:   1%|▏         | 184074240/14570837178 [00:11<14:30, 16522575.16B/s]
GAP-kron:   1%|▏         | 185745408/14570837178 [00:11<15:19, 15647102.50B/s]
GAP-kron:   1%|▏         | 187465728/14570837178 [00:11<14:56, 16044159.02B/s]
GAP-kron:   1%|▏         | 189087744/14570837178 [00:11<15:35, 15369812.66B/s]
GAP-kron:   1%|▏         | 190922752/14570837178 [00:11<14:49, 16172287.34B/s]
GAP-kron:   1%|▏         | 192561152/14570837178 [00:11<15:33, 15407453.04B/s]
GAP-kron:   1%|▏         | 194379776/14570837178 [00:12<14:49, 16163412.69B/s]
GAP-kron:   1%|▏         | 196231168/14570837178 [00:12<14:14, 16813104.78B/s]
GAP-kron:   1%|▏         | 197935104/14570837178 [00:12<14:58, 15993421.95B/s]
GAP-kron:   1%|▏         | 199770112/14570837178 [00:12<14:23, 16638796.68B/s]
GAP-kron:   1%|▏         | 201457664/14570837178 [00:12<15:16, 15682205.97B/s]
GAP-kron:   1%|▏         | 203243520/14570837178 [00:12<14:43, 16260395.67B/s]
GAP-kron:   1%|▏         | 204898304/14570837178 [00:12<15:25, 15515929.16B/s]
GAP-kron:   1%|▏         | 206651392/14570837178 [00:12<14:54, 16052529.17B/s]
GAP-kron:   1%|▏         | 208322560/14570837178 [00:12<14:45, 16213476.39B/s]
GAP-kron:   1%|▏         | 209960960/14570837178 [00:13<15:54, 15051319.99B/s]
GAP-kron:   1%|▏         | 211812352/14570837178 [00:13<14:58, 15986972.06B/s]
GAP-kron:   1%|▏         | 213450752/14570837178 [00:13<15:26, 15490091.71B/s]
GAP-kron:   1%|▏         | 215334912/14570837178 [00:13<14:35, 16404863.53B/s]
GAP-kron:   1%|▏         | 217006080/14570837178 [00:13<15:33, 15379012.74B/s]
GAP-kron:   2%|▏         | 218644480/14570837178 [00:13<15:16, 15654599.82B/s]
GAP-kron:   2%|▏         | 220266496/14570837178 [00:13<15:07, 15811837.00B/s]
GAP-kron:   2%|▏         | 221872128/14570837178 [00:13<16:15, 14710872.64B/s]
GAP-kron:   2%|▏         | 223559680/14570837178 [00:13<15:37, 15304343.84B/s]
GAP-kron:   2%|▏         | 225116160/14570837178 [00:14<16:17, 14682223.96B/s]
GAP-kron:   2%|▏         | 226787328/14570837178 [00:14<15:41, 15229248.47B/s]
GAP-kron:   2%|▏         | 228392960/14570837178 [00:14<15:28, 15444427.50B/s]
GAP-kron:   2%|▏         | 229965824/14570837178 [00:14<16:30, 14482196.60B/s]
GAP-kron:   2%|▏         | 231571456/14570837178 [00:14<16:01, 14914447.02B/s]
GAP-kron:   2%|▏         | 233095168/14570837178 [00:14<16:40, 14323777.42B/s]
GAP-kron:   2%|▏         | 234749952/14570837178 [00:14<15:59, 14936707.85B/s]
GAP-kron:   2%|▏         | 236273664/14570837178 [00:14<15:58, 14949452.97B/s]
GAP-kron:   2%|▏         | 237977600/14570837178 [00:14<15:22, 15533954.31B/s]
GAP-kron:   2%|▏         | 239550464/14570837178 [00:15<16:13, 14725143.54B/s]
GAP-kron:   2%|▏         | 241041408/14570837178 [00:15<16:10, 14762494.47B/s]
GAP-kron:   2%|▏         | 242532352/14570837178 [00:15<16:10, 14768880.76B/s]
GAP-kron:   2%|▏         | 244023296/14570837178 [00:15<17:49, 13391279.32B/s]
GAP-kron:   2%|▏         | 245497856/14570837178 [00:15<17:23, 13724353.29B/s]
GAP-kron:   2%|▏         | 247054336/14570837178 [00:15<17:58, 13285351.26B/s]
GAP-kron:   2%|▏         | 248692736/14570837178 [00:15<16:55, 14098867.38B/s]
GAP-kron:   2%|▏         | 250331136/14570837178 [00:15<16:14, 14701840.64B/s]
GAP-kron:   2%|▏         | 251822080/14570837178 [00:15<16:57, 14071016.68B/s]
GAP-kron:   2%|▏         | 253247488/14570837178 [00:15<16:54, 14115145.81B/s]
GAP-kron:   2%|▏         | 254672896/14570837178 [00:16<16:52, 14143179.18B/s]
GAP-kron:   2%|▏         | 256098304/14570837178 [00:16<17:14, 13841538.37B/s]
GAP-kron:   2%|▏         | 257835008/14570837178 [00:16<16:03, 14848124.41B/s]
GAP-kron:   2%|▏         | 259342336/14570837178 [00:16<17:00, 14024139.81B/s]
GAP-kron:   2%|▏         | 260964352/14570837178 [00:16<16:19, 14612683.22B/s]
GAP-kron:   2%|▏         | 262701056/14570837178 [00:16<15:29, 15396940.66B/s]
GAP-kron:   2%|▏         | 264257536/14570837178 [00:16<16:15, 14666773.04B/s]
GAP-kron:   2%|▏         | 266076160/14570837178 [00:16<15:15, 15631380.68B/s]
GAP-kron:   2%|▏         | 267665408/14570837178 [00:16<16:22, 14559976.99B/s]
GAP-kron:   2%|▏         | 269336576/14570837178 [00:17<15:45, 15125060.33B/s]
GAP-kron:   2%|▏         | 271106048/14570837178 [00:17<15:02, 15839196.07B/s]
GAP-kron:   2%|▏         | 272711680/14570837178 [00:17<15:56, 14949771.71B/s]
GAP-kron:   2%|▏         | 274481152/14570837178 [00:17<15:09, 15712331.00B/s]
GAP-kron:   2%|▏         | 276086784/14570837178 [00:17<15:52, 15003178.75B/s]
GAP-kron:   2%|▏         | 277823488/14570837178 [00:17<15:14, 15637295.47B/s]
GAP-kron:   2%|▏         | 279412736/14570837178 [00:17<15:57, 14924523.90B/s]
GAP-kron:   2%|▏         | 281149440/14570837178 [00:17<15:17, 15578336.88B/s]
GAP-kron:   2%|▏         | 282935296/14570837178 [00:17<14:40, 16223696.50B/s]
GAP-kron:   2%|▏         | 284573696/14570837178 [00:18<15:24, 15458154.45B/s]
GAP-kron:   2%|▏         | 286277632/14570837178 [00:18<14:58, 15900753.63B/s]
GAP-kron:   2%|▏         | 287883264/14570837178 [00:18<15:43, 15134799.81B/s]
GAP-kron:   2%|▏         | 289636352/14570837178 [00:18<15:04, 15793204.14B/s]
GAP-kron:   2%|▏         | 291389440/14570837178 [00:18<14:38, 16257995.89B/s]
GAP-kron:   2%|▏         | 293044224/14570837178 [00:18<15:27, 15392503.14B/s]
GAP-kron:   2%|▏         | 294797312/14570837178 [00:18<14:54, 15967724.56B/s]
GAP-kron:   2%|▏         | 296419328/14570837178 [00:18<15:47, 15067629.03B/s]
GAP-kron:   2%|▏         | 298156032/14570837178 [00:18<15:09, 15686464.32B/s]
GAP-kron:   2%|▏         | 299745280/14570837178 [00:19<15:45, 15097562.25B/s]
GAP-kron:   2%|▏         | 301416448/14570837178 [00:19<15:19, 15518724.66B/s]
GAP-kron:   2%|▏         | 303104000/14570837178 [00:19<14:57, 15901354.61B/s]
GAP-kron:   2%|▏         | 304709632/14570837178 [00:19<15:43, 15116168.84B/s]
GAP-kron:   2%|▏         | 306380800/14570837178 [00:19<15:18, 15533381.83B/s]
GAP-kron:   2%|▏         | 307953664/14570837178 [00:19<16:04, 14786484.13B/s]
GAP-kron:   2%|▏         | 309657600/14570837178 [00:19<15:25, 15409083.14B/s]
GAP-kron:   2%|▏         | 311377920/14570837178 [00:19<14:56, 15901255.44B/s]
GAP-kron:   2%|▏         | 312983552/14570837178 [00:19<15:56, 14903124.68B/s]
GAP-kron:   2%|▏         | 314507264/14570837178 [00:19<16:04, 14775807.08B/s]
GAP-kron:   2%|▏         | 315998208/14570837178 [00:20<16:51, 14090894.60B/s]
GAP-kron:   2%|▏         | 317620224/14570837178 [00:20<16:10, 14679263.96B/s]
GAP-kron:   2%|▏         | 319356928/14570837178 [00:20<15:24, 15418071.83B/s]
GAP-kron:   2%|▏         | 320913408/14570837178 [00:20<15:59, 14850540.40B/s]
GAP-kron:   2%|▏         | 322682880/14570837178 [00:20<15:11, 15637381.56B/s]
GAP-kron:   2%|▏         | 324272128/14570837178 [00:20<15:50, 14986670.08B/s]
GAP-kron:   2%|▏         | 326090752/14570837178 [00:20<14:56, 15884031.83B/s]
GAP-kron:   2%|▏         | 327761920/14570837178 [00:20<15:39, 15162281.61B/s]
GAP-kron:   2%|▏         | 329515008/14570837178 [00:20<15:01, 15799046.64B/s]
GAP-kron:   2%|▏         | 331350016/14570837178 [00:21<14:23, 16498834.96B/s]
GAP-kron:   2%|▏         | 333021184/14570837178 [00:21<15:05, 15718928.34B/s]
GAP-kron:   2%|▏         | 334757888/14570837178 [00:21<14:40, 16160913.07B/s]
GAP-kron:   2%|▏         | 336396288/14570837178 [00:21<15:21, 15449057.10B/s]
GAP-kron:   2%|▏         | 338214912/14570837178 [00:21<14:39, 16184423.03B/s]
GAP-kron:   2%|▏         | 339853312/14570837178 [00:21<15:22, 15420419.44B/s]
GAP-kron:   2%|▏         | 341688320/14570837178 [00:21<14:38, 16200014.35B/s]
GAP-kron:   2%|▏         | 343326720/14570837178 [00:21<14:36, 16231126.58B/s]
GAP-kron:   2%|▏         | 344965120/14570837178 [00:21<15:31, 15272714.33B/s]
GAP-kron:   2%|▏         | 346718208/14570837178 [00:22<14:57, 15855233.20B/s]
GAP-kron:   2%|▏         | 348323840/14570837178 [00:22<15:35, 15196979.45B/s]
GAP-kron:   2%|▏         | 350126080/14570837178 [00:22<14:50, 15968028.50B/s]
GAP-kron:   2%|▏         | 351911936/14570837178 [00:22<14:21, 16500204.20B/s]
GAP-kron:   2%|▏         | 353583104/14570837178 [00:22<15:15, 15530972.99B/s]
GAP-kron:   2%|▏         | 355270656/14570837178 [00:22<14:55, 15873106.34B/s]
GAP-kron:   2%|▏         | 356876288/14570837178 [00:22<15:48, 14978664.37B/s]
GAP-kron:   2%|▏         | 358678528/14570837178 [00:22<14:59, 15794493.11B/s]
GAP-kron:   2%|▏         | 360398848/14570837178 [00:22<15:32, 15240148.52B/s]
GAP-kron:   2%|▏         | 362217472/14570837178 [00:23<14:45, 16042177.38B/s]
GAP-kron:   2%|▏         | 363905024/14570837178 [00:23<14:34, 16244785.91B/s]
GAP-kron:   3%|▎         | 365559808/14570837178 [00:23<15:38, 15128755.82B/s]
GAP-kron:   3%|▎         | 367230976/14570837178 [00:23<15:13, 15551837.69B/s]
GAP-kron:   3%|▎         | 368820224/14570837178 [00:23<15:50, 14947775.58B/s]
GAP-kron:   3%|▎         | 370556928/14570837178 [00:23<15:11, 15582090.11B/s]
GAP-kron:   3%|▎         | 372260864/14570837178 [00:23<14:47, 15995030.11B/s]
GAP-kron:   3%|▎         | 373882880/14570837178 [00:23<15:35, 15180119.02B/s]
GAP-kron:   3%|▎         | 375603200/14570837178 [00:23<15:04, 15699529.14B/s]
GAP-kron:   3%|▎         | 377192448/14570837178 [00:24<16:01, 14759520.50B/s]
GAP-kron:   3%|▎         | 378896384/14570837178 [00:24<15:22, 15383676.44B/s]
GAP-kron:   3%|▎         | 380633088/14570837178 [00:24<14:50, 15942001.50B/s]
GAP-kron:   3%|▎         | 382255104/14570837178 [00:24<15:27, 15300799.63B/s]
GAP-kron:   3%|▎         | 384008192/14570837178 [00:24<14:51, 15920908.88B/s]
GAP-kron:   3%|▎         | 385630208/14570837178 [00:24<15:36, 15148463.69B/s]
GAP-kron:   3%|▎         | 387432448/14570837178 [00:24<14:49, 15936594.29B/s]
GAP-kron:   3%|▎         | 389218304/14570837178 [00:24<14:22, 16447789.85B/s]
GAP-kron:   3%|▎         | 390889472/14570837178 [00:24<15:04, 15674969.61B/s]
GAP-kron:   3%|▎         | 392675328/14570837178 [00:24<14:30, 16278328.41B/s]
GAP-kron:   3%|▎         | 394330112/14570837178 [00:25<15:02, 15708140.39B/s]
GAP-kron:   3%|▎         | 396083200/14570837178 [00:25<14:34, 16207733.21B/s]
GAP-kron:   3%|▎         | 397721600/14570837178 [00:25<15:17, 15443066.53B/s]
GAP-kron:   3%|▎         | 399540224/14570837178 [00:25<14:35, 16182641.58B/s]
GAP-kron:   3%|▎         | 401293312/14570837178 [00:25<14:15, 16559854.84B/s]
GAP-kron:   3%|▎         | 402964480/14570837178 [00:25<15:04, 15668993.08B/s]
GAP-kron:   3%|▎         | 404684800/14570837178 [00:25<14:40, 16094208.36B/s]
GAP-kron:   3%|▎         | 406323200/14570837178 [00:25<15:21, 15362858.37B/s]
GAP-kron:   3%|▎         | 408109056/14570837178 [00:25<14:44, 16013240.73B/s]
GAP-kron:   3%|▎         | 409731072/14570837178 [00:26<15:20, 15384307.95B/s]
GAP-kron:   3%|▎         | 411516928/14570837178 [00:26<14:42, 16048338.08B/s]
GAP-kron:   3%|▎         | 413319168/14570837178 [00:26<14:12, 16611464.89B/s]
GAP-kron:   3%|▎         | 415006720/14570837178 [00:26<15:06, 15616028.95B/s]
GAP-kron:   3%|▎         | 416792576/14570837178 [00:26<14:31, 16239053.37B/s]
GAP-kron:   3%|▎         | 418447360/14570837178 [00:26<15:21, 15350528.08B/s]
GAP-kron:   3%|▎         | 420265984/14570837178 [00:26<14:38, 16115423.51B/s]
GAP-kron:   3%|▎         | 421904384/14570837178 [00:26<15:11, 15517190.45B/s]
GAP-kron:   3%|▎         | 423755776/14570837178 [00:26<14:25, 16339278.48B/s]
GAP-kron:   3%|▎         | 425574400/14570837178 [00:27<13:59, 16839645.88B/s]
GAP-kron:   3%|▎         | 427278336/14570837178 [00:27<14:44, 15991718.67B/s]
GAP-kron:   3%|▎         | 429096960/14570837178 [00:27<14:13, 16566587.24B/s]
GAP-kron:   3%|▎         | 430784512/14570837178 [00:27<15:01, 15686521.19B/s]
GAP-kron:   3%|▎         | 432488448/14570837178 [00:27<14:41, 16047646.58B/s]
GAP-kron:   3%|▎         | 434192384/14570837178 [00:27<15:25, 15269075.84B/s]
GAP-kron:   3%|▎         | 435978240/14570837178 [00:27<14:46, 15947925.04B/s]
GAP-kron:   3%|▎         | 437665792/14570837178 [00:27<14:33, 16177457.21B/s]
GAP-kron:   3%|▎         | 439304192/14570837178 [00:27<15:27, 15242476.65B/s]
GAP-kron:   3%|▎         | 441090048/14570837178 [00:28<14:46, 15944964.97B/s]
GAP-kron:   3%|▎         | 442712064/14570837178 [00:28<15:25, 15271013.32B/s]
GAP-kron:   3%|▎         | 444514304/14570837178 [00:28<14:42, 16008784.15B/s]
GAP-kron:   3%|▎         | 446283776/14570837178 [00:28<15:16, 15416677.18B/s]
GAP-kron:   3%|▎         | 448086016/14570837178 [00:28<14:36, 16112202.13B/s]
GAP-kron:   3%|▎         | 449904640/14570837178 [00:28<14:06, 16678067.03B/s]
GAP-kron:   3%|▎         | 451592192/14570837178 [00:28<14:56, 15741343.31B/s]
GAP-kron:   3%|▎         | 453328896/14570837178 [00:28<14:31, 16191371.14B/s]
GAP-kron:   3%|▎         | 454967296/14570837178 [00:28<15:13, 15445422.71B/s]
GAP-kron:   3%|▎         | 456671232/14570837178 [00:29<14:48, 15880201.11B/s]
GAP-kron:   3%|▎         | 458358784/14570837178 [00:29<14:34, 16144778.11B/s]
GAP-kron:   3%|▎         | 459997184/14570837178 [00:29<15:30, 15161723.64B/s]
GAP-kron:   3%|▎         | 461750272/14570837178 [00:29<14:52, 15801042.89B/s]
GAP-kron:   3%|▎         | 463355904/14570837178 [00:29<15:33, 15120319.75B/s]
GAP-kron:   3%|▎         | 465092608/14570837178 [00:29<14:57, 15718307.65B/s]
GAP-kron:   3%|▎         | 466681856/14570837178 [00:29<15:48, 14870280.63B/s]
GAP-kron:   3%|▎         | 468484096/14570837178 [00:29<14:57, 15718058.65B/s]
GAP-kron:   3%|▎         | 470237184/14570837178 [00:29<14:28, 16226826.12B/s]
GAP-kron:   3%|▎         | 471891968/14570837178 [00:29<15:20, 15310240.59B/s]
GAP-kron:   3%|▎         | 473645056/14570837178 [00:30<14:45, 15924526.27B/s]
GAP-kron:   3%|▎         | 475267072/14570837178 [00:30<15:30, 15146193.52B/s]
GAP-kron:   3%|▎         | 477085696/14570837178 [00:30<14:43, 15955194.66B/s]
GAP-kron:   3%|▎         | 478871552/14570837178 [00:30<14:15, 16473720.83B/s]
GAP-kron:   3%|▎         | 480542720/14570837178 [00:30<15:09, 15490553.04B/s]
GAP-kron:   3%|▎         | 482312192/14570837178 [00:30<14:35, 16084102.27B/s]
GAP-kron:   3%|▎         | 483950592/14570837178 [00:30<15:12, 15441416.34B/s]
GAP-kron:   3%|▎         | 485769216/14570837178 [00:30<14:30, 16188997.23B/s]
GAP-kron:   3%|▎         | 487440384/14570837178 [00:30<14:22, 16325398.97B/s]
GAP-kron:   3%|▎         | 489095168/14570837178 [00:31<15:22, 15266710.85B/s]
GAP-kron:   3%|▎         | 490864640/14570837178 [00:31<14:43, 15938075.15B/s]
GAP-kron:   3%|▎         | 492486656/14570837178 [00:31<15:19, 15316046.73B/s]
GAP-kron:   3%|▎         | 494272512/14570837178 [00:31<14:39, 16013963.61B/s]
GAP-kron:   3%|▎         | 496009216/14570837178 [00:31<14:20, 16365653.05B/s]
GAP-kron:   3%|▎         | 497664000/14570837178 [00:31<15:27, 15176166.91B/s]
GAP-kron:   3%|▎         | 499367936/14570837178 [00:31<14:58, 15653908.94B/s]
GAP-kron:   3%|▎         | 500957184/14570837178 [00:31<15:43, 14909456.21B/s]
GAP-kron:   3%|▎         | 502759424/14570837178 [00:31<14:53, 15746372.78B/s]
GAP-kron:   3%|▎         | 504414208/14570837178 [00:32<14:42, 15942380.89B/s]
GAP-kron:   3%|▎         | 506036224/14570837178 [00:32<15:24, 15215726.76B/s]
GAP-kron:   3%|▎         | 507838464/14570837178 [00:32<14:39, 15998532.01B/s]
GAP-kron:   3%|▎         | 509460480/14570837178 [00:32<15:16, 15349999.15B/s]
GAP-kron:   4%|▎         | 511213568/14570837178 [00:32<14:41, 15958508.03B/s]
GAP-kron:   4%|▎         | 512835584/14570837178 [00:32<15:23, 15217639.99B/s]
GAP-kron:   4%|▎         | 514637824/14570837178 [00:32<14:39, 15985481.76B/s]
GAP-kron:   4%|▎         | 516440064/14570837178 [00:32<14:08, 16560706.46B/s]
GAP-kron:   4%|▎         | 518111232/14570837178 [00:32<14:57, 15654714.11B/s]
GAP-kron:   4%|▎         | 519946240/14570837178 [00:33<14:17, 16388832.74B/s]
GAP-kron:   4%|▎         | 521617408/14570837178 [00:33<15:07, 15477221.56B/s]
GAP-kron:   4%|▎         | 523452416/14570837178 [00:33<14:24, 16248569.84B/s]
GAP-kron:   4%|▎         | 525107200/14570837178 [00:33<15:07, 15470569.12B/s]
GAP-kron:   4%|▎         | 526909440/14570837178 [00:33<14:30, 16135703.27B/s]
GAP-kron:   4%|▎         | 528728064/14570837178 [00:33<14:01, 16677484.81B/s]
GAP-kron:   4%|▎         | 530415616/14570837178 [00:33<14:46, 15840493.94B/s]
GAP-kron:   4%|▎         | 532217856/14570837178 [00:33<14:15, 16418520.55B/s]
GAP-kron:   4%|▎         | 533889024/14570837178 [00:33<15:02, 15551325.96B/s]
GAP-kron:   4%|▎         | 535724032/14570837178 [00:34<14:21, 16286314.82B/s]
GAP-kron:   4%|▎         | 537509888/14570837178 [00:34<14:00, 16702351.01B/s]
GAP-kron:   4%|▎         | 539197440/14570837178 [00:34<14:58, 15611874.92B/s]
GAP-kron:   4%|▎         | 540999680/14570837178 [00:34<14:23, 16250801.86B/s]
GAP-kron:   4%|▎         | 542654464/14570837178 [00:34<15:06, 15483552.65B/s]
GAP-kron:   4%|▎         | 544440320/14570837178 [00:34<14:29, 16137514.20B/s]
GAP-kron:   4%|▎         | 546078720/14570837178 [00:34<15:13, 15360100.65B/s]
GAP-kron:   4%|▍         | 547815424/14570837178 [00:34<14:42, 15888667.42B/s]
GAP-kron:   4%|▍         | 549535744/14570837178 [00:34<14:22, 16261252.53B/s]
GAP-kron:   4%|▍         | 551190528/14570837178 [00:35<15:01, 15556409.02B/s]
GAP-kron:   4%|▍         | 553041920/14570837178 [00:35<14:16, 16361091.53B/s]
GAP-kron:   4%|▍         | 554696704/14570837178 [00:35<15:05, 15483701.10B/s]
GAP-kron:   4%|▍         | 556351488/14570837178 [00:35<14:50, 15744000.60B/s]
GAP-kron:   4%|▍         | 558104576/14570837178 [00:35<14:24, 16214905.65B/s]
GAP-kron:   4%|▍         | 559742976/14570837178 [00:35<15:18, 15262150.85B/s]
GAP-kron:   4%|▍         | 561364992/14570837178 [00:35<15:03, 15500712.96B/s]
GAP-kron:   4%|▍         | 562937856/14570837178 [00:35<15:55, 14660779.69B/s]
GAP-kron:   4%|▍         | 564707328/14570837178 [00:35<15:04, 15491970.45B/s]
GAP-kron:   4%|▍         | 566280192/14570837178 [00:35<15:44, 14822247.96B/s]
GAP-kron:   4%|▍         | 568000512/14570837178 [00:36<15:06, 15451285.39B/s]
GAP-kron:   4%|▍         | 569671680/14570837178 [00:36<14:46, 15793124.68B/s]
GAP-kron:   4%|▍         | 571277312/14570837178 [00:36<15:33, 14992596.08B/s]
GAP-kron:   4%|▍         | 572964864/14570837178 [00:36<15:02, 15514398.24B/s]
GAP-kron:   4%|▍         | 574537728/14570837178 [00:36<15:33, 14994714.13B/s]
GAP-kron:   4%|▍         | 576323584/14570837178 [00:36<14:45, 15797266.64B/s]
GAP-kron:   4%|▍         | 578125824/14570837178 [00:36<14:11, 16433451.17B/s]
GAP-kron:   4%|▍         | 579796992/14570837178 [00:36<15:00, 15533954.35B/s]
GAP-kron:   4%|▍         | 581369856/14570837178 [00:36<15:07, 15419104.36B/s]
GAP-kron:   4%|▍         | 582926336/14570837178 [00:37<15:41, 14850315.31B/s]
GAP-kron:   4%|▍         | 584728576/14570837178 [00:37<14:50, 15704122.06B/s]
GAP-kron:   4%|▍         | 586498048/14570837178 [00:37<14:23, 16198818.98B/s]
GAP-kron:   4%|▍         | 588136448/14570837178 [00:37<14:51, 15683070.62B/s]
GAP-kron:   4%|▍         | 589971456/14570837178 [00:37<14:12, 16407574.81B/s]
GAP-kron:   4%|▍         | 591626240/14570837178 [00:37<14:51, 15685905.74B/s]
GAP-kron:   4%|▍         | 593428480/14570837178 [00:37<14:15, 16340736.48B/s]
GAP-kron:   4%|▍         | 595083264/14570837178 [00:37<14:52, 15656348.52B/s]
GAP-kron:   4%|▍         | 596901888/14570837178 [00:37<14:15, 16340889.53B/s]
GAP-kron:   4%|▍         | 598671360/14570837178 [00:38<13:56, 16704398.71B/s]
GAP-kron:   4%|▍         | 600358912/14570837178 [00:38<14:56, 15586703.33B/s]
GAP-kron:   4%|▍         | 602144768/14570837178 [00:38<14:21, 16217097.27B/s]
GAP-kron:   4%|▍         | 603799552/14570837178 [00:38<14:59, 15520436.28B/s]
GAP-kron:   4%|▍         | 605601792/14570837178 [00:38<14:23, 16174805.80B/s]
GAP-kron:   4%|▍         | 607240192/14570837178 [00:38<15:12, 15301130.70B/s]
GAP-kron:   4%|▍         | 609026048/14570837178 [00:38<14:32, 15998068.43B/s]
GAP-kron:   4%|▍         | 610844672/14570837178 [00:38<14:01, 16592778.35B/s]
GAP-kron:   4%|▍         | 612532224/14570837178 [00:38<14:55, 15579866.05B/s]
GAP-kron:   4%|▍         | 614252544/14570837178 [00:39<14:32, 15997305.13B/s]
GAP-kron:   4%|▍         | 615874560/14570837178 [00:39<15:33, 14947057.15B/s]
GAP-kron:   4%|▍         | 617693184/14570837178 [00:39<14:42, 15812532.63B/s]
GAP-kron:   4%|▍         | 619298816/14570837178 [00:39<15:15, 15246030.50B/s]
GAP-kron:   4%|▍         | 621084672/14570837178 [00:39<14:34, 15949754.28B/s]
GAP-kron:   4%|▍         | 622886912/14570837178 [00:39<14:05, 16497115.87B/s]
GAP-kron:   4%|▍         | 624558080/14570837178 [00:39<14:47, 15721185.80B/s]
GAP-kron:   4%|▍         | 626425856/14570837178 [00:39<14:04, 16516334.87B/s]
GAP-kron:   4%|▍         | 628097024/14570837178 [00:39<14:48, 15694197.74B/s]
GAP-kron:   4%|▍         | 629915648/14570837178 [00:39<14:11, 16370305.71B/s]
GAP-kron:   4%|▍         | 631570432/14570837178 [00:40<14:55, 15566778.85B/s]
GAP-kron:   4%|▍         | 633339904/14570837178 [00:40<14:22, 16155532.41B/s]
GAP-kron:   4%|▍         | 635076608/14570837178 [00:40<14:06, 16458351.79B/s]
GAP-kron:   4%|▍         | 636747776/14570837178 [00:40<14:48, 15678826.89B/s]
GAP-kron:   4%|▍         | 638599168/14570837178 [00:40<14:06, 16453505.39B/s]
GAP-kron:   4%|▍         | 640270336/14570837178 [00:40<14:52, 15609711.30B/s]
GAP-kron:   4%|▍         | 641925120/14570837178 [00:40<14:38, 15862965.01B/s]
GAP-kron:   4%|▍         | 643530752/14570837178 [00:40<15:21, 15107089.39B/s]
GAP-kron:   4%|▍         | 645283840/14570837178 [00:40<14:43, 15765588.43B/s]
GAP-kron:   4%|▍         | 647053312/14570837178 [00:41<14:15, 16273700.93B/s]
GAP-kron:   4%|▍         | 648708096/14570837178 [00:41<15:04, 15391372.90B/s]
GAP-kron:   4%|▍         | 650412032/14570837178 [00:41<14:40, 15813964.70B/s]
GAP-kron:   4%|▍         | 652017664/14570837178 [00:41<15:29, 14978590.49B/s]
GAP-kron:   4%|▍         | 653770752/14570837178 [00:41<14:48, 15658997.07B/s]
GAP-kron:   4%|▍         | 655523840/14570837178 [00:41<14:21, 16161075.85B/s]
GAP-kron:   5%|▍         | 657162240/14570837178 [00:41<15:05, 15359292.61B/s]
GAP-kron:   5%|▍         | 658980864/14570837178 [00:41<14:22, 16126101.95B/s]
GAP-kron:   5%|▍         | 660619264/14570837178 [00:41<15:22, 15083337.50B/s]
GAP-kron:   5%|▍         | 662339584/14570837178 [00:42<14:49, 15640899.88B/s]
GAP-kron:   5%|▍         | 663928832/14570837178 [00:42<15:29, 14956250.53B/s]
GAP-kron:   5%|▍         | 665665536/14570837178 [00:42<14:50, 15614244.72B/s]
GAP-kron:   5%|▍         | 667320320/14570837178 [00:42<14:37, 15842268.63B/s]
GAP-kron:   5%|▍         | 668925952/14570837178 [00:42<15:20, 15106908.20B/s]
GAP-kron:   5%|▍         | 670613504/14570837178 [00:42<14:52, 15569865.25B/s]
GAP-kron:   5%|▍         | 672186368/14570837178 [00:42<15:40, 14770263.96B/s]
GAP-kron:   5%|▍         | 673890304/14570837178 [00:42<15:03, 15382241.64B/s]
GAP-kron:   5%|▍         | 675708928/14570837178 [00:42<14:20, 16145713.03B/s]
GAP-kron:   5%|▍         | 677347328/14570837178 [00:43<15:05, 15336621.93B/s]
GAP-kron:   5%|▍         | 679116800/14570837178 [00:43<14:28, 15990148.43B/s]
GAP-kron:   5%|▍         | 680738816/14570837178 [00:43<15:29, 14940934.98B/s]
GAP-kron:   5%|▍         | 682344448/14570837178 [00:43<15:12, 15218449.38B/s]
GAP-kron:   5%|▍         | 683966464/14570837178 [00:43<14:57, 15474955.40B/s]
GAP-kron:   5%|▍         | 685539328/14570837178 [00:43<15:36, 14823321.15B/s]
GAP-kron:   5%|▍         | 687226880/14570837178 [00:43<15:03, 15367102.36B/s]
GAP-kron:   5%|▍         | 688783360/14570837178 [00:43<15:44, 14701821.07B/s]
GAP-kron:   5%|▍         | 690487296/14570837178 [00:43<15:04, 15342100.02B/s]
GAP-kron:   5%|▍         | 692076544/14570837178 [00:44<15:03, 15358502.89B/s]
GAP-kron:   5%|▍         | 693633024/14570837178 [00:44<15:57, 14496550.51B/s]
GAP-kron:   5%|▍         | 695205888/14570837178 [00:44<15:36, 14823249.53B/s]
GAP-kron:   5%|▍         | 696713216/14570837178 [00:44<16:23, 14110573.03B/s]
GAP-kron:   5%|▍         | 698417152/14570837178 [00:44<15:30, 14903496.93B/s]
GAP-kron:   5%|▍         | 700186624/14570837178 [00:44<14:44, 15683193.04B/s]
GAP-kron:   5%|▍         | 701775872/14570837178 [00:44<15:38, 14783335.08B/s]
GAP-kron:   5%|▍         | 703512576/14570837178 [00:44<14:55, 15482112.80B/s]
GAP-kron:   5%|▍         | 705085440/14570837178 [00:44<15:32, 14875977.54B/s]
GAP-kron:   5%|▍         | 706854912/14570837178 [00:44<14:47, 15627682.98B/s]
GAP-kron:   5%|▍         | 708542464/14570837178 [00:45<14:28, 15954767.33B/s]
GAP-kron:   5%|▍         | 710164480/14570837178 [00:45<15:14, 15160718.48B/s]
GAP-kron:   5%|▍         | 711950336/14570837178 [00:45<14:32, 15888016.98B/s]
GAP-kron:   5%|▍         | 713555968/14570837178 [00:45<16:08, 14306826.89B/s]
GAP-kron:   5%|▍         | 715030528/14570837178 [00:45<17:19, 13323021.50B/s]
GAP-kron:   5%|▍         | 716406784/14570837178 [00:45<18:09, 12721850.74B/s]
GAP-kron:   5%|▍         | 717717504/14570837178 [00:45<19:54, 11594705.61B/s]
GAP-kron:   5%|▍         | 718913536/14570837178 [00:45<19:55, 11585261.77B/s]
GAP-kron:   5%|▍         | 720093184/14570837178 [00:46<19:57, 11562951.99B/s]
GAP-kron:   5%|▍         | 721272832/14570837178 [00:46<21:27, 10760703.97B/s]
GAP-kron:   5%|▍         | 722436096/14570837178 [00:46<21:02, 10968050.83B/s]
GAP-kron:   5%|▍         | 723779584/14570837178 [00:46<19:52, 11612314.22B/s]
GAP-kron:   5%|▍         | 725090304/14570837178 [00:46<19:13, 12000215.89B/s]
GAP-kron:   5%|▍         | 726810624/14570837178 [00:46<17:08, 13462567.41B/s]
GAP-kron:   5%|▌         | 728547328/14570837178 [00:46<15:50, 14562464.56B/s]
GAP-kron:   5%|▌         | 730021888/14570837178 [00:46<17:06, 13489460.47B/s]
GAP-kron:   5%|▌         | 731774976/14570837178 [00:46<15:49, 14578460.32B/s]
GAP-kron:   5%|▌         | 733265920/14570837178 [00:47<16:17, 14159239.85B/s]
GAP-kron:   5%|▌         | 734986240/14570837178 [00:47<15:23, 14982352.72B/s]
GAP-kron:   5%|▌         | 736722944/14570837178 [00:47<14:45, 15630090.94B/s]
GAP-kron:   5%|▌         | 738312192/14570837178 [00:47<15:28, 14899543.86B/s]
GAP-kron:   5%|▌         | 739983360/14570837178 [00:47<14:59, 15380064.11B/s]
GAP-kron:   5%|▌         | 741539840/14570837178 [00:47<16:21, 14085304.61B/s]
GAP-kron:   5%|▌         | 743227392/14570837178 [00:47<15:32, 14832927.15B/s]
GAP-kron:   5%|▌         | 744980480/14570837178 [00:47<14:47, 15577683.69B/s]
GAP-kron:   5%|▌         | 746569728/14570837178 [00:47<15:29, 14877713.20B/s]
GAP-kron:   5%|▌         | 748290048/14570837178 [00:47<14:52, 15486606.15B/s]
GAP-kron:   5%|▌         | 749862912/14570837178 [00:48<15:32, 14817980.92B/s]
GAP-kron:   5%|▌         | 751566848/14570837178 [00:48<14:57, 15404397.37B/s]
GAP-kron:   5%|▌         | 753303552/14570837178 [00:48<15:33, 14795178.92B/s]
GAP-kron:   5%|▌         | 754810880/14570837178 [00:48<15:43, 14639636.61B/s]
GAP-kron:   5%|▌         | 756498432/14570837178 [00:48<15:07, 15229458.74B/s]
GAP-kron:   5%|▌         | 758038528/14570837178 [00:48<15:44, 14629868.97B/s]
GAP-kron:   5%|▌         | 759758848/14570837178 [00:48<15:00, 15341717.75B/s]
GAP-kron:   5%|▌         | 761380864/14570837178 [00:48<15:41, 14664588.63B/s]
GAP-kron:   5%|▌         | 763068416/14570837178 [00:48<15:03, 15276289.94B/s]
GAP-kron:   5%|▌         | 764788736/14570837178 [00:49<14:34, 15790134.45B/s]
GAP-kron:   5%|▌         | 766394368/14570837178 [00:49<16:20, 14079327.16B/s]
GAP-kron:   5%|▌         | 767868928/14570837178 [00:49<16:10, 14221506.18B/s]
GAP-kron:   5%|▌         | 769376256/14570837178 [00:49<15:56, 14432802.66B/s]
GAP-kron:   5%|▌         | 770850816/14570837178 [00:49<16:32, 13899191.19B/s]
GAP-kron:   5%|▌         | 772587520/14570837178 [00:49<15:28, 14853202.92B/s]
GAP-kron:   5%|▌         | 774094848/14570837178 [00:49<16:02, 14326912.93B/s]
GAP-kron:   5%|▌         | 775798784/14570837178 [00:49<15:14, 15079704.66B/s]
GAP-kron:   5%|▌         | 777519104/14570837178 [00:49<14:40, 15667129.35B/s]
GAP-kron:   5%|▌         | 779108352/14570837178 [00:50<15:25, 14900019.91B/s]
GAP-kron:   5%|▌         | 780615680/14570837178 [00:50<15:38, 14695127.92B/s]
GAP-kron:   5%|▌         | 782106624/14570837178 [00:50<16:27, 13967249.37B/s]
GAP-kron:   5%|▌         | 783646720/14570837178 [00:50<16:01, 14332702.82B/s]
GAP-kron:   5%|▌         | 785350656/14570837178 [00:50<15:14, 15082197.18B/s]
GAP-kron:   5%|▌         | 786874368/14570837178 [00:50<15:48, 14533526.89B/s]
GAP-kron:   5%|▌         | 788545536/14570837178 [00:50<15:14, 15074268.52B/s]
GAP-kron:   5%|▌         | 790069248/14570837178 [00:50<15:45, 14580785.55B/s]
GAP-kron:   5%|▌         | 791543808/14570837178 [00:50<15:55, 14426518.55B/s]
GAP-kron:   5%|▌         | 793264128/14570837178 [00:51<15:06, 15204705.30B/s]
GAP-kron:   5%|▌         | 794804224/14570837178 [00:51<15:49, 14510868.06B/s]
GAP-kron:   5%|▌         | 796278784/14570837178 [00:51<15:55, 14409937.67B/s]
GAP-kron:   5%|▌         | 797786112/14570837178 [00:51<16:27, 13947362.57B/s]
GAP-kron:   5%|▌         | 799522816/14570837178 [00:51<15:25, 14874375.78B/s]
GAP-kron:   5%|▌         | 801226752/14570837178 [00:51<14:49, 15486765.52B/s]
GAP-kron:   6%|▌         | 802799616/14570837178 [00:51<15:30, 14796653.81B/s]
GAP-kron:   6%|▌         | 804503552/14570837178 [00:51<14:54, 15393369.62B/s]
GAP-kron:   6%|▌         | 806060032/14570837178 [00:51<15:35, 14719718.49B/s]
GAP-kron:   6%|▌         | 807600128/14570837178 [00:52<15:23, 14898506.54B/s]
GAP-kron:   6%|▌         | 809222144/14570837178 [00:52<15:04, 15218600.01B/s]
GAP-kron:   6%|▌         | 810762240/14570837178 [00:52<16:29, 13910189.31B/s]
GAP-kron:   6%|▌         | 812482560/14570837178 [00:52<15:29, 14800828.40B/s]
GAP-kron:   6%|▌         | 813989888/14570837178 [00:52<15:58, 14358678.96B/s]
GAP-kron:   6%|▌         | 815448064/14570837178 [00:52<17:05, 13409613.86B/s]
GAP-kron:   6%|▌         | 817184768/14570837178 [00:52<15:50, 14463425.68B/s]
GAP-kron:   6%|▌         | 818659328/14570837178 [00:52<16:16, 14080949.64B/s]
GAP-kron:   6%|▌         | 820379648/14570837178 [00:52<15:20, 14942441.79B/s]
GAP-kron:   6%|▌         | 822083584/14570837178 [00:53<14:46, 15502996.80B/s]
GAP-kron:   6%|▌         | 823656448/14570837178 [00:53<15:29, 14783664.34B/s]
GAP-kron:   6%|▌         | 825376768/14570837178 [00:53<14:49, 15459781.15B/s]
GAP-kron:   6%|▌         | 826949632/14570837178 [00:53<15:36, 14674464.50B/s]
GAP-kron:   6%|▌         | 828686336/14570837178 [00:53<14:52, 15396130.93B/s]
GAP-kron:   6%|▌         | 830406656/14570837178 [00:53<14:24, 15899876.09B/s]
GAP-kron:   6%|▌         | 832012288/14570837178 [00:53<15:11, 15076480.58B/s]
GAP-kron:   6%|▌         | 833748992/14570837178 [00:53<14:35, 15695467.94B/s]
GAP-kron:   6%|▌         | 835338240/14570837178 [00:53<15:20, 14917397.17B/s]
GAP-kron:   6%|▌         | 837042176/14570837178 [00:53<14:46, 15486066.35B/s]
GAP-kron:   6%|▌         | 838729728/14570837178 [00:54<15:31, 14740064.04B/s]
GAP-kron:   6%|▌         | 840237056/14570837178 [00:54<15:35, 14682647.04B/s]
GAP-kron:   6%|▌         | 841924608/14570837178 [00:54<14:58, 15283051.52B/s]
GAP-kron:   6%|▌         | 843481088/14570837178 [00:54<15:38, 14626504.59B/s]
GAP-kron:   6%|▌         | 845086720/14570837178 [00:54<15:15, 14987465.36B/s]
GAP-kron:   6%|▌         | 846610432/14570837178 [00:54<15:15, 14985299.66B/s]
GAP-kron:   6%|▌         | 848117760/14570837178 [00:54<15:50, 14435542.39B/s]
GAP-kron:   6%|▌         | 849788928/14570837178 [00:54<15:13, 15023716.67B/s]
GAP-kron:   6%|▌         | 851312640/14570837178 [00:54<16:25, 13927543.50B/s]
GAP-kron:   6%|▌         | 853032960/14570837178 [00:55<15:26, 14800571.86B/s]
GAP-kron:   6%|▌         | 854753280/14570837178 [00:55<14:48, 15440253.49B/s]
GAP-kron:   6%|▌         | 856326144/14570837178 [00:55<15:50, 14429510.24B/s]
GAP-kron:   6%|▌         | 857800704/14570837178 [00:55<16:00, 14269822.00B/s]
GAP-kron:   6%|▌         | 859258880/14570837178 [00:55<16:36, 13763694.18B/s]
GAP-kron:   6%|▌         | 860979200/14570837178 [00:55<15:31, 14711496.66B/s]
GAP-kron:   6%|▌         | 862715904/14570837178 [00:55<14:48, 15422417.27B/s]
GAP-kron:   6%|▌         | 864288768/14570837178 [00:55<15:29, 14753927.57B/s]
GAP-kron:   6%|▌         | 865976320/14570837178 [00:55<14:54, 15318090.85B/s]
GAP-kron:   6%|▌         | 867532800/14570837178 [00:56<15:38, 14605270.73B/s]
GAP-kron:   6%|▌         | 869023744/14570837178 [00:56<15:38, 14603283.02B/s]
GAP-kron:   6%|▌         | 870678528/14570837178 [00:56<15:05, 15134594.62B/s]
GAP-kron:   6%|▌         | 872202240/14570837178 [00:56<16:31, 13818019.54B/s]
GAP-kron:   6%|▌         | 873906176/14570837178 [00:56<15:32, 14693527.48B/s]
GAP-kron:   6%|▌         | 875413504/14570837178 [00:56<16:00, 14264053.83B/s]
GAP-kron:   6%|▌         | 877150208/14570837178 [00:56<15:07, 15097645.97B/s]

asv: benchmark timed out (timeout 60s)

For parameters: bfs_gap_inputs.GAP/GAP-urand_9239735
INFO root: Dataset suitesparse_matrix.GAP/GAP-urand manifest metadata is stale.

GAP-urand:   0%|          | 0/16766984746 [00:00<?, ?B/s]
GAP-urand:   0%|          | 245760/16766984746 [00:00<2:08:44, 2170586.83B/s]
GAP-urand:   0%|          | 1245184/16766984746 [00:00<42:47, 6529390.29B/s] 
GAP-urand:   0%|          | 2686976/16766984746 [00:00<27:56, 10000950.75B/s]
GAP-urand:   0%|          | 4145152/16766984746 [00:00<23:47, 11746759.19B/s]
GAP-urand:   0%|          | 5586944/16766984746 [00:00<22:06, 12640182.41B/s]
GAP-urand:   0%|          | 7094272/16766984746 [00:00<20:46, 13442963.46B/s]
GAP-urand:   0%|          | 8617984/16766984746 [00:00<19:57, 13997149.30B/s]
GAP-urand:   0%|          | 10174464/16766984746 [00:00<19:19, 14456795.13B/s]
GAP-urand:   0%|          | 11812864/16766984746 [00:00<18:35, 15020765.04B/s]
GAP-urand:   0%|          | 13451264/16766984746 [00:01<18:05, 15438718.52B/s]
GAP-urand:   0%|          | 15122432/16766984746 [00:01<17:40, 15789828.90B/s]
GAP-urand:   0%|          | 16793600/16766984746 [00:01<17:25, 16016224.75B/s]
GAP-urand:   0%|          | 18546688/16766984746 [00:01<16:58, 16450372.33B/s]
GAP-urand:   0%|          | 20283392/16766984746 [00:01<16:47, 16616150.99B/s]
GAP-urand:   0%|          | 21970944/16766984746 [00:01<16:44, 16662247.33B/s]
GAP-urand:   0%|          | 23658496/16766984746 [00:01<16:41, 16712783.74B/s]
GAP-urand:   0%|          | 25346048/16766984746 [00:01<16:43, 16682910.41B/s]
GAP-urand:   0%|          | 27017216/16766984746 [00:01<17:02, 16370442.92B/s]
GAP-urand:   0%|          | 28655616/16766984746 [00:01<17:37, 15832338.98B/s]
GAP-urand:   0%|          | 30244864/16766984746 [00:02<17:45, 15713442.59B/s]
GAP-urand:   0%|          | 32047104/16766984746 [00:02<17:03, 16353202.55B/s]
GAP-urand:   0%|          | 33832960/16766984746 [00:02<16:38, 16750272.61B/s]
GAP-urand:   0%|          | 35520512/16766984746 [00:02<16:42, 16692826.31B/s]
GAP-urand:   0%|          | 37208064/16766984746 [00:02<16:46, 16614635.36B/s]
GAP-urand:   0%|          | 38928384/16766984746 [00:02<16:37, 16775474.01B/s]
GAP-urand:   0%|          | 40615936/16766984746 [00:02<16:40, 16713990.72B/s]
GAP-urand:   0%|          | 42303488/16766984746 [00:02<16:42, 16683069.78B/s]
GAP-urand:   0%|          | 43991040/16766984746 [00:02<16:40, 16709245.67B/s]
GAP-urand:   0%|          | 45694976/16766984746 [00:02<16:35, 16789687.38B/s]
GAP-urand:   0%|          | 47415296/16766984746 [00:03<16:30, 16872104.36B/s]
GAP-urand:   0%|          | 49119232/16766984746 [00:03<16:29, 16896563.89B/s]
GAP-urand:   0%|          | 50823168/16766984746 [00:03<16:41, 16686911.79B/s]
GAP-urand:   0%|          | 52494336/16766984746 [00:03<16:45, 16629857.89B/s]
GAP-urand:   0%|          | 54165504/16766984746 [00:03<16:49, 16561420.81B/s]
GAP-urand:   0%|          | 55853056/16766984746 [00:03<16:45, 16620602.52B/s]
GAP-urand:   0%|          | 57524224/16766984746 [00:03<16:46, 16608348.99B/s]
GAP-urand:   0%|          | 59228160/16766984746 [00:03<16:40, 16691104.96B/s]
GAP-urand:   0%|          | 60948480/16766984746 [00:03<16:33, 16809928.06B/s]
GAP-urand:   0%|          | 62636032/16766984746 [00:03<17:09, 16220230.29B/s]
GAP-urand:   0%|          | 64323584/16766984746 [00:04<16:58, 16406714.84B/s]
GAP-urand:   0%|          | 65978368/16766984746 [00:04<18:03, 15407984.06B/s]
GAP-urand:   0%|          | 67731456/16766984746 [00:04<17:26, 15964002.89B/s]
GAP-urand:   0%|          | 69353472/16766984746 [00:04<18:31, 15027734.87B/s]
GAP-urand:   0%|          | 71057408/16766984746 [00:04<17:51, 15575253.10B/s]
GAP-urand:   0%|          | 72810496/16766984746 [00:04<17:15, 16118909.86B/s]
GAP-urand:   0%|          | 74448896/16766984746 [00:04<18:30, 15025207.53B/s]
GAP-urand:   0%|          | 76136448/16766984746 [00:04<17:57, 15491875.78B/s]
GAP-urand:   0%|          | 77709312/16766984746 [00:04<18:58, 14665222.94B/s]
GAP-urand:   0%|          | 79314944/16766984746 [00:05<18:29, 15038971.44B/s]
GAP-urand:   0%|          | 80920576/16766984746 [00:05<19:23, 14344286.15B/s]
GAP-urand:   0%|          | 82624512/16766984746 [00:05<18:27, 15064441.15B/s]
GAP-urand:   1%|          | 84328448/16766984746 [00:05<17:49, 15598371.88B/s]
GAP-urand:   1%|          | 85917696/16766984746 [00:05<18:49, 14770966.78B/s]
GAP-urand:   1%|          | 87539712/16766984746 [00:05<18:19, 15173710.15B/s]
GAP-urand:   1%|          | 89079808/16766984746 [00:05<19:20, 14372676.02B/s]
GAP-urand:   1%|          | 90783744/16766984746 [00:05<18:24, 15098930.58B/s]
GAP-urand:   1%|          | 92471296/16766984746 [00:05<17:48, 15599574.52B/s]
GAP-urand:   1%|          | 94060544/16766984746 [00:06<18:42, 14853712.80B/s]
GAP-urand:   1%|          | 95780864/16766984746 [00:06<17:55, 15496285.69B/s]
GAP-urand:   1%|          | 97353728/16766984746 [00:06<18:57, 14655821.39B/s]
GAP-urand:   1%|          | 99041280/16766984746 [00:06<18:11, 15265882.75B/s]
GAP-urand:   1%|          | 100745216/16766984746 [00:06<17:38, 15752523.45B/s]
GAP-urand:   1%|          | 102350848/16766984746 [00:06<18:33, 14970094.01B/s]
GAP-urand:   1%|          | 104103936/16766984746 [00:06<17:44, 15655034.77B/s]
GAP-urand:   1%|          | 105693184/16766984746 [00:06<18:41, 14850963.84B/s]
GAP-urand:   1%|          | 107413504/16766984746 [00:06<17:55, 15487181.84B/s]
GAP-urand:   1%|          | 109117440/16766984746 [00:07<18:36, 14920126.71B/s]
GAP-urand:   1%|          | 110870528/16766984746 [00:07<17:45, 15631309.90B/s]
GAP-urand:   1%|          | 112590848/16766984746 [00:07<17:17, 16049897.20B/s]
GAP-urand:   1%|          | 114212864/16766984746 [00:07<18:11, 15262365.40B/s]
GAP-urand:   1%|          | 115965952/16766984746 [00:07<17:29, 15860879.77B/s]
GAP-urand:   1%|          | 117571584/16766984746 [00:07<18:28, 15020339.78B/s]
GAP-urand:   1%|          | 119308288/16766984746 [00:07<17:43, 15653695.04B/s]
GAP-urand:   1%|          | 121044992/16766984746 [00:07<17:12, 16127181.69B/s]
GAP-urand:   1%|          | 122683392/16766984746 [00:07<18:40, 14859570.17B/s]
GAP-urand:   1%|          | 124272640/16766984746 [00:08<18:19, 15134850.07B/s]
GAP-urand:   1%|          | 125812736/16766984746 [00:08<19:28, 14243882.87B/s]
GAP-urand:   1%|          | 127483904/16766984746 [00:08<18:38, 14876952.83B/s]
GAP-urand:   1%|          | 129187840/16766984746 [00:08<17:56, 15453645.27B/s]
GAP-urand:   1%|          | 130760704/16766984746 [00:08<19:03, 14548727.82B/s]
GAP-urand:   1%|          | 132431872/16766984746 [00:08<18:19, 15124873.59B/s]
GAP-urand:   1%|          | 133971968/16766984746 [00:08<19:22, 14307598.43B/s]
GAP-urand:   1%|          | 135692288/16766984746 [00:08<18:22, 15082603.08B/s]
GAP-urand:   1%|          | 137363456/16766984746 [00:08<17:52, 15502285.07B/s]
GAP-urand:   1%|          | 138936320/16766984746 [00:09<18:57, 14612576.25B/s]
GAP-urand:   1%|          | 140656640/16766984746 [00:09<18:07, 15294727.03B/s]
GAP-urand:   1%|          | 142213120/16766984746 [00:09<19:01, 14559715.51B/s]
GAP-urand:   1%|          | 143867904/16766984746 [00:09<18:20, 15101335.16B/s]
GAP-urand:   1%|          | 145440768/16766984746 [00:09<18:08, 15273689.57B/s]
GAP-urand:   1%|          | 146997248/16766984746 [00:09<19:17, 14357994.47B/s]
GAP-urand:   1%|          | 148684800/16766984746 [00:09<18:25, 15031486.92B/s]
GAP-urand:   1%|          | 150208512/16766984746 [00:09<19:32, 14171754.06B/s]
GAP-urand:   1%|          | 151896064/16766984746 [00:09<18:36, 14876309.33B/s]
GAP-urand:   1%|          | 153550848/16766984746 [00:09<18:03, 15335545.32B/s]
GAP-urand:   1%|          | 155107328/16766984746 [00:10<19:02, 14545014.75B/s]
GAP-urand:   1%|          | 156778496/16766984746 [00:10<18:18, 15123796.67B/s]
GAP-urand:   1%|          | 158318592/16766984746 [00:10<19:09, 14445356.52B/s]
GAP-urand:   1%|          | 159989760/16766984746 [00:10<18:24, 15042329.47B/s]
GAP-urand:   1%|          | 161628160/16766984746 [00:10<19:13, 14392997.35B/s]
GAP-urand:   1%|          | 163282944/16766984746 [00:10<18:29, 14961775.97B/s]
GAP-urand:   1%|          | 164986880/16766984746 [00:10<17:49, 15518337.28B/s]
GAP-urand:   1%|          | 166559744/16766984746 [00:10<18:46, 14738369.97B/s]
GAP-urand:   1%|          | 168280064/16766984746 [00:10<17:57, 15408856.09B/s]
GAP-urand:   1%|          | 169852928/16766984746 [00:11<19:11, 14416810.26B/s]
GAP-urand:   1%|          | 171458560/16766984746 [00:11<18:38, 14841484.14B/s]
GAP-urand:   1%|          | 173031424/16766984746 [00:11<18:20, 15075784.82B/s]
GAP-urand:   1%|          | 174555136/16766984746 [00:11<19:27, 14209372.68B/s]
GAP-urand:   1%|          | 176275456/16766984746 [00:11<18:25, 15004977.68B/s]
GAP-urand:   1%|          | 177963008/16766984746 [00:11<17:50, 15495918.91B/s]
GAP-urand:   1%|          | 179535872/16766984746 [00:11<18:59, 14556278.18B/s]
GAP-urand:   1%|          | 181239808/16766984746 [00:11<18:08, 15232660.64B/s]
GAP-urand:   1%|          | 182796288/16766984746 [00:11<19:05, 14478165.79B/s]
GAP-urand:   1%|          | 184434688/16766984746 [00:12<18:26, 14982947.54B/s]
GAP-urand:   1%|          | 185958400/16766984746 [00:12<19:16, 14337582.62B/s]
GAP-urand:   1%|          | 187613184/16766984746 [00:12<18:30, 14928983.55B/s]
GAP-urand:   1%|          | 189366272/16766984746 [00:12<17:39, 15652977.35B/s]
GAP-urand:   1%|          | 190955520/16766984746 [00:12<18:49, 14676935.79B/s]
GAP-urand:   1%|          | 192675840/16766984746 [00:12<18:00, 15345313.39B/s]
GAP-urand:   1%|          | 194232320/16766984746 [00:12<18:56, 14581414.04B/s]
GAP-urand:   1%|          | 195854336/16766984746 [00:12<18:24, 14997709.12B/s]
GAP-urand:   1%|          | 197509120/16766984746 [00:12<17:56, 15394903.31B/s]
GAP-urand:   1%|          | 199065600/16766984746 [00:13<19:04, 14472172.61B/s]
GAP-urand:   1%|          | 200736768/16766984746 [00:13<18:18, 15078188.85B/s]
GAP-urand:   1%|          | 202407936/16766984746 [00:13<17:47, 15523993.18B/s]
GAP-urand:   1%|          | 203980800/16766984746 [00:13<18:48, 14673161.03B/s]
GAP-urand:   1%|          | 205602816/16766984746 [00:13<18:17, 15088362.10B/s]
GAP-urand:   1%|          | 207142912/16766984746 [00:13<19:09, 14407970.02B/s]
GAP-urand:   1%|          | 208846848/16766984746 [00:13<18:16, 15103563.18B/s]
GAP-urand:   1%|▏         | 210485248/16766984746 [00:13<18:57, 14553688.21B/s]
GAP-urand:   1%|▏         | 212090880/16766984746 [00:13<18:27, 14948393.61B/s]
GAP-urand:   1%|▏         | 213712896/16766984746 [00:14<18:01, 15304662.80B/s]
GAP-urand:   1%|▏         | 215269376/16766984746 [00:14<18:52, 14617761.46B/s]
GAP-urand:   1%|▏         | 217120768/16766984746 [00:14<17:34, 15700362.78B/s]
GAP-urand:   1%|▏         | 218988544/16766984746 [00:14<16:40, 16538250.62B/s]
GAP-urand:   1%|▏         | 220659712/16766984746 [00:14<17:40, 15600647.43B/s]
GAP-urand:   1%|▏         | 222527488/16766984746 [00:14<16:46, 16430172.66B/s]
GAP-urand:   1%|▏         | 224198656/16766984746 [00:14<17:34, 15681029.82B/s]
GAP-urand:   1%|▏         | 226066432/16766984746 [00:14<16:42, 16491518.69B/s]
GAP-urand:   1%|▏         | 227737600/16766984746 [00:14<17:31, 15733742.80B/s]
GAP-urand:   1%|▏         | 229556224/16766984746 [00:15<16:47, 16416244.20B/s]
GAP-urand:   1%|▏         | 231227392/16766984746 [00:15<17:45, 15515537.91B/s]
GAP-urand:   1%|▏         | 233062400/16766984746 [00:15<16:54, 16295545.14B/s]
GAP-urand:   1%|▏         | 234897408/16766984746 [00:15<16:24, 16787842.22B/s]
GAP-urand:   1%|▏         | 236601344/16766984746 [00:15<17:15, 15962739.94B/s]
GAP-urand:   1%|▏         | 238485504/16766984746 [00:15<16:26, 16758433.52B/s]
GAP-urand:   1%|▏         | 240189440/16766984746 [00:15<17:08, 16062256.41B/s]
GAP-urand:   1%|▏         | 242089984/16766984746 [00:15<16:20, 16855817.98B/s]
GAP-urand:   1%|▏         | 243793920/16766984746 [00:15<17:18, 15905760.12B/s]
GAP-urand:   1%|▏         | 245497856/16766984746 [00:15<16:59, 16211347.20B/s]
GAP-urand:   1%|▏         | 247218176/16766984746 [00:16<16:43, 16455400.85B/s]
GAP-urand:   1%|▏         | 248889344/16766984746 [00:16<17:51, 15409229.66B/s]
GAP-urand:   1%|▏         | 250626048/16766984746 [00:16<17:15, 15949344.99B/s]
GAP-urand:   2%|▏         | 252248064/16766984746 [00:16<18:09, 15153767.40B/s]
GAP-urand:   2%|▏         | 254033920/16766984746 [00:16<17:18, 15896481.49B/s]
GAP-urand:   2%|▏         | 255655936/16766984746 [00:16<18:09, 15152643.01B/s]
GAP-urand:   2%|▏         | 257392640/16766984746 [00:16<17:29, 15732267.76B/s]
GAP-urand:   2%|▏         | 259178496/16766984746 [00:16<16:53, 16291096.44B/s]
GAP-urand:   2%|▏         | 260833280/16766984746 [00:16<17:49, 15433931.61B/s]
GAP-urand:   2%|▏         | 262668288/16766984746 [00:17<16:56, 16231279.82B/s]
GAP-urand:   2%|▏         | 264323072/16766984746 [00:17<17:41, 15551015.78B/s]
GAP-urand:   2%|▏         | 266125312/16766984746 [00:17<16:56, 16232739.21B/s]
GAP-urand:   2%|▏         | 267780096/16766984746 [00:17<17:53, 15367920.40B/s]
GAP-urand:   2%|▏         | 269516800/16766984746 [00:17<17:16, 15915183.98B/s]
GAP-urand:   2%|▏         | 271187968/16766984746 [00:17<17:03, 16119714.22B/s]
GAP-urand:   2%|▏         | 272826368/16766984746 [00:17<18:17, 15030607.86B/s]
GAP-urand:   2%|▏         | 274382848/16766984746 [00:17<18:09, 15141182.56B/s]
GAP-urand:   2%|▏         | 275922944/16766984746 [00:17<19:00, 14456916.62B/s]
GAP-urand:   2%|▏         | 277594112/16766984746 [00:18<18:14, 15059196.69B/s]
GAP-urand:   2%|▏         | 279429120/16766984746 [00:18<17:11, 15980616.72B/s]
GAP-urand:   2%|▏         | 281051136/16766984746 [00:18<18:04, 15197368.52B/s]
GAP-urand:   2%|▏         | 282836992/16766984746 [00:18<17:16, 15899434.27B/s]
GAP-urand:   2%|▏         | 284459008/16766984746 [00:18<18:36, 14760722.38B/s]
GAP-urand:   2%|▏         | 286228480/16766984746 [00:18<17:40, 15535222.32B/s]
GAP-urand:   2%|▏         | 287817728/16766984746 [00:18<18:16, 15022766.95B/s]
GAP-urand:   2%|▏         | 289619968/16766984746 [00:18<17:19, 15844130.06B/s]
GAP-urand:   2%|▏         | 291241984/16766984746 [00:18<17:13, 15941874.97B/s]
GAP-urand:   2%|▏         | 292864000/16766984746 [00:19<17:32, 15656149.17B/s]
GAP-urand:   2%|▏         | 294666240/16766984746 [00:19<16:48, 16329907.92B/s]
GAP-urand:   2%|▏         | 296321024/16766984746 [00:19<17:51, 15376380.26B/s]
GAP-urand:   2%|▏         | 298139648/16766984746 [00:19<17:00, 16141969.49B/s]
GAP-urand:   2%|▏         | 299925504/16766984746 [00:19<16:32, 16585425.23B/s]
GAP-urand:   2%|▏         | 301613056/16766984746 [00:19<17:48, 15409207.42B/s]
GAP-urand:   2%|▏         | 303284224/16766984746 [00:19<17:26, 15739144.45B/s]
GAP-urand:   2%|▏         | 304889856/16766984746 [00:19<18:09, 15106562.74B/s]
GAP-urand:   2%|▏         | 306708480/16766984746 [00:19<17:11, 15961500.37B/s]
GAP-urand:   2%|▏         | 308330496/16766984746 [00:20<18:11, 15076303.34B/s]
GAP-urand:   2%|▏         | 310116352/16766984746 [00:20<17:20, 15818386.74B/s]
GAP-urand:   2%|▏         | 311951360/16766984746 [00:20<16:35, 16525773.21B/s]
GAP-urand:   2%|▏         | 313622528/16766984746 [00:20<17:42, 15485520.06B/s]
GAP-urand:   2%|▏         | 315457536/16766984746 [00:20<16:51, 16267978.12B/s]
GAP-urand:   2%|▏         | 317112320/16766984746 [00:20<17:40, 15505710.08B/s]
GAP-urand:   2%|▏         | 318849024/16766984746 [00:20<17:08, 15986666.90B/s]
GAP-urand:   2%|▏         | 320471040/16766984746 [00:20<17:53, 15314283.58B/s]
GAP-urand:   2%|▏         | 322289664/16766984746 [00:20<17:01, 16099791.42B/s]
GAP-urand:   2%|▏         | 324124672/16766984746 [00:21<16:24, 16701977.27B/s]
GAP-urand:   2%|▏         | 325812224/16766984746 [00:21<17:28, 15686226.89B/s]
GAP-urand:   2%|▏         | 327614464/16766984746 [00:21<16:47, 16314613.84B/s]
GAP-urand:   2%|▏         | 329269248/16766984746 [00:21<17:36, 15555852.82B/s]
GAP-urand:   2%|▏         | 331071488/16766984746 [00:21<16:52, 16240868.65B/s]
GAP-urand:   2%|▏         | 332726272/16766984746 [00:21<17:40, 15498589.32B/s]
GAP-urand:   2%|▏         | 334561280/16766984746 [00:21<16:50, 16260236.18B/s]
GAP-urand:   2%|▏         | 336232448/16766984746 [00:21<17:30, 15634438.79B/s]
GAP-urand:   2%|▏         | 338051072/16766984746 [00:21<16:46, 16319715.44B/s]
GAP-urand:   2%|▏         | 339902464/16766984746 [00:21<16:09, 16941319.18B/s]
GAP-urand:   2%|▏         | 341622784/16766984746 [00:22<17:09, 15956044.21B/s]
GAP-urand:   2%|▏         | 343359488/16766984746 [00:22<16:45, 16330566.83B/s]
GAP-urand:   2%|▏         | 345014272/16766984746 [00:22<17:30, 15634764.76B/s]
GAP-urand:   2%|▏         | 346800128/16766984746 [00:22<16:51, 16232788.80B/s]
GAP-urand:   2%|▏         | 348438528/16766984746 [00:22<17:43, 15441205.82B/s]
GAP-urand:   2%|▏         | 350224384/16766984746 [00:22<17:01, 16071708.61B/s]
GAP-urand:   2%|▏         | 352075776/16766984746 [00:22<16:20, 16739022.89B/s]
GAP-urand:   2%|▏         | 353779712/16766984746 [00:22<17:15, 15850811.82B/s]
GAP-urand:   2%|▏         | 355581952/16766984746 [00:22<16:37, 16449807.14B/s]
GAP-urand:   2%|▏         | 357253120/16766984746 [00:23<17:31, 15606918.00B/s]
GAP-urand:   2%|▏         | 359022592/16766984746 [00:23<16:55, 16154121.79B/s]
GAP-urand:   2%|▏         | 360726528/16766984746 [00:23<17:50, 15332393.82B/s]
GAP-urand:   2%|▏         | 362561536/16766984746 [00:23<16:56, 16138009.97B/s]
GAP-urand:   2%|▏         | 364412928/16766984746 [00:23<16:18, 16763780.76B/s]
GAP-urand:   2%|▏         | 366116864/16766984746 [00:23<17:22, 15739650.49B/s]
GAP-urand:   2%|▏         | 367935488/16766984746 [00:23<16:39, 16402388.69B/s]
GAP-urand:   2%|▏         | 369606656/16766984746 [00:23<17:21, 15747621.40B/s]
GAP-urand:   2%|▏         | 371441664/16766984746 [00:23<16:37, 16433715.29B/s]
GAP-urand:   2%|▏         | 373112832/16766984746 [00:24<17:20, 15757710.70B/s]
GAP-urand:   2%|▏         | 374964224/16766984746 [00:24<16:33, 16500217.64B/s]
GAP-urand:   2%|▏         | 376799232/16766984746 [00:24<16:03, 17014811.85B/s]
GAP-urand:   2%|▏         | 378519552/16766984746 [00:24<16:49, 16234273.14B/s]
GAP-urand:   2%|▏         | 380338176/16766984746 [00:24<16:17, 16761541.61B/s]
GAP-urand:   2%|▏         | 382042112/16766984746 [00:24<17:06, 15954522.29B/s]
GAP-urand:   2%|▏         | 383877120/16766984746 [00:24<16:25, 16624349.90B/s]
GAP-urand:   2%|▏         | 385564672/16766984746 [00:24<17:10, 15889773.99B/s]
GAP-urand:   2%|▏         | 387416064/16766984746 [00:24<16:26, 16601408.16B/s]
GAP-urand:   2%|▏         | 389267456/16766984746 [00:25<15:57, 17102298.94B/s]
GAP-urand:   2%|▏         | 391004160/16766984746 [00:25<17:08, 15926854.46B/s]
GAP-urand:   2%|▏         | 392757248/16766984746 [00:25<16:41, 16345039.02B/s]
GAP-urand:   2%|▏         | 394412032/16766984746 [00:25<17:29, 15595957.70B/s]
GAP-urand:   2%|▏         | 396247040/16766984746 [00:25<16:43, 16320989.21B/s]
GAP-urand:   2%|▏         | 397901824/16766984746 [00:25<17:26, 15645662.38B/s]
GAP-urand:   2%|▏         | 399720448/16766984746 [00:25<16:41, 16346814.99B/s]
GAP-urand:   2%|▏         | 401391616/16766984746 [00:25<17:24, 15661841.01B/s]
GAP-urand:   2%|▏         | 403193856/16766984746 [00:25<16:43, 16311066.63B/s]
GAP-urand:   2%|▏         | 404979712/16766984746 [00:26<16:16, 16750866.00B/s]
GAP-urand:   2%|▏         | 406683648/16766984746 [00:26<17:10, 15881755.20B/s]
GAP-urand:   2%|▏         | 408535040/16766984746 [00:26<16:25, 16596485.76B/s]
GAP-urand:   2%|▏         | 410222592/16766984746 [00:26<17:06, 15927440.67B/s]
GAP-urand:   2%|▏         | 412073984/16766984746 [00:26<16:23, 16629731.17B/s]
GAP-urand:   2%|▏         | 413761536/16766984746 [00:26<17:16, 15774715.38B/s]
GAP-urand:   2%|▏         | 415465472/16766984746 [00:26<16:55, 16104325.11B/s]
GAP-urand:   2%|▏         | 417218560/16766984746 [00:26<16:32, 16466134.75B/s]
GAP-urand:   2%|▏         | 418889728/16766984746 [00:26<17:11, 15843339.76B/s]
GAP-urand:   3%|▎         | 420691968/16766984746 [00:26<16:34, 16430803.82B/s]
GAP-urand:   3%|▎         | 422346752/16766984746 [00:27<17:31, 15549329.24B/s]
GAP-urand:   3%|▎         | 424116224/16766984746 [00:27<16:53, 16124563.96B/s]
GAP-urand:   3%|▎         | 425754624/16766984746 [00:27<17:40, 15411547.73B/s]
GAP-urand:   3%|▎         | 427474944/16766984746 [00:27<17:08, 15886391.70B/s]
GAP-urand:   3%|▎         | 429260800/16766984746 [00:27<16:34, 16422004.25B/s]
GAP-urand:   3%|▎         | 430915584/16766984746 [00:27<17:33, 15507913.03B/s]
GAP-urand:   3%|▎         | 432734208/16766984746 [00:27<16:44, 16254523.57B/s]
GAP-urand:   3%|▎         | 434388992/16766984746 [00:27<17:20, 15701584.98B/s]
GAP-urand:   3%|▎         | 436224000/16766984746 [00:27<16:37, 16371708.90B/s]
GAP-urand:   3%|▎         | 437878784/16766984746 [00:28<17:11, 15836104.69B/s]
GAP-urand:   3%|▎         | 439681024/16766984746 [00:28<16:33, 16433216.35B/s]
GAP-urand:   3%|▎         | 441532416/16766984746 [00:28<16:00, 16992428.29B/s]
GAP-urand:   3%|▎         | 443252736/16766984746 [00:28<16:53, 16104307.09B/s]
GAP-urand:   3%|▎         | 445104128/16766984746 [00:28<16:12, 16775599.36B/s]
GAP-urand:   3%|▎         | 446808064/16766984746 [00:28<17:07, 15888227.13B/s]
GAP-urand:   3%|▎         | 448610304/16766984746 [00:28<16:30, 16469447.41B/s]
GAP-urand:   3%|▎         | 450281472/16766984746 [00:28<17:13, 15794998.19B/s]
GAP-urand:   3%|▎         | 452116480/16766984746 [00:28<16:29, 16490588.61B/s]
GAP-urand:   3%|▎         | 453836800/16766984746 [00:29<17:06, 15890532.75B/s]
GAP-urand:   3%|▎         | 455606272/16766984746 [00:29<16:35, 16386047.07B/s]
GAP-urand:   3%|▎         | 457408512/16766984746 [00:29<16:08, 16845810.70B/s]
GAP-urand:   3%|▎         | 459112448/16766984746 [00:29<16:52, 16104916.37B/s]
GAP-urand:   3%|▎         | 460963840/16766984746 [00:29<16:13, 16751163.72B/s]
GAP-urand:   3%|▎         | 462667776/16766984746 [00:29<17:06, 15876696.60B/s]
GAP-urand:   3%|▎         | 464502784/16766984746 [00:29<16:24, 16554038.64B/s]
GAP-urand:   3%|▎         | 466190336/16766984746 [00:29<17:04, 15904916.51B/s]
GAP-urand:   3%|▎         | 468058112/16766984746 [00:29<16:18, 16653744.93B/s]
GAP-urand:   3%|▎         | 469925888/16766984746 [00:30<15:46, 17222504.75B/s]
GAP-urand:   3%|▎         | 471662592/16766984746 [00:30<16:39, 16295372.24B/s]
GAP-urand:   3%|▎         | 473481216/16766984746 [00:30<16:08, 16821549.31B/s]
GAP-urand:   3%|▎         | 475185152/16766984746 [00:30<16:56, 16030270.32B/s]
GAP-urand:   3%|▎         | 477020160/16766984746 [00:30<16:18, 16640813.84B/s]
GAP-urand:   3%|▎         | 478707712/16766984746 [00:30<16:59, 15970269.97B/s]
GAP-urand:   3%|▎         | 480542720/16766984746 [00:30<16:19, 16619315.20B/s]
GAP-urand:   3%|▎         | 482361344/16766984746 [00:30<15:54, 17058511.00B/s]
GAP-urand:   3%|▎         | 484081664/16766984746 [00:30<16:33, 16382302.06B/s]
GAP-urand:   3%|▎         | 485965824/16766984746 [00:30<15:54, 17063502.36B/s]
GAP-urand:   3%|▎         | 487686144/16766984746 [00:31<16:51, 16091532.39B/s]
GAP-urand:   3%|▎         | 489521152/16766984746 [00:31<16:15, 16693002.83B/s]
GAP-urand:   3%|▎         | 491208704/16766984746 [00:31<17:17, 15694604.00B/s]
GAP-urand:   3%|▎         | 492912640/16766984746 [00:31<16:53, 16051452.19B/s]
GAP-urand:   3%|▎         | 494551040/16766984746 [00:31<17:44, 15293319.67B/s]
GAP-urand:   3%|▎         | 496336896/16766984746 [00:31<16:58, 15975631.61B/s]
GAP-urand:   3%|▎         | 498057216/16766984746 [00:31<16:37, 16304414.31B/s]
GAP-urand:   3%|▎         | 499712000/16766984746 [00:31<17:42, 15308580.10B/s]
GAP-urand:   3%|▎         | 501514240/16766984746 [00:31<16:54, 16030628.65B/s]
GAP-urand:   3%|▎         | 503152640/16766984746 [00:32<17:37, 15376932.38B/s]
GAP-urand:   3%|▎         | 504987648/16766984746 [00:32<16:44, 16182192.63B/s]
GAP-urand:   3%|▎         | 506626048/16766984746 [00:32<17:29, 15487757.47B/s]
GAP-urand:   3%|▎         | 508411904/16766984746 [00:32<16:47, 16137284.13B/s]
GAP-urand:   3%|▎         | 510246912/16766984746 [00:32<16:11, 16739121.20B/s]
GAP-urand:   3%|▎         | 511950848/16766984746 [00:32<17:11, 15762818.96B/s]
GAP-urand:   3%|▎         | 513753088/16766984746 [00:32<16:33, 16356582.36B/s]
GAP-urand:   3%|▎         | 515407872/16766984746 [00:32<17:28, 15493620.91B/s]
GAP-urand:   3%|▎         | 517111808/16766984746 [00:32<17:03, 15881837.07B/s]
GAP-urand:   3%|▎         | 518717440/16766984746 [00:33<18:03, 15000197.91B/s]
GAP-urand:   3%|▎         | 520470528/16766984746 [00:33<17:18, 15650814.42B/s]
GAP-urand:   3%|▎         | 522223616/16766984746 [00:33<16:44, 16177583.27B/s]
GAP-urand:   3%|▎         | 523862016/16766984746 [00:33<17:44, 15265247.16B/s]
GAP-urand:   3%|▎         | 525615104/16766984746 [00:33<17:01, 15892389.31B/s]
GAP-urand:   3%|▎         | 527237120/16766984746 [00:33<17:55, 15106418.22B/s]
GAP-urand:   3%|▎         | 529006592/16766984746 [00:33<17:07, 15796834.04B/s]
GAP-urand:   3%|▎         | 530743296/16766984746 [00:33<17:46, 15229455.98B/s]
GAP-urand:   3%|▎         | 532529152/16766984746 [00:33<16:58, 15932467.91B/s]
GAP-urand:   3%|▎         | 534249472/16766984746 [00:34<16:38, 16252575.58B/s]
GAP-urand:   3%|▎         | 535904256/16766984746 [00:34<17:29, 15460661.54B/s]
GAP-urand:   3%|▎         | 537722880/16766984746 [00:34<16:42, 16188541.74B/s]
GAP-urand:   3%|▎         | 539361280/16766984746 [00:34<17:30, 15450190.26B/s]
GAP-urand:   3%|▎         | 541081600/16766984746 [00:34<17:00, 15905101.45B/s]
GAP-urand:   3%|▎         | 542801920/16766984746 [00:34<17:31, 15424924.20B/s]
GAP-urand:   3%|▎         | 544555008/16766984746 [00:34<16:55, 15979368.15B/s]
GAP-urand:   3%|▎         | 546422784/16766984746 [00:34<16:10, 16716988.36B/s]
GAP-urand:   3%|▎         | 548110336/16766984746 [00:34<16:57, 15942838.40B/s]
GAP-urand:   3%|▎         | 549945344/16766984746 [00:35<16:16, 16601807.73B/s]
GAP-urand:   3%|▎         | 551632896/16766984746 [00:35<17:10, 15728526.23B/s]
GAP-urand:   3%|▎         | 553435136/16766984746 [00:35<16:32, 16339824.64B/s]
GAP-urand:   3%|▎         | 555089920/16766984746 [00:35<17:14, 15678747.99B/s]
GAP-urand:   3%|▎         | 556908544/16766984746 [00:35<16:30, 16359597.61B/s]
GAP-urand:   3%|▎         | 558743552/16766984746 [00:35<15:58, 16918752.35B/s]
GAP-urand:   3%|▎         | 560463872/16766984746 [00:35<17:00, 15874800.42B/s]
GAP-urand:   3%|▎         | 562200576/16766984746 [00:35<16:36, 16264992.22B/s]
GAP-urand:   3%|▎         | 563855360/16766984746 [00:35<17:31, 15402684.44B/s]
GAP-urand:   3%|▎         | 565641216/16766984746 [00:36<16:48, 16060991.21B/s]
GAP-urand:   3%|▎         | 567279616/16766984746 [00:36<17:33, 15370076.43B/s]
GAP-urand:   3%|▎         | 569016320/16766984746 [00:36<16:57, 15917127.63B/s]
GAP-urand:   3%|▎         | 570834944/16766984746 [00:36<16:18, 16552740.71B/s]
GAP-urand:   3%|▎         | 572506112/16766984746 [00:36<17:12, 15682316.43B/s]
GAP-urand:   3%|▎         | 574341120/16766984746 [00:36<16:26, 16420019.00B/s]
GAP-urand:   3%|▎         | 576012288/16766984746 [00:36<17:15, 15629956.84B/s]
GAP-urand:   3%|▎         | 577798144/16766984746 [00:36<16:36, 16240920.67B/s]
GAP-urand:   3%|▎         | 579452928/16766984746 [00:36<17:22, 15521095.29B/s]
GAP-urand:   3%|▎         | 581287936/16766984746 [00:36<16:32, 16309606.15B/s]
GAP-urand:   3%|▎         | 583139328/16766984746 [00:37<15:57, 16903287.06B/s]
GAP-urand:   3%|▎         | 584859648/16766984746 [00:37<16:51, 15995374.36B/s]
GAP-urand:   3%|▎         | 586678272/16766984746 [00:37<16:14, 16607228.98B/s]
GAP-urand:   4%|▎         | 588365824/16766984746 [00:37<16:56, 15921406.59B/s]
GAP-urand:   4%|▎         | 590184448/16766984746 [00:37<16:18, 16528366.18B/s]
GAP-urand:   4%|▎         | 591855616/16766984746 [00:37<16:59, 15871977.68B/s]
GAP-urand:   4%|▎         | 593707008/16766984746 [00:37<16:14, 16592408.85B/s]
GAP-urand:   4%|▎         | 595574784/16766984746 [00:37<15:42, 17154206.17B/s]
GAP-urand:   4%|▎         | 597311488/16766984746 [00:37<16:39, 16179445.66B/s]
GAP-urand:   4%|▎         | 599146496/16766984746 [00:38<16:04, 16768674.92B/s]
GAP-urand:   4%|▎         | 600850432/16766984746 [00:38<16:45, 16082602.89B/s]
GAP-urand:   4%|▎         | 602718208/16766984746 [00:38<16:01, 16809200.31B/s]
GAP-urand:   4%|▎         | 604422144/16766984746 [00:38<16:44, 16084588.37B/s]
GAP-urand:   4%|▎         | 606289920/16766984746 [00:38<16:03, 16773332.52B/s]
GAP-urand:   4%|▎         | 607993856/16766984746 [00:38<16:48, 16025093.07B/s]
GAP-urand:   4%|▎         | 609763328/16766984746 [00:38<16:19, 16488375.93B/s]
GAP-urand:   4%|▎         | 611598336/16766984746 [00:38<15:51, 16985543.07B/s]
GAP-urand:   4%|▎         | 613318656/16766984746 [00:38<16:33, 16264121.26B/s]
GAP-urand:   4%|▎         | 615170048/16766984746 [00:39<15:55, 16895939.48B/s]
GAP-urand:   4%|▎         | 616873984/16766984746 [00:39<16:39, 16154854.22B/s]
GAP-urand:   4%|▎         | 618741760/16766984746 [00:39<15:58, 16852815.27B/s]
GAP-urand:   4%|▎         | 620445696/16766984746 [00:39<16:44, 16075638.33B/s]
GAP-urand:   4%|▎         | 622215168/16766984746 [00:39<16:16, 16525672.04B/s]
GAP-urand:   4%|▎         | 623968256/16766984746 [00:39<16:00, 16807801.47B/s]
GAP-urand:   4%|▎         | 625672192/16766984746 [00:39<16:52, 15934623.43B/s]
GAP-urand:   4%|▎         | 627556352/16766984746 [00:39<16:03, 16751595.82B/s]
GAP-urand:   4%|▍         | 629260288/16766984746 [00:39<16:37, 16181864.58B/s]
GAP-urand:   4%|▍         | 631078912/16766984746 [00:40<16:04, 16733030.40B/s]
GAP-urand:   4%|▍         | 632766464/16766984746 [00:40<16:52, 15933979.70B/s]
GAP-urand:   4%|▍         | 634486784/16766984746 [00:40<16:32, 16249292.48B/s]
GAP-urand:   4%|▍         | 636305408/16766984746 [00:40<16:01, 16773428.50B/s]
GAP-urand:   4%|▍         | 638009344/16766984746 [00:40<17:06, 15708980.30B/s]
GAP-urand:   4%|▍         | 639795200/16766984746 [00:40<16:30, 16275355.44B/s]
GAP-urand:   4%|▍         | 641449984/16766984746 [00:40<17:10, 15644664.62B/s]
GAP-urand:   4%|▍         | 643268608/16766984746 [00:40<16:27, 16324701.70B/s]
GAP-urand:   4%|▍         | 644923392/16766984746 [00:40<17:21, 15472770.67B/s]
GAP-urand:   4%|▍         | 646627328/16766984746 [00:40<16:54, 15888985.13B/s]
GAP-urand:   4%|▍         | 648429568/16766984746 [00:41<16:17, 16491870.75B/s]
GAP-urand:   4%|▍         | 650100736/16766984746 [00:41<17:05, 15713267.73B/s]
GAP-urand:   4%|▍         | 651902976/16766984746 [00:41<16:25, 16351428.34B/s]
GAP-urand:   4%|▍         | 653557760/16766984746 [00:41<17:01, 15773940.39B/s]
GAP-urand:   4%|▍         | 655392768/16766984746 [00:41<16:17, 16478975.46B/s]
GAP-urand:   4%|▍         | 657063936/16766984746 [00:41<17:01, 15776857.18B/s]
GAP-urand:   4%|▍         | 658915328/16766984746 [00:41<16:14, 16535645.64B/s]
GAP-urand:   4%|▍         | 660586496/16766984746 [00:41<16:51, 15927002.30B/s]
GAP-urand:   4%|▍         | 662421504/16766984746 [00:41<16:11, 16583366.47B/s]
GAP-urand:   4%|▍         | 664256512/16766984746 [00:42<15:43, 17058731.76B/s]
GAP-urand:   4%|▍         | 665976832/16766984746 [00:42<16:34, 16189217.18B/s]
GAP-urand:   4%|▍         | 667844608/16766984746 [00:42<15:53, 16875581.23B/s]
GAP-urand:   4%|▍         | 669548544/16766984746 [00:42<16:04, 16698244.50B/s]
GAP-urand:   4%|▍         | 671416320/16766984746 [00:42<15:33, 17251195.27B/s]
GAP-urand:   4%|▍         | 673153024/16766984746 [00:42<16:21, 16402085.51B/s]
GAP-urand:   4%|▍         | 675037184/16766984746 [00:42<15:42, 17065895.42B/s]
GAP-urand:   4%|▍         | 676888576/16766984746 [00:42<16:17, 16456866.86B/s]
GAP-urand:   4%|▍         | 678723584/16766984746 [00:42<15:48, 16962847.31B/s]
GAP-urand:   4%|▍         | 680525824/16766984746 [00:43<15:32, 17242253.78B/s]
GAP-urand:   4%|▍         | 682262528/16766984746 [00:43<16:19, 16420669.19B/s]
GAP-urand:   4%|▍         | 684081152/16766984746 [00:43<15:52, 16889300.54B/s]
GAP-urand:   4%|▍         | 685785088/16766984746 [00:43<16:41, 16050998.06B/s]
GAP-urand:   4%|▍         | 687620096/16766984746 [00:43<16:05, 16649756.80B/s]
GAP-urand:   4%|▍         | 689307648/16766984746 [00:43<17:00, 15757100.77B/s]
GAP-urand:   4%|▍         | 691093504/16766984746 [00:43<16:25, 16315751.07B/s]
GAP-urand:   4%|▍         | 692944896/16766984746 [00:43<16:57, 15801894.06B/s]
GAP-urand:   4%|▍         | 694796288/16766984746 [00:43<16:13, 16507179.09B/s]
GAP-urand:   4%|▍         | 696565760/16766984746 [00:44<15:56, 16805405.57B/s]
GAP-urand:   4%|▍         | 698269696/16766984746 [00:44<16:54, 15833721.04B/s]
GAP-urand:   4%|▍         | 700071936/16766984746 [00:44<16:19, 16410566.30B/s]
GAP-urand:   4%|▍         | 701743104/16766984746 [00:44<16:53, 15852296.52B/s]
GAP-urand:   4%|▍         | 703594496/16766984746 [00:44<16:08, 16584544.53B/s]
GAP-urand:   4%|▍         | 705282048/16766984746 [00:44<16:55, 15822419.89B/s]
GAP-urand:   4%|▍         | 707117056/16766984746 [00:44<16:11, 16527994.57B/s]
GAP-urand:   4%|▍         | 708935680/16766984746 [00:44<15:45, 16989073.41B/s]
GAP-urand:   4%|▍         | 710656000/16766984746 [00:44<16:29, 16234133.93B/s]
GAP-urand:   4%|▍         | 712540160/16766984746 [00:44<15:48, 16932786.01B/s]
GAP-urand:   4%|▍         | 714260480/16766984746 [00:45<16:32, 16180575.27B/s]
GAP-urand:   4%|▍         | 716128256/16766984746 [00:45<15:52, 16848041.25B/s]
GAP-urand:   4%|▍         | 717832192/16766984746 [00:45<16:34, 16132563.13B/s]
GAP-urand:   4%|▍         | 719667200/16766984746 [00:45<15:58, 16747000.06B/s]
GAP-urand:   4%|▍         | 721371136/16766984746 [00:45<16:51, 15860588.13B/s]
GAP-urand:   4%|▍         | 723189760/16766984746 [00:45<16:13, 16477738.63B/s]
GAP-urand:   4%|▍         | 725090304/16766984746 [00:45<15:34, 17163778.95B/s]
GAP-urand:   4%|▍         | 726827008/16766984746 [00:45<16:20, 16360651.81B/s]
GAP-urand:   4%|▍         | 728662016/16766984746 [00:45<15:48, 16908270.21B/s]
GAP-urand:   4%|▍         | 730382336/16766984746 [00:46<17:01, 15697841.82B/s]
GAP-urand:   4%|▍         | 732151808/16766984746 [00:46<16:28, 16216912.51B/s]
GAP-urand:   4%|▍         | 733806592/16766984746 [00:46<17:08, 15581896.35B/s]
GAP-urand:   4%|▍         | 735592448/16766984746 [00:46<16:29, 16201573.67B/s]
GAP-urand:   4%|▍         | 737361920/16766984746 [00:46<16:06, 16579515.08B/s]
GAP-urand:   4%|▍         | 739049472/16766984746 [00:46<17:02, 15667893.90B/s]
GAP-urand:   4%|▍         | 740802560/16766984746 [00:46<16:32, 16139872.50B/s]
GAP-urand:   4%|▍         | 742440960/16766984746 [00:46<17:29, 15269721.69B/s]
GAP-urand:   4%|▍         | 744210432/16766984746 [00:46<16:46, 15913329.56B/s]
GAP-urand:   4%|▍         | 745832448/16766984746 [00:47<17:29, 15264995.98B/s]
GAP-urand:   4%|▍         | 747667456/16766984746 [00:47<16:34, 16104690.54B/s]
GAP-urand:   4%|▍         | 749502464/16766984746 [00:47<15:58, 16714388.15B/s]
GAP-urand:   4%|▍         | 751190016/16766984746 [00:47<16:37, 16053993.15B/s]
GAP-urand:   4%|▍         | 752975872/16766984746 [00:47<16:07, 16555763.29B/s]
GAP-urand:   5%|▍         | 754647040/16766984746 [00:47<17:14, 15473871.24B/s]
GAP-urand:   5%|▍         | 756432896/16766984746 [00:47<16:33, 16118166.51B/s]
GAP-urand:   5%|▍         | 758071296/16766984746 [00:47<17:17, 15429921.62B/s]
GAP-urand:   5%|▍         | 759857152/16766984746 [00:47<16:35, 16080384.19B/s]
GAP-urand:   5%|▍         | 761561088/16766984746 [00:48<16:19, 16348112.88B/s]
GAP-urand:   5%|▍         | 763215872/16766984746 [00:48<16:56, 15749754.21B/s]
GAP-urand:   5%|▍         | 765001728/16766984746 [00:48<16:19, 16328613.80B/s]
GAP-urand:   5%|▍         | 766656512/16766984746 [00:48<32:06, 8306152.00B/s] 
GAP-urand:   5%|▍         | 767934464/16766984746 [00:48<31:22, 8497449.80B/s]
GAP-urand:   5%|▍         | 769376256/16766984746 [00:48<27:45, 9605306.53B/s]
GAP-urand:   5%|▍         | 770867200/16766984746 [00:49<24:52, 10715171.41B/s]
GAP-urand:   5%|▍         | 772702208/16766984746 [00:49<21:22, 12471958.69B/s]
GAP-urand:   5%|▍         | 774438912/16766984746 [00:49<19:29, 13669320.05B/s]
GAP-urand:   5%|▍         | 776290304/16766984746 [00:49<17:52, 14913004.16B/s]
GAP-urand:   5%|▍         | 777928704/16766984746 [00:49<17:27, 15269566.32B/s]
GAP-urand:   5%|▍         | 779567104/16766984746 [00:49<17:08, 15537477.12B/s]
GAP-urand:   5%|▍         | 781205504/16766984746 [00:49<16:57, 15703416.47B/s]
GAP-urand:   5%|▍         | 782925824/16766984746 [00:49<16:32, 16105616.58B/s]
GAP-urand:   5%|▍         | 784711680/16766984746 [00:49<16:04, 16577083.18B/s]
GAP-urand:   5%|▍         | 786448384/16766984746 [00:49<15:52, 16779502.83B/s]
GAP-urand:   5%|▍         | 788201472/16766984746 [00:50<15:42, 16955582.30B/s]
GAP-urand:   5%|▍         | 789921792/16766984746 [00:50<15:49, 16828658.23B/s]
GAP-urand:   5%|▍         | 791625728/16766984746 [00:50<15:58, 16661658.74B/s]
GAP-urand:   5%|▍         | 793313280/16766984746 [00:50<16:19, 16307741.06B/s]
GAP-urand:   5%|▍         | 794984448/16766984746 [00:50<16:14, 16386010.23B/s]
GAP-urand:   5%|▍         | 796753920/16766984746 [00:50<15:53, 16747454.32B/s]
GAP-urand:   5%|▍         | 798457856/16766984746 [00:50<15:50, 16805839.29B/s]
GAP-urand:   5%|▍         | 800276480/16766984746 [00:50<15:28, 17200531.95B/s]
GAP-urand:   5%|▍         | 802013184/16766984746 [00:50<15:44, 16895559.70B/s]
GAP-urand:   5%|▍         | 803766272/16766984746 [00:50<15:35, 17061429.17B/s]
GAP-urand:   5%|▍         | 805486592/16766984746 [00:51<15:41, 16958027.88B/s]
GAP-urand:   5%|▍         | 807288832/16766984746 [00:51<15:25, 17246302.29B/s]
GAP-urand:   5%|▍         | 809025536/16766984746 [00:51<16:53, 15753030.39B/s]
GAP-urand:   5%|▍         | 810631168/16766984746 [00:51<18:45, 14183144.18B/s]
GAP-urand:   5%|▍         | 812105728/16766984746 [00:51<19:41, 13506422.94B/s]
GAP-urand:   5%|▍         | 813498368/16766984746 [00:51<21:08, 12576891.55B/s]
GAP-urand:   5%|▍         | 814792704/16766984746 [00:51<21:58, 12101617.36B/s]
GAP-urand:   5%|▍         | 816021504/16766984746 [00:51<22:30, 11810256.12B/s]
GAP-urand:   5%|▍         | 817217536/16766984746 [00:52<23:01, 11544618.68B/s]
GAP-urand:   5%|▍         | 818380800/16766984746 [00:52<23:43, 11202144.72B/s]
GAP-urand:   5%|▍         | 819511296/16766984746 [00:52<23:48, 11165310.56B/s]
GAP-urand:   5%|▍         | 820641792/16766984746 [00:52<23:49, 11153343.21B/s]
GAP-urand:   5%|▍         | 821805056/16766984746 [00:52<23:34, 11272257.11B/s]
GAP-urand:   5%|▍         | 823312384/16766984746 [00:52<21:32, 12334109.79B/s]
GAP-urand:   5%|▍         | 825081856/16766984746 [00:52<19:09, 13869188.63B/s]
GAP-urand:   5%|▍         | 826490880/16766984746 [00:52<20:23, 13033629.67B/s]
GAP-urand:   5%|▍         | 828260352/16766984746 [00:52<18:31, 14342360.76B/s]
GAP-urand:   5%|▍         | 829718528/16766984746 [00:52<18:54, 14045131.38B/s]
GAP-urand:   5%|▍         | 831160320/16766984746 [00:53<18:46, 14146711.86B/s]
GAP-urand:   5%|▍         | 832962560/16766984746 [00:53<17:25, 15236233.24B/s]
GAP-urand:   5%|▍         | 834502656/16766984746 [00:53<18:04, 14697286.89B/s]
GAP-urand:   5%|▍         | 835993600/16766984746 [00:53<18:13, 14564831.99B/s]
GAP-urand:   5%|▍         | 837468160/16766984746 [00:53<18:45, 14151779.65B/s]
GAP-urand:   5%|▌         | 839090176/16766984746 [00:53<18:02, 14707925.59B/s]
GAP-urand:   5%|▌         | 840892416/16766984746 [00:53<16:58, 15638843.51B/s]
GAP-urand:   5%|▌         | 842465280/16766984746 [00:53<17:41, 15005857.16B/s]
GAP-urand:   5%|▌         | 844185600/16766984746 [00:53<17:01, 15595179.45B/s]
GAP-urand:   5%|▌         | 845758464/16766984746 [00:54<17:59, 14749241.90B/s]
GAP-urand:   5%|▌         | 847462400/16766984746 [00:54<17:16, 15353684.96B/s]
GAP-urand:   5%|▌         | 849035264/16766984746 [00:54<17:10, 15450446.54B/s]
GAP-urand:   5%|▌         | 850591744/16766984746 [00:54<17:59, 14739567.16B/s]
GAP-urand:   5%|▌         | 852377600/16766984746 [00:54<17:00, 15600220.77B/s]
GAP-urand:   5%|▌         | 853966848/16766984746 [00:54<17:57, 14769043.50B/s]
GAP-urand:   5%|▌         | 855654400/16766984746 [00:54<17:17, 15332660.84B/s]
GAP-urand:   5%|▌         | 857210880/16766984746 [00:54<18:16, 14506405.59B/s]
GAP-urand:   5%|▌         | 858963968/16766984746 [00:54<17:17, 15335933.40B/s]
GAP-urand:   5%|▌         | 860651520/16766984746 [00:55<16:50, 15738013.07B/s]
GAP-urand:   5%|▌         | 862257152/16766984746 [00:55<17:46, 14909814.11B/s]
GAP-urand:   5%|▌         | 863961088/16766984746 [00:55<17:06, 15498331.61B/s]
GAP-urand:   5%|▌         | 865533952/16766984746 [00:55<18:07, 14616209.95B/s]
GAP-urand:   5%|▌         | 867319808/16766984746 [00:55<17:06, 15494833.27B/s]
GAP-urand:   5%|▌         | 868974592/16766984746 [00:55<16:47, 15782695.35B/s]
GAP-urand:   5%|▌         | 870580224/16766984746 [00:55<17:36, 15050826.05B/s]
GAP-urand:   5%|▌         | 872169472/16766984746 [00:55<17:19, 15283561.90B/s]
GAP-urand:   5%|▌         | 873725952/16766984746 [00:55<18:23, 14407882.51B/s]
GAP-urand:   5%|▌         | 875495424/16766984746 [00:56<17:17, 15316287.28B/s]
GAP-urand:   5%|▌         | 877084672/16766984746 [00:56<18:22, 14415199.23B/s]
GAP-urand:   5%|▌         | 878723072/16766984746 [00:56<17:44, 14925487.71B/s]
GAP-urand:   5%|▌         | 880492544/16766984746 [00:56<16:52, 15684540.75B/s]
GAP-urand:   5%|▌         | 882081792/16766984746 [00:56<18:04, 14641724.85B/s]

asv: benchmark timed out (timeout 60s)

·· ========================================= ========
                    dataset                          
   ----------------------------------------- --------
         bfs_inputs.snap-email-Eu-core         n/a   
       bfs_inputs.snap-facebook_combined       n/a   
            bfs_inputs.snap-ca-GrQc            n/a   
         bfs_inputs.snap-p2p-Gnutella04        n/a   
         bfs_test_inputs.test_bfs_basic        n/a   
      bfs_test_inputs.test_bfs_single_node     n/a   
     bfs_test_inputs.test_bfs_disconnected     n/a   
      bfs_test_inputs.test_bfs_undirected      n/a   
         bfs_test_inputs.test_bfs_cycle        n/a   
       bfs_test_inputs.test_bfs_snap_toy       n/a   
      bfs_gap_inputs.GAP/GAP-road_4795720      n/a   
      bfs_gap_inputs.GAP/GAP-road_21003853     n/a   
       bfs_gap_inputs.GAP/GAP-road_417968      n/a   
      bfs_gap_inputs.GAP/GAP-road_6496511      n/a   
      bfs_gap_inputs.GAP/GAP-road_6648699      n/a   
      bfs_gap_inputs.GAP/GAP-road_9811073      n/a   
      bfs_gap_inputs.GAP/GAP-road_22247478     n/a   
      bfs_gap_inputs.GAP/GAP-road_5720252      n/a   
      bfs_gap_inputs.GAP/GAP-road_12366459     n/a   
      bfs_gap_inputs.GAP/GAP-road_20413729     n/a   
      bfs_gap_inputs.GAP/GAP-road_4217374      n/a   
      bfs_gap_inputs.GAP/GAP-road_2674749      n/a   
      bfs_gap_inputs.GAP/GAP-road_22085557     n/a   
      bfs_gap_inputs.GAP/GAP-road_19445040     n/a   
      bfs_gap_inputs.GAP/GAP-road_2360788      n/a   
      bfs_gap_inputs.GAP/GAP-road_19115968     n/a   
      bfs_gap_inputs.GAP/GAP-road_7758767      n/a   
      bfs_gap_inputs.GAP/GAP-road_13468234     n/a   
       bfs_gap_inputs.GAP/GAP-road_30367       n/a   
      bfs_gap_inputs.GAP/GAP-road_18599547     n/a   
      bfs_gap_inputs.GAP/GAP-road_7526108      n/a   
      bfs_gap_inputs.GAP/GAP-road_16836280     n/a   
      bfs_gap_inputs.GAP/GAP-road_12742067     n/a   
      bfs_gap_inputs.GAP/GAP-road_7697995      n/a   
      bfs_gap_inputs.GAP/GAP-road_5876443      n/a   
      bfs_gap_inputs.GAP/GAP-road_9616340      n/a   
      bfs_gap_inputs.GAP/GAP-road_2497673      n/a   
      bfs_gap_inputs.GAP/GAP-road_10052290     n/a   
      bfs_gap_inputs.GAP/GAP-road_12493057     n/a   
      bfs_gap_inputs.GAP/GAP-road_1670855      n/a   
      bfs_gap_inputs.GAP/GAP-road_2760679      n/a   
      bfs_gap_inputs.GAP/GAP-road_2460941      n/a   
      bfs_gap_inputs.GAP/GAP-road_8489650      n/a   
      bfs_gap_inputs.GAP/GAP-road_5005225      n/a   
      bfs_gap_inputs.GAP/GAP-road_8744645      n/a   
      bfs_gap_inputs.GAP/GAP-road_8512023      n/a   
      bfs_gap_inputs.GAP/GAP-road_21912165     n/a   
      bfs_gap_inputs.GAP/GAP-road_1105390      n/a   
      bfs_gap_inputs.GAP/GAP-road_15432163     n/a   
      bfs_gap_inputs.GAP/GAP-road_1600177     failed 
      bfs_gap_inputs.GAP/GAP-road_19079469     n/a   
      bfs_gap_inputs.GAP/GAP-road_16516637     n/a   
      bfs_gap_inputs.GAP/GAP-road_20202566     n/a   
      bfs_gap_inputs.GAP/GAP-road_21372803     n/a   
      bfs_gap_inputs.GAP/GAP-road_2898009      n/a   
      bfs_gap_inputs.GAP/GAP-road_8491277      n/a   
      bfs_gap_inputs.GAP/GAP-road_18798317     n/a   
      bfs_gap_inputs.GAP/GAP-road_23757560     n/a   
      bfs_gap_inputs.GAP/GAP-road_17161819     n/a   
      bfs_gap_inputs.GAP/GAP-road_23180739     n/a   
      bfs_gap_inputs.GAP/GAP-road_10997085     n/a   
      bfs_gap_inputs.GAP/GAP-road_3730630      n/a   
      bfs_gap_inputs.GAP/GAP-road_1079068      n/a   
      bfs_gap_inputs.GAP/GAP-road_15426822     n/a   
      bfs_gap_inputs.GAP/GAP-road_12190925     n/a   
      bfs_gap_inputs.GAP/GAP-road_1155218      n/a   
      bfs_gap_inputs.GAP/GAP-road_10693488     n/a   
      bfs_gap_inputs.GAP/GAP-road_14434835     n/a   
      bfs_gap_inputs.GAP/GAP-road_19963339     n/a   
      bfs_gap_inputs.GAP/GAP-road_3486185      n/a   
      bfs_gap_inputs.GAP/GAP-road_18383269     n/a   
      bfs_gap_inputs.GAP/GAP-road_20269908     n/a   
      bfs_gap_inputs.GAP/GAP-road_12370764     n/a   
      bfs_gap_inputs.GAP/GAP-road_7843140      n/a   
    bfs_gap_inputs.GAP/GAP-twitter_12441072    n/a   
    bfs_gap_inputs.GAP/GAP-twitter_54488257    n/a   
    bfs_gap_inputs.GAP/GAP-twitter_25451915    n/a   
    bfs_gap_inputs.GAP/GAP-twitter_57714473    n/a   
    bfs_gap_inputs.GAP/GAP-twitter_14839494    n/a   
    bfs_gap_inputs.GAP/GAP-twitter_32081104    n/a   
    bfs_gap_inputs.GAP/GAP-twitter_52957357    n/a   
    bfs_gap_inputs.GAP/GAP-twitter_50444380    n/a   
    bfs_gap_inputs.GAP/GAP-twitter_49590701    n/a   
    bfs_gap_inputs.GAP/GAP-twitter_20127816    n/a   
    bfs_gap_inputs.GAP/GAP-twitter_34939333    n/a   
    bfs_gap_inputs.GAP/GAP-twitter_48251001    n/a   
    bfs_gap_inputs.GAP/GAP-twitter_19524253    n/a   
    bfs_gap_inputs.GAP/GAP-twitter_43676726    n/a   
    bfs_gap_inputs.GAP/GAP-twitter_33055508    n/a   
    bfs_gap_inputs.GAP/GAP-twitter_15244687    n/a   
    bfs_gap_inputs.GAP/GAP-twitter_24946738    n/a   
     bfs_gap_inputs.GAP/GAP-twitter_6479472    n/a   
    bfs_gap_inputs.GAP/GAP-twitter_26077682    n/a   
    bfs_gap_inputs.GAP/GAP-twitter_22023875    n/a   
    bfs_gap_inputs.GAP/GAP-twitter_22081915    n/a   
    bfs_gap_inputs.GAP/GAP-twitter_40034162    n/a   
    bfs_gap_inputs.GAP/GAP-twitter_49496014    n/a   
    bfs_gap_inputs.GAP/GAP-twitter_42847507    n/a   
    bfs_gap_inputs.GAP/GAP-twitter_52409557    n/a   
    bfs_gap_inputs.GAP/GAP-twitter_55445388    n/a   
    bfs_gap_inputs.GAP/GAP-twitter_22028097    n/a   
    bfs_gap_inputs.GAP/GAP-twitter_48766648    n/a   
    bfs_gap_inputs.GAP/GAP-twitter_44521241    n/a   
    bfs_gap_inputs.GAP/GAP-twitter_60135542    n/a   
    bfs_gap_inputs.GAP/GAP-twitter_28528671    n/a   
     bfs_gap_inputs.GAP/GAP-twitter_9678012    n/a   
    bfs_gap_inputs.GAP/GAP-twitter_40020306    n/a   
    bfs_gap_inputs.GAP/GAP-twitter_31625735    n/a   
    bfs_gap_inputs.GAP/GAP-twitter_37446892    n/a   
    bfs_gap_inputs.GAP/GAP-twitter_51788952    n/a   
    bfs_gap_inputs.GAP/GAP-twitter_52584255    n/a   
    bfs_gap_inputs.GAP/GAP-twitter_20346696    n/a   
    bfs_gap_inputs.GAP/GAP-twitter_48387909    n/a   
    bfs_gap_inputs.GAP/GAP-twitter_37337427   failed 
    bfs_gap_inputs.GAP/GAP-twitter_50501084    n/a   
    bfs_gap_inputs.GAP/GAP-twitter_30130061    n/a   
    bfs_gap_inputs.GAP/GAP-twitter_41185893    n/a   
    bfs_gap_inputs.GAP/GAP-twitter_56495703    n/a   
    bfs_gap_inputs.GAP/GAP-twitter_45663305    n/a   
    bfs_gap_inputs.GAP/GAP-twitter_33359460    n/a   
    bfs_gap_inputs.GAP/GAP-twitter_48143058    n/a   
    bfs_gap_inputs.GAP/GAP-twitter_33291513    n/a   
    bfs_gap_inputs.GAP/GAP-twitter_53461445    n/a   
    bfs_gap_inputs.GAP/GAP-twitter_29340610    n/a   
    bfs_gap_inputs.GAP/GAP-twitter_34148498    n/a   
    bfs_gap_inputs.GAP/GAP-twitter_49171806    n/a   
    bfs_gap_inputs.GAP/GAP-twitter_35550696    n/a   
    bfs_gap_inputs.GAP/GAP-twitter_14521507    n/a   
    bfs_gap_inputs.GAP/GAP-twitter_51633218    n/a   
    bfs_gap_inputs.GAP/GAP-twitter_46823382    n/a   
    bfs_gap_inputs.GAP/GAP-twitter_19396273    n/a   
    bfs_gap_inputs.GAP/GAP-twitter_19871750    n/a   
    bfs_gap_inputs.GAP/GAP-twitter_36862677    n/a   
    bfs_gap_inputs.GAP/GAP-twitter_49539126    n/a   
    bfs_gap_inputs.GAP/GAP-twitter_34016452    n/a   
    bfs_gap_inputs.GAP/GAP-twitter_36567395    n/a   
    bfs_gap_inputs.GAP/GAP-twitter_55487793    n/a   
    bfs_gap_inputs.GAP/GAP-twitter_14391370    n/a   
      bfs_gap_inputs.GAP/GAP-web_10219452      n/a   
      bfs_gap_inputs.GAP/GAP-web_44758211      n/a   
       bfs_gap_inputs.GAP/GAP-web_890671       n/a   
      bfs_gap_inputs.GAP/GAP-web_13843756      n/a   
      bfs_gap_inputs.GAP/GAP-web_14168062      n/a   
      bfs_gap_inputs.GAP/GAP-web_20906930      n/a   
      bfs_gap_inputs.GAP/GAP-web_12189584      n/a   
      bfs_gap_inputs.GAP/GAP-web_26352335      n/a   
      bfs_gap_inputs.GAP/GAP-web_43500686      n/a   
       bfs_gap_inputs.GAP/GAP-web_8987024      n/a   
       bfs_gap_inputs.GAP/GAP-web_5699762      n/a   
      bfs_gap_inputs.GAP/GAP-web_41436455      n/a   
       bfs_gap_inputs.GAP/GAP-web_5030727      n/a   
      bfs_gap_inputs.GAP/GAP-web_40735218      n/a   
      bfs_gap_inputs.GAP/GAP-web_16533563      n/a   
      bfs_gap_inputs.GAP/GAP-web_28700166      n/a   
        bfs_gap_inputs.GAP/GAP-web_64711       n/a   
      bfs_gap_inputs.GAP/GAP-web_39634750      n/a   
      bfs_gap_inputs.GAP/GAP-web_16037779      n/a   
      bfs_gap_inputs.GAP/GAP-web_27152739      n/a   
      bfs_gap_inputs.GAP/GAP-web_16404061      n/a   
      bfs_gap_inputs.GAP/GAP-web_20491963      n/a   
       bfs_gap_inputs.GAP/GAP-web_5322423      n/a   
      bfs_gap_inputs.GAP/GAP-web_21420953      n/a   
      bfs_gap_inputs.GAP/GAP-web_26622109      n/a   
       bfs_gap_inputs.GAP/GAP-web_5882875      n/a   
      bfs_gap_inputs.GAP/GAP-web_18091040      n/a   
      bfs_gap_inputs.GAP/GAP-web_10665896      n/a   
      bfs_gap_inputs.GAP/GAP-web_18634422      n/a   
      bfs_gap_inputs.GAP/GAP-web_18138715      n/a   
       bfs_gap_inputs.GAP/GAP-web_2355535      n/a   
      bfs_gap_inputs.GAP/GAP-web_32885205      n/a   
      bfs_gap_inputs.GAP/GAP-web_40657440      n/a   
      bfs_gap_inputs.GAP/GAP-web_35196167      n/a   
      bfs_gap_inputs.GAP/GAP-web_45544426      n/a   
       bfs_gap_inputs.GAP/GAP-web_6175519      n/a   
      bfs_gap_inputs.GAP/GAP-web_40058318      n/a   
      bfs_gap_inputs.GAP/GAP-web_50626230      n/a   
      bfs_gap_inputs.GAP/GAP-web_36571019      n/a   
      bfs_gap_inputs.GAP/GAP-web_49397052     failed 
      bfs_gap_inputs.GAP/GAP-web_23434265      n/a   
       bfs_gap_inputs.GAP/GAP-web_2299444      n/a   
      bfs_gap_inputs.GAP/GAP-web_32873823      n/a   
      bfs_gap_inputs.GAP/GAP-web_25978282      n/a   
       bfs_gap_inputs.GAP/GAP-web_2461715      n/a   
      bfs_gap_inputs.GAP/GAP-web_22787314      n/a   
      bfs_gap_inputs.GAP/GAP-web_30759947      n/a   
       bfs_gap_inputs.GAP/GAP-web_7428894      n/a   
      bfs_gap_inputs.GAP/GAP-web_39173870      n/a   
      bfs_gap_inputs.GAP/GAP-web_43194209      n/a   
      bfs_gap_inputs.GAP/GAP-web_26361509      n/a   
      bfs_gap_inputs.GAP/GAP-web_39747211      n/a   
      bfs_gap_inputs.GAP/GAP-web_30670029      n/a   
      bfs_gap_inputs.GAP/GAP-web_41483033      n/a   
       bfs_gap_inputs.GAP/GAP-web_9358666      n/a   
       bfs_gap_inputs.GAP/GAP-web_9945008      n/a   
       bfs_gap_inputs.GAP/GAP-web_3355244      n/a   
      bfs_gap_inputs.GAP/GAP-web_33831269      n/a   
      bfs_gap_inputs.GAP/GAP-web_45124744      n/a   
      bfs_gap_inputs.GAP/GAP-web_16137877      n/a   
      bfs_gap_inputs.GAP/GAP-web_11235448      n/a   
      bfs_gap_inputs.GAP/GAP-web_37509144      n/a   
      bfs_gap_inputs.GAP/GAP-web_27402414      n/a   
      bfs_gap_inputs.GAP/GAP-web_39546083      n/a   
      bfs_gap_inputs.GAP/GAP-kron_2338012      n/a   
      bfs_gap_inputs.GAP/GAP-kron_31997659     n/a   
      bfs_gap_inputs.GAP/GAP-kron_23590940     n/a   
      bfs_gap_inputs.GAP/GAP-kron_43400604     n/a   
      bfs_gap_inputs.GAP/GAP-kron_75337937     n/a   
       bfs_gap_inputs.GAP/GAP-kron_169867      n/a   
     bfs_gap_inputs.GAP/GAP-kron_104041220     n/a   
      bfs_gap_inputs.GAP/GAP-kron_94177942     n/a   
      bfs_gap_inputs.GAP/GAP-kron_32871357     n/a   
      bfs_gap_inputs.GAP/GAP-kron_56230002     n/a   
      bfs_gap_inputs.GAP/GAP-kron_69883037     n/a   
      bfs_gap_inputs.GAP/GAP-kron_9346345      n/a   
      bfs_gap_inputs.GAP/GAP-kron_48915358     n/a   
     bfs_gap_inputs.GAP/GAP-kron_122571173     n/a   
      bfs_gap_inputs.GAP/GAP-kron_6183279      n/a   
      bfs_gap_inputs.GAP/GAP-kron_86323663     n/a   
     bfs_gap_inputs.GAP/GAP-kron_106725780     n/a   
      bfs_gap_inputs.GAP/GAP-kron_92389938     n/a   
      bfs_gap_inputs.GAP/GAP-kron_16210738     n/a   
      bfs_gap_inputs.GAP/GAP-kron_59816700     n/a   
     bfs_gap_inputs.GAP/GAP-kron_111669929     n/a   
     bfs_gap_inputs.GAP/GAP-kron_102831411     n/a   
     bfs_gap_inputs.GAP/GAP-kron_113384800     n/a   
      bfs_gap_inputs.GAP/GAP-kron_43872564     n/a   
      bfs_gap_inputs.GAP/GAP-kron_80508827     n/a   
      bfs_gap_inputs.GAP/GAP-kron_26105648     n/a   
      bfs_gap_inputs.GAP/GAP-kron_8807516      n/a   
     bfs_gap_inputs.GAP/GAP-kron_118452455     n/a   
     bfs_gap_inputs.GAP/GAP-kron_121818859     n/a   
      bfs_gap_inputs.GAP/GAP-kron_42361928     n/a   
      bfs_gap_inputs.GAP/GAP-kron_29493053     n/a   
      bfs_gap_inputs.GAP/GAP-kron_98461503     n/a   
      bfs_gap_inputs.GAP/GAP-kron_71931337     n/a   
     bfs_gap_inputs.GAP/GAP-kron_103808468     n/a   
      bfs_gap_inputs.GAP/GAP-kron_4092345      n/a   
     bfs_gap_inputs.GAP/GAP-kron_115276241     n/a   
      bfs_gap_inputs.GAP/GAP-kron_4649343      n/a   
      bfs_gap_inputs.GAP/GAP-kron_76656189     n/a   
      bfs_gap_inputs.GAP/GAP-kron_31312001     n/a   
     bfs_gap_inputs.GAP/GAP-kron_111334127    failed 
     bfs_gap_inputs.GAP/GAP-kron_100962918     n/a   
      bfs_gap_inputs.GAP/GAP-kron_41823215     n/a   
      bfs_gap_inputs.GAP/GAP-kron_22631240     n/a   
      bfs_gap_inputs.GAP/GAP-kron_42848461     n/a   
      bfs_gap_inputs.GAP/GAP-kron_79485148     n/a   
     bfs_gap_inputs.GAP/GAP-kron_106818742     n/a   
      bfs_gap_inputs.GAP/GAP-kron_73347974     n/a   
      bfs_gap_inputs.GAP/GAP-kron_78848445     n/a   
     bfs_gap_inputs.GAP/GAP-kron_109920510     n/a   
     bfs_gap_inputs.GAP/GAP-kron_121492133     n/a   
     bfs_gap_inputs.GAP/GAP-kron_101037296     n/a   
      bfs_gap_inputs.GAP/GAP-kron_15438600     n/a   
      bfs_gap_inputs.GAP/GAP-kron_4584784      n/a   
     bfs_gap_inputs.GAP/GAP-kron_124503845     n/a   
      bfs_gap_inputs.GAP/GAP-kron_87241743     n/a   
     bfs_gap_inputs.GAP/GAP-kron_108297008     n/a   
      bfs_gap_inputs.GAP/GAP-kron_33955082     n/a   
      bfs_gap_inputs.GAP/GAP-kron_79934823     n/a   
      bfs_gap_inputs.GAP/GAP-kron_8608481      n/a   
      bfs_gap_inputs.GAP/GAP-kron_82435063     n/a   
      bfs_gap_inputs.GAP/GAP-kron_46579271     n/a   
       bfs_gap_inputs.GAP/GAP-kron_515421      n/a   
     bfs_gap_inputs.GAP/GAP-kron_121530467     n/a   
     bfs_gap_inputs.GAP/GAP-kron_127978736     n/a   
     bfs_gap_inputs.GAP/GAP-urand_27691419     n/a   
     bfs_gap_inputs.GAP/GAP-urand_121280314    n/a   
      bfs_gap_inputs.GAP/GAP-urand_2413431     n/a   
     bfs_gap_inputs.GAP/GAP-urand_37512113     n/a   
     bfs_gap_inputs.GAP/GAP-urand_38390877     n/a   
     bfs_gap_inputs.GAP/GAP-urand_56651037     n/a   
     bfs_gap_inputs.GAP/GAP-urand_128461248    n/a   
     bfs_gap_inputs.GAP/GAP-urand_33029842     n/a   
     bfs_gap_inputs.GAP/GAP-urand_71406328     n/a   
     bfs_gap_inputs.GAP/GAP-urand_117872827    n/a   
     bfs_gap_inputs.GAP/GAP-urand_24351938     n/a   
     bfs_gap_inputs.GAP/GAP-urand_15444519     n/a   
     bfs_gap_inputs.GAP/GAP-urand_127526281    n/a   
     bfs_gap_inputs.GAP/GAP-urand_112279428    n/a   
     bfs_gap_inputs.GAP/GAP-urand_13631649     n/a   
     bfs_gap_inputs.GAP/GAP-urand_110379302    n/a   
     bfs_gap_inputs.GAP/GAP-urand_44800623     n/a   
     bfs_gap_inputs.GAP/GAP-urand_77768193     n/a   
      bfs_gap_inputs.GAP/GAP-urand_175347      n/a   
     bfs_gap_inputs.GAP/GAP-urand_107397389    n/a   
     bfs_gap_inputs.GAP/GAP-urand_43457209     n/a   
     bfs_gap_inputs.GAP/GAP-urand_97215940     n/a   
     bfs_gap_inputs.GAP/GAP-urand_73575165     n/a   
     bfs_gap_inputs.GAP/GAP-urand_44449715     n/a   
     bfs_gap_inputs.GAP/GAP-urand_33931724     n/a   
     bfs_gap_inputs.GAP/GAP-urand_55526610     n/a   
     bfs_gap_inputs.GAP/GAP-urand_14422051     n/a   
     bfs_gap_inputs.GAP/GAP-urand_58043873     n/a   
     bfs_gap_inputs.GAP/GAP-urand_72137329     n/a   
      bfs_gap_inputs.GAP/GAP-urand_9647840     n/a   
     bfs_gap_inputs.GAP/GAP-urand_15940695     n/a   
     bfs_gap_inputs.GAP/GAP-urand_14209952     n/a   
     bfs_gap_inputs.GAP/GAP-urand_49020883     n/a   
     bfs_gap_inputs.GAP/GAP-urand_28901138     n/a   
     bfs_gap_inputs.GAP/GAP-urand_50493273     n/a   
     bfs_gap_inputs.GAP/GAP-urand_49150069     n/a   
     bfs_gap_inputs.GAP/GAP-urand_126525082    n/a   
      bfs_gap_inputs.GAP/GAP-urand_6382740     n/a   
     bfs_gap_inputs.GAP/GAP-urand_89108297     n/a   
      bfs_gap_inputs.GAP/GAP-urand_9239735    failed 
     bfs_gap_inputs.GAP/GAP-urand_110168548    n/a   
     bfs_gap_inputs.GAP/GAP-urand_95370259     n/a   
     bfs_gap_inputs.GAP/GAP-urand_116653530    n/a   
     bfs_gap_inputs.GAP/GAP-urand_123410703    n/a   
     bfs_gap_inputs.GAP/GAP-urand_16733665     n/a   
     bfs_gap_inputs.GAP/GAP-urand_49030282     n/a   
     bfs_gap_inputs.GAP/GAP-urand_108545121    n/a   
     bfs_gap_inputs.GAP/GAP-urand_99095665     n/a   
     bfs_gap_inputs.GAP/GAP-urand_133850077    n/a   
     bfs_gap_inputs.GAP/GAP-urand_63499301     n/a   
     bfs_gap_inputs.GAP/GAP-urand_21541382     n/a   
      bfs_gap_inputs.GAP/GAP-urand_6230751     n/a   
     bfs_gap_inputs.GAP/GAP-urand_89077456     n/a   
     bfs_gap_inputs.GAP/GAP-urand_70392765     n/a   
      bfs_gap_inputs.GAP/GAP-urand_6670455     n/a   
     bfs_gap_inputs.GAP/GAP-urand_61746271     n/a   
     bfs_gap_inputs.GAP/GAP-urand_83349535     n/a   
     bfs_gap_inputs.GAP/GAP-urand_115272184    n/a   
     bfs_gap_inputs.GAP/GAP-urand_20129908     n/a   
     bfs_gap_inputs.GAP/GAP-urand_106148553    n/a   
     bfs_gap_inputs.GAP/GAP-urand_117042375    n/a   
     bfs_gap_inputs.GAP/GAP-urand_71431187     n/a   
     bfs_gap_inputs.GAP/GAP-urand_45287808     n/a   
     bfs_gap_inputs.GAP/GAP-urand_107702120    n/a   
   ========================================= ========
   For parameters: bfs_gap_inputs.GAP/GAP-road_1600177
   INFO root: Dataset suitesparse_matrix.GAP/GAP-road manifest metadata is stale.
   INFO root: Dataset suitesparse_matrix.GAP/GAP-road regenerated.
   Traceback (most recent call last):
     File "/storage/scratch1/7/wahrens6/SparseArrayProgrammingSuite/competition/run_13072363/task_0/env/chunk-0/c6e6c30cd4da42ee650d557ff6858c92/lib/python3.12/site-packages/asv_runner/server.py", line 179, in _run_server
       _run(run_args)
     File "/storage/scratch1/7/wahrens6/SparseArrayProgrammingSuite/competition/run_13072363/task_0/env/chunk-0/c6e6c30cd4da42ee650d557ff6858c92/lib/python3.12/site-packages/asv_runner/run.py", line 73, in _run
       result = benchmark.do_run()
                ^^^^^^^^^^^^^^^^^^
     File "/storage/scratch1/7/wahrens6/SparseArrayProgrammingSuite/competition/run_13072363/task_0/env/chunk-0/c6e6c30cd4da42ee650d557ff6858c92/lib/python3.12/site-packages/asv_runner/benchmarks/_base.py", line 758, in do_run
       return self.run(*self._build_params())
              ^^^^^^^^^^^^^^^^^^^^^^^^^^^^^^^
     File "/storage/scratch1/7/wahrens6/SparseArrayProgrammingSuite/competition/run_13072363/task_0/env/chunk-0/c6e6c30cd4da42ee650d557ff6858c92/lib/python3.12/site-packages/asv_runner/benchmarks/time.py", line 235, in run
       samples, number = self.benchmark_timing(
                         ^^^^^^^^^^^^^^^^^^^^^^
     File "/storage/scratch1/7/wahrens6/SparseArrayProgrammingSuite/competition/run_13072363/task_0/env/chunk-0/c6e6c30cd4da42ee650d557ff6858c92/lib/python3.12/site-packages/asv_runner/benchmarks/time.py", line 357, in benchmark_timing
       timing = timer.timeit(number)
                ^^^^^^^^^^^^^^^^^^^^
     File "/storage/pace-apps/spack/packages/linux-rhel9-x86_64_v3/gcc-11.3.1/python-3.12.5-5sase6atfv2x5tf7dy5x5sqfzyguhsia/lib/python3.12/timeit.py", line 180, in timeit
       timing = self.inner(it, self.timer)
                ^^^^^^^^^^^^^^^^^^^^^^^^^^
     File "<timeit-src>", line 6, in inner
     File "/storage/scratch1/7/wahrens6/SparseArrayProgrammingSuite/competition/run_13072363/task_0/env/chunk-0/c6e6c30cd4da42ee650d557ff6858c92/lib/python3.12/site-packages/asv_runner/benchmarks/time.py", line 130, in func
       self.func(*param)
     File "/storage/scratch1/7/wahrens6/SparseArrayProgrammingSuite/competition/run_13072363/task_0/env/chunk-0/c6e6c30cd4da42ee650d557ff6858c92/lib/python3.12/site-packages/saps/benchmark.py", line 360, in _time_run
       self.run(param)
     File "/storage/scratch1/7/wahrens6/SparseArrayProgrammingSuite/competition/run_13072363/task_0/env/chunk-0/c6e6c30cd4da42ee650d557ff6858c92/lib/python3.12/site-packages/saps/benchmark.py", line 432, in run
       input = [xp.from_binsparse(d) for d in self._input]
                ^^^^^^^^^^^^^^^^^^^^
     File "/storage/scratch1/7/wahrens6/SparseArrayProgrammingSuite/frameworks/saps_numpy.py", line 33, in from_binsparse
       return np.asarray(to_sparse(array).todense())
                         ^^^^^^^^^^^^^^^^^^^^^^^^^^
     File "/storage/scratch1/7/wahrens6/SparseArrayProgrammingSuite/competition/run_13072363/task_0/env/chunk-0/c6e6c30cd4da42ee650d557ff6858c92/lib/python3.12/site-packages/sparse/numba_backend/_coo/core.py", line 410, in todense
       x = np.full(self.shape, self.fill_value, self.dtype)
           ^^^^^^^^^^^^^^^^^^^^^^^^^^^^^^^^^^^^^^^^^^^^^^^^
     File "/storage/scratch1/7/wahrens6/SparseArrayProgrammingSuite/competition/run_13072363/task_0/env/chunk-0/c6e6c30cd4da42ee650d557ff6858c92/lib/python3.12/site-packages/numpy/_core/numeric.py", line 386, in full
       a = empty(shape, dtype, order, device=device)
           ^^^^^^^^^^^^^^^^^^^^^^^^^^^^^^^^^^^^^^^^^
   numpy._core._exceptions._ArrayMemoryError: Unable to allocate 4.07 PiB for an array with shape (23947347, 23947347) and data type int64
   
   For parameters: bfs_gap_inputs.GAP/GAP-twitter_37337427
   INFO root: Dataset suitesparse_matrix.GAP/GAP-twitter manifest metadata is stale.
   
   GAP-twitter:   0%|          | 0/9469180207 [00:00<?, ?B/s]
   GAP-twitter:   0%|          | 245760/9469180207 [00:00<1:09:12, 2280039.44B/s]
   GAP-twitter:   0%|          | 622592/9469180207 [00:00<52:17, 3017758.46B/s]  
   GAP-twitter:   0%|          | 1097728/9469180207 [00:00<44:20, 3559292.78B/s]
   GAP-twitter:   0%|          | 1654784/9469180207 [00:00<39:40, 3976780.95B/s]
   GAP-twitter:   0%|          | 2244608/9469180207 [00:00<34:14, 4607886.15B/s]
   GAP-twitter:   0%|          | 2899968/9469180207 [00:00<30:11, 5226074.19B/s]
   GAP-twitter:   0%|          | 3588096/9469180207 [00:00<27:28, 5741250.13B/s]
   GAP-twitter:   0%|          | 4308992/9469180207 [00:00<25:31, 6178687.93B/s]
   GAP-twitter:   0%|          | 5177344/9469180207 [00:00<22:45, 6933309.85B/s]
   GAP-twitter:   0%|          | 6029312/9469180207 [00:01<21:32, 7320297.93B/s]
   GAP-twitter:   0%|          | 7012352/9469180207 [00:01<19:32, 8069060.03B/s]
   GAP-twitter:   0%|          | 8175616/9469180207 [00:01<17:16, 9129976.15B/s]
   GAP-twitter:   0%|          | 9388032/9469180207 [00:01<15:45, 10007267.43B/s]
   GAP-twitter:   0%|          | 10567680/9469180207 [00:01<14:58, 10522168.09B/s]
   GAP-twitter:   0%|          | 11829248/9469180207 [00:01<14:09, 11136944.37B/s]
   GAP-twitter:   0%|          | 13123584/9469180207 [00:01<13:29, 11677300.70B/s]
   GAP-twitter:   0%|          | 14614528/9469180207 [00:01<12:28, 12625095.22B/s]
   GAP-twitter:   0%|          | 15958016/9469180207 [00:01<12:16, 12830819.81B/s]
   GAP-twitter:   0%|          | 17481728/9469180207 [00:01<11:39, 13517978.55B/s]
   GAP-twitter:   0%|          | 19038208/9469180207 [00:02<11:09, 14119783.49B/s]
   GAP-twitter:   0%|          | 20578304/9469180207 [00:02<10:58, 14340714.15B/s]
   GAP-twitter:   0%|          | 22233088/9469180207 [00:02<10:30, 14974679.65B/s]
   GAP-twitter:   0%|          | 23904256/9469180207 [00:02<10:10, 15471448.51B/s]
   GAP-twitter:   0%|          | 25624576/9469180207 [00:02<09:52, 15944087.49B/s]
   GAP-twitter:   0%|          | 27312128/9469180207 [00:02<09:42, 16221433.12B/s]
   GAP-twitter:   0%|          | 29048832/9469180207 [00:02<09:31, 16522080.45B/s]
   GAP-twitter:   0%|          | 30801920/9469180207 [00:02<09:21, 16798838.72B/s]
   GAP-twitter:   0%|          | 32538624/9469180207 [00:02<09:16, 16960058.07B/s]
   GAP-twitter:   0%|          | 34275328/9469180207 [00:02<09:13, 17054597.81B/s]
   GAP-twitter:   0%|          | 36028416/9469180207 [00:03<09:09, 17161482.89B/s]
   GAP-twitter:   0%|          | 37748736/9469180207 [00:03<09:12, 17085134.18B/s]
   GAP-twitter:   0%|          | 39469056/9469180207 [00:03<09:16, 16955559.09B/s]
   GAP-twitter:   0%|          | 41172992/9469180207 [00:03<09:18, 16887003.65B/s]
   GAP-twitter:   0%|          | 42893312/9469180207 [00:03<09:15, 16972033.91B/s]
   GAP-twitter:   0%|          | 44597248/9469180207 [00:03<09:19, 16846879.30B/s]
   GAP-twitter:   0%|          | 46333952/9469180207 [00:03<09:15, 16969113.68B/s]
   GAP-twitter:   1%|          | 48103424/9469180207 [00:03<09:08, 17163417.80B/s]
   GAP-twitter:   1%|          | 49823744/9469180207 [00:03<09:09, 17135204.91B/s]
   GAP-twitter:   1%|          | 51593216/9469180207 [00:03<09:05, 17275773.97B/s]
   GAP-twitter:   1%|          | 53329920/9469180207 [00:04<09:08, 17152291.08B/s]
   GAP-twitter:   1%|          | 55050240/9469180207 [00:04<09:11, 17064083.15B/s]
   GAP-twitter:   1%|          | 56770560/9469180207 [00:04<09:19, 16836923.21B/s]
   GAP-twitter:   1%|          | 58458112/9469180207 [00:04<09:24, 16659124.38B/s]
   GAP-twitter:   1%|          | 60162048/9469180207 [00:04<09:21, 16760536.56B/s]
   GAP-twitter:   1%|          | 61849600/9469180207 [00:04<09:21, 16749268.90B/s]
   GAP-twitter:   1%|          | 63586304/9469180207 [00:04<09:15, 16930341.74B/s]
   GAP-twitter:   1%|          | 65290240/9469180207 [00:04<09:16, 16884843.62B/s]
   GAP-twitter:   1%|          | 67059712/9469180207 [00:04<09:09, 17115846.92B/s]
   GAP-twitter:   1%|          | 68780032/9469180207 [00:05<09:11, 17045017.79B/s]
   GAP-twitter:   1%|          | 70500352/9469180207 [00:05<09:15, 16907005.10B/s]
   GAP-twitter:   1%|          | 72269824/9469180207 [00:05<09:08, 17120528.66B/s]
   GAP-twitter:   1%|          | 74006528/9469180207 [00:05<09:07, 17166106.64B/s]
   GAP-twitter:   1%|          | 75726848/9469180207 [00:05<09:09, 17103567.94B/s]
   GAP-twitter:   1%|          | 77447168/9469180207 [00:05<09:19, 16774957.77B/s]
   GAP-twitter:   1%|          | 79233024/9469180207 [00:05<09:09, 17078482.56B/s]
   GAP-twitter:   1%|          | 80953344/9469180207 [00:05<09:38, 16221451.91B/s]
   GAP-twitter:   1%|          | 82591744/9469180207 [00:05<09:38, 16226855.86B/s]
   GAP-twitter:   1%|          | 84279296/9469180207 [00:05<09:31, 16411642.67B/s]
   GAP-twitter:   1%|          | 85934080/9469180207 [00:06<09:57, 15701835.51B/s]
   GAP-twitter:   1%|          | 87687168/9469180207 [00:06<09:38, 16206191.90B/s]
   GAP-twitter:   1%|          | 89325568/9469180207 [00:06<10:05, 15480457.35B/s]
   GAP-twitter:   1%|          | 91078656/9469180207 [00:06<09:44, 16032323.98B/s]
   GAP-twitter:   1%|          | 92749824/9469180207 [00:06<09:38, 16221169.99B/s]
   GAP-twitter:   1%|          | 94388224/9469180207 [00:06<09:56, 15713305.49B/s]
   GAP-twitter:   1%|          | 96157696/9469180207 [00:06<09:35, 16278062.38B/s]
   GAP-twitter:   1%|          | 97796096/9469180207 [00:06<10:12, 15288508.39B/s]
   GAP-twitter:   1%|          | 99549184/9469180207 [00:06<09:50, 15875177.49B/s]
   GAP-twitter:   1%|          | 101154816/9469180207 [00:07<10:20, 15089330.75B/s]
   GAP-twitter:   1%|          | 102907904/9469180207 [00:07<09:54, 15754681.34B/s]
   GAP-twitter:   1%|          | 104660992/9469180207 [00:07<09:36, 16245291.09B/s]
   GAP-twitter:   1%|          | 106315776/9469180207 [00:07<10:00, 15578964.02B/s]
   GAP-twitter:   1%|          | 108150784/9469180207 [00:07<09:33, 16331827.61B/s]
   GAP-twitter:   1%|          | 109805568/9469180207 [00:07<09:55, 15706888.93B/s]
   GAP-twitter:   1%|          | 111640576/9469180207 [00:07<09:28, 16447257.43B/s]
   GAP-twitter:   1%|          | 113311744/9469180207 [00:07<09:51, 15818066.50B/s]
   GAP-twitter:   1%|          | 115179520/9469180207 [00:07<09:23, 16602614.50B/s]
   GAP-twitter:   1%|          | 116899840/9469180207 [00:07<09:18, 16731109.95B/s]
   GAP-twitter:   1%|▏         | 118587392/9469180207 [00:08<09:50, 15833941.06B/s]
   GAP-twitter:   1%|▏         | 120389632/9469180207 [00:08<09:28, 16444518.98B/s]
   GAP-twitter:   1%|▏         | 122060800/9469180207 [00:08<10:00, 15557915.18B/s]
   GAP-twitter:   1%|▏         | 123846656/9469180207 [00:08<09:38, 16159830.77B/s]
   GAP-twitter:   1%|▏         | 125485056/9469180207 [00:08<10:06, 15408510.77B/s]
   GAP-twitter:   1%|▏         | 127238144/9469180207 [00:08<09:45, 15963165.05B/s]
   GAP-twitter:   1%|▏         | 129056768/9469180207 [00:08<09:23, 16579547.44B/s]
   GAP-twitter:   1%|▏         | 130744320/9469180207 [00:08<09:46, 15930811.00B/s]
   GAP-twitter:   1%|▏         | 132579328/9469180207 [00:08<09:22, 16598535.14B/s]
   GAP-twitter:   1%|▏         | 134266880/9469180207 [00:09<09:58, 15608299.40B/s]
   GAP-twitter:   1%|▏         | 136052736/9469180207 [00:09<09:35, 16227668.42B/s]
   GAP-twitter:   1%|▏         | 137707520/9469180207 [00:09<09:56, 15633337.58B/s]
   GAP-twitter:   1%|▏         | 139558912/9469180207 [00:09<09:28, 16423560.56B/s]
   GAP-twitter:   1%|▏         | 141410304/9469180207 [00:09<09:08, 17008755.15B/s]
   GAP-twitter:   2%|▏         | 143130624/9469180207 [00:09<09:42, 16004206.88B/s]
   GAP-twitter:   2%|▏         | 144916480/9469180207 [00:09<09:25, 16492732.44B/s]
   GAP-twitter:   2%|▏         | 146587648/9469180207 [00:09<09:51, 15767049.89B/s]
   GAP-twitter:   2%|▏         | 148389888/9469180207 [00:09<09:29, 16367336.75B/s]
   GAP-twitter:   2%|▏         | 150044672/9469180207 [00:10<09:56, 15611522.57B/s]
   GAP-twitter:   2%|▏         | 151830528/9469180207 [00:10<09:34, 16217178.39B/s]
   GAP-twitter:   2%|▏         | 153600000/9469180207 [00:10<09:20, 16615425.49B/s]
   GAP-twitter:   2%|▏         | 155287552/9469180207 [00:10<09:56, 15627248.81B/s]
   GAP-twitter:   2%|▏         | 157073408/9469180207 [00:10<09:33, 16230143.11B/s]
   GAP-twitter:   2%|▏         | 158728192/9469180207 [00:10<09:58, 15547779.19B/s]
   GAP-twitter:   2%|▏         | 160497664/9469180207 [00:10<09:36, 16143537.41B/s]
   GAP-twitter:   2%|▏         | 162136064/9469180207 [00:10<09:58, 15552159.07B/s]
   GAP-twitter:   2%|▏         | 163987456/9469180207 [00:10<09:28, 16366101.77B/s]
   GAP-twitter:   2%|▏         | 165691392/9469180207 [00:11<09:53, 15669284.60B/s]
   GAP-twitter:   2%|▏         | 167444480/9469180207 [00:11<09:34, 16182818.43B/s]
   GAP-twitter:   2%|▏         | 169312256/9469180207 [00:11<09:10, 16882312.23B/s]
   GAP-twitter:   2%|▏         | 171016192/9469180207 [00:11<09:36, 16140417.82B/s]
   GAP-twitter:   2%|▏         | 172802048/9469180207 [00:11<09:20, 16586280.76B/s]
   GAP-twitter:   2%|▏         | 174489600/9469180207 [00:11<09:48, 15794404.24B/s]
   GAP-twitter:   2%|▏         | 176324608/9469180207 [00:11<09:23, 16483954.00B/s]
   GAP-twitter:   2%|▏         | 177995776/9469180207 [00:11<09:45, 15881288.97B/s]
   GAP-twitter:   2%|▏         | 179847168/9469180207 [00:11<09:19, 16590647.94B/s]
   GAP-twitter:   2%|▏         | 181714944/9469180207 [00:11<09:01, 17162145.13B/s]
   GAP-twitter:   2%|▏         | 183451648/9469180207 [00:12<09:31, 16244501.39B/s]
   GAP-twitter:   2%|▏         | 185221120/9469180207 [00:12<09:17, 16650142.63B/s]
   GAP-twitter:   2%|▏         | 186908672/9469180207 [00:12<09:52, 15653197.56B/s]
   GAP-twitter:   2%|▏         | 188727296/9469180207 [00:12<09:27, 16348741.01B/s]
   GAP-twitter:   2%|▏         | 190382080/9469180207 [00:12<09:51, 15684876.54B/s]
   GAP-twitter:   2%|▏         | 192217088/9469180207 [00:12<09:25, 16415170.63B/s]
   GAP-twitter:   2%|▏         | 194035712/9469180207 [00:12<09:08, 16913382.86B/s]
   GAP-twitter:   2%|▏         | 195756032/9469180207 [00:12<09:34, 16145547.50B/s]
   GAP-twitter:   2%|▏         | 197574656/9469180207 [00:12<09:14, 16720299.77B/s]
   GAP-twitter:   2%|▏         | 199262208/9469180207 [00:13<09:37, 16044329.79B/s]
   GAP-twitter:   2%|▏         | 201080832/9469180207 [00:13<09:16, 16646017.09B/s]
   GAP-twitter:   2%|▏         | 202768384/9469180207 [00:13<09:42, 15908606.47B/s]
   GAP-twitter:   2%|▏         | 204570624/9469180207 [00:13<09:22, 16470576.49B/s]
   GAP-twitter:   2%|▏         | 206241792/9469180207 [00:13<09:50, 15677020.95B/s]
   GAP-twitter:   2%|▏         | 208060416/9469180207 [00:13<09:25, 16364221.10B/s]
   GAP-twitter:   2%|▏         | 209862656/9469180207 [00:13<09:10, 16816269.40B/s]
   GAP-twitter:   2%|▏         | 211566592/9469180207 [00:13<09:40, 15949834.50B/s]
   GAP-twitter:   2%|▏         | 213401600/9469180207 [00:13<09:17, 16605718.96B/s]
   GAP-twitter:   2%|▏         | 215089152/9469180207 [00:14<09:38, 15994556.84B/s]
   GAP-twitter:   2%|▏         | 216924160/9469180207 [00:14<09:16, 16621642.83B/s]
   GAP-twitter:   2%|▏         | 218775552/9469180207 [00:14<08:59, 17139023.30B/s]
   GAP-twitter:   2%|▏         | 220512256/9469180207 [00:14<09:29, 16249155.04B/s]
   GAP-twitter:   2%|▏         | 222314496/9469180207 [00:14<09:12, 16721279.97B/s]
   GAP-twitter:   2%|▏         | 224002048/9469180207 [00:14<09:37, 15996741.73B/s]
   GAP-twitter:   2%|▏         | 225837056/9469180207 [00:14<09:15, 16644874.77B/s]
   GAP-twitter:   2%|▏         | 227524608/9469180207 [00:14<09:43, 15839424.71B/s]
   GAP-twitter:   2%|▏         | 229244928/9469180207 [00:14<09:29, 16217716.18B/s]
   GAP-twitter:   2%|▏         | 231014400/9469180207 [00:15<09:15, 16625775.59B/s]
   GAP-twitter:   2%|▏         | 232701952/9469180207 [00:15<09:47, 15714835.43B/s]
   GAP-twitter:   2%|▏         | 234536960/9469180207 [00:15<09:22, 16407852.08B/s]
   GAP-twitter:   2%|▏         | 236208128/9469180207 [00:15<09:46, 15755263.22B/s]
   GAP-twitter:   3%|▎         | 238010368/9469180207 [00:15<09:24, 16349369.40B/s]
   GAP-twitter:   3%|▎         | 239665152/9469180207 [00:15<09:49, 15651433.42B/s]
   GAP-twitter:   3%|▎         | 241500160/9469180207 [00:15<09:23, 16379680.31B/s]
   GAP-twitter:   3%|▎         | 243269632/9469180207 [00:15<09:50, 15615999.68B/s]
   GAP-twitter:   3%|▎         | 244957184/9469180207 [00:15<09:38, 15949336.78B/s]
   GAP-twitter:   3%|▎         | 246792192/9469180207 [00:15<09:15, 16604199.09B/s]
   GAP-twitter:   3%|▎         | 248479744/9469180207 [00:16<09:42, 15832485.52B/s]
   GAP-twitter:   3%|▎         | 250265600/9469180207 [00:16<09:22, 16382957.35B/s]
   GAP-twitter:   3%|▎         | 251920384/9469180207 [00:16<09:45, 15736844.99B/s]
   GAP-twitter:   3%|▎         | 253624320/9469180207 [00:16<09:33, 16068798.40B/s]
   GAP-twitter:   3%|▎         | 255361024/9469180207 [00:16<09:21, 16413268.05B/s]
   GAP-twitter:   3%|▎         | 257015808/9469180207 [00:16<09:50, 15613300.49B/s]
   GAP-twitter:   3%|▎         | 258867200/9469180207 [00:16<09:20, 16426289.48B/s]
   GAP-twitter:   3%|▎         | 260538368/9469180207 [00:16<09:45, 15723016.73B/s]
   GAP-twitter:   3%|▎         | 262373376/9469180207 [00:16<09:20, 16421874.73B/s]
   GAP-twitter:   3%|▎         | 264044544/9469180207 [00:17<09:48, 15649846.12B/s]
   GAP-twitter:   3%|▎         | 265863168/9469180207 [00:17<09:22, 16347945.90B/s]
   GAP-twitter:   3%|▎         | 267550720/9469180207 [00:17<09:43, 15778206.34B/s]
   GAP-twitter:   3%|▎         | 269402112/9469180207 [00:17<09:16, 16539709.58B/s]
   GAP-twitter:   3%|▎         | 271269888/9469180207 [00:17<08:56, 17137115.02B/s]
   GAP-twitter:   3%|▎         | 273006592/9469180207 [00:17<09:25, 16275160.16B/s]
   GAP-twitter:   3%|▎         | 274808832/9469180207 [00:17<09:08, 16763275.19B/s]
   GAP-twitter:   3%|▎         | 276512768/9469180207 [00:17<09:32, 16049491.97B/s]
   GAP-twitter:   3%|▎         | 278347776/9469180207 [00:17<09:11, 16664538.14B/s]
   GAP-twitter:   3%|▎         | 280035328/9469180207 [00:18<09:38, 15893152.42B/s]
   GAP-twitter:   3%|▎         | 281755648/9469180207 [00:18<09:25, 16240911.56B/s]
   GAP-twitter:   3%|▎         | 283574272/9469180207 [00:18<09:07, 16774615.03B/s]
   GAP-twitter:   3%|▎         | 285278208/9469180207 [00:18<09:33, 16002992.87B/s]
   GAP-twitter:   3%|▎         | 287129600/9469180207 [00:18<09:10, 16678321.21B/s]
   GAP-twitter:   3%|▎         | 288817152/9469180207 [00:18<09:37, 15888670.46B/s]
   GAP-twitter:   3%|▎         | 290684928/9469180207 [00:18<09:11, 16631757.44B/s]
   GAP-twitter:   3%|▎         | 292372480/9469180207 [00:18<09:38, 15853979.47B/s]
   GAP-twitter:   3%|▎         | 294223872/9469180207 [00:18<09:13, 16563671.58B/s]
   GAP-twitter:   3%|▎         | 295911424/9469180207 [00:19<09:34, 15960362.71B/s]
   GAP-twitter:   3%|▎         | 297762816/9469180207 [00:19<09:10, 16651073.09B/s]
   GAP-twitter:   3%|▎         | 299679744/9469180207 [00:19<08:48, 17334205.07B/s]
   GAP-twitter:   3%|▎         | 301432832/9469180207 [00:19<09:15, 16491758.98B/s]
   GAP-twitter:   3%|▎         | 303316992/9469180207 [00:19<08:55, 17120818.81B/s]
   GAP-twitter:   3%|▎         | 305053696/9469180207 [00:19<09:29, 16088570.78B/s]
   GAP-twitter:   3%|▎         | 306757632/9469180207 [00:19<09:20, 16343018.91B/s]
   GAP-twitter:   3%|▎         | 308494336/9469180207 [00:19<09:11, 16622011.10B/s]
   GAP-twitter:   3%|▎         | 310181888/9469180207 [00:19<09:52, 15459647.93B/s]
   GAP-twitter:   3%|▎         | 311869440/9469180207 [00:20<09:38, 15817650.08B/s]
   GAP-twitter:   3%|▎         | 313475072/9469180207 [00:20<10:15, 14865600.02B/s]
   GAP-twitter:   3%|▎         | 315211776/9469180207 [00:20<09:49, 15530407.54B/s]
   GAP-twitter:   3%|▎         | 316801024/9469180207 [00:20<10:11, 14975487.03B/s]
   GAP-twitter:   3%|▎         | 318554112/9469180207 [00:20<09:44, 15642866.36B/s]
   GAP-twitter:   3%|▎         | 320290816/9469180207 [00:20<09:29, 16076137.06B/s]
   GAP-twitter:   3%|▎         | 321912832/9469180207 [00:20<09:55, 15359537.98B/s]
   GAP-twitter:   3%|▎         | 323665920/9469180207 [00:20<09:32, 15968530.14B/s]
   GAP-twitter:   3%|▎         | 325287936/9469180207 [00:20<10:00, 15226362.56B/s]
   GAP-twitter:   3%|▎         | 327008256/9469180207 [00:20<09:40, 15745760.32B/s]
   GAP-twitter:   3%|▎         | 328597504/9469180207 [00:21<10:06, 15074161.86B/s]
   GAP-twitter:   3%|▎         | 330416128/9469180207 [00:21<09:33, 15926571.41B/s]
   GAP-twitter:   4%|▎         | 332234752/9469180207 [00:21<09:12, 16544235.80B/s]
   GAP-twitter:   4%|▎         | 333905920/9469180207 [00:21<09:41, 15715166.41B/s]
   GAP-twitter:   4%|▎         | 335560704/9469180207 [00:21<09:33, 15935455.07B/s]
   GAP-twitter:   4%|▎         | 337182720/9469180207 [00:21<09:54, 15355906.96B/s]
   GAP-twitter:   4%|▎         | 338968576/9469180207 [00:21<09:29, 16041882.72B/s]
   GAP-twitter:   4%|▎         | 340705280/9469180207 [00:21<09:17, 16387766.49B/s]
   GAP-twitter:   4%|▎         | 342360064/9469180207 [00:21<09:54, 15341115.99B/s]
   GAP-twitter:   4%|▎         | 343949312/9469180207 [00:22<09:52, 15405851.57B/s]
   GAP-twitter:   4%|▎         | 345505792/9469180207 [00:22<10:25, 14584615.02B/s]
   GAP-twitter:   4%|▎         | 347013120/9469180207 [00:22<10:19, 14718052.81B/s]
   GAP-twitter:   4%|▎         | 348585984/9469180207 [00:22<10:09, 14963512.85B/s]
   GAP-twitter:   4%|▎         | 350093312/9469180207 [00:22<10:42, 14188849.91B/s]
   GAP-twitter:   4%|▎         | 351600640/9469180207 [00:22<10:31, 14435956.80B/s]
   GAP-twitter:   4%|▎         | 353058816/9469180207 [00:22<10:53, 13948708.81B/s]
   GAP-twitter:   4%|▎         | 354828288/9469180207 [00:22<10:07, 14996346.92B/s]
   GAP-twitter:   4%|▍         | 356630528/9469180207 [00:22<09:35, 15839685.81B/s]
   GAP-twitter:   4%|▍         | 358236160/9469180207 [00:23<10:02, 15132324.39B/s]
   GAP-twitter:   4%|▍         | 359890944/9469180207 [00:23<09:46, 15519777.08B/s]
   GAP-twitter:   4%|▍         | 361463808/9469180207 [00:23<10:27, 14514163.06B/s]
   GAP-twitter:   4%|▍         | 363102208/9469180207 [00:23<10:06, 15019544.66B/s]
   GAP-twitter:   4%|▍         | 364855296/9469180207 [00:23<10:20, 14682255.63B/s]
   GAP-twitter:   4%|▍         | 366608384/9469180207 [00:23<09:48, 15455116.86B/s]
   GAP-twitter:   4%|▍         | 368394240/9469180207 [00:23<09:24, 16119815.96B/s]
   GAP-twitter:   4%|▍         | 370032640/9469180207 [00:23<09:52, 15368555.44B/s]
   GAP-twitter:   4%|▍         | 371621888/9469180207 [00:23<09:47, 15493344.32B/s]
   GAP-twitter:   4%|▍         | 373194752/9469180207 [00:24<10:26, 14513703.74B/s]
   GAP-twitter:   4%|▍         | 374784000/9469180207 [00:24<10:11, 14862284.80B/s]
   GAP-twitter:   4%|▍         | 376471552/9469180207 [00:24<09:49, 15424756.23B/s]
   GAP-twitter:   4%|▍         | 378044416/9469180207 [00:24<10:20, 14662378.34B/s]
   GAP-twitter:   4%|▍         | 379846656/9469180207 [00:24<09:42, 15596990.24B/s]
   GAP-twitter:   4%|▍         | 381435904/9469180207 [00:24<10:05, 15000516.63B/s]
   GAP-twitter:   4%|▍         | 383172608/9469180207 [00:24<09:40, 15659679.04B/s]
   GAP-twitter:   4%|▍         | 384942080/9469180207 [00:24<09:20, 16217336.23B/s]
   GAP-twitter:   4%|▍         | 386580480/9469180207 [00:24<09:45, 15512322.65B/s]
   GAP-twitter:   4%|▍         | 388251648/9469180207 [00:24<09:34, 15809360.22B/s]
   GAP-twitter:   4%|▍         | 389857280/9469180207 [00:25<10:11, 14857460.37B/s]
   GAP-twitter:   4%|▍         | 391528448/9469180207 [00:25<09:50, 15360177.49B/s]
   GAP-twitter:   4%|▍         | 393084928/9469180207 [00:25<10:22, 14581321.52B/s]
   GAP-twitter:   4%|▍         | 394772480/9469180207 [00:25<09:57, 15188804.93B/s]
   GAP-twitter:   4%|▍         | 396443648/9469180207 [00:25<09:42, 15582919.20B/s]
   GAP-twitter:   4%|▍         | 398016512/9469180207 [00:25<10:03, 15032579.24B/s]
   GAP-twitter:   4%|▍         | 399736832/9469180207 [00:25<09:40, 15622774.90B/s]
   GAP-twitter:   4%|▍         | 401408000/9469180207 [00:25<10:11, 14839455.57B/s]
   GAP-twitter:   4%|▍         | 403095552/9469180207 [00:25<09:48, 15394535.91B/s]
   GAP-twitter:   4%|▍         | 404684800/9469180207 [00:26<09:44, 15513157.58B/s]
   GAP-twitter:   4%|▍         | 406257664/9469180207 [00:26<10:16, 14712522.21B/s]
   GAP-twitter:   4%|▍         | 408059904/9469180207 [00:26<09:39, 15631659.71B/s]
   GAP-twitter:   4%|▍         | 409649152/9469180207 [00:26<09:58, 15141930.56B/s]
   GAP-twitter:   4%|▍         | 411320320/9469180207 [00:26<09:41, 15578069.85B/s]
   GAP-twitter:   4%|▍         | 412991488/9469180207 [00:26<09:29, 15893594.47B/s]
   GAP-twitter:   4%|▍         | 414597120/9469180207 [00:26<09:53, 15265654.48B/s]
   GAP-twitter:   4%|▍         | 416366592/9469180207 [00:26<09:27, 15947747.94B/s]
   GAP-twitter:   4%|▍         | 417988608/9469180207 [00:26<09:47, 15413726.51B/s]
   GAP-twitter:   4%|▍         | 419627008/9469180207 [00:27<09:38, 15644673.70B/s]
   GAP-twitter:   4%|▍         | 421298176/9469180207 [00:27<09:27, 15936344.55B/s]
   GAP-twitter:   4%|▍         | 422903808/9469180207 [00:27<09:55, 15203605.97B/s]
   GAP-twitter:   4%|▍         | 424689664/9469180207 [00:27<09:26, 15953105.86B/s]
   GAP-twitter:   5%|▍         | 426311680/9469180207 [00:27<09:53, 15231353.22B/s]
   GAP-twitter:   5%|▍         | 428081152/9469180207 [00:27<09:28, 15891398.04B/s]
   GAP-twitter:   5%|▍         | 429850624/9469180207 [00:27<09:11, 16392448.40B/s]
   GAP-twitter:   5%|▍         | 431505408/9469180207 [00:27<09:41, 15543647.85B/s]
   GAP-twitter:   5%|▍         | 433209344/9469180207 [00:27<09:26, 15960522.62B/s]
   GAP-twitter:   5%|▍         | 434831360/9469180207 [00:28<09:51, 15279191.31B/s]
   GAP-twitter:   5%|▍         | 436568064/9469180207 [00:28<09:29, 15864055.92B/s]
   GAP-twitter:   5%|▍         | 438173696/9469180207 [00:28<09:56, 15146577.58B/s]
   GAP-twitter:   5%|▍         | 439959552/9469180207 [00:28<09:28, 15878005.61B/s]
   GAP-twitter:   5%|▍         | 441745408/9469180207 [00:28<09:09, 16432984.15B/s]
   GAP-twitter:   5%|▍         | 443416576/9469180207 [00:28<09:37, 15618102.24B/s]
   GAP-twitter:   5%|▍         | 445202432/9469180207 [00:28<09:15, 16232235.40B/s]
   GAP-twitter:   5%|▍         | 446857216/9469180207 [00:28<09:39, 15572381.15B/s]
   GAP-twitter:   5%|▍         | 448643072/9469180207 [00:28<09:16, 16200103.95B/s]
   GAP-twitter:   5%|▍         | 450281472/9469180207 [00:28<09:42, 15488173.74B/s]
   GAP-twitter:   5%|▍         | 452067328/9469180207 [00:29<09:19, 16125610.10B/s]
   GAP-twitter:   5%|▍         | 453836800/9469180207 [00:29<09:04, 16565561.39B/s]
   GAP-twitter:   5%|▍         | 455507968/9469180207 [00:29<09:30, 15803676.37B/s]
   GAP-twitter:   5%|▍         | 457277440/9469180207 [00:29<09:11, 16332180.34B/s]
   GAP-twitter:   5%|▍         | 458932224/9469180207 [00:29<09:35, 15653420.35B/s]
   GAP-twitter:   5%|▍         | 460570624/9469180207 [00:29<09:28, 15854724.88B/s]
   GAP-twitter:   5%|▍         | 462176256/9469180207 [00:29<09:28, 15831782.49B/s]
   GAP-twitter:   5%|▍         | 463781888/9469180207 [00:29<10:06, 14841705.26B/s]
   GAP-twitter:   5%|▍         | 465502208/9469180207 [00:29<09:41, 15494708.45B/s]
   GAP-twitter:   5%|▍         | 467075072/9469180207 [00:30<10:03, 14916328.87B/s]
   GAP-twitter:   5%|▍         | 468811776/9469180207 [00:30<09:37, 15590447.44B/s]
   GAP-twitter:   5%|▍         | 470401024/9469180207 [00:30<10:00, 14995683.11B/s]
   GAP-twitter:   5%|▍         | 472104960/9469180207 [00:30<09:38, 15561359.65B/s]
   GAP-twitter:   5%|▌         | 473808896/9469180207 [00:30<09:23, 15955076.19B/s]
   GAP-twitter:   5%|▌         | 475430912/9469180207 [00:30<09:57, 15060155.30B/s]
   GAP-twitter:   5%|▌         | 477118464/9469180207 [00:30<09:37, 15564109.42B/s]
   GAP-twitter:   5%|▌         | 478691328/9469180207 [00:30<10:03, 14889605.56B/s]
   GAP-twitter:   5%|▌         | 480378880/9469180207 [00:30<09:42, 15432462.34B/s]
   GAP-twitter:   5%|▌         | 482082816/9469180207 [00:31<09:26, 15852971.42B/s]
   GAP-twitter:   5%|▌         | 483688448/9469180207 [00:31<09:57, 15032564.54B/s]
   GAP-twitter:   5%|▌         | 485343232/9469180207 [00:31<09:41, 15456635.02B/s]
   GAP-twitter:   5%|▌         | 486916096/9469180207 [00:31<10:03, 14871908.78B/s]
   GAP-twitter:   5%|▌         | 488603648/9469180207 [00:31<09:42, 15407036.20B/s]
   GAP-twitter:   5%|▌         | 490356736/9469180207 [00:31<09:21, 15987194.58B/s]
   GAP-twitter:   5%|▌         | 491978752/9469180207 [00:31<09:52, 15154113.94B/s]
   GAP-twitter:   5%|▌         | 493731840/9469180207 [00:31<09:27, 15814722.90B/s]
   GAP-twitter:   5%|▌         | 495337472/9469180207 [00:31<09:51, 15179794.45B/s]
   GAP-twitter:   5%|▌         | 497090560/9469180207 [00:32<09:27, 15813562.51B/s]
   GAP-twitter:   5%|▌         | 498696192/9469180207 [00:32<09:52, 15147538.22B/s]
   GAP-twitter:   5%|▌         | 500514816/9469180207 [00:32<09:20, 15990209.04B/s]
   GAP-twitter:   5%|▌         | 502284288/9469180207 [00:32<09:04, 16456904.23B/s]
   GAP-twitter:   5%|▌         | 503955456/9469180207 [00:32<09:34, 15605380.78B/s]
   GAP-twitter:   5%|▌         | 505741312/9469180207 [00:32<09:12, 16229100.12B/s]
   GAP-twitter:   5%|▌         | 507396096/9469180207 [00:32<09:35, 15568454.62B/s]
   GAP-twitter:   5%|▌         | 509214720/9469180207 [00:32<09:10, 16269606.40B/s]
   GAP-twitter:   5%|▌         | 510869504/9469180207 [00:32<09:31, 15678824.29B/s]
   GAP-twitter:   5%|▌         | 512671744/9469180207 [00:32<09:09, 16313571.99B/s]
   GAP-twitter:   5%|▌         | 514506752/9469180207 [00:33<08:50, 16864039.64B/s]
   GAP-twitter:   5%|▌         | 516210688/9469180207 [00:33<09:19, 15987845.93B/s]
   GAP-twitter:   5%|▌         | 518012928/9469180207 [00:33<09:01, 16526126.46B/s]
   GAP-twitter:   5%|▌         | 519684096/9469180207 [00:33<09:28, 15737249.88B/s]
   GAP-twitter:   6%|▌         | 521453568/9469180207 [00:33<09:10, 16243600.10B/s]
   GAP-twitter:   6%|▌         | 523108352/9469180207 [00:33<09:38, 15468732.38B/s]
   GAP-twitter:   6%|▌         | 524828672/9469180207 [00:33<09:21, 15915429.33B/s]
   GAP-twitter:   6%|▌         | 526565376/9469180207 [00:33<09:08, 16305454.95B/s]
   GAP-twitter:   6%|▌         | 528220160/9469180207 [00:33<09:38, 15465361.12B/s]
   GAP-twitter:   6%|▌         | 529940480/9469180207 [00:34<09:21, 15933152.54B/s]
   GAP-twitter:   6%|▌         | 531562496/9469180207 [00:34<09:56, 14990089.81B/s]
   GAP-twitter:   6%|▌         | 533184512/9469180207 [00:34<09:43, 15323246.27B/s]
   GAP-twitter:   6%|▌         | 534773760/9469180207 [00:34<10:03, 14801071.46B/s]
   GAP-twitter:   6%|▌         | 536428544/9469180207 [00:34<09:44, 15276240.94B/s]
   GAP-twitter:   6%|▌         | 538050560/9469180207 [00:34<09:34, 15542692.87B/s]
   GAP-twitter:   6%|▌         | 539623424/9469180207 [00:34<10:01, 14833676.25B/s]
   GAP-twitter:   6%|▌         | 541360128/9469180207 [00:34<09:35, 15517620.25B/s]
   GAP-twitter:   6%|▌         | 542932992/9469180207 [00:34<09:54, 15011376.05B/s]
   GAP-twitter:   6%|▌         | 544686080/9469180207 [00:35<09:28, 15687273.53B/s]
   GAP-twitter:   6%|▌         | 546390016/9469180207 [00:35<09:15, 16061267.83B/s]
   GAP-twitter:   6%|▌         | 548012032/9469180207 [00:35<09:48, 15148143.41B/s]
   GAP-twitter:   6%|▌         | 549715968/9469180207 [00:35<09:29, 15675287.17B/s]
   GAP-twitter:   6%|▌         | 551403520/9469180207 [00:35<09:17, 15995918.83B/s]
   GAP-twitter:   6%|▌         | 553025536/9469180207 [00:35<09:43, 15286818.15B/s]
   GAP-twitter:   6%|▌         | 554778624/9469180207 [00:35<09:21, 15886963.24B/s]
   GAP-twitter:   6%|▌         | 556384256/9469180207 [00:35<09:53, 15011677.26B/s]
   GAP-twitter:   6%|▌         | 558071808/9469180207 [00:35<09:34, 15507376.11B/s]
   GAP-twitter:   6%|▌         | 559644672/9469180207 [00:36<10:04, 14746305.74B/s]
   GAP-twitter:   6%|▌         | 561414144/9469180207 [00:36<09:32, 15565786.74B/s]
   GAP-twitter:   6%|▌         | 563200000/9469180207 [00:36<09:10, 16192119.32B/s]
   GAP-twitter:   6%|▌         | 564838400/9469180207 [00:36<09:40, 15326861.68B/s]
   GAP-twitter:   6%|▌         | 566624256/9469180207 [00:36<09:16, 16008138.23B/s]
   GAP-twitter:   6%|▌         | 568246272/9469180207 [00:36<09:52, 15019102.67B/s]
   GAP-twitter:   6%|▌         | 569901056/9469180207 [00:36<09:37, 15410319.16B/s]
   GAP-twitter:   6%|▌         | 571473920/9469180207 [00:36<10:03, 14735044.77B/s]
   GAP-twitter:   6%|▌         | 573210624/9469180207 [00:36<09:35, 15452483.84B/s]
   GAP-twitter:   6%|▌         | 574980096/9469180207 [00:36<09:14, 16046776.55B/s]
   GAP-twitter:   6%|▌         | 576602112/9469180207 [00:37<09:42, 15274620.20B/s]
   GAP-twitter:   6%|▌         | 578338816/9469180207 [00:37<09:20, 15858774.89B/s]
   GAP-twitter:   6%|▌         | 579944448/9469180207 [00:37<09:43, 15229070.18B/s]
   GAP-twitter:   6%|▌         | 581713920/9469180207 [00:37<09:19, 15889131.49B/s]
   GAP-twitter:   6%|▌         | 583467008/9469180207 [00:37<09:41, 15286660.21B/s]
   GAP-twitter:   6%|▌         | 585203712/9469180207 [00:37<09:20, 15846904.96B/s]
   GAP-twitter:   6%|▌         | 586956800/9469180207 [00:37<09:04, 16317616.93B/s]
   GAP-twitter:   6%|▌         | 588611584/9469180207 [00:37<09:37, 15366872.00B/s]
   GAP-twitter:   6%|▌         | 590364672/9469180207 [00:37<09:16, 15952964.04B/s]
   GAP-twitter:   6%|▋         | 591986688/9469180207 [00:38<09:40, 15292564.45B/s]
   GAP-twitter:   6%|▋         | 593674240/9469180207 [00:38<09:25, 15682684.57B/s]
   GAP-twitter:   6%|▋         | 595410944/9469180207 [00:38<09:09, 16154422.53B/s]
   GAP-twitter:   6%|▋         | 597049344/9469180207 [00:38<09:38, 15341058.91B/s]
   GAP-twitter:   6%|▋         | 598736896/9469180207 [00:38<09:22, 15769324.31B/s]
   GAP-twitter:   6%|▋         | 600342528/9469180207 [00:38<09:47, 15085687.45B/s]
   GAP-twitter:   6%|▋         | 602095616/9469180207 [00:38<09:23, 15748508.63B/s]
   GAP-twitter:   6%|▋         | 603684864/9469180207 [00:38<09:47, 15102859.34B/s]
   GAP-twitter:   6%|▋         | 605470720/9469180207 [00:38<09:18, 15866454.48B/s]
   GAP-twitter:   6%|▋         | 607223808/9469180207 [00:39<09:03, 16300039.41B/s]
   GAP-twitter:   6%|▋         | 608878592/9469180207 [00:39<09:33, 15458336.26B/s]
   GAP-twitter:   6%|▋         | 610631680/9469180207 [00:39<09:13, 16010272.56B/s]
   GAP-twitter:   6%|▋         | 612253696/9469180207 [00:39<09:38, 15302837.61B/s]
   GAP-twitter:   6%|▋         | 614023168/9469180207 [00:39<09:14, 15968251.22B/s]
   GAP-twitter:   7%|▋         | 615792640/9469180207 [00:39<08:58, 16437232.69B/s]
   GAP-twitter:   7%|▋         | 617463808/9469180207 [00:39<09:23, 15697642.76B/s]
   GAP-twitter:   7%|▋         | 619184128/9469180207 [00:39<09:10, 16082313.07B/s]
   GAP-twitter:   7%|▋         | 620806144/9469180207 [00:39<09:38, 15293577.06B/s]
   GAP-twitter:   7%|▋         | 622608384/9469180207 [00:40<09:11, 16055344.26B/s]
   GAP-twitter:   7%|▋         | 624230400/9469180207 [00:40<09:32, 15441102.89B/s]
   GAP-twitter:   7%|▋         | 626065408/9469180207 [00:40<09:05, 16221820.90B/s]
   GAP-twitter:   7%|▋         | 627867648/9469180207 [00:40<08:48, 16724662.09B/s]
   GAP-twitter:   7%|▋         | 629555200/9469180207 [00:40<09:16, 15873250.26B/s]
   GAP-twitter:   7%|▋         | 631341056/9469180207 [00:40<08:58, 16411496.02B/s]
   GAP-twitter:   7%|▋         | 633012224/9469180207 [00:40<09:26, 15604839.55B/s]
   GAP-twitter:   7%|▋         | 634798080/9469180207 [00:40<09:05, 16206635.77B/s]
   GAP-twitter:   7%|▋         | 636583936/9469180207 [00:40<08:49, 16671113.61B/s]
   GAP-twitter:   7%|▋         | 638271488/9469180207 [00:40<09:15, 15907689.08B/s]
   GAP-twitter:   7%|▋         | 640073728/9469180207 [00:41<08:55, 16492533.51B/s]
   GAP-twitter:   7%|▋         | 641744896/9469180207 [00:41<09:27, 15557633.71B/s]
   GAP-twitter:   7%|▋         | 643612672/9469180207 [00:41<08:58, 16388963.95B/s]
   GAP-twitter:   7%|▋         | 645283840/9469180207 [00:41<09:33, 15395668.39B/s]
   GAP-twitter:   7%|▋         | 647053312/9469180207 [00:41<09:11, 16004751.62B/s]
   GAP-twitter:   7%|▋         | 648839168/9469180207 [00:41<08:54, 16491718.39B/s]
   GAP-twitter:   7%|▋         | 650510336/9469180207 [00:41<09:26, 15573275.07B/s]
   GAP-twitter:   7%|▋         | 652263424/9469180207 [00:41<09:07, 16097051.52B/s]
   GAP-twitter:   7%|▋         | 653901824/9469180207 [00:41<09:34, 15338396.97B/s]
   GAP-twitter:   7%|▋         | 655638528/9469180207 [00:42<09:15, 15865732.93B/s]
   GAP-twitter:   7%|▋         | 657342464/9469180207 [00:42<09:38, 15241989.29B/s]
   GAP-twitter:   7%|▋         | 659062784/9469180207 [00:42<09:18, 15782079.71B/s]
   GAP-twitter:   7%|▋         | 660750336/9469180207 [00:42<09:08, 16045906.39B/s]
   GAP-twitter:   7%|▋         | 662372352/9469180207 [00:42<09:42, 15122188.23B/s]
   GAP-twitter:   7%|▋         | 664010752/9469180207 [00:42<09:29, 15460173.52B/s]
   GAP-twitter:   7%|▋         | 665616384/9469180207 [00:42<09:58, 14707714.53B/s]
   GAP-twitter:   7%|▋         | 667287552/9469180207 [00:42<09:37, 15234149.41B/s]
   GAP-twitter:   7%|▋         | 668958720/9469180207 [00:42<09:22, 15635508.26B/s]
   GAP-twitter:   7%|▋         | 670547968/9469180207 [00:43<09:52, 14839182.35B/s]
   GAP-twitter:   7%|▋         | 672186368/9469180207 [00:43<09:37, 15232236.75B/s]
   GAP-twitter:   7%|▋         | 673742848/9469180207 [00:43<10:04, 14550435.22B/s]
   GAP-twitter:   7%|▋         | 675414016/9469180207 [00:43<09:41, 15132662.54B/s]
   GAP-twitter:   7%|▋         | 677085184/9469180207 [00:43<09:24, 15566113.77B/s]
   GAP-twitter:   7%|▋         | 678658048/9469180207 [00:43<09:57, 14714946.11B/s]
   GAP-twitter:   7%|▋         | 680329216/9469180207 [00:43<09:36, 15244608.33B/s]
   GAP-twitter:   7%|▋         | 681869312/9469180207 [00:43<10:03, 14552370.37B/s]
   GAP-twitter:   7%|▋         | 683524096/9469180207 [00:43<09:42, 15087991.97B/s]
   GAP-twitter:   7%|▋         | 685162496/9469180207 [00:44<09:29, 15422698.46B/s]
   GAP-twitter:   7%|▋         | 686718976/9469180207 [00:44<10:03, 14541201.52B/s]
   GAP-twitter:   7%|▋         | 688373760/9469180207 [00:44<09:41, 15090607.33B/s]
   GAP-twitter:   7%|▋         | 689930240/9469180207 [00:44<10:10, 14388720.97B/s]
   GAP-twitter:   7%|▋         | 691585024/9469180207 [00:44<09:45, 14982062.87B/s]
   GAP-twitter:   7%|▋         | 693256192/9469180207 [00:44<09:27, 15457771.80B/s]
   GAP-twitter:   7%|▋         | 694829056/9469180207 [00:44<09:57, 14684467.99B/s]
   GAP-twitter:   7%|▋         | 696451072/9469180207 [00:44<09:41, 15095796.40B/s]
   GAP-twitter:   7%|▋         | 698105856/9469180207 [00:44<09:25, 15507402.77B/s]
   GAP-twitter:   7%|▋         | 699678720/9469180207 [00:45<09:56, 14711470.65B/s]
   GAP-twitter:   7%|▋         | 701349888/9469180207 [00:45<09:35, 15236940.12B/s]
   GAP-twitter:   7%|▋         | 702889984/9469180207 [00:45<10:02, 14550000.87B/s]
   GAP-twitter:   7%|▋         | 704561152/9469180207 [00:45<09:38, 15147532.69B/s]
   GAP-twitter:   7%|▋         | 706232320/9469180207 [00:45<09:22, 15591193.19B/s]
   GAP-twitter:   7%|▋         | 707805184/9469180207 [00:45<09:53, 14755513.38B/s]
   GAP-twitter:   7%|▋         | 709459968/9469180207 [00:45<09:34, 15249067.87B/s]
   GAP-twitter:   8%|▊         | 711000064/9469180207 [00:45<10:01, 14551536.43B/s]
   GAP-twitter:   8%|▊         | 712638464/9469180207 [00:45<09:42, 15041282.53B/s]
   GAP-twitter:   8%|▊         | 714260480/9469180207 [00:45<09:29, 15359604.08B/s]
   GAP-twitter:   8%|▊         | 715816960/9469180207 [00:46<10:00, 14573272.95B/s]
   GAP-twitter:   8%|▊         | 717488128/9469180207 [00:46<09:38, 15140351.41B/s]
   GAP-twitter:   8%|▊         | 719028224/9469180207 [00:46<10:04, 14481204.50B/s]
   GAP-twitter:   8%|▊         | 720683008/9469180207 [00:46<09:41, 15052687.30B/s]
   GAP-twitter:   8%|▊         | 722337792/9469180207 [00:46<09:26, 15450897.68B/s]
   GAP-twitter:   8%|▊         | 723894272/9469180207 [00:46<09:55, 14693676.31B/s]
   GAP-twitter:   8%|▊         | 725565440/9469180207 [00:46<09:33, 15246416.72B/s]
   GAP-twitter:   8%|▊         | 727105536/9469180207 [00:46<10:00, 14550581.59B/s]
   GAP-twitter:   8%|▊         | 728743936/9469180207 [00:46<09:40, 15048572.06B/s]
   GAP-twitter:   8%|▊         | 730398720/9469180207 [00:47<09:24, 15472828.95B/s]
   GAP-twitter:   8%|▊         | 731971584/9469180207 [00:47<09:53, 14715673.22B/s]
   GAP-twitter:   8%|▊         | 733593600/9469180207 [00:47<09:37, 15130053.57B/s]
   GAP-twitter:   8%|▊         | 735133696/9469180207 [00:47<10:05, 14430038.68B/s]
   GAP-twitter:   8%|▊         | 736788480/9469180207 [00:47<09:41, 15020775.72B/s]
   GAP-twitter:   8%|▊         | 738410496/9469180207 [00:47<09:29, 15318657.99B/s]
   GAP-twitter:   8%|▊         | 739966976/9469180207 [00:47<09:57, 14620816.63B/s]
   GAP-twitter:   8%|▊         | 741638144/9469180207 [00:47<09:35, 15164918.93B/s]
   GAP-twitter:   8%|▊         | 743178240/9469180207 [00:47<10:03, 14460247.05B/s]
   GAP-twitter:   8%|▊         | 744833024/9469180207 [00:48<09:40, 15036937.51B/s]
   GAP-twitter:   8%|▊         | 746471424/9469180207 [00:48<09:25, 15420694.77B/s]
   GAP-twitter:   8%|▊         | 748027904/9469180207 [00:48<09:55, 14646384.94B/s]
   GAP-twitter:   8%|▊         | 749666304/9469180207 [00:48<09:36, 15131030.05B/s]
   GAP-twitter:   8%|▊         | 751321088/9469180207 [00:48<09:23, 15470128.26B/s]
   GAP-twitter:   8%|▊         | 752893952/9469180207 [00:48<09:50, 14757137.90B/s]
   GAP-twitter:   8%|▊         | 754565120/9469180207 [00:48<09:29, 15297895.21B/s]
   GAP-twitter:   8%|▊         | 756121600/9469180207 [00:48<09:56, 14609706.78B/s]
   GAP-twitter:   8%|▊         | 757776384/9469180207 [00:48<09:35, 15150018.57B/s]
   GAP-twitter:   8%|▊         | 759447552/9469180207 [00:48<09:19, 15560146.38B/s]
   GAP-twitter:   8%|▊         | 761020416/9469180207 [00:49<09:51, 14716223.54B/s]
   GAP-twitter:   8%|▊         | 762691584/9469180207 [00:49<09:31, 15239999.08B/s]
   GAP-twitter:   8%|▊         | 764231680/9469180207 [00:49<10:04, 14396072.47B/s]
   GAP-twitter:   8%|▊         | 765886464/9469180207 [00:49<09:40, 14983008.39B/s]
   GAP-twitter:   8%|▊         | 767557632/9469180207 [00:49<09:23, 15429246.57B/s]
   GAP-twitter:   8%|▊         | 769130496/9469180207 [00:49<09:52, 14682393.19B/s]
   GAP-twitter:   8%|▊         | 770801664/9469180207 [00:49<09:30, 15242868.74B/s]
   GAP-twitter:   8%|▊         | 772341760/9469180207 [00:49<09:57, 14558428.86B/s]
   GAP-twitter:   8%|▊         | 774012928/9469180207 [00:49<09:33, 15152149.43B/s]
   GAP-twitter:   8%|▊         | 775684096/9469180207 [00:50<09:18, 15572133.58B/s]
   GAP-twitter:   8%|▊         | 777256960/9469180207 [00:50<09:47, 14800891.96B/s]
   GAP-twitter:   8%|▊         | 778895360/9469180207 [00:50<09:30, 15242768.58B/s]
   GAP-twitter:   8%|▊         | 780435456/9469180207 [00:50<09:57, 14547232.80B/s]
   GAP-twitter:   8%|▊         | 782090240/9469180207 [00:50<09:36, 15078233.36B/s]
   GAP-twitter:   8%|▊         | 783728640/9469180207 [00:50<09:22, 15428870.18B/s]
   GAP-twitter:   8%|▊         | 785285120/9469180207 [00:50<09:50, 14697612.62B/s]
   GAP-twitter:   8%|▊         | 786923520/9469180207 [00:50<09:32, 15168048.28B/s]
   GAP-twitter:   8%|▊         | 788463616/9469180207 [00:50<09:58, 14504173.22B/s]
   GAP-twitter:   8%|▊         | 790102016/9469180207 [00:51<09:38, 15012852.61B/s]
   GAP-twitter:   8%|▊         | 791740416/9469180207 [00:51<09:24, 15359345.49B/s]
   GAP-twitter:   8%|▊         | 793296896/9469180207 [00:51<09:55, 14564492.54B/s]
   GAP-twitter:   8%|▊         | 794951680/9469180207 [00:51<09:34, 15111423.41B/s]
   GAP-twitter:   8%|▊         | 796491776/9469180207 [00:51<10:09, 14231863.68B/s]
   GAP-twitter:   8%|▊         | 798130176/9469180207 [00:51<09:46, 14795324.39B/s]
   GAP-twitter:   8%|▊         | 799817728/9469180207 [00:51<09:24, 15364771.53B/s]
   GAP-twitter:   8%|▊         | 801374208/9469180207 [00:51<09:53, 14602053.66B/s]
   GAP-twitter:   8%|▊         | 803028992/9469180207 [00:51<09:32, 15128591.42B/s]
   GAP-twitter:   8%|▊         | 804569088/9469180207 [00:52<10:01, 14395331.80B/s]
   GAP-twitter:   9%|▊         | 806174720/9469180207 [00:52<09:43, 14855423.10B/s]
   GAP-twitter:   9%|▊         | 807829504/9469180207 [00:52<09:25, 15319249.70B/s]
   GAP-twitter:   9%|▊         | 809385984/9469180207 [00:52<09:53, 14584495.26B/s]
   GAP-twitter:   9%|▊         | 811057152/9469180207 [00:52<09:31, 15151325.22B/s]
   GAP-twitter:   9%|▊         | 812597248/9469180207 [00:52<09:58, 14456926.67B/s]
   GAP-twitter:   9%|▊         | 814268416/9469180207 [00:52<09:33, 15086840.70B/s]
   GAP-twitter:   9%|▊         | 815939584/9469180207 [00:52<09:16, 15548177.62B/s]
   GAP-twitter:   9%|▊         | 817512448/9469180207 [00:52<09:45, 14766472.89B/s]
   GAP-twitter:   9%|▊         | 819183616/9469180207 [00:52<09:25, 15285589.52B/s]
   GAP-twitter:   9%|▊         | 820740096/9469180207 [00:53<09:52, 14588972.23B/s]
   GAP-twitter:   9%|▊         | 822394880/9469180207 [00:53<09:31, 15135092.81B/s]
   GAP-twitter:   9%|▊         | 824033280/9469180207 [00:53<09:18, 15478987.24B/s]
   GAP-twitter:   9%|▊         | 825606144/9469180207 [00:53<09:47, 14705881.21B/s]
   GAP-twitter:   9%|▊         | 827277312/9469180207 [00:53<09:26, 15266164.83B/s]
   GAP-twitter:   9%|▉         | 828833792/9469180207 [00:53<09:52, 14585723.86B/s]
   GAP-twitter:   9%|▉         | 830472192/9469180207 [00:53<09:33, 15066157.47B/s]
   GAP-twitter:   9%|▉         | 832110592/9469180207 [00:53<09:19, 15430073.44B/s]
   GAP-twitter:   9%|▉         | 833667072/9469180207 [00:53<09:51, 14591290.90B/s]
   GAP-twitter:   9%|▉         | 835338240/9469180207 [00:54<09:28, 15174024.37B/s]
   GAP-twitter:   9%|▉         | 836878336/9469180207 [00:54<09:55, 14490235.81B/s]
   GAP-twitter:   9%|▉         | 838369280/9469180207 [00:54<09:52, 14575598.82B/s]
   GAP-twitter:   9%|▉         | 839892992/9469180207 [00:54<09:44, 14760630.69B/s]
   GAP-twitter:   9%|▉         | 841383936/9469180207 [00:54<10:06, 14227826.72B/s]
   GAP-twitter:   9%|▉         | 843022336/9469180207 [00:54<09:41, 14838651.78B/s]
   GAP-twitter:   9%|▉         | 844693504/9469180207 [00:54<09:21, 15357405.55B/s]
   GAP-twitter:   9%|▉         | 846249984/9469180207 [00:54<09:51, 14571282.47B/s]
   GAP-twitter:   9%|▉         | 847904768/9469180207 [00:54<09:30, 15124416.42B/s]
   GAP-twitter:   9%|▉         | 849526784/9469180207 [00:55<09:57, 14415733.25B/s]
   GAP-twitter:   9%|▉         | 851165184/9469180207 [00:55<09:36, 14959325.67B/s]
   GAP-twitter:   9%|▉         | 852819968/9469180207 [00:55<09:19, 15397460.61B/s]
   GAP-twitter:   9%|▉         | 854376448/9469180207 [00:55<09:48, 14635823.38B/s]
   GAP-twitter:   9%|▉         | 856031232/9469180207 [00:55<09:27, 15171484.30B/s]
   GAP-twitter:   9%|▉         | 857686016/9469180207 [00:55<09:13, 15554671.76B/s]
   GAP-twitter:   9%|▉         | 859258880/9469180207 [00:55<09:43, 14751198.55B/s]
   GAP-twitter:   9%|▉         | 860913664/9469180207 [00:55<09:24, 15237442.31B/s]
   GAP-twitter:   9%|▉         | 862453760/9469180207 [00:55<09:54, 14476314.73B/s]
   GAP-twitter:   9%|▉         | 864124928/9469180207 [00:56<09:31, 15064484.69B/s]
   GAP-twitter:   9%|▉         | 865779712/9469180207 [00:56<09:16, 15456022.14B/s]
   GAP-twitter:   9%|▉         | 867352576/9469180207 [00:56<09:45, 14696896.05B/s]
   GAP-twitter:   9%|▉         | 869023744/9469180207 [00:56<09:24, 15221606.98B/s]
   GAP-twitter:   9%|▉         | 870563840/9469180207 [00:56<09:52, 14509261.76B/s]
   GAP-twitter:   9%|▉         | 872218624/9469180207 [00:56<09:31, 15045792.20B/s]
   GAP-twitter:   9%|▉         | 873873408/9469180207 [00:56<09:15, 15465002.75B/s]
   GAP-twitter:   9%|▉         | 875446272/9469180207 [00:56<09:44, 14714553.06B/s]
   GAP-twitter:   9%|▉         | 877117440/9469180207 [00:56<09:22, 15264742.09B/s]
   GAP-twitter:   9%|▉         | 878673920/9469180207 [00:56<09:48, 14590061.82B/s]
   GAP-twitter:   9%|▉         | 881983488/9469180207 [00:57<07:14, 19754003.72B/s]
   GAP-twitter:   9%|▉         | 885194752/9469180207 [00:57<06:08, 23273440.78B/s]
   GAP-twitter:   9%|▉         | 888373248/9469180207 [00:57<05:33, 25712762.42B/s]
   GAP-twitter:   9%|▉         | 891633664/9469180207 [00:57<05:09, 27721408.01B/s]
   GAP-twitter:   9%|▉         | 894877696/9469180207 [00:57<04:55, 29052623.67B/s]
   GAP-twitter:   9%|▉         | 899006464/9469180207 [00:57<04:37, 30836926.70B/s]
   GAP-twitter:  10%|▉         | 903053312/9469180207 [00:57<04:15, 33581759.44B/s]
   GAP-twitter:  10%|▉         | 906428416/9469180207 [00:57<04:16, 33426037.65B/s]
   GAP-twitter:  10%|▉         | 909787136/9469180207 [00:57<04:17, 33195590.38B/s]
   GAP-twitter:  10%|▉         | 913129472/9469180207 [00:58<04:18, 33068384.49B/s]
   GAP-twitter:  10%|▉         | 916455424/9469180207 [00:58<04:21, 32730403.78B/s]
   GAP-twitter:  10%|▉         | 919732224/9469180207 [00:58<04:23, 32504622.71B/s]
   
   asv: benchmark timed out (timeout 60s)
   
   For parameters: bfs_gap_inputs.GAP/GAP-web_49397052
   INFO root: Dataset suitesparse_matrix.GAP/GAP-web manifest metadata is stale.
   
   GAP-web:   0%|          | 0/8300343137 [00:00<?, ?B/s]
   GAP-web:   0%|          | 344064/8300343137 [00:00<40:26, 3420256.94B/s]
   GAP-web:   0%|          | 1048576/8300343137 [00:00<24:56, 5544908.00B/s]
   GAP-web:   0%|          | 1933312/8300343137 [00:00<20:12, 6841940.70B/s]
   GAP-web:   0%|          | 3096576/8300343137 [00:00<16:52, 8194393.60B/s]
   GAP-web:   0%|          | 4292608/8300343137 [00:00<14:36, 9467298.26B/s]
   GAP-web:   0%|          | 5570560/8300343137 [00:00<13:06, 10544461.63B/s]
   GAP-web:   0%|          | 6848512/8300343137 [00:00<12:24, 11135459.27B/s]
   GAP-web:   0%|          | 8323072/8300343137 [00:00<11:30, 12003122.09B/s]
   GAP-web:   0%|          | 9961472/8300343137 [00:00<10:23, 13298829.41B/s]
   GAP-web:   0%|          | 11632640/8300343137 [00:01<09:39, 14303442.48B/s]
   GAP-web:   0%|          | 13303808/8300343137 [00:01<09:11, 15020501.84B/s]
   GAP-web:   0%|          | 15106048/8300343137 [00:01<08:40, 15919836.10B/s]
   GAP-web:   0%|          | 16875520/8300343137 [00:01<08:24, 16428564.03B/s]
   GAP-web:   0%|          | 18726912/8300343137 [00:01<08:06, 17008019.21B/s]
   GAP-web:   0%|          | 20463616/8300343137 [00:01<08:04, 17087397.66B/s]
   GAP-web:   0%|          | 22265856/8300343137 [00:01<07:57, 17325848.00B/s]
   GAP-web:   0%|          | 24035328/8300343137 [00:01<07:55, 17388940.79B/s]
   GAP-web:   0%|          | 25788416/8300343137 [00:01<08:03, 17122182.95B/s]
   GAP-web:   0%|          | 27508736/8300343137 [00:01<08:07, 16973103.51B/s]
   GAP-web:   0%|          | 29212672/8300343137 [00:02<08:13, 16750002.25B/s]
   GAP-web:   0%|          | 30900224/8300343137 [00:02<08:12, 16774064.39B/s]
   GAP-web:   0%|          | 32653312/8300343137 [00:02<08:06, 16978326.88B/s]
   GAP-web:   0%|          | 34357248/8300343137 [00:02<08:18, 16585009.62B/s]
   GAP-web:   0%|          | 36028416/8300343137 [00:02<08:33, 16101230.60B/s]
   GAP-web:   0%|          | 37666816/8300343137 [00:02<08:30, 16175485.90B/s]
   GAP-web:   0%|          | 39387136/8300343137 [00:02<08:22, 16425773.90B/s]
   GAP-web:   0%|          | 41189376/8300343137 [00:02<08:09, 16860212.33B/s]
   GAP-web:   1%|          | 42893312/8300343137 [00:02<08:20, 16494813.10B/s]
   GAP-web:   1%|          | 44548096/8300343137 [00:02<08:35, 16004924.81B/s]
   GAP-web:   1%|          | 46153728/8300343137 [00:03<08:47, 15660569.80B/s]
   GAP-web:   1%|          | 47775744/8300343137 [00:03<08:42, 15801932.90B/s]
   GAP-web:   1%|          | 49364992/8300343137 [00:03<08:47, 15654736.86B/s]
   GAP-web:   1%|          | 50937856/8300343137 [00:03<08:50, 15555489.24B/s]
   GAP-web:   1%|          | 52510720/8300343137 [00:03<08:51, 15521183.40B/s]
   GAP-web:   1%|          | 54067200/8300343137 [00:03<08:53, 15452527.95B/s]
   GAP-web:   1%|          | 55623680/8300343137 [00:03<08:57, 15336426.42B/s]
   GAP-web:   1%|          | 57212928/8300343137 [00:03<08:52, 15473493.92B/s]
   GAP-web:   1%|          | 58769408/8300343137 [00:03<08:53, 15446305.44B/s]
   GAP-web:   1%|          | 60489728/8300343137 [00:04<08:37, 15935533.68B/s]
   GAP-web:   1%|          | 62111744/8300343137 [00:04<08:35, 15970566.87B/s]
   GAP-web:   1%|          | 63766528/8300343137 [00:04<08:30, 16127613.87B/s]
   GAP-web:   1%|          | 65503232/8300343137 [00:04<08:19, 16478219.64B/s]
   GAP-web:   1%|          | 67158016/8300343137 [00:04<08:19, 16478272.18B/s]
   GAP-web:   1%|          | 68943872/8300343137 [00:04<08:08, 16851876.91B/s]
   GAP-web:   1%|          | 70696960/8300343137 [00:04<08:03, 17017996.78B/s]
   GAP-web:   1%|          | 72450048/8300343137 [00:04<07:59, 17152514.40B/s]
   GAP-web:   1%|          | 74285056/8300343137 [00:04<07:49, 17509792.24B/s]
   GAP-web:   1%|          | 76070912/8300343137 [00:04<07:46, 17612474.62B/s]
   GAP-web:   1%|          | 77840384/8300343137 [00:05<07:51, 17445314.42B/s]
   GAP-web:   1%|          | 79626240/8300343137 [00:05<07:48, 17538684.93B/s]
   GAP-web:   1%|          | 81395712/8300343137 [00:05<08:08, 16816308.32B/s]
   GAP-web:   1%|          | 83099648/8300343137 [00:05<08:11, 16732290.95B/s]
   GAP-web:   1%|          | 84787200/8300343137 [00:05<08:19, 16459155.21B/s]
   GAP-web:   1%|          | 86441984/8300343137 [00:05<08:21, 16380717.98B/s]
   GAP-web:   1%|          | 88096768/8300343137 [00:05<09:13, 14833610.74B/s]
   GAP-web:   1%|          | 89620480/8300343137 [00:05<09:20, 14648807.04B/s]
   GAP-web:   1%|          | 91111424/8300343137 [00:05<09:25, 14529373.50B/s]
   GAP-web:   1%|          | 92585984/8300343137 [00:06<09:47, 13968856.04B/s]
   GAP-web:   1%|          | 94044160/8300343137 [00:06<09:40, 14132205.73B/s]
   GAP-web:   1%|          | 95518720/8300343137 [00:06<09:34, 14286089.86B/s]
   GAP-web:   1%|          | 96960512/8300343137 [00:06<09:46, 13983477.41B/s]
   GAP-web:   1%|          | 98779136/8300343137 [00:06<09:01, 15149349.99B/s]
   GAP-web:   1%|          | 100302848/8300343137 [00:06<09:09, 14932294.86B/s]
   GAP-web:   1%|          | 101957632/8300343137 [00:06<08:52, 15398906.45B/s]
   GAP-web:   1%|▏         | 103792640/8300343137 [00:06<08:24, 16233551.12B/s]
   GAP-web:   1%|▏         | 105431040/8300343137 [00:06<08:55, 15316578.62B/s]
   GAP-web:   1%|▏         | 107036672/8300343137 [00:06<08:48, 15489757.97B/s]
   GAP-web:   1%|▏         | 108609536/8300343137 [00:07<09:07, 14975298.13B/s]
   GAP-web:   1%|▏         | 110510080/8300343137 [00:07<08:29, 16089871.98B/s]
   GAP-web:   1%|▏         | 112132096/8300343137 [00:07<08:47, 15519302.26B/s]
   GAP-web:   1%|▏         | 113999872/8300343137 [00:07<08:20, 16370812.24B/s]
   GAP-web:   1%|▏         | 115900416/8300343137 [00:07<07:58, 17104957.83B/s]
   GAP-web:   1%|▏         | 117637120/8300343137 [00:07<08:24, 16207150.95B/s]
   GAP-web:   1%|▏         | 119472128/8300343137 [00:07<08:06, 16803554.80B/s]
   GAP-web:   1%|▏         | 121176064/8300343137 [00:07<08:30, 16007017.25B/s]
   GAP-web:   1%|▏         | 122994688/8300343137 [00:07<08:12, 16609886.35B/s]
   GAP-web:   2%|▏         | 124682240/8300343137 [00:08<08:40, 15721170.01B/s]
   GAP-web:   2%|▏         | 126550016/8300343137 [00:08<08:14, 16518997.03B/s]
   GAP-web:   2%|▏         | 128237568/8300343137 [00:08<08:40, 15703110.50B/s]
   GAP-web:   2%|▏         | 130007040/8300343137 [00:08<08:23, 16233218.11B/s]
   GAP-web:   2%|▏         | 131858432/8300343137 [00:08<08:04, 16866626.98B/s]
   GAP-web:   2%|▏         | 133562368/8300343137 [00:08<08:27, 16082483.81B/s]
   GAP-web:   2%|▏         | 135249920/8300343137 [00:08<08:21, 16284631.19B/s]
   GAP-web:   2%|▏         | 136904704/8300343137 [00:08<09:09, 14857403.65B/s]
   GAP-web:   2%|▏         | 138608640/8300343137 [00:08<08:49, 15401790.65B/s]
   GAP-web:   2%|▏         | 140181504/8300343137 [00:09<08:48, 15443300.77B/s]
   GAP-web:   2%|▏         | 141754368/8300343137 [00:09<09:36, 14157493.57B/s]
   GAP-web:   2%|▏         | 143212544/8300343137 [00:09<10:02, 13533173.59B/s]
   GAP-web:   2%|▏         | 144605184/8300343137 [00:09<11:00, 12342289.94B/s]
   GAP-web:   2%|▏         | 146276352/8300343137 [00:09<10:07, 13432214.21B/s]
   GAP-web:   2%|▏         | 147963904/8300343137 [00:09<09:28, 14343028.41B/s]
   GAP-web:   2%|▏         | 149438464/8300343137 [00:09<09:41, 14008172.46B/s]
   GAP-web:   2%|▏         | 150880256/8300343137 [00:09<09:39, 14055344.93B/s]
   GAP-web:   2%|▏         | 152305664/8300343137 [00:09<10:16, 13221187.22B/s]
   GAP-web:   2%|▏         | 153649152/8300343137 [00:10<11:38, 11669583.43B/s]
   GAP-web:   2%|▏         | 154927104/8300343137 [00:10<11:22, 11936519.49B/s]
   GAP-web:   2%|▏         | 156450816/8300343137 [00:10<10:35, 12815525.05B/s]
   GAP-web:   2%|▏         | 157777920/8300343137 [00:10<10:36, 12797314.77B/s]
   GAP-web:   2%|▏         | 159334400/8300343137 [00:10<10:00, 13556853.29B/s]
   GAP-web:   2%|▏         | 160727040/8300343137 [00:10<10:19, 13146036.68B/s]
   GAP-web:   2%|▏         | 162283520/8300343137 [00:10<09:49, 13797495.98B/s]
   GAP-web:   2%|▏         | 163921920/8300343137 [00:10<09:21, 14491962.42B/s]
   GAP-web:   2%|▏         | 165396480/8300343137 [00:10<09:58, 13591045.44B/s]
   GAP-web:   2%|▏         | 167002112/8300343137 [00:11<09:30, 14266730.20B/s]
   GAP-web:   2%|▏         | 168460288/8300343137 [00:11<10:01, 13526404.44B/s]
   GAP-web:   2%|▏         | 170065920/8300343137 [00:11<09:32, 14211470.25B/s]
   GAP-web:   2%|▏         | 171589632/8300343137 [00:11<09:20, 14492288.04B/s]
   GAP-web:   2%|▏         | 173064192/8300343137 [00:11<09:59, 13558304.35B/s]
   GAP-web:   2%|▏         | 174800896/8300343137 [00:11<09:17, 14575268.41B/s]
   GAP-web:   2%|▏         | 176603136/8300343137 [00:11<08:42, 15536479.18B/s]
   GAP-web:   2%|▏         | 178192384/8300343137 [00:11<09:28, 14289053.39B/s]
   GAP-web:   2%|▏         | 179879936/8300343137 [00:11<09:02, 14964544.07B/s]
   GAP-web:   2%|▏         | 181420032/8300343137 [00:12<09:30, 14227688.19B/s]
   GAP-web:   2%|▏         | 183222272/8300343137 [00:12<08:51, 15264552.86B/s]
   GAP-web:   2%|▏         | 184778752/8300343137 [00:12<09:17, 14565001.59B/s]
   GAP-web:   2%|▏         | 186417152/8300343137 [00:12<08:59, 15039981.50B/s]
   GAP-web:   2%|▏         | 188104704/8300343137 [00:12<08:42, 15519532.99B/s]
   GAP-web:   2%|▏         | 189677568/8300343137 [00:12<09:01, 14975535.54B/s]
   GAP-web:   2%|▏         | 191479808/8300343137 [00:12<08:32, 15833468.38B/s]
   GAP-web:   2%|▏         | 193085440/8300343137 [00:12<09:01, 14970726.83B/s]
   GAP-web:   2%|▏         | 194838528/8300343137 [00:12<08:37, 15672965.29B/s]
   GAP-web:   2%|▏         | 196608000/8300343137 [00:13<08:19, 16211416.12B/s]
   GAP-web:   2%|▏         | 198246400/8300343137 [00:13<08:48, 15331949.63B/s]
   GAP-web:   2%|▏         | 199917568/8300343137 [00:13<08:35, 15705027.98B/s]
   GAP-web:   2%|▏         | 201506816/8300343137 [00:13<09:20, 14454857.68B/s]
   GAP-web:   2%|▏         | 203341824/8300343137 [00:13<08:42, 15496981.52B/s]
   GAP-web:   2%|▏         | 205127680/8300343137 [00:13<08:23, 16078440.50B/s]
   GAP-web:   2%|▏         | 206766080/8300343137 [00:13<08:36, 15658952.34B/s]
   GAP-web:   3%|▎         | 208666624/8300343137 [00:13<08:08, 16567819.76B/s]
   GAP-web:   3%|▎         | 210354176/8300343137 [00:13<08:31, 15821250.26B/s]
   GAP-web:   3%|▎         | 212205568/8300343137 [00:14<08:07, 16574741.92B/s]
   GAP-web:   3%|▎         | 213893120/8300343137 [00:14<08:30, 15845758.37B/s]
   GAP-web:   3%|▎         | 215662592/8300343137 [00:14<08:14, 16345149.82B/s]
   GAP-web:   3%|▎         | 217579520/8300343137 [00:14<08:23, 16038964.72B/s]
   GAP-web:   3%|▎         | 219611136/8300343137 [00:14<07:50, 17176825.48B/s]
   GAP-web:   3%|▎         | 221560832/8300343137 [00:14<08:06, 16614496.73B/s]
   GAP-web:   3%|▎         | 223543296/8300343137 [00:14<07:43, 17441115.09B/s]
   GAP-web:   3%|▎         | 225361920/8300343137 [00:14<07:37, 17636249.38B/s]
   GAP-web:   3%|▎         | 227147776/8300343137 [00:14<08:12, 16395865.01B/s]
   GAP-web:   3%|▎         | 228933632/8300343137 [00:15<08:00, 16792069.53B/s]
   GAP-web:   3%|▎         | 230637568/8300343137 [00:15<08:34, 15699017.86B/s]
   GAP-web:   3%|▎         | 232374272/8300343137 [00:15<08:20, 16127587.86B/s]
   GAP-web:   3%|▎         | 234012672/8300343137 [00:15<08:43, 15414592.17B/s]
   GAP-web:   3%|▎         | 235782144/8300343137 [00:15<08:23, 16026863.57B/s]
   GAP-web:   3%|▎         | 237502464/8300343137 [00:15<08:13, 16334667.20B/s]
   GAP-web:   3%|▎         | 239157248/8300343137 [00:15<08:40, 15490682.16B/s]
   GAP-web:   3%|▎         | 240959488/8300343137 [00:15<08:17, 16191499.44B/s]
   GAP-web:   3%|▎         | 242597888/8300343137 [00:15<08:51, 15152262.99B/s]
   GAP-web:   3%|▎         | 244334592/8300343137 [00:15<08:31, 15747836.91B/s]
   GAP-web:   3%|▎         | 245940224/8300343137 [00:16<08:55, 15051360.03B/s]
   GAP-web:   3%|▎         | 247742464/8300343137 [00:16<08:28, 15826334.59B/s]
   GAP-web:   3%|▎         | 249561088/8300343137 [00:16<08:08, 16477748.42B/s]
   GAP-web:   3%|▎         | 251232256/8300343137 [00:16<08:33, 15665096.14B/s]
   GAP-web:   3%|▎         | 252936192/8300343137 [00:16<08:22, 16029020.82B/s]
   GAP-web:   3%|▎         | 254558208/8300343137 [00:16<09:13, 14540374.51B/s]
   GAP-web:   3%|▎         | 256229376/8300343137 [00:16<08:52, 15113688.92B/s]
   GAP-web:   3%|▎         | 257785856/8300343137 [00:16<09:07, 14702702.75B/s]
   GAP-web:   3%|▎         | 259653632/8300343137 [00:16<08:29, 15775856.92B/s]
   GAP-web:   3%|▎         | 261373952/8300343137 [00:17<08:17, 16168346.47B/s]
   GAP-web:   3%|▎         | 263012352/8300343137 [00:17<08:50, 15154495.91B/s]
   GAP-web:   3%|▎         | 264634368/8300343137 [00:17<08:41, 15419569.40B/s]
   GAP-web:   3%|▎         | 266207232/8300343137 [00:17<09:07, 14669242.78B/s]
   GAP-web:   3%|▎         | 267943936/8300343137 [00:17<08:42, 15372227.96B/s]
   GAP-web:   3%|▎         | 269647872/8300343137 [00:17<08:26, 15842065.58B/s]
   GAP-web:   3%|▎         | 271253504/8300343137 [00:17<08:59, 14871117.66B/s]
   GAP-web:   3%|▎         | 272957440/8300343137 [00:17<08:40, 15424677.24B/s]
   GAP-web:   3%|▎         | 274530304/8300343137 [00:17<09:04, 14732660.73B/s]
   GAP-web:   3%|▎         | 276201472/8300343137 [00:18<08:45, 15272436.49B/s]
   GAP-web:   3%|▎         | 277889024/8300343137 [00:18<09:06, 14684048.94B/s]
   GAP-web:   3%|▎         | 279592960/8300343137 [00:18<08:43, 15322400.32B/s]
   GAP-web:   3%|▎         | 281165824/8300343137 [00:18<08:39, 15435742.85B/s]
   GAP-web:   3%|▎         | 282738688/8300343137 [00:18<08:56, 14937360.31B/s]
   GAP-web:   3%|▎         | 284344320/8300343137 [00:18<08:46, 15237310.43B/s]
   GAP-web:   3%|▎         | 285949952/8300343137 [00:18<09:07, 14641598.81B/s]
   GAP-web:   3%|▎         | 287522816/8300343137 [00:18<08:56, 14926970.07B/s]
   GAP-web:   3%|▎         | 289128448/8300343137 [00:18<08:47, 15181304.71B/s]
   GAP-web:   4%|▎         | 290668544/8300343137 [00:19<09:08, 14604407.17B/s]
   GAP-web:   4%|▎         | 292421632/8300343137 [00:19<08:39, 15405205.61B/s]
   GAP-web:   4%|▎         | 293978112/8300343137 [00:19<09:04, 14710345.69B/s]
   GAP-web:   4%|▎         | 295698432/8300343137 [00:19<08:40, 15368218.54B/s]
   GAP-web:   4%|▎         | 297402368/8300343137 [00:19<08:26, 15815258.59B/s]
   GAP-web:   4%|▎         | 299008000/8300343137 [00:19<08:55, 14939523.00B/s]
   GAP-web:   4%|▎         | 300630016/8300343137 [00:19<08:44, 15264809.32B/s]
   GAP-web:   4%|▎         | 302170112/8300343137 [00:19<09:11, 14495042.84B/s]
   GAP-web:   4%|▎         | 303841280/8300343137 [00:19<08:49, 15111219.41B/s]
   GAP-web:   4%|▎         | 305512448/8300343137 [00:20<08:34, 15551694.55B/s]
   GAP-web:   4%|▎         | 307085312/8300343137 [00:20<09:01, 14760438.23B/s]
   GAP-web:   4%|▎         | 308805632/8300343137 [00:20<08:39, 15390082.38B/s]
   GAP-web:   4%|▎         | 310362112/8300343137 [00:20<09:04, 14675147.67B/s]
   GAP-web:   4%|▍         | 312033280/8300343137 [00:20<08:44, 15235893.87B/s]
   GAP-web:   4%|▍         | 313671680/8300343137 [00:20<09:08, 14553675.65B/s]
   GAP-web:   4%|▍         | 315277312/8300343137 [00:20<08:54, 14927316.72B/s]
   GAP-web:   4%|▍         | 316915712/8300343137 [00:20<08:41, 15306037.49B/s]
   GAP-web:   4%|▍         | 318472192/8300343137 [00:20<09:08, 14551949.26B/s]
   GAP-web:   4%|▍         | 320192512/8300343137 [00:20<08:41, 15291710.05B/s]
   GAP-web:   4%|▍         | 321896448/8300343137 [00:21<08:52, 14995249.46B/s]
   GAP-web:   4%|▍         | 323649536/8300343137 [00:21<08:29, 15670489.10B/s]
   GAP-web:   4%|▍         | 325419008/8300343137 [00:21<08:11, 16235785.29B/s]
   GAP-web:   4%|▍         | 327057408/8300343137 [00:21<08:50, 15018265.93B/s]
   GAP-web:   4%|▍         | 328892416/8300343137 [00:21<08:20, 15935518.62B/s]
   GAP-web:   4%|▍         | 330514432/8300343137 [00:21<08:44, 15182515.85B/s]
   GAP-web:   4%|▍         | 332496896/8300343137 [00:21<08:04, 16439858.58B/s]
   GAP-web:   4%|▍         | 334168064/8300343137 [00:21<08:09, 16283473.67B/s]
   GAP-web:   4%|▍         | 336281600/8300343137 [00:21<07:31, 17637002.49B/s]
   GAP-web:   4%|▍         | 338067456/8300343137 [00:22<08:09, 16269641.44B/s]
   GAP-web:   4%|▍         | 339738624/8300343137 [00:22<08:33, 15493934.96B/s]
   GAP-web:   4%|▍         | 341344256/8300343137 [00:22<08:29, 15623853.77B/s]
   GAP-web:   4%|▍         | 342933504/8300343137 [00:22<09:07, 14531626.64B/s]
   GAP-web:   4%|▍         | 344539136/8300343137 [00:22<08:53, 14923784.66B/s]
   GAP-web:   4%|▍         | 346062848/8300343137 [00:22<09:01, 14691126.08B/s]
   GAP-web:   4%|▍         | 347914240/8300343137 [00:22<08:24, 15750792.27B/s]
   GAP-web:   4%|▍         | 349716480/8300343137 [00:22<08:04, 16394449.01B/s]
   GAP-web:   4%|▍         | 351387648/8300343137 [00:22<08:43, 15184854.11B/s]
   GAP-web:   4%|▍         | 352944128/8300343137 [00:23<08:41, 15245367.99B/s]
   GAP-web:   4%|▍         | 354500608/8300343137 [00:23<09:38, 13740047.10B/s]
   GAP-web:   4%|▍         | 356302848/8300343137 [00:23<08:55, 14829965.64B/s]
   GAP-web:   4%|▍         | 357875712/8300343137 [00:23<09:10, 14440607.68B/s]
   GAP-web:   4%|▍         | 359890944/8300343137 [00:23<08:16, 15980785.54B/s]
   GAP-web:   4%|▍         | 361840640/8300343137 [00:23<08:16, 15979534.88B/s]
   GAP-web:   4%|▍         | 363741184/8300343137 [00:23<07:52, 16802296.81B/s]
   GAP-web:   4%|▍         | 365477888/8300343137 [00:23<07:48, 16929214.37B/s]
   GAP-web:   4%|▍         | 367198208/8300343137 [00:24<08:24, 15732539.29B/s]
   GAP-web:   4%|▍         | 368934912/8300343137 [00:24<08:11, 16142681.59B/s]
   GAP-web:   4%|▍         | 370573312/8300343137 [00:24<08:32, 15470399.01B/s]
   GAP-web:   4%|▍         | 372457472/8300343137 [00:24<08:04, 16360650.39B/s]
   GAP-web:   5%|▍         | 374390784/8300343137 [00:24<07:40, 17201347.07B/s]
   GAP-web:   5%|▍         | 376143872/8300343137 [00:24<08:00, 16492625.21B/s]
   GAP-web:   5%|▍         | 378011648/8300343137 [00:24<07:43, 17094575.10B/s]
   GAP-web:   5%|▍         | 379748352/8300343137 [00:24<08:08, 16219737.46B/s]
   GAP-web:   5%|▍         | 381501440/8300343137 [00:24<07:57, 16582211.03B/s]
   GAP-web:   5%|▍         | 383188992/8300343137 [00:24<08:21, 15795416.52B/s]
   GAP-web:   5%|▍         | 384991232/8300343137 [00:25<08:03, 16362289.86B/s]
   GAP-web:   5%|▍         | 386678784/8300343137 [00:25<08:23, 15722467.19B/s]
   GAP-web:   5%|▍         | 388513792/8300343137 [00:25<08:01, 16421888.85B/s]
   GAP-web:   5%|▍         | 390381568/8300343137 [00:25<07:43, 17049391.61B/s]
   GAP-web:   5%|▍         | 392101888/8300343137 [00:25<08:09, 16147496.83B/s]
   GAP-web:   5%|▍         | 394002432/8300343137 [00:25<07:46, 16935423.11B/s]
   GAP-web:   5%|▍         | 395722752/8300343137 [00:25<08:08, 16191770.00B/s]
   GAP-web:   5%|▍         | 397672448/8300343137 [00:25<07:42, 17072476.98B/s]
   GAP-web:   5%|▍         | 399409152/8300343137 [00:25<08:15, 15935249.83B/s]
   GAP-web:   5%|▍         | 401031168/8300343137 [00:26<08:28, 15522878.55B/s]
   GAP-web:   5%|▍         | 402669568/8300343137 [00:26<08:21, 15757694.16B/s]
   GAP-web:   5%|▍         | 404275200/8300343137 [00:26<08:50, 14872865.44B/s]
   GAP-web:   5%|▍         | 405864448/8300343137 [00:26<08:41, 15147494.17B/s]
   GAP-web:   5%|▍         | 407404544/8300343137 [00:26<09:30, 13846229.92B/s]
   GAP-web:   5%|▍         | 408846336/8300343137 [00:26<09:23, 13998660.32B/s]
   GAP-web:   5%|▍         | 410337280/8300343137 [00:26<09:14, 14233066.95B/s]
   GAP-web:   5%|▍         | 411779072/8300343137 [00:26<09:46, 13460568.90B/s]
   GAP-web:   5%|▍         | 413335552/8300343137 [00:26<09:22, 14025228.46B/s]
   GAP-web:   5%|▍         | 414859264/8300343137 [00:27<09:09, 14356687.59B/s]
   GAP-web:   5%|▌         | 416317440/8300343137 [00:27<09:36, 13674955.05B/s]
   GAP-web:   5%|▌         | 417873920/8300343137 [00:27<09:17, 14145097.57B/s]
   GAP-web:   5%|▌         | 419315712/8300343137 [00:27<09:43, 13499560.35B/s]
   GAP-web:   5%|▌         | 420888576/8300343137 [00:27<09:18, 14109802.87B/s]
   GAP-web:   5%|▌         | 422346752/8300343137 [00:27<09:14, 14220037.25B/s]
   GAP-web:   5%|▌         | 423788544/8300343137 [00:27<09:39, 13602416.65B/s]
   GAP-web:   5%|▌         | 425476096/8300343137 [00:27<09:03, 14492547.60B/s]
   GAP-web:   5%|▌         | 426950656/8300343137 [00:27<09:33, 13731517.00B/s]
   GAP-web:   5%|▌         | 428425216/8300343137 [00:28<09:22, 13995512.49B/s]
   GAP-web:   5%|▌         | 430030848/8300343137 [00:28<09:00, 14549479.15B/s]
   GAP-web:   5%|▌         | 431505408/8300343137 [00:28<09:26, 13887191.65B/s]
   GAP-web:   5%|▌         | 433209344/8300343137 [00:28<08:54, 14706819.84B/s]
   GAP-web:   5%|▌         | 434913280/8300343137 [00:28<08:58, 14618841.06B/s]
   GAP-web:   5%|▌         | 436518912/8300343137 [00:28<08:44, 14993551.62B/s]
   GAP-web:   5%|▌         | 438059008/8300343137 [00:28<08:41, 15090222.17B/s]
   GAP-web:   5%|▌         | 439582720/8300343137 [00:28<09:04, 14426980.64B/s]
   GAP-web:   5%|▌         | 441352192/8300343137 [00:28<08:33, 15316613.00B/s]
   GAP-web:   5%|▌         | 442908672/8300343137 [00:29<08:44, 14975965.99B/s]
   GAP-web:   5%|▌         | 444809216/8300343137 [00:29<08:07, 16106852.56B/s]
   GAP-web:   5%|▌         | 446513152/8300343137 [00:29<08:00, 16360118.14B/s]
   GAP-web:   5%|▌         | 448167936/8300343137 [00:29<08:28, 15451787.19B/s]
   GAP-web:   5%|▌         | 449822720/8300343137 [00:29<08:18, 15740328.20B/s]
   GAP-web:   5%|▌         | 451411968/8300343137 [00:29<08:41, 15044343.75B/s]
   GAP-web:   5%|▌         | 453394432/8300343137 [00:29<08:00, 16339784.75B/s]
   GAP-web:   5%|▌         | 455049216/8300343137 [00:29<08:43, 14996937.61B/s]
   GAP-web:   6%|▌         | 456589312/8300343137 [00:29<08:53, 14693439.63B/s]
   GAP-web:   6%|▌         | 458129408/8300343137 [00:29<08:47, 14872808.44B/s]
   GAP-web:   6%|▌         | 459636736/8300343137 [00:30<09:24, 13886695.82B/s]
   GAP-web:   6%|▌         | 461275136/8300343137 [00:30<08:59, 14542836.30B/s]
   GAP-web:   6%|▌         | 462913536/8300343137 [00:30<08:41, 15020390.04B/s]
   GAP-web:   6%|▌         | 464437248/8300343137 [00:30<09:04, 14396742.37B/s]
   GAP-web:   6%|▌         | 466157568/8300343137 [00:30<08:37, 15135527.48B/s]
   GAP-web:   6%|▌         | 467697664/8300343137 [00:30<09:10, 14216034.22B/s]
   GAP-web:   6%|▌         | 469417984/8300343137 [00:30<08:42, 15001132.52B/s]
   GAP-web:   6%|▌         | 471072768/8300343137 [00:30<08:28, 15410343.74B/s]
   GAP-web:   6%|▌         | 472645632/8300343137 [00:30<08:59, 14498099.78B/s]
   GAP-web:   6%|▌         | 474284032/8300343137 [00:31<08:41, 15000514.05B/s]
   GAP-web:   6%|▌         | 475922432/8300343137 [00:31<08:28, 15388561.20B/s]
   GAP-web:   6%|▌         | 477478912/8300343137 [00:31<08:56, 14586467.43B/s]
   GAP-web:   6%|▌         | 479199232/8300343137 [00:31<08:30, 15312339.12B/s]
   GAP-web:   6%|▌         | 480870400/8300343137 [00:31<08:50, 14747159.86B/s]
   GAP-web:   6%|▌         | 482443264/8300343137 [00:31<08:41, 14989060.94B/s]
   GAP-web:   6%|▌         | 484065280/8300343137 [00:31<08:30, 15317529.09B/s]
   GAP-web:   6%|▌         | 485621760/8300343137 [00:31<08:50, 14730691.65B/s]
   GAP-web:   6%|▌         | 487342080/8300343137 [00:31<08:26, 15417640.66B/s]
   GAP-web:   6%|▌         | 488931328/8300343137 [00:32<08:54, 14609486.40B/s]
   GAP-web:   6%|▌         | 490553344/8300343137 [00:32<08:39, 15026659.95B/s]
   GAP-web:   6%|▌         | 492224512/8300343137 [00:32<08:24, 15468476.21B/s]
   GAP-web:   6%|▌         | 493797376/8300343137 [00:32<08:55, 14589841.30B/s]
   GAP-web:   6%|▌         | 495452160/8300343137 [00:32<08:37, 15080094.09B/s]
   GAP-web:   6%|▌         | 496975872/8300343137 [00:32<09:07, 14257143.87B/s]
   GAP-web:   6%|▌         | 498614272/8300343137 [00:32<08:46, 14818890.66B/s]
   GAP-web:   6%|▌         | 500137984/8300343137 [00:32<08:43, 14903194.95B/s]
   GAP-web:   6%|▌         | 501645312/8300343137 [00:32<09:30, 13672975.51B/s]
   GAP-web:   6%|▌         | 503054336/8300343137 [00:33<09:25, 13779744.23B/s]
   GAP-web:   6%|▌         | 504479744/8300343137 [00:33<09:22, 13865437.77B/s]
   GAP-web:   6%|▌         | 505888768/8300343137 [00:33<10:01, 12958993.62B/s]
   GAP-web:   6%|▌         | 507346944/8300343137 [00:33<09:41, 13404607.17B/s]
   GAP-web:   6%|▌         | 508772352/8300343137 [00:33<09:32, 13619276.11B/s]
   GAP-web:   6%|▌         | 510148608/8300343137 [00:33<10:04, 12877597.28B/s]
   GAP-web:   6%|▌         | 511590400/8300343137 [00:33<09:45, 13299213.16B/s]
   GAP-web:   6%|▌         | 512950272/8300343137 [00:33<10:20, 12545060.89B/s]
   GAP-web:   6%|▌         | 514392064/8300343137 [00:33<09:56, 13045518.15B/s]
   GAP-web:   6%|▌         | 515784704/8300343137 [00:34<09:45, 13292468.86B/s]
   GAP-web:   6%|▌         | 517128192/8300343137 [00:34<10:19, 12555577.48B/s]
   GAP-web:   6%|▌         | 518569984/8300343137 [00:34<09:56, 13055586.43B/s]
   GAP-web:   6%|▋         | 520028160/8300343137 [00:34<09:38, 13447130.98B/s]
   GAP-web:   6%|▋         | 521388032/8300343137 [00:34<10:13, 12688373.79B/s]
   GAP-web:   6%|▋         | 522829824/8300343137 [00:34<09:52, 13131347.98B/s]
   GAP-web:   6%|▋         | 524271616/8300343137 [00:34<09:36, 13479502.06B/s]
   GAP-web:   6%|▋         | 525631488/8300343137 [00:34<10:09, 12745703.15B/s]
   GAP-web:   6%|▋         | 527056896/8300343137 [00:34<09:50, 13168118.86B/s]
   GAP-web:   6%|▋         | 528498688/8300343137 [00:34<09:40, 13391849.30B/s]
   GAP-web:   6%|▋         | 529858560/8300343137 [00:35<10:07, 12800097.24B/s]
   GAP-web:   6%|▋         | 531283968/8300343137 [00:35<09:48, 13198646.09B/s]
   GAP-web:   6%|▋         | 532692992/8300343137 [00:35<09:41, 13357821.93B/s]
   GAP-web:   6%|▋         | 534036480/8300343137 [00:35<10:07, 12776751.35B/s]
   GAP-web:   6%|▋         | 535511040/8300343137 [00:35<09:45, 13261969.88B/s]
   GAP-web:   6%|▋         | 536854528/8300343137 [00:35<10:17, 12574506.49B/s]
   GAP-web:   6%|▋         | 538296320/8300343137 [00:35<09:53, 13086223.38B/s]
   GAP-web:   7%|▋         | 539738112/8300343137 [00:35<09:36, 13458676.25B/s]
   GAP-web:   7%|▋         | 541097984/8300343137 [00:35<10:11, 12697158.95B/s]
   GAP-web:   7%|▋         | 542572544/8300343137 [00:36<09:45, 13247267.75B/s]
   GAP-web:   7%|▋         | 544014336/8300343137 [00:36<09:31, 13560836.87B/s]
   GAP-web:   7%|▋         | 545390592/8300343137 [00:36<10:04, 12822409.51B/s]
   GAP-web:   7%|▋         | 546832384/8300343137 [00:36<09:45, 13242343.77B/s]
   GAP-web:   7%|▋         | 548274176/8300343137 [00:36<09:31, 13566022.75B/s]
   GAP-web:   7%|▋         | 549650432/8300343137 [00:36<10:13, 12643482.41B/s]
   GAP-web:   7%|▋         | 550977536/8300343137 [00:36<10:05, 12807634.99B/s]
   GAP-web:   7%|▋         | 552304640/8300343137 [00:36<10:00, 12905990.48B/s]
   GAP-web:   7%|▋         | 553615360/8300343137 [00:36<10:40, 12102648.79B/s]
   GAP-web:   7%|▋         | 554909696/8300343137 [00:37<10:29, 12307056.28B/s]
   GAP-web:   7%|▋         | 556220416/8300343137 [00:37<10:18, 12512713.35B/s]
   GAP-web:   7%|▋         | 557481984/8300343137 [00:37<10:59, 11737650.38B/s]
   GAP-web:   7%|▋         | 558792704/8300343137 [00:37<10:39, 12108454.51B/s]
   GAP-web:   7%|▋         | 560070656/8300343137 [00:37<10:32, 12240414.33B/s]
   GAP-web:   7%|▋         | 561315840/8300343137 [00:37<11:10, 11546074.52B/s]
   GAP-web:   7%|▋         | 562675712/8300343137 [00:37<10:40, 12086800.78B/s]
   GAP-web:   7%|▋         | 563986432/8300343137 [00:37<10:26, 12353521.42B/s]
   GAP-web:   7%|▋         | 565248000/8300343137 [00:37<10:51, 11870820.62B/s]
   GAP-web:   7%|▋         | 566771712/8300343137 [00:38<10:04, 12793985.10B/s]
   GAP-web:   7%|▋         | 568197120/8300343137 [00:38<09:46, 13193939.00B/s]
   GAP-web:   7%|▋         | 569540608/8300343137 [00:38<10:19, 12477082.37B/s]
   GAP-web:   7%|▋         | 570900480/8300343137 [00:38<10:04, 12782492.14B/s]
   GAP-web:   7%|▋         | 572194816/8300343137 [00:38<10:02, 12819275.88B/s]
   GAP-web:   7%|▋         | 573489152/8300343137 [00:38<10:42, 12022473.01B/s]
   GAP-web:   7%|▋         | 574717952/8300343137 [00:38<12:00, 10717592.85B/s]
   GAP-web:   7%|▋         | 575832064/8300343137 [00:38<12:57, 9940964.41B/s] 
   GAP-web:   7%|▋         | 576864256/8300343137 [00:38<13:35, 9465266.09B/s]
   GAP-web:   7%|▋         | 577830912/8300343137 [00:39<15:02, 8557606.65B/s]
   GAP-web:   7%|▋         | 578715648/8300343137 [00:39<14:58, 8593734.82B/s]
   GAP-web:   7%|▋         | 579665920/8300343137 [00:39<14:34, 8829257.87B/s]
   GAP-web:   7%|▋         | 580993024/8300343137 [00:39<12:49, 10031001.07B/s]
   GAP-web:   7%|▋         | 582025216/8300343137 [00:39<13:09, 9775794.48B/s] 
   GAP-web:   7%|▋         | 583024640/8300343137 [00:39<13:35, 9468342.71B/s]
   GAP-web:   7%|▋         | 583991296/8300343137 [00:39<13:41, 9393035.13B/s]
   GAP-web:   7%|▋         | 585105408/8300343137 [00:39<13:00, 9883307.25B/s]
   GAP-web:   7%|▋         | 586301440/8300343137 [00:39<12:16, 10470763.22B/s]
   GAP-web:   7%|▋         | 587612160/8300343137 [00:40<11:26, 11232937.93B/s]
   GAP-web:   7%|▋         | 588759040/8300343137 [00:40<12:24, 10357376.62B/s]
   GAP-web:   7%|▋         | 589873152/8300343137 [00:40<12:09, 10568571.98B/s]
   GAP-web:   7%|▋         | 591265792/8300343137 [00:40<11:10, 11490829.12B/s]
   GAP-web:   7%|▋         | 592445440/8300343137 [00:40<11:06, 11560895.78B/s]
   GAP-web:   7%|▋         | 593625088/8300343137 [00:40<11:44, 10936619.33B/s]
   GAP-web:   7%|▋         | 594739200/8300343137 [00:40<11:42, 10971858.81B/s]
   GAP-web:   7%|▋         | 595935232/8300343137 [00:40<11:24, 11251510.49B/s]
   GAP-web:   7%|▋         | 597082112/8300343137 [00:40<11:34, 11089525.40B/s]
   GAP-web:   7%|▋         | 598212608/8300343137 [00:41<11:57, 10738905.15B/s]
   GAP-web:   7%|▋         | 599326720/8300343137 [00:41<11:50, 10837767.98B/s]
   GAP-web:   7%|▋         | 600440832/8300343137 [00:41<11:46, 10897188.51B/s]
   GAP-web:   7%|▋         | 601538560/8300343137 [00:41<11:48, 10871325.02B/s]
   GAP-web:   7%|▋         | 602636288/8300343137 [00:41<11:51, 10821407.23B/s]
   GAP-web:   7%|▋         | 603799552/8300343137 [00:41<11:38, 11017475.44B/s]
   GAP-web:   7%|▋         | 605077504/8300343137 [00:41<11:08, 11517316.90B/s]
   GAP-web:   7%|▋         | 606240768/8300343137 [00:41<11:53, 10789172.61B/s]
   GAP-web:   7%|▋         | 607584256/8300343137 [00:41<11:10, 11481677.05B/s]
   GAP-web:   7%|▋         | 608960512/8300343137 [00:41<10:34, 12130588.96B/s]
   GAP-web:   7%|▋         | 610189312/8300343137 [00:42<10:45, 11918978.25B/s]
   GAP-web:   7%|▋         | 611401728/8300343137 [00:42<10:43, 11951191.72B/s]
   GAP-web:   7%|▋         | 612728832/8300343137 [00:42<10:23, 12323302.67B/s]
   GAP-web:   7%|▋         | 613974016/8300343137 [00:42<10:55, 11717865.85B/s]
   GAP-web:   7%|▋         | 615170048/8300343137 [00:42<10:56, 11699917.20B/s]
   GAP-web:   7%|▋         | 616660992/8300343137 [00:42<10:09, 12598826.10B/s]
   GAP-web:   7%|▋         | 617938944/8300343137 [00:42<10:54, 11731055.17B/s]
   GAP-web:   7%|▋         | 619233280/8300343137 [00:42<10:38, 12024764.52B/s]
   GAP-web:   7%|▋         | 620462080/8300343137 [00:42<10:51, 11782308.51B/s]
   GAP-web:   7%|▋         | 621658112/8300343137 [00:43<11:03, 11574331.79B/s]
   GAP-web:   8%|▊         | 622870528/8300343137 [00:43<10:54, 11721626.96B/s]
   GAP-web:   8%|▊         | 624066560/8300343137 [00:43<10:52, 11758326.46B/s]
   GAP-web:   8%|▊         | 625262592/8300343137 [00:43<11:03, 11566529.03B/s]
   GAP-web:   8%|▊         | 626425856/8300343137 [00:43<11:02, 11579103.13B/s]
   GAP-web:   8%|▊         | 627589120/8300343137 [00:43<11:02, 11585726.43B/s]
   GAP-web:   8%|▊         | 628801536/8300343137 [00:43<10:53, 11743992.60B/s]
   GAP-web:   8%|▊         | 629981184/8300343137 [00:43<11:54, 10733678.42B/s]
   GAP-web:   8%|▊         | 631078912/8300343137 [00:43<11:51, 10783515.24B/s]
   GAP-web:   8%|▊         | 632324096/8300343137 [00:43<11:21, 11257163.31B/s]
   GAP-web:   8%|▊         | 633503744/8300343137 [00:44<11:12, 11394078.96B/s]
   GAP-web:   8%|▊         | 634667008/8300343137 [00:44<11:29, 11125250.99B/s]
   GAP-web:   8%|▊         | 635797504/8300343137 [00:44<11:30, 11094123.66B/s]
   GAP-web:   8%|▊         | 637108224/8300343137 [00:44<10:57, 11661582.94B/s]
   GAP-web:   8%|▊         | 638287872/8300343137 [00:44<12:17, 10389999.53B/s]
   GAP-web:   8%|▊         | 639582208/8300343137 [00:44<11:33, 11052933.67B/s]
   GAP-web:   8%|▊         | 640745472/8300343137 [00:44<11:23, 11210618.37B/s]
   GAP-web:   8%|▊         | 641974272/8300343137 [00:44<11:14, 11356400.45B/s]
   GAP-web:   8%|▊         | 643137536/8300343137 [00:44<11:52, 10746807.96B/s]
   GAP-web:   8%|▊         | 644415488/8300343137 [00:45<11:19, 11270436.13B/s]
   GAP-web:   8%|▊         | 645562368/8300343137 [00:45<11:22, 11221324.37B/s]
   GAP-web:   8%|▊         | 646709248/8300343137 [00:45<12:23, 10293741.48B/s]
   GAP-web:   8%|▊         | 648036352/8300343137 [00:45<11:29, 11093667.90B/s]
   GAP-web:   8%|▊         | 649347072/8300343137 [00:45<10:58, 11612157.65B/s]
   GAP-web:   8%|▊         | 650690560/8300343137 [00:45<10:30, 12125627.09B/s]
   GAP-web:   8%|▊         | 652001280/8300343137 [00:45<10:16, 12402309.06B/s]
   GAP-web:   8%|▊         | 653262848/8300343137 [00:45<10:53, 11692858.19B/s]
   GAP-web:   8%|▊         | 654606336/8300343137 [00:45<10:28, 12165743.11B/s]
   GAP-web:   8%|▊         | 655900672/8300343137 [00:46<10:20, 12327524.91B/s]
   GAP-web:   8%|▊         | 657145856/8300343137 [00:46<10:52, 11714547.67B/s]
   GAP-web:   8%|▊         | 658489344/8300343137 [00:46<10:27, 12183856.10B/s]
   GAP-web:   8%|▊         | 659783680/8300343137 [00:46<10:16, 12391808.76B/s]
   GAP-web:   8%|▊         | 661045248/8300343137 [00:46<10:52, 11708025.85B/s]
   GAP-web:   8%|▊         | 662355968/8300343137 [00:46<10:32, 12080065.87B/s]
   GAP-web:   8%|▊         | 663584768/8300343137 [00:46<11:04, 11497348.72B/s]
   GAP-web:   8%|▊         | 664748032/8300343137 [00:46<11:28, 11095332.04B/s]
   GAP-web:   8%|▊         | 665960448/8300343137 [00:46<11:11, 11367445.66B/s]
   GAP-web:   8%|▊         | 667107328/8300343137 [00:47<11:12, 11355054.39B/s]
   GAP-web:   8%|▊         | 668286976/8300343137 [00:47<11:47, 10785065.18B/s]
   GAP-web:   8%|▊         | 669384704/8300343137 [00:47<11:45, 10820072.59B/s]
   GAP-web:   8%|▊         | 670482432/8300343137 [00:47<11:57, 10627607.61B/s]
   GAP-web:   8%|▊         | 671842304/8300343137 [00:47<11:06, 11439161.36B/s]
   GAP-web:   8%|▊         | 673005568/8300343137 [00:47<11:53, 10686542.98B/s]
   GAP-web:   8%|▊         | 674185216/8300343137 [00:47<11:34, 10979777.12B/s]
   GAP-web:   8%|▊         | 675299328/8300343137 [00:47<11:43, 10831460.12B/s]
   GAP-web:   8%|▊         | 676659200/8300343137 [00:47<10:59, 11564888.20B/s]
   GAP-web:   8%|▊         | 677838848/8300343137 [00:48<12:08, 10457744.61B/s]
   GAP-web:   8%|▊         | 679100416/8300343137 [00:48<11:31, 11023693.86B/s]
   GAP-web:   8%|▊         | 680247296/8300343137 [00:48<11:24, 11129005.19B/s]
   GAP-web:   8%|▊         | 681377792/8300343137 [00:48<11:35, 10949402.98B/s]
   GAP-web:   8%|▊         | 682606592/8300343137 [00:48<11:13, 11305393.48B/s]
   GAP-web:   8%|▊         | 683753472/8300343137 [00:48<11:16, 11266062.55B/s]
   GAP-web:   8%|▊         | 685064192/8300343137 [00:48<10:45, 11792867.56B/s]
   GAP-web:   8%|▊         | 686260224/8300343137 [00:48<11:38, 10896956.42B/s]
   GAP-web:   8%|▊         | 687472640/8300343137 [00:48<11:19, 11199868.59B/s]
   GAP-web:   8%|▊         | 688619520/8300343137 [00:48<11:29, 11034604.14B/s]
   GAP-web:   8%|▊         | 689799168/8300343137 [00:49<11:17, 11237968.53B/s]
   GAP-web:   8%|▊         | 691109888/8300343137 [00:49<10:46, 11774429.49B/s]
   GAP-web:   8%|▊         | 692469760/8300343137 [00:49<10:19, 12271262.30B/s]
   GAP-web:   8%|▊         | 693714944/8300343137 [00:49<10:55, 11605368.18B/s]
   GAP-web:   8%|▊         | 695025664/8300343137 [00:49<10:33, 12012502.09B/s]
   GAP-web:   8%|▊         | 696336384/8300343137 [00:49<10:19, 12282966.79B/s]
   GAP-web:   8%|▊         | 697581568/8300343137 [00:49<10:55, 11597569.14B/s]
   GAP-web:   8%|▊         | 698892288/8300343137 [00:49<10:33, 11995396.77B/s]
   GAP-web:   8%|▊         | 700203008/8300343137 [00:49<10:18, 12289797.20B/s]
   GAP-web:   8%|▊         | 701497344/8300343137 [00:50<10:13, 12390602.75B/s]
   GAP-web:   8%|▊         | 702758912/8300343137 [00:50<10:16, 12327985.93B/s]
   GAP-web:   8%|▊         | 704086016/8300343137 [00:50<10:03, 12591759.39B/s]
   GAP-web:   8%|▊         | 705363968/8300343137 [00:50<10:03, 12581066.81B/s]
   GAP-web:   9%|▊         | 706625536/8300343137 [00:50<10:44, 11780992.26B/s]
   GAP-web:   9%|▊         | 707969024/8300343137 [00:50<10:22, 12203852.78B/s]
   GAP-web:   9%|▊         | 709296128/8300343137 [00:50<10:07, 12491166.47B/s]
   GAP-web:   9%|▊         | 710557696/8300343137 [00:50<10:46, 11735777.10B/s]
   GAP-web:   9%|▊         | 711835648/8300343137 [00:50<10:31, 12012755.25B/s]
   GAP-web:   9%|▊         | 713064448/8300343137 [00:50<10:47, 11716202.75B/s]
   GAP-web:   9%|▊         | 714260480/8300343137 [00:51<11:02, 11446914.94B/s]
   GAP-web:   9%|▊         | 715423744/8300343137 [00:51<11:02, 11454464.78B/s]
   GAP-web:   9%|▊         | 716750848/8300343137 [00:51<10:34, 11955873.34B/s]
   GAP-web:   9%|▊         | 717963264/8300343137 [00:51<11:01, 11468057.93B/s]
   GAP-web:   9%|▊         | 719323136/8300343137 [00:51<10:28, 12059478.08B/s]
   GAP-web:   9%|▊         | 720633856/8300343137 [00:51<10:13, 12351673.64B/s]
   GAP-web:   9%|▊         | 721879040/8300343137 [00:51<10:43, 11773023.91B/s]
   GAP-web:   9%|▊         | 723156992/8300343137 [00:51<10:29, 12037201.69B/s]
   GAP-web:   9%|▊         | 724369408/8300343137 [00:51<10:31, 11989398.29B/s]
   GAP-web:   9%|▊         | 725696512/8300343137 [00:52<10:12, 12360572.83B/s]
   GAP-web:   9%|▉         | 726941696/8300343137 [00:52<10:49, 11651681.85B/s]
   GAP-web:   9%|▉         | 728285184/8300343137 [00:52<10:23, 12149713.01B/s]
   GAP-web:   9%|▉         | 729513984/8300343137 [00:52<10:48, 11675689.04B/s]
   GAP-web:   9%|▉         | 730693632/8300343137 [00:52<10:57, 11518499.44B/s]
   GAP-web:   9%|▉         | 732037120/8300343137 [00:52<10:27, 12056324.18B/s]
   GAP-web:   9%|▉         | 733265920/8300343137 [00:52<10:28, 12039170.06B/s]
   GAP-web:   9%|▉         | 734478336/8300343137 [00:52<11:18, 11144290.01B/s]
   GAP-web:   9%|▉         | 735723520/8300343137 [00:52<10:58, 11486011.39B/s]
   GAP-web:   9%|▉         | 736886784/8300343137 [00:53<10:56, 11513261.31B/s]
   GAP-web:   9%|▉         | 738181120/8300343137 [00:53<10:36, 11878851.49B/s]
   GAP-web:   9%|▉         | 739377152/8300343137 [00:53<10:45, 11714306.70B/s]
   GAP-web:   9%|▉         | 740556800/8300343137 [00:53<10:45, 11711200.16B/s]
   GAP-web:   9%|▉         | 741736448/8300343137 [00:53<10:58, 11475712.21B/s]
   GAP-web:   9%|▉         | 742932480/8300343137 [00:53<10:50, 11612855.77B/s]
   GAP-web:   9%|▉         | 744259584/8300343137 [00:53<10:26, 12069614.60B/s]
   GAP-web:   9%|▉         | 745472000/8300343137 [00:53<10:43, 11736305.71B/s]
   GAP-web:   9%|▉         | 746749952/8300343137 [00:53<11:10, 11271838.36B/s]
   GAP-web:   9%|▉         | 748093440/8300343137 [00:53<10:36, 11857066.36B/s]
   GAP-web:   9%|▉         | 749289472/8300343137 [00:54<10:59, 11443461.61B/s]
   GAP-web:   9%|▉         | 750649344/8300343137 [00:54<10:27, 12027633.49B/s]
   GAP-web:   9%|▉         | 751861760/8300343137 [00:54<11:00, 11431090.99B/s]
   GAP-web:   9%|▉         | 753123328/8300343137 [00:54<10:42, 11748375.37B/s]
   GAP-web:   9%|▉         | 754450432/8300343137 [00:54<10:22, 12128489.73B/s]
   GAP-web:   9%|▉         | 755679232/8300343137 [00:54<10:37, 11831581.13B/s]
   GAP-web:   9%|▉         | 756957184/8300343137 [00:54<10:23, 12091056.93B/s]
   GAP-web:   9%|▉         | 758300672/8300343137 [00:54<10:04, 12477182.02B/s]
   GAP-web:   9%|▉         | 759562240/8300343137 [00:54<10:15, 12249370.77B/s]
   GAP-web:   9%|▉         | 760856576/8300343137 [00:55<10:07, 12416314.03B/s]
   GAP-web:   9%|▉         | 762249216/8300343137 [00:55<09:48, 12805316.29B/s]
   GAP-web:   9%|▉         | 763543552/8300343137 [00:55<09:47, 12834484.94B/s]
   GAP-web:   9%|▉         | 764837888/8300343137 [00:55<10:53, 11529769.45B/s]
   GAP-web:   9%|▉         | 766148608/8300343137 [00:55<10:30, 11943910.74B/s]
   GAP-web:   9%|▉         | 767377408/8300343137 [00:55<10:51, 11560271.16B/s]
   GAP-web:   9%|▉         | 768557056/8300343137 [00:55<11:14, 11167132.83B/s]
   GAP-web:   9%|▉         | 769867776/8300343137 [00:55<10:43, 11702517.49B/s]
   GAP-web:   9%|▉         | 771178496/8300343137 [00:55<10:25, 12034722.22B/s]
   GAP-web:   9%|▉         | 772407296/8300343137 [00:55<10:58, 11439488.07B/s]
   GAP-web:   9%|▉         | 773701632/8300343137 [00:56<10:36, 11820879.46B/s]
   GAP-web:   9%|▉         | 775028736/8300343137 [00:56<10:15, 12224995.33B/s]
   GAP-web:   9%|▉         | 776273920/8300343137 [00:56<10:52, 11532118.56B/s]
   GAP-web:   9%|▉         | 777617408/8300343137 [00:56<10:25, 12020028.25B/s]
   GAP-web:   9%|▉         | 778977280/8300343137 [00:56<10:04, 12432854.35B/s]
   GAP-web:   9%|▉         | 780238848/8300343137 [00:56<10:46, 11626004.35B/s]
   GAP-web:   9%|▉         | 781549568/8300343137 [00:56<10:26, 12003693.16B/s]
   GAP-web:   9%|▉         | 782778368/8300343137 [00:56<10:23, 12055570.37B/s]
   
   asv: benchmark timed out (timeout 60s)
   
   For parameters: bfs_gap_inputs.GAP/GAP-kron_111334127
   INFO root: Dataset suitesparse_matrix.GAP/GAP-kron manifest metadata is stale.
   
   GAP-kron:   0%|          | 0/14570837178 [00:00<?, ?B/s]
   GAP-kron:   0%|          | 327680/14570837178 [00:00<1:21:19, 2985849.55B/s]
   GAP-kron:   0%|          | 1507328/14570837178 [00:00<30:28, 7966093.38B/s] 
   GAP-kron:   0%|          | 2736128/14570837178 [00:00<24:34, 9876793.38B/s]
   GAP-kron:   0%|          | 4194304/14570837178 [00:00<20:46, 11689283.39B/s]
   GAP-kron:   0%|          | 5554176/14570837178 [00:00<19:39, 12345199.09B/s]
   GAP-kron:   0%|          | 7110656/14570837178 [00:00<18:08, 13384740.83B/s]
   GAP-kron:   0%|          | 8519680/14570837178 [00:00<17:49, 13612463.00B/s]
   GAP-kron:   0%|          | 10174464/14570837178 [00:00<16:42, 14521350.35B/s]
   GAP-kron:   0%|          | 11780096/14570837178 [00:00<16:13, 14960186.63B/s]
   GAP-kron:   0%|          | 13402112/14570837178 [00:01<15:50, 15316380.68B/s]
   GAP-kron:   0%|          | 15138816/14570837178 [00:01<15:14, 15924657.64B/s]
   GAP-kron:   0%|          | 16908288/14570837178 [00:01<14:44, 16452553.37B/s]
   GAP-kron:   0%|          | 18612224/14570837178 [00:01<14:36, 16595507.77B/s]
   GAP-kron:   0%|          | 20414464/14570837178 [00:01<14:16, 16997522.76B/s]
   GAP-kron:   0%|          | 22134784/14570837178 [00:01<14:12, 17058733.79B/s]
   GAP-kron:   0%|          | 23855104/14570837178 [00:01<14:13, 17034889.49B/s]
   GAP-kron:   0%|          | 25559040/14570837178 [00:01<14:14, 17016414.09B/s]
   GAP-kron:   0%|          | 27262976/14570837178 [00:01<14:15, 16996992.54B/s]
   GAP-kron:   0%|          | 28966912/14570837178 [00:01<14:15, 17003899.36B/s]
   GAP-kron:   0%|          | 30687232/14570837178 [00:02<14:12, 17059559.00B/s]
   GAP-kron:   0%|          | 32407552/14570837178 [00:02<14:10, 17092136.44B/s]
   GAP-kron:   0%|          | 34144256/14570837178 [00:02<14:07, 17159567.11B/s]
   GAP-kron:   0%|          | 35864576/14570837178 [00:02<14:08, 17139767.71B/s]
   GAP-kron:   0%|          | 37584896/14570837178 [00:02<14:11, 17076773.75B/s]
   GAP-kron:   0%|          | 39305216/14570837178 [00:02<14:11, 17066505.56B/s]
   GAP-kron:   0%|          | 41091072/14570837178 [00:02<14:00, 17282559.51B/s]
   GAP-kron:   0%|          | 42827776/14570837178 [00:02<14:00, 17288847.62B/s]
   GAP-kron:   0%|          | 44564480/14570837178 [00:02<14:02, 17238841.82B/s]
   GAP-kron:   0%|          | 46301184/14570837178 [00:02<14:04, 17204717.26B/s]
   GAP-kron:   0%|          | 48037888/14570837178 [00:03<14:02, 17239633.42B/s]
   GAP-kron:   0%|          | 49774592/14570837178 [00:03<14:03, 17213366.74B/s]
   GAP-kron:   0%|          | 51511296/14570837178 [00:03<14:07, 17126681.56B/s]
   GAP-kron:   0%|          | 53280768/14570837178 [00:03<13:59, 17291826.02B/s]
   GAP-kron:   0%|          | 55017472/14570837178 [00:03<13:59, 17293687.86B/s]
   GAP-kron:   0%|          | 56803328/14570837178 [00:03<13:53, 17417521.47B/s]
   GAP-kron:   0%|          | 58556416/14570837178 [00:03<13:59, 17291968.99B/s]
   GAP-kron:   0%|          | 60309504/14570837178 [00:03<13:56, 17345033.36B/s]
   GAP-kron:   0%|          | 62111744/14570837178 [00:03<13:47, 17531952.17B/s]
   GAP-kron:   0%|          | 63881216/14570837178 [00:03<13:47, 17539653.05B/s]
   GAP-kron:   0%|          | 65683456/14570837178 [00:04<13:40, 17673860.82B/s]
   GAP-kron:   0%|          | 67452928/14570837178 [00:04<14:11, 17034860.91B/s]
   GAP-kron:   0%|          | 69206016/14570837178 [00:04<14:04, 17174906.05B/s]
   GAP-kron:   0%|          | 70942720/14570837178 [00:04<14:43, 16405782.70B/s]
   GAP-kron:   0%|          | 72663040/14570837178 [00:04<14:33, 16593824.37B/s]
   GAP-kron:   1%|          | 74432512/14570837178 [00:04<14:17, 16898049.59B/s]
   GAP-kron:   1%|          | 76136448/14570837178 [00:04<15:11, 15895640.70B/s]
   GAP-kron:   1%|          | 77938688/14570837178 [00:04<14:40, 16465080.52B/s]
   GAP-kron:   1%|          | 79609856/14570837178 [00:04<15:35, 15487479.95B/s]
   GAP-kron:   1%|          | 81379328/14570837178 [00:05<15:02, 16060409.78B/s]
   GAP-kron:   1%|          | 83017728/14570837178 [00:05<15:45, 15327095.42B/s]
   GAP-kron:   1%|          | 84787200/14570837178 [00:05<15:07, 15956539.93B/s]
   GAP-kron:   1%|          | 86507520/14570837178 [00:05<14:49, 16278950.01B/s]
   GAP-kron:   1%|          | 88162304/14570837178 [00:05<15:38, 15439251.56B/s]
   GAP-kron:   1%|          | 89948160/14570837178 [00:05<15:00, 16085115.46B/s]
   GAP-kron:   1%|          | 91586560/14570837178 [00:05<15:40, 15397788.42B/s]
   GAP-kron:   1%|          | 93454336/14570837178 [00:05<14:48, 16292481.36B/s]
   GAP-kron:   1%|          | 95109120/14570837178 [00:05<15:31, 15533956.81B/s]
   GAP-kron:   1%|          | 96927744/14570837178 [00:05<14:50, 16257791.10B/s]
   GAP-kron:   1%|          | 98779136/14570837178 [00:06<14:17, 16879565.21B/s]
   GAP-kron:   1%|          | 100483072/14570837178 [00:06<15:04, 15993055.68B/s]
   GAP-kron:   1%|          | 102318080/14570837178 [00:06<14:29, 16644177.05B/s]
   GAP-kron:   1%|          | 104005632/14570837178 [00:06<15:13, 15835322.82B/s]
   GAP-kron:   1%|          | 105857024/14570837178 [00:06<14:34, 16538671.47B/s]
   GAP-kron:   1%|          | 107528192/14570837178 [00:06<15:13, 15830629.95B/s]
   GAP-kron:   1%|          | 109314048/14570837178 [00:06<14:43, 16361680.94B/s]
   GAP-kron:   1%|          | 110968832/14570837178 [00:06<15:38, 15401056.28B/s]
   GAP-kron:   1%|          | 112705536/14570837178 [00:06<15:07, 15934894.95B/s]
   GAP-kron:   1%|          | 114491392/14570837178 [00:07<14:38, 16461158.42B/s]
   GAP-kron:   1%|          | 116162560/14570837178 [00:07<15:26, 15605671.96B/s]
   GAP-kron:   1%|          | 117932032/14570837178 [00:07<14:53, 16184302.34B/s]
   GAP-kron:   1%|          | 119570432/14570837178 [00:07<15:36, 15432785.94B/s]
   GAP-kron:   1%|          | 121274368/14570837178 [00:07<15:10, 15869947.91B/s]
   GAP-kron:   1%|          | 122978304/14570837178 [00:07<14:52, 16196542.82B/s]
   GAP-kron:   1%|          | 124616704/14570837178 [00:07<14:58, 16086411.57B/s]
   GAP-kron:   1%|          | 126435328/14570837178 [00:07<14:27, 16655762.91B/s]
   GAP-kron:   1%|          | 128122880/14570837178 [00:07<15:20, 15693797.72B/s]
   GAP-kron:   1%|          | 129875968/14570837178 [00:08<14:51, 16204839.09B/s]
   GAP-kron:   1%|          | 131514368/14570837178 [00:08<15:40, 15359433.59B/s]
   GAP-kron:   1%|          | 133300224/14570837178 [00:08<15:00, 16029722.51B/s]
   GAP-kron:   1%|          | 135118848/14570837178 [00:08<14:29, 16611819.25B/s]
   GAP-kron:   1%|          | 136806400/14570837178 [00:08<15:11, 15839409.01B/s]
   GAP-kron:   1%|          | 138608640/14570837178 [00:08<14:37, 16446660.06B/s]
   GAP-kron:   1%|          | 140279808/14570837178 [00:08<15:21, 15662198.64B/s]
   GAP-kron:   1%|          | 142098432/14570837178 [00:08<14:42, 16349461.85B/s]
   GAP-kron:   1%|          | 143753216/14570837178 [00:08<15:21, 15653913.55B/s]
   GAP-kron:   1%|          | 145604608/14570837178 [00:09<14:37, 16442551.26B/s]
   GAP-kron:   1%|          | 147439616/14570837178 [00:09<14:10, 16962625.50B/s]
   GAP-kron:   1%|          | 149159936/14570837178 [00:09<15:02, 15988413.21B/s]
   GAP-kron:   1%|          | 150978560/14570837178 [00:09<14:30, 16564132.09B/s]
   GAP-kron:   1%|          | 152666112/14570837178 [00:09<15:09, 15853777.27B/s]
   GAP-kron:   1%|          | 154484736/14570837178 [00:09<14:35, 16471060.23B/s]
   GAP-kron:   1%|          | 156155904/14570837178 [00:09<15:17, 15718100.00B/s]
   GAP-kron:   1%|          | 158007296/14570837178 [00:09<14:35, 16460467.46B/s]
   GAP-kron:   1%|          | 159793152/14570837178 [00:09<14:16, 16829622.53B/s]
   GAP-kron:   1%|          | 161497088/14570837178 [00:10<15:08, 15866249.14B/s]
   GAP-kron:   1%|          | 163266560/14570837178 [00:10<14:41, 16340896.95B/s]
   GAP-kron:   1%|          | 164921344/14570837178 [00:10<15:25, 15560077.58B/s]
   GAP-kron:   1%|          | 166772736/14570837178 [00:10<14:40, 16361246.78B/s]
   GAP-kron:   1%|          | 168427520/14570837178 [00:10<15:20, 15641646.62B/s]
   GAP-kron:   1%|          | 170196992/14570837178 [00:10<14:48, 16199640.34B/s]
   GAP-kron:   1%|          | 171950080/14570837178 [00:10<14:29, 16555629.55B/s]
   GAP-kron:   1%|          | 173621248/14570837178 [00:10<15:21, 15625351.73B/s]
   GAP-kron:   1%|          | 175407104/14570837178 [00:10<14:45, 16248230.23B/s]
   GAP-kron:   1%|          | 177061888/14570837178 [00:10<15:31, 15449112.82B/s]
   GAP-kron:   1%|          | 178847744/14570837178 [00:11<14:53, 16113491.58B/s]
   GAP-kron:   1%|          | 180486144/14570837178 [00:11<15:43, 15256825.75B/s]
   GAP-kron:   1%|▏         | 182288384/14570837178 [00:11<14:58, 16020524.50B/s]
   GAP-kron:   1%|▏         | 184074240/14570837178 [00:11<14:30, 16522575.16B/s]
   GAP-kron:   1%|▏         | 185745408/14570837178 [00:11<15:19, 15647102.50B/s]
   GAP-kron:   1%|▏         | 187465728/14570837178 [00:11<14:56, 16044159.02B/s]
   GAP-kron:   1%|▏         | 189087744/14570837178 [00:11<15:35, 15369812.66B/s]
   GAP-kron:   1%|▏         | 190922752/14570837178 [00:11<14:49, 16172287.34B/s]
   GAP-kron:   1%|▏         | 192561152/14570837178 [00:11<15:33, 15407453.04B/s]
   GAP-kron:   1%|▏         | 194379776/14570837178 [00:12<14:49, 16163412.69B/s]
   GAP-kron:   1%|▏         | 196231168/14570837178 [00:12<14:14, 16813104.78B/s]
   GAP-kron:   1%|▏         | 197935104/14570837178 [00:12<14:58, 15993421.95B/s]
   GAP-kron:   1%|▏         | 199770112/14570837178 [00:12<14:23, 16638796.68B/s]
   GAP-kron:   1%|▏         | 201457664/14570837178 [00:12<15:16, 15682205.97B/s]
   GAP-kron:   1%|▏         | 203243520/14570837178 [00:12<14:43, 16260395.67B/s]
   GAP-kron:   1%|▏         | 204898304/14570837178 [00:12<15:25, 15515929.16B/s]
   GAP-kron:   1%|▏         | 206651392/14570837178 [00:12<14:54, 16052529.17B/s]
   GAP-kron:   1%|▏         | 208322560/14570837178 [00:12<14:45, 16213476.39B/s]
   GAP-kron:   1%|▏         | 209960960/14570837178 [00:13<15:54, 15051319.99B/s]
   GAP-kron:   1%|▏         | 211812352/14570837178 [00:13<14:58, 15986972.06B/s]
   GAP-kron:   1%|▏         | 213450752/14570837178 [00:13<15:26, 15490091.71B/s]
   GAP-kron:   1%|▏         | 215334912/14570837178 [00:13<14:35, 16404863.53B/s]
   GAP-kron:   1%|▏         | 217006080/14570837178 [00:13<15:33, 15379012.74B/s]
   GAP-kron:   2%|▏         | 218644480/14570837178 [00:13<15:16, 15654599.82B/s]
   GAP-kron:   2%|▏         | 220266496/14570837178 [00:13<15:07, 15811837.00B/s]
   GAP-kron:   2%|▏         | 221872128/14570837178 [00:13<16:15, 14710872.64B/s]
   GAP-kron:   2%|▏         | 223559680/14570837178 [00:13<15:37, 15304343.84B/s]
   GAP-kron:   2%|▏         | 225116160/14570837178 [00:14<16:17, 14682223.96B/s]
   GAP-kron:   2%|▏         | 226787328/14570837178 [00:14<15:41, 15229248.47B/s]
   GAP-kron:   2%|▏         | 228392960/14570837178 [00:14<15:28, 15444427.50B/s]
   GAP-kron:   2%|▏         | 229965824/14570837178 [00:14<16:30, 14482196.60B/s]
   GAP-kron:   2%|▏         | 231571456/14570837178 [00:14<16:01, 14914447.02B/s]
   GAP-kron:   2%|▏         | 233095168/14570837178 [00:14<16:40, 14323777.42B/s]
   GAP-kron:   2%|▏         | 234749952/14570837178 [00:14<15:59, 14936707.85B/s]
   GAP-kron:   2%|▏         | 236273664/14570837178 [00:14<15:58, 14949452.97B/s]
   GAP-kron:   2%|▏         | 237977600/14570837178 [00:14<15:22, 15533954.31B/s]
   GAP-kron:   2%|▏         | 239550464/14570837178 [00:15<16:13, 14725143.54B/s]
   GAP-kron:   2%|▏         | 241041408/14570837178 [00:15<16:10, 14762494.47B/s]
   GAP-kron:   2%|▏         | 242532352/14570837178 [00:15<16:10, 14768880.76B/s]
   GAP-kron:   2%|▏         | 244023296/14570837178 [00:15<17:49, 13391279.32B/s]
   GAP-kron:   2%|▏         | 245497856/14570837178 [00:15<17:23, 13724353.29B/s]
   GAP-kron:   2%|▏         | 247054336/14570837178 [00:15<17:58, 13285351.26B/s]
   GAP-kron:   2%|▏         | 248692736/14570837178 [00:15<16:55, 14098867.38B/s]
   GAP-kron:   2%|▏         | 250331136/14570837178 [00:15<16:14, 14701840.64B/s]
   GAP-kron:   2%|▏         | 251822080/14570837178 [00:15<16:57, 14071016.68B/s]
   GAP-kron:   2%|▏         | 253247488/14570837178 [00:15<16:54, 14115145.81B/s]
   GAP-kron:   2%|▏         | 254672896/14570837178 [00:16<16:52, 14143179.18B/s]
   GAP-kron:   2%|▏         | 256098304/14570837178 [00:16<17:14, 13841538.37B/s]
   GAP-kron:   2%|▏         | 257835008/14570837178 [00:16<16:03, 14848124.41B/s]
   GAP-kron:   2%|▏         | 259342336/14570837178 [00:16<17:00, 14024139.81B/s]
   GAP-kron:   2%|▏         | 260964352/14570837178 [00:16<16:19, 14612683.22B/s]
   GAP-kron:   2%|▏         | 262701056/14570837178 [00:16<15:29, 15396940.66B/s]
   GAP-kron:   2%|▏         | 264257536/14570837178 [00:16<16:15, 14666773.04B/s]
   GAP-kron:   2%|▏         | 266076160/14570837178 [00:16<15:15, 15631380.68B/s]
   GAP-kron:   2%|▏         | 267665408/14570837178 [00:16<16:22, 14559976.99B/s]
   GAP-kron:   2%|▏         | 269336576/14570837178 [00:17<15:45, 15125060.33B/s]
   GAP-kron:   2%|▏         | 271106048/14570837178 [00:17<15:02, 15839196.07B/s]
   GAP-kron:   2%|▏         | 272711680/14570837178 [00:17<15:56, 14949771.71B/s]
   GAP-kron:   2%|▏         | 274481152/14570837178 [00:17<15:09, 15712331.00B/s]
   GAP-kron:   2%|▏         | 276086784/14570837178 [00:17<15:52, 15003178.75B/s]
   GAP-kron:   2%|▏         | 277823488/14570837178 [00:17<15:14, 15637295.47B/s]
   GAP-kron:   2%|▏         | 279412736/14570837178 [00:17<15:57, 14924523.90B/s]
   GAP-kron:   2%|▏         | 281149440/14570837178 [00:17<15:17, 15578336.88B/s]
   GAP-kron:   2%|▏         | 282935296/14570837178 [00:17<14:40, 16223696.50B/s]
   GAP-kron:   2%|▏         | 284573696/14570837178 [00:18<15:24, 15458154.45B/s]
   GAP-kron:   2%|▏         | 286277632/14570837178 [00:18<14:58, 15900753.63B/s]
   GAP-kron:   2%|▏         | 287883264/14570837178 [00:18<15:43, 15134799.81B/s]
   GAP-kron:   2%|▏         | 289636352/14570837178 [00:18<15:04, 15793204.14B/s]
   GAP-kron:   2%|▏         | 291389440/14570837178 [00:18<14:38, 16257995.89B/s]
   GAP-kron:   2%|▏         | 293044224/14570837178 [00:18<15:27, 15392503.14B/s]
   GAP-kron:   2%|▏         | 294797312/14570837178 [00:18<14:54, 15967724.56B/s]
   GAP-kron:   2%|▏         | 296419328/14570837178 [00:18<15:47, 15067629.03B/s]
   GAP-kron:   2%|▏         | 298156032/14570837178 [00:18<15:09, 15686464.32B/s]
   GAP-kron:   2%|▏         | 299745280/14570837178 [00:19<15:45, 15097562.25B/s]
   GAP-kron:   2%|▏         | 301416448/14570837178 [00:19<15:19, 15518724.66B/s]
   GAP-kron:   2%|▏         | 303104000/14570837178 [00:19<14:57, 15901354.61B/s]
   GAP-kron:   2%|▏         | 304709632/14570837178 [00:19<15:43, 15116168.84B/s]
   GAP-kron:   2%|▏         | 306380800/14570837178 [00:19<15:18, 15533381.83B/s]
   GAP-kron:   2%|▏         | 307953664/14570837178 [00:19<16:04, 14786484.13B/s]
   GAP-kron:   2%|▏         | 309657600/14570837178 [00:19<15:25, 15409083.14B/s]
   GAP-kron:   2%|▏         | 311377920/14570837178 [00:19<14:56, 15901255.44B/s]
   GAP-kron:   2%|▏         | 312983552/14570837178 [00:19<15:56, 14903124.68B/s]
   GAP-kron:   2%|▏         | 314507264/14570837178 [00:19<16:04, 14775807.08B/s]
   GAP-kron:   2%|▏         | 315998208/14570837178 [00:20<16:51, 14090894.60B/s]
   GAP-kron:   2%|▏         | 317620224/14570837178 [00:20<16:10, 14679263.96B/s]
   GAP-kron:   2%|▏         | 319356928/14570837178 [00:20<15:24, 15418071.83B/s]
   GAP-kron:   2%|▏         | 320913408/14570837178 [00:20<15:59, 14850540.40B/s]
   GAP-kron:   2%|▏         | 322682880/14570837178 [00:20<15:11, 15637381.56B/s]
   GAP-kron:   2%|▏         | 324272128/14570837178 [00:20<15:50, 14986670.08B/s]
   GAP-kron:   2%|▏         | 326090752/14570837178 [00:20<14:56, 15884031.83B/s]
   GAP-kron:   2%|▏         | 327761920/14570837178 [00:20<15:39, 15162281.61B/s]
   GAP-kron:   2%|▏         | 329515008/14570837178 [00:20<15:01, 15799046.64B/s]
   GAP-kron:   2%|▏         | 331350016/14570837178 [00:21<14:23, 16498834.96B/s]
   GAP-kron:   2%|▏         | 333021184/14570837178 [00:21<15:05, 15718928.34B/s]
   GAP-kron:   2%|▏         | 334757888/14570837178 [00:21<14:40, 16160913.07B/s]
   GAP-kron:   2%|▏         | 336396288/14570837178 [00:21<15:21, 15449057.10B/s]
   GAP-kron:   2%|▏         | 338214912/14570837178 [00:21<14:39, 16184423.03B/s]
   GAP-kron:   2%|▏         | 339853312/14570837178 [00:21<15:22, 15420419.44B/s]
   GAP-kron:   2%|▏         | 341688320/14570837178 [00:21<14:38, 16200014.35B/s]
   GAP-kron:   2%|▏         | 343326720/14570837178 [00:21<14:36, 16231126.58B/s]
   GAP-kron:   2%|▏         | 344965120/14570837178 [00:21<15:31, 15272714.33B/s]
   GAP-kron:   2%|▏         | 346718208/14570837178 [00:22<14:57, 15855233.20B/s]
   GAP-kron:   2%|▏         | 348323840/14570837178 [00:22<15:35, 15196979.45B/s]
   GAP-kron:   2%|▏         | 350126080/14570837178 [00:22<14:50, 15968028.50B/s]
   GAP-kron:   2%|▏         | 351911936/14570837178 [00:22<14:21, 16500204.20B/s]
   GAP-kron:   2%|▏         | 353583104/14570837178 [00:22<15:15, 15530972.99B/s]
   GAP-kron:   2%|▏         | 355270656/14570837178 [00:22<14:55, 15873106.34B/s]
   GAP-kron:   2%|▏         | 356876288/14570837178 [00:22<15:48, 14978664.37B/s]
   GAP-kron:   2%|▏         | 358678528/14570837178 [00:22<14:59, 15794493.11B/s]
   GAP-kron:   2%|▏         | 360398848/14570837178 [00:22<15:32, 15240148.52B/s]
   GAP-kron:   2%|▏         | 362217472/14570837178 [00:23<14:45, 16042177.38B/s]
   GAP-kron:   2%|▏         | 363905024/14570837178 [00:23<14:34, 16244785.91B/s]
   GAP-kron:   3%|▎         | 365559808/14570837178 [00:23<15:38, 15128755.82B/s]
   GAP-kron:   3%|▎         | 367230976/14570837178 [00:23<15:13, 15551837.69B/s]
   GAP-kron:   3%|▎         | 368820224/14570837178 [00:23<15:50, 14947775.58B/s]
   GAP-kron:   3%|▎         | 370556928/14570837178 [00:23<15:11, 15582090.11B/s]
   GAP-kron:   3%|▎         | 372260864/14570837178 [00:23<14:47, 15995030.11B/s]
   GAP-kron:   3%|▎         | 373882880/14570837178 [00:23<15:35, 15180119.02B/s]
   GAP-kron:   3%|▎         | 375603200/14570837178 [00:23<15:04, 15699529.14B/s]
   GAP-kron:   3%|▎         | 377192448/14570837178 [00:24<16:01, 14759520.50B/s]
   GAP-kron:   3%|▎         | 378896384/14570837178 [00:24<15:22, 15383676.44B/s]
   GAP-kron:   3%|▎         | 380633088/14570837178 [00:24<14:50, 15942001.50B/s]
   GAP-kron:   3%|▎         | 382255104/14570837178 [00:24<15:27, 15300799.63B/s]
   GAP-kron:   3%|▎         | 384008192/14570837178 [00:24<14:51, 15920908.88B/s]
   GAP-kron:   3%|▎         | 385630208/14570837178 [00:24<15:36, 15148463.69B/s]
   GAP-kron:   3%|▎         | 387432448/14570837178 [00:24<14:49, 15936594.29B/s]
   GAP-kron:   3%|▎         | 389218304/14570837178 [00:24<14:22, 16447789.85B/s]
   GAP-kron:   3%|▎         | 390889472/14570837178 [00:24<15:04, 15674969.61B/s]
   GAP-kron:   3%|▎         | 392675328/14570837178 [00:24<14:30, 16278328.41B/s]
   GAP-kron:   3%|▎         | 394330112/14570837178 [00:25<15:02, 15708140.39B/s]
   GAP-kron:   3%|▎         | 396083200/14570837178 [00:25<14:34, 16207733.21B/s]
   GAP-kron:   3%|▎         | 397721600/14570837178 [00:25<15:17, 15443066.53B/s]
   GAP-kron:   3%|▎         | 399540224/14570837178 [00:25<14:35, 16182641.58B/s]
   GAP-kron:   3%|▎         | 401293312/14570837178 [00:25<14:15, 16559854.84B/s]
   GAP-kron:   3%|▎         | 402964480/14570837178 [00:25<15:04, 15668993.08B/s]
   GAP-kron:   3%|▎         | 404684800/14570837178 [00:25<14:40, 16094208.36B/s]
   GAP-kron:   3%|▎         | 406323200/14570837178 [00:25<15:21, 15362858.37B/s]
   GAP-kron:   3%|▎         | 408109056/14570837178 [00:25<14:44, 16013240.73B/s]
   GAP-kron:   3%|▎         | 409731072/14570837178 [00:26<15:20, 15384307.95B/s]
   GAP-kron:   3%|▎         | 411516928/14570837178 [00:26<14:42, 16048338.08B/s]
   GAP-kron:   3%|▎         | 413319168/14570837178 [00:26<14:12, 16611464.89B/s]
   GAP-kron:   3%|▎         | 415006720/14570837178 [00:26<15:06, 15616028.95B/s]
   GAP-kron:   3%|▎         | 416792576/14570837178 [00:26<14:31, 16239053.37B/s]
   GAP-kron:   3%|▎         | 418447360/14570837178 [00:26<15:21, 15350528.08B/s]
   GAP-kron:   3%|▎         | 420265984/14570837178 [00:26<14:38, 16115423.51B/s]
   GAP-kron:   3%|▎         | 421904384/14570837178 [00:26<15:11, 15517190.45B/s]
   GAP-kron:   3%|▎         | 423755776/14570837178 [00:26<14:25, 16339278.48B/s]
   GAP-kron:   3%|▎         | 425574400/14570837178 [00:27<13:59, 16839645.88B/s]
   GAP-kron:   3%|▎         | 427278336/14570837178 [00:27<14:44, 15991718.67B/s]
   GAP-kron:   3%|▎         | 429096960/14570837178 [00:27<14:13, 16566587.24B/s]
   GAP-kron:   3%|▎         | 430784512/14570837178 [00:27<15:01, 15686521.19B/s]
   GAP-kron:   3%|▎         | 432488448/14570837178 [00:27<14:41, 16047646.58B/s]
   GAP-kron:   3%|▎         | 434192384/14570837178 [00:27<15:25, 15269075.84B/s]
   GAP-kron:   3%|▎         | 435978240/14570837178 [00:27<14:46, 15947925.04B/s]
   GAP-kron:   3%|▎         | 437665792/14570837178 [00:27<14:33, 16177457.21B/s]
   GAP-kron:   3%|▎         | 439304192/14570837178 [00:27<15:27, 15242476.65B/s]
   GAP-kron:   3%|▎         | 441090048/14570837178 [00:28<14:46, 15944964.97B/s]
   GAP-kron:   3%|▎         | 442712064/14570837178 [00:28<15:25, 15271013.32B/s]
   GAP-kron:   3%|▎         | 444514304/14570837178 [00:28<14:42, 16008784.15B/s]
   GAP-kron:   3%|▎         | 446283776/14570837178 [00:28<15:16, 15416677.18B/s]
   GAP-kron:   3%|▎         | 448086016/14570837178 [00:28<14:36, 16112202.13B/s]
   GAP-kron:   3%|▎         | 449904640/14570837178 [00:28<14:06, 16678067.03B/s]
   GAP-kron:   3%|▎         | 451592192/14570837178 [00:28<14:56, 15741343.31B/s]
   GAP-kron:   3%|▎         | 453328896/14570837178 [00:28<14:31, 16191371.14B/s]
   GAP-kron:   3%|▎         | 454967296/14570837178 [00:28<15:13, 15445422.71B/s]
   GAP-kron:   3%|▎         | 456671232/14570837178 [00:29<14:48, 15880201.11B/s]
   GAP-kron:   3%|▎         | 458358784/14570837178 [00:29<14:34, 16144778.11B/s]
   GAP-kron:   3%|▎         | 459997184/14570837178 [00:29<15:30, 15161723.64B/s]
   GAP-kron:   3%|▎         | 461750272/14570837178 [00:29<14:52, 15801042.89B/s]
   GAP-kron:   3%|▎         | 463355904/14570837178 [00:29<15:33, 15120319.75B/s]
   GAP-kron:   3%|▎         | 465092608/14570837178 [00:29<14:57, 15718307.65B/s]
   GAP-kron:   3%|▎         | 466681856/14570837178 [00:29<15:48, 14870280.63B/s]
   GAP-kron:   3%|▎         | 468484096/14570837178 [00:29<14:57, 15718058.65B/s]
   GAP-kron:   3%|▎         | 470237184/14570837178 [00:29<14:28, 16226826.12B/s]
   GAP-kron:   3%|▎         | 471891968/14570837178 [00:29<15:20, 15310240.59B/s]
   GAP-kron:   3%|▎         | 473645056/14570837178 [00:30<14:45, 15924526.27B/s]
   GAP-kron:   3%|▎         | 475267072/14570837178 [00:30<15:30, 15146193.52B/s]
   GAP-kron:   3%|▎         | 477085696/14570837178 [00:30<14:43, 15955194.66B/s]
   GAP-kron:   3%|▎         | 478871552/14570837178 [00:30<14:15, 16473720.83B/s]
   GAP-kron:   3%|▎         | 480542720/14570837178 [00:30<15:09, 15490553.04B/s]
   GAP-kron:   3%|▎         | 482312192/14570837178 [00:30<14:35, 16084102.27B/s]
   GAP-kron:   3%|▎         | 483950592/14570837178 [00:30<15:12, 15441416.34B/s]
   GAP-kron:   3%|▎         | 485769216/14570837178 [00:30<14:30, 16188997.23B/s]
   GAP-kron:   3%|▎         | 487440384/14570837178 [00:30<14:22, 16325398.97B/s]
   GAP-kron:   3%|▎         | 489095168/14570837178 [00:31<15:22, 15266710.85B/s]
   GAP-kron:   3%|▎         | 490864640/14570837178 [00:31<14:43, 15938075.15B/s]
   GAP-kron:   3%|▎         | 492486656/14570837178 [00:31<15:19, 15316046.73B/s]
   GAP-kron:   3%|▎         | 494272512/14570837178 [00:31<14:39, 16013963.61B/s]
   GAP-kron:   3%|▎         | 496009216/14570837178 [00:31<14:20, 16365653.05B/s]
   GAP-kron:   3%|▎         | 497664000/14570837178 [00:31<15:27, 15176166.91B/s]
   GAP-kron:   3%|▎         | 499367936/14570837178 [00:31<14:58, 15653908.94B/s]
   GAP-kron:   3%|▎         | 500957184/14570837178 [00:31<15:43, 14909456.21B/s]
   GAP-kron:   3%|▎         | 502759424/14570837178 [00:31<14:53, 15746372.78B/s]
   GAP-kron:   3%|▎         | 504414208/14570837178 [00:32<14:42, 15942380.89B/s]
   GAP-kron:   3%|▎         | 506036224/14570837178 [00:32<15:24, 15215726.76B/s]
   GAP-kron:   3%|▎         | 507838464/14570837178 [00:32<14:39, 15998532.01B/s]
   GAP-kron:   3%|▎         | 509460480/14570837178 [00:32<15:16, 15349999.15B/s]
   GAP-kron:   4%|▎         | 511213568/14570837178 [00:32<14:41, 15958508.03B/s]
   GAP-kron:   4%|▎         | 512835584/14570837178 [00:32<15:23, 15217639.99B/s]
   GAP-kron:   4%|▎         | 514637824/14570837178 [00:32<14:39, 15985481.76B/s]
   GAP-kron:   4%|▎         | 516440064/14570837178 [00:32<14:08, 16560706.46B/s]
   GAP-kron:   4%|▎         | 518111232/14570837178 [00:32<14:57, 15654714.11B/s]
   GAP-kron:   4%|▎         | 519946240/14570837178 [00:33<14:17, 16388832.74B/s]
   GAP-kron:   4%|▎         | 521617408/14570837178 [00:33<15:07, 15477221.56B/s]
   GAP-kron:   4%|▎         | 523452416/14570837178 [00:33<14:24, 16248569.84B/s]
   GAP-kron:   4%|▎         | 525107200/14570837178 [00:33<15:07, 15470569.12B/s]
   GAP-kron:   4%|▎         | 526909440/14570837178 [00:33<14:30, 16135703.27B/s]
   GAP-kron:   4%|▎         | 528728064/14570837178 [00:33<14:01, 16677484.81B/s]
   GAP-kron:   4%|▎         | 530415616/14570837178 [00:33<14:46, 15840493.94B/s]
   GAP-kron:   4%|▎         | 532217856/14570837178 [00:33<14:15, 16418520.55B/s]
   GAP-kron:   4%|▎         | 533889024/14570837178 [00:33<15:02, 15551325.96B/s]
   GAP-kron:   4%|▎         | 535724032/14570837178 [00:34<14:21, 16286314.82B/s]
   GAP-kron:   4%|▎         | 537509888/14570837178 [00:34<14:00, 16702351.01B/s]
   GAP-kron:   4%|▎         | 539197440/14570837178 [00:34<14:58, 15611874.92B/s]
   GAP-kron:   4%|▎         | 540999680/14570837178 [00:34<14:23, 16250801.86B/s]
   GAP-kron:   4%|▎         | 542654464/14570837178 [00:34<15:06, 15483552.65B/s]
   GAP-kron:   4%|▎         | 544440320/14570837178 [00:34<14:29, 16137514.20B/s]
   GAP-kron:   4%|▎         | 546078720/14570837178 [00:34<15:13, 15360100.65B/s]
   GAP-kron:   4%|▍         | 547815424/14570837178 [00:34<14:42, 15888667.42B/s]
   GAP-kron:   4%|▍         | 549535744/14570837178 [00:34<14:22, 16261252.53B/s]
   GAP-kron:   4%|▍         | 551190528/14570837178 [00:35<15:01, 15556409.02B/s]
   GAP-kron:   4%|▍         | 553041920/14570837178 [00:35<14:16, 16361091.53B/s]
   GAP-kron:   4%|▍         | 554696704/14570837178 [00:35<15:05, 15483701.10B/s]
   GAP-kron:   4%|▍         | 556351488/14570837178 [00:35<14:50, 15744000.60B/s]
   GAP-kron:   4%|▍         | 558104576/14570837178 [00:35<14:24, 16214905.65B/s]
   GAP-kron:   4%|▍         | 559742976/14570837178 [00:35<15:18, 15262150.85B/s]
   GAP-kron:   4%|▍         | 561364992/14570837178 [00:35<15:03, 15500712.96B/s]
   GAP-kron:   4%|▍         | 562937856/14570837178 [00:35<15:55, 14660779.69B/s]
   GAP-kron:   4%|▍         | 564707328/14570837178 [00:35<15:04, 15491970.45B/s]
   GAP-kron:   4%|▍         | 566280192/14570837178 [00:35<15:44, 14822247.96B/s]
   GAP-kron:   4%|▍         | 568000512/14570837178 [00:36<15:06, 15451285.39B/s]
   GAP-kron:   4%|▍         | 569671680/14570837178 [00:36<14:46, 15793124.68B/s]
   GAP-kron:   4%|▍         | 571277312/14570837178 [00:36<15:33, 14992596.08B/s]
   GAP-kron:   4%|▍         | 572964864/14570837178 [00:36<15:02, 15514398.24B/s]
   GAP-kron:   4%|▍         | 574537728/14570837178 [00:36<15:33, 14994714.13B/s]
   GAP-kron:   4%|▍         | 576323584/14570837178 [00:36<14:45, 15797266.64B/s]
   GAP-kron:   4%|▍         | 578125824/14570837178 [00:36<14:11, 16433451.17B/s]
   GAP-kron:   4%|▍         | 579796992/14570837178 [00:36<15:00, 15533954.35B/s]
   GAP-kron:   4%|▍         | 581369856/14570837178 [00:36<15:07, 15419104.36B/s]
   GAP-kron:   4%|▍         | 582926336/14570837178 [00:37<15:41, 14850315.31B/s]
   GAP-kron:   4%|▍         | 584728576/14570837178 [00:37<14:50, 15704122.06B/s]
   GAP-kron:   4%|▍         | 586498048/14570837178 [00:37<14:23, 16198818.98B/s]
   GAP-kron:   4%|▍         | 588136448/14570837178 [00:37<14:51, 15683070.62B/s]
   GAP-kron:   4%|▍         | 589971456/14570837178 [00:37<14:12, 16407574.81B/s]
   GAP-kron:   4%|▍         | 591626240/14570837178 [00:37<14:51, 15685905.74B/s]
   GAP-kron:   4%|▍         | 593428480/14570837178 [00:37<14:15, 16340736.48B/s]
   GAP-kron:   4%|▍         | 595083264/14570837178 [00:37<14:52, 15656348.52B/s]
   GAP-kron:   4%|▍         | 596901888/14570837178 [00:37<14:15, 16340889.53B/s]
   GAP-kron:   4%|▍         | 598671360/14570837178 [00:38<13:56, 16704398.71B/s]
   GAP-kron:   4%|▍         | 600358912/14570837178 [00:38<14:56, 15586703.33B/s]
   GAP-kron:   4%|▍         | 602144768/14570837178 [00:38<14:21, 16217097.27B/s]
   GAP-kron:   4%|▍         | 603799552/14570837178 [00:38<14:59, 15520436.28B/s]
   GAP-kron:   4%|▍         | 605601792/14570837178 [00:38<14:23, 16174805.80B/s]
   GAP-kron:   4%|▍         | 607240192/14570837178 [00:38<15:12, 15301130.70B/s]
   GAP-kron:   4%|▍         | 609026048/14570837178 [00:38<14:32, 15998068.43B/s]
   GAP-kron:   4%|▍         | 610844672/14570837178 [00:38<14:01, 16592778.35B/s]
   GAP-kron:   4%|▍         | 612532224/14570837178 [00:38<14:55, 15579866.05B/s]
   GAP-kron:   4%|▍         | 614252544/14570837178 [00:39<14:32, 15997305.13B/s]
   GAP-kron:   4%|▍         | 615874560/14570837178 [00:39<15:33, 14947057.15B/s]
   GAP-kron:   4%|▍         | 617693184/14570837178 [00:39<14:42, 15812532.63B/s]
   GAP-kron:   4%|▍         | 619298816/14570837178 [00:39<15:15, 15246030.50B/s]
   GAP-kron:   4%|▍         | 621084672/14570837178 [00:39<14:34, 15949754.28B/s]
   GAP-kron:   4%|▍         | 622886912/14570837178 [00:39<14:05, 16497115.87B/s]
   GAP-kron:   4%|▍         | 624558080/14570837178 [00:39<14:47, 15721185.80B/s]
   GAP-kron:   4%|▍         | 626425856/14570837178 [00:39<14:04, 16516334.87B/s]
   GAP-kron:   4%|▍         | 628097024/14570837178 [00:39<14:48, 15694197.74B/s]
   GAP-kron:   4%|▍         | 629915648/14570837178 [00:39<14:11, 16370305.71B/s]
   GAP-kron:   4%|▍         | 631570432/14570837178 [00:40<14:55, 15566778.85B/s]
   GAP-kron:   4%|▍         | 633339904/14570837178 [00:40<14:22, 16155532.41B/s]
   GAP-kron:   4%|▍         | 635076608/14570837178 [00:40<14:06, 16458351.79B/s]
   GAP-kron:   4%|▍         | 636747776/14570837178 [00:40<14:48, 15678826.89B/s]
   GAP-kron:   4%|▍         | 638599168/14570837178 [00:40<14:06, 16453505.39B/s]
   GAP-kron:   4%|▍         | 640270336/14570837178 [00:40<14:52, 15609711.30B/s]
   GAP-kron:   4%|▍         | 641925120/14570837178 [00:40<14:38, 15862965.01B/s]
   GAP-kron:   4%|▍         | 643530752/14570837178 [00:40<15:21, 15107089.39B/s]
   GAP-kron:   4%|▍         | 645283840/14570837178 [00:40<14:43, 15765588.43B/s]
   GAP-kron:   4%|▍         | 647053312/14570837178 [00:41<14:15, 16273700.93B/s]
   GAP-kron:   4%|▍         | 648708096/14570837178 [00:41<15:04, 15391372.90B/s]
   GAP-kron:   4%|▍         | 650412032/14570837178 [00:41<14:40, 15813964.70B/s]
   GAP-kron:   4%|▍         | 652017664/14570837178 [00:41<15:29, 14978590.49B/s]
   GAP-kron:   4%|▍         | 653770752/14570837178 [00:41<14:48, 15658997.07B/s]
   GAP-kron:   4%|▍         | 655523840/14570837178 [00:41<14:21, 16161075.85B/s]
   GAP-kron:   5%|▍         | 657162240/14570837178 [00:41<15:05, 15359292.61B/s]
   GAP-kron:   5%|▍         | 658980864/14570837178 [00:41<14:22, 16126101.95B/s]
   GAP-kron:   5%|▍         | 660619264/14570837178 [00:41<15:22, 15083337.50B/s]
   GAP-kron:   5%|▍         | 662339584/14570837178 [00:42<14:49, 15640899.88B/s]
   GAP-kron:   5%|▍         | 663928832/14570837178 [00:42<15:29, 14956250.53B/s]
   GAP-kron:   5%|▍         | 665665536/14570837178 [00:42<14:50, 15614244.72B/s]
   GAP-kron:   5%|▍         | 667320320/14570837178 [00:42<14:37, 15842268.63B/s]
   GAP-kron:   5%|▍         | 668925952/14570837178 [00:42<15:20, 15106908.20B/s]
   GAP-kron:   5%|▍         | 670613504/14570837178 [00:42<14:52, 15569865.25B/s]
   GAP-kron:   5%|▍         | 672186368/14570837178 [00:42<15:40, 14770263.96B/s]
   GAP-kron:   5%|▍         | 673890304/14570837178 [00:42<15:03, 15382241.64B/s]
   GAP-kron:   5%|▍         | 675708928/14570837178 [00:42<14:20, 16145713.03B/s]
   GAP-kron:   5%|▍         | 677347328/14570837178 [00:43<15:05, 15336621.93B/s]
   GAP-kron:   5%|▍         | 679116800/14570837178 [00:43<14:28, 15990148.43B/s]
   GAP-kron:   5%|▍         | 680738816/14570837178 [00:43<15:29, 14940934.98B/s]
   GAP-kron:   5%|▍         | 682344448/14570837178 [00:43<15:12, 15218449.38B/s]
   GAP-kron:   5%|▍         | 683966464/14570837178 [00:43<14:57, 15474955.40B/s]
   GAP-kron:   5%|▍         | 685539328/14570837178 [00:43<15:36, 14823321.15B/s]
   GAP-kron:   5%|▍         | 687226880/14570837178 [00:43<15:03, 15367102.36B/s]
   GAP-kron:   5%|▍         | 688783360/14570837178 [00:43<15:44, 14701821.07B/s]
   GAP-kron:   5%|▍         | 690487296/14570837178 [00:43<15:04, 15342100.02B/s]
   GAP-kron:   5%|▍         | 692076544/14570837178 [00:44<15:03, 15358502.89B/s]
   GAP-kron:   5%|▍         | 693633024/14570837178 [00:44<15:57, 14496550.51B/s]
   GAP-kron:   5%|▍         | 695205888/14570837178 [00:44<15:36, 14823249.53B/s]
   GAP-kron:   5%|▍         | 696713216/14570837178 [00:44<16:23, 14110573.03B/s]
   GAP-kron:   5%|▍         | 698417152/14570837178 [00:44<15:30, 14903496.93B/s]
   GAP-kron:   5%|▍         | 700186624/14570837178 [00:44<14:44, 15683193.04B/s]
   GAP-kron:   5%|▍         | 701775872/14570837178 [00:44<15:38, 14783335.08B/s]
   GAP-kron:   5%|▍         | 703512576/14570837178 [00:44<14:55, 15482112.80B/s]
   GAP-kron:   5%|▍         | 705085440/14570837178 [00:44<15:32, 14875977.54B/s]
   GAP-kron:   5%|▍         | 706854912/14570837178 [00:44<14:47, 15627682.98B/s]
   GAP-kron:   5%|▍         | 708542464/14570837178 [00:45<14:28, 15954767.33B/s]
   GAP-kron:   5%|▍         | 710164480/14570837178 [00:45<15:14, 15160718.48B/s]
   GAP-kron:   5%|▍         | 711950336/14570837178 [00:45<14:32, 15888016.98B/s]
   GAP-kron:   5%|▍         | 713555968/14570837178 [00:45<16:08, 14306826.89B/s]
   GAP-kron:   5%|▍         | 715030528/14570837178 [00:45<17:19, 13323021.50B/s]
   GAP-kron:   5%|▍         | 716406784/14570837178 [00:45<18:09, 12721850.74B/s]
   GAP-kron:   5%|▍         | 717717504/14570837178 [00:45<19:54, 11594705.61B/s]
   GAP-kron:   5%|▍         | 718913536/14570837178 [00:45<19:55, 11585261.77B/s]
   GAP-kron:   5%|▍         | 720093184/14570837178 [00:46<19:57, 11562951.99B/s]
   GAP-kron:   5%|▍         | 721272832/14570837178 [00:46<21:27, 10760703.97B/s]
   GAP-kron:   5%|▍         | 722436096/14570837178 [00:46<21:02, 10968050.83B/s]
   GAP-kron:   5%|▍         | 723779584/14570837178 [00:46<19:52, 11612314.22B/s]
   GAP-kron:   5%|▍         | 725090304/14570837178 [00:46<19:13, 12000215.89B/s]
   GAP-kron:   5%|▍         | 726810624/14570837178 [00:46<17:08, 13462567.41B/s]
   GAP-kron:   5%|▌         | 728547328/14570837178 [00:46<15:50, 14562464.56B/s]
   GAP-kron:   5%|▌         | 730021888/14570837178 [00:46<17:06, 13489460.47B/s]
   GAP-kron:   5%|▌         | 731774976/14570837178 [00:46<15:49, 14578460.32B/s]
   GAP-kron:   5%|▌         | 733265920/14570837178 [00:47<16:17, 14159239.85B/s]
   GAP-kron:   5%|▌         | 734986240/14570837178 [00:47<15:23, 14982352.72B/s]
   GAP-kron:   5%|▌         | 736722944/14570837178 [00:47<14:45, 15630090.94B/s]
   GAP-kron:   5%|▌         | 738312192/14570837178 [00:47<15:28, 14899543.86B/s]
   GAP-kron:   5%|▌         | 739983360/14570837178 [00:47<14:59, 15380064.11B/s]
   GAP-kron:   5%|▌         | 741539840/14570837178 [00:47<16:21, 14085304.61B/s]
   GAP-kron:   5%|▌         | 743227392/14570837178 [00:47<15:32, 14832927.15B/s]
   GAP-kron:   5%|▌         | 744980480/14570837178 [00:47<14:47, 15577683.69B/s]
   GAP-kron:   5%|▌         | 746569728/14570837178 [00:47<15:29, 14877713.20B/s]
   GAP-kron:   5%|▌         | 748290048/14570837178 [00:47<14:52, 15486606.15B/s]
   GAP-kron:   5%|▌         | 749862912/14570837178 [00:48<15:32, 14817980.92B/s]
   GAP-kron:   5%|▌         | 751566848/14570837178 [00:48<14:57, 15404397.37B/s]
   GAP-kron:   5%|▌         | 753303552/14570837178 [00:48<15:33, 14795178.92B/s]
   GAP-kron:   5%|▌         | 754810880/14570837178 [00:48<15:43, 14639636.61B/s]
   GAP-kron:   5%|▌         | 756498432/14570837178 [00:48<15:07, 15229458.74B/s]
   GAP-kron:   5%|▌         | 758038528/14570837178 [00:48<15:44, 14629868.97B/s]
   GAP-kron:   5%|▌         | 759758848/14570837178 [00:48<15:00, 15341717.75B/s]
   GAP-kron:   5%|▌         | 761380864/14570837178 [00:48<15:41, 14664588.63B/s]
   GAP-kron:   5%|▌         | 763068416/14570837178 [00:48<15:03, 15276289.94B/s]
   GAP-kron:   5%|▌         | 764788736/14570837178 [00:49<14:34, 15790134.45B/s]
   GAP-kron:   5%|▌         | 766394368/14570837178 [00:49<16:20, 14079327.16B/s]
   GAP-kron:   5%|▌         | 767868928/14570837178 [00:49<16:10, 14221506.18B/s]
   GAP-kron:   5%|▌         | 769376256/14570837178 [00:49<15:56, 14432802.66B/s]
   GAP-kron:   5%|▌         | 770850816/14570837178 [00:49<16:32, 13899191.19B/s]
   GAP-kron:   5%|▌         | 772587520/14570837178 [00:49<15:28, 14853202.92B/s]
   GAP-kron:   5%|▌         | 774094848/14570837178 [00:49<16:02, 14326912.93B/s]
   GAP-kron:   5%|▌         | 775798784/14570837178 [00:49<15:14, 15079704.66B/s]
   GAP-kron:   5%|▌         | 777519104/14570837178 [00:49<14:40, 15667129.35B/s]
   GAP-kron:   5%|▌         | 779108352/14570837178 [00:50<15:25, 14900019.91B/s]
   GAP-kron:   5%|▌         | 780615680/14570837178 [00:50<15:38, 14695127.92B/s]
   GAP-kron:   5%|▌         | 782106624/14570837178 [00:50<16:27, 13967249.37B/s]
   GAP-kron:   5%|▌         | 783646720/14570837178 [00:50<16:01, 14332702.82B/s]
   GAP-kron:   5%|▌         | 785350656/14570837178 [00:50<15:14, 15082197.18B/s]
   GAP-kron:   5%|▌         | 786874368/14570837178 [00:50<15:48, 14533526.89B/s]
   GAP-kron:   5%|▌         | 788545536/14570837178 [00:50<15:14, 15074268.52B/s]
   GAP-kron:   5%|▌         | 790069248/14570837178 [00:50<15:45, 14580785.55B/s]
   GAP-kron:   5%|▌         | 791543808/14570837178 [00:50<15:55, 14426518.55B/s]
   GAP-kron:   5%|▌         | 793264128/14570837178 [00:51<15:06, 15204705.30B/s]
   GAP-kron:   5%|▌         | 794804224/14570837178 [00:51<15:49, 14510868.06B/s]
   GAP-kron:   5%|▌         | 796278784/14570837178 [00:51<15:55, 14409937.67B/s]
   GAP-kron:   5%|▌         | 797786112/14570837178 [00:51<16:27, 13947362.57B/s]
   GAP-kron:   5%|▌         | 799522816/14570837178 [00:51<15:25, 14874375.78B/s]
   GAP-kron:   5%|▌         | 801226752/14570837178 [00:51<14:49, 15486765.52B/s]
   GAP-kron:   6%|▌         | 802799616/14570837178 [00:51<15:30, 14796653.81B/s]
   GAP-kron:   6%|▌         | 804503552/14570837178 [00:51<14:54, 15393369.62B/s]
   GAP-kron:   6%|▌         | 806060032/14570837178 [00:51<15:35, 14719718.49B/s]
   GAP-kron:   6%|▌         | 807600128/14570837178 [00:52<15:23, 14898506.54B/s]
   GAP-kron:   6%|▌         | 809222144/14570837178 [00:52<15:04, 15218600.01B/s]
   GAP-kron:   6%|▌         | 810762240/14570837178 [00:52<16:29, 13910189.31B/s]
   GAP-kron:   6%|▌         | 812482560/14570837178 [00:52<15:29, 14800828.40B/s]
   GAP-kron:   6%|▌         | 813989888/14570837178 [00:52<15:58, 14358678.96B/s]
   GAP-kron:   6%|▌         | 815448064/14570837178 [00:52<17:05, 13409613.86B/s]
   GAP-kron:   6%|▌         | 817184768/14570837178 [00:52<15:50, 14463425.68B/s]
   GAP-kron:   6%|▌         | 818659328/14570837178 [00:52<16:16, 14080949.64B/s]
   GAP-kron:   6%|▌         | 820379648/14570837178 [00:52<15:20, 14942441.79B/s]
   GAP-kron:   6%|▌         | 822083584/14570837178 [00:53<14:46, 15502996.80B/s]
   GAP-kron:   6%|▌         | 823656448/14570837178 [00:53<15:29, 14783664.34B/s]
   GAP-kron:   6%|▌         | 825376768/14570837178 [00:53<14:49, 15459781.15B/s]
   GAP-kron:   6%|▌         | 826949632/14570837178 [00:53<15:36, 14674464.50B/s]
   GAP-kron:   6%|▌         | 828686336/14570837178 [00:53<14:52, 15396130.93B/s]
   GAP-kron:   6%|▌         | 830406656/14570837178 [00:53<14:24, 15899876.09B/s]
   GAP-kron:   6%|▌         | 832012288/14570837178 [00:53<15:11, 15076480.58B/s]
   GAP-kron:   6%|▌         | 833748992/14570837178 [00:53<14:35, 15695467.94B/s]
   GAP-kron:   6%|▌         | 835338240/14570837178 [00:53<15:20, 14917397.17B/s]
   GAP-kron:   6%|▌         | 837042176/14570837178 [00:53<14:46, 15486066.35B/s]
   GAP-kron:   6%|▌         | 838729728/14570837178 [00:54<15:31, 14740064.04B/s]
   GAP-kron:   6%|▌         | 840237056/14570837178 [00:54<15:35, 14682647.04B/s]
   GAP-kron:   6%|▌         | 841924608/14570837178 [00:54<14:58, 15283051.52B/s]
   GAP-kron:   6%|▌         | 843481088/14570837178 [00:54<15:38, 14626504.59B/s]
   GAP-kron:   6%|▌         | 845086720/14570837178 [00:54<15:15, 14987465.36B/s]
   GAP-kron:   6%|▌         | 846610432/14570837178 [00:54<15:15, 14985299.66B/s]
   GAP-kron:   6%|▌         | 848117760/14570837178 [00:54<15:50, 14435542.39B/s]
   GAP-kron:   6%|▌         | 849788928/14570837178 [00:54<15:13, 15023716.67B/s]
   GAP-kron:   6%|▌         | 851312640/14570837178 [00:54<16:25, 13927543.50B/s]
   GAP-kron:   6%|▌         | 853032960/14570837178 [00:55<15:26, 14800571.86B/s]
   GAP-kron:   6%|▌         | 854753280/14570837178 [00:55<14:48, 15440253.49B/s]
   GAP-kron:   6%|▌         | 856326144/14570837178 [00:55<15:50, 14429510.24B/s]
   GAP-kron:   6%|▌         | 857800704/14570837178 [00:55<16:00, 14269822.00B/s]
   GAP-kron:   6%|▌         | 859258880/14570837178 [00:55<16:36, 13763694.18B/s]
   GAP-kron:   6%|▌         | 860979200/14570837178 [00:55<15:31, 14711496.66B/s]
   GAP-kron:   6%|▌         | 862715904/14570837178 [00:55<14:48, 15422417.27B/s]
   GAP-kron:   6%|▌         | 864288768/14570837178 [00:55<15:29, 14753927.57B/s]
   GAP-kron:   6%|▌         | 865976320/14570837178 [00:55<14:54, 15318090.85B/s]
   GAP-kron:   6%|▌         | 867532800/14570837178 [00:56<15:38, 14605270.73B/s]
   GAP-kron:   6%|▌         | 869023744/14570837178 [00:56<15:38, 14603283.02B/s]
   GAP-kron:   6%|▌         | 870678528/14570837178 [00:56<15:05, 15134594.62B/s]
   GAP-kron:   6%|▌         | 872202240/14570837178 [00:56<16:31, 13818019.54B/s]
   GAP-kron:   6%|▌         | 873906176/14570837178 [00:56<15:32, 14693527.48B/s]
   GAP-kron:   6%|▌         | 875413504/14570837178 [00:56<16:00, 14264053.83B/s]
   GAP-kron:   6%|▌         | 877150208/14570837178 [00:56<15:07, 15097645.97B/s]
   
   asv: benchmark timed out (timeout 60s)
   
   For parameters: bfs_gap_inputs.GAP/GAP-urand_9239735
   INFO root: Dataset suitesparse_matrix.GAP/GAP-urand manifest metadata is stale.
   
   GAP-urand:   0%|          | 0/16766984746 [00:00<?, ?B/s]
   GAP-urand:   0%|          | 245760/16766984746 [00:00<2:08:44, 2170586.83B/s]
   GAP-urand:   0%|          | 1245184/16766984746 [00:00<42:47, 6529390.29B/s] 
   GAP-urand:   0%|          | 2686976/16766984746 [00:00<27:56, 10000950.75B/s]
   GAP-urand:   0%|          | 4145152/16766984746 [00:00<23:47, 11746759.19B/s]
   GAP-urand:   0%|          | 5586944/16766984746 [00:00<22:06, 12640182.41B/s]
   GAP-urand:   0%|          | 7094272/16766984746 [00:00<20:46, 13442963.46B/s]
   GAP-urand:   0%|          | 8617984/16766984746 [00:00<19:57, 13997149.30B/s]
   GAP-urand:   0%|          | 10174464/16766984746 [00:00<19:19, 14456795.13B/s]
   GAP-urand:   0%|          | 11812864/16766984746 [00:00<18:35, 15020765.04B/s]
   GAP-urand:   0%|          | 13451264/16766984746 [00:01<18:05, 15438718.52B/s]
   GAP-urand:   0%|          | 15122432/16766984746 [00:01<17:40, 15789828.90B/s]
   GAP-urand:   0%|          | 16793600/16766984746 [00:01<17:25, 16016224.75B/s]
   GAP-urand:   0%|          | 18546688/16766984746 [00:01<16:58, 16450372.33B/s]
   GAP-urand:   0%|          | 20283392/16766984746 [00:01<16:47, 16616150.99B/s]
   GAP-urand:   0%|          | 21970944/16766984746 [00:01<16:44, 16662247.33B/s]
   GAP-urand:   0%|          | 23658496/16766984746 [00:01<16:41, 16712783.74B/s]
   GAP-urand:   0%|          | 25346048/16766984746 [00:01<16:43, 16682910.41B/s]
   GAP-urand:   0%|          | 27017216/16766984746 [00:01<17:02, 16370442.92B/s]
   GAP-urand:   0%|          | 28655616/16766984746 [00:01<17:37, 15832338.98B/s]
   GAP-urand:   0%|          | 30244864/16766984746 [00:02<17:45, 15713442.59B/s]
   GAP-urand:   0%|          | 32047104/16766984746 [00:02<17:03, 16353202.55B/s]
   GAP-urand:   0%|          | 33832960/16766984746 [00:02<16:38, 16750272.61B/s]
   GAP-urand:   0%|          | 35520512/16766984746 [00:02<16:42, 16692826.31B/s]
   GAP-urand:   0%|          | 37208064/16766984746 [00:02<16:46, 16614635.36B/s]
   GAP-urand:   0%|          | 38928384/16766984746 [00:02<16:37, 16775474.01B/s]
   GAP-urand:   0%|          | 40615936/16766984746 [00:02<16:40, 16713990.72B/s]
   GAP-urand:   0%|          | 42303488/16766984746 [00:02<16:42, 16683069.78B/s]
   GAP-urand:   0%|          | 43991040/16766984746 [00:02<16:40, 16709245.67B/s]
   GAP-urand:   0%|          | 45694976/16766984746 [00:02<16:35, 16789687.38B/s]
   GAP-urand:   0%|          | 47415296/16766984746 [00:03<16:30, 16872104.36B/s]
   GAP-urand:   0%|          | 49119232/16766984746 [00:03<16:29, 16896563.89B/s]
   GAP-urand:   0%|          | 50823168/16766984746 [00:03<16:41, 16686911.79B/s]
   GAP-urand:   0%|          | 52494336/16766984746 [00:03<16:45, 16629857.89B/s]
   GAP-urand:   0%|          | 54165504/16766984746 [00:03<16:49, 16561420.81B/s]
   GAP-urand:   0%|          | 55853056/16766984746 [00:03<16:45, 16620602.52B/s]
   GAP-urand:   0%|          | 57524224/16766984746 [00:03<16:46, 16608348.99B/s]
   GAP-urand:   0%|          | 59228160/16766984746 [00:03<16:40, 16691104.96B/s]
   GAP-urand:   0%|          | 60948480/16766984746 [00:03<16:33, 16809928.06B/s]
   GAP-urand:   0%|          | 62636032/16766984746 [00:03<17:09, 16220230.29B/s]
   GAP-urand:   0%|          | 64323584/16766984746 [00:04<16:58, 16406714.84B/s]
   GAP-urand:   0%|          | 65978368/16766984746 [00:04<18:03, 15407984.06B/s]
   GAP-urand:   0%|          | 67731456/16766984746 [00:04<17:26, 15964002.89B/s]
   GAP-urand:   0%|          | 69353472/16766984746 [00:04<18:31, 15027734.87B/s]
   GAP-urand:   0%|          | 71057408/16766984746 [00:04<17:51, 15575253.10B/s]
   GAP-urand:   0%|          | 72810496/16766984746 [00:04<17:15, 16118909.86B/s]
   GAP-urand:   0%|          | 74448896/16766984746 [00:04<18:30, 15025207.53B/s]
   GAP-urand:   0%|          | 76136448/16766984746 [00:04<17:57, 15491875.78B/s]
   GAP-urand:   0%|          | 77709312/16766984746 [00:04<18:58, 14665222.94B/s]
   GAP-urand:   0%|          | 79314944/16766984746 [00:05<18:29, 15038971.44B/s]
   GAP-urand:   0%|          | 80920576/16766984746 [00:05<19:23, 14344286.15B/s]
   GAP-urand:   0%|          | 82624512/16766984746 [00:05<18:27, 15064441.15B/s]
   GAP-urand:   1%|          | 84328448/16766984746 [00:05<17:49, 15598371.88B/s]
   GAP-urand:   1%|          | 85917696/16766984746 [00:05<18:49, 14770966.78B/s]
   GAP-urand:   1%|          | 87539712/16766984746 [00:05<18:19, 15173710.15B/s]
   GAP-urand:   1%|          | 89079808/16766984746 [00:05<19:20, 14372676.02B/s]
   GAP-urand:   1%|          | 90783744/16766984746 [00:05<18:24, 15098930.58B/s]
   GAP-urand:   1%|          | 92471296/16766984746 [00:05<17:48, 15599574.52B/s]
   GAP-urand:   1%|          | 94060544/16766984746 [00:06<18:42, 14853712.80B/s]
   GAP-urand:   1%|          | 95780864/16766984746 [00:06<17:55, 15496285.69B/s]
   GAP-urand:   1%|          | 97353728/16766984746 [00:06<18:57, 14655821.39B/s]
   GAP-urand:   1%|          | 99041280/16766984746 [00:06<18:11, 15265882.75B/s]
   GAP-urand:   1%|          | 100745216/16766984746 [00:06<17:38, 15752523.45B/s]
   GAP-urand:   1%|          | 102350848/16766984746 [00:06<18:33, 14970094.01B/s]
   GAP-urand:   1%|          | 104103936/16766984746 [00:06<17:44, 15655034.77B/s]
   GAP-urand:   1%|          | 105693184/16766984746 [00:06<18:41, 14850963.84B/s]
   GAP-urand:   1%|          | 107413504/16766984746 [00:06<17:55, 15487181.84B/s]
   GAP-urand:   1%|          | 109117440/16766984746 [00:07<18:36, 14920126.71B/s]
   GAP-urand:   1%|          | 110870528/16766984746 [00:07<17:45, 15631309.90B/s]
   GAP-urand:   1%|          | 112590848/16766984746 [00:07<17:17, 16049897.20B/s]
   GAP-urand:   1%|          | 114212864/16766984746 [00:07<18:11, 15262365.40B/s]
   GAP-urand:   1%|          | 115965952/16766984746 [00:07<17:29, 15860879.77B/s]
   GAP-urand:   1%|          | 117571584/16766984746 [00:07<18:28, 15020339.78B/s]
   GAP-urand:   1%|          | 119308288/16766984746 [00:07<17:43, 15653695.04B/s]
   GAP-urand:   1%|          | 121044992/16766984746 [00:07<17:12, 16127181.69B/s]
   GAP-urand:   1%|          | 122683392/16766984746 [00:07<18:40, 14859570.17B/s]
   GAP-urand:   1%|          | 124272640/16766984746 [00:08<18:19, 15134850.07B/s]
   GAP-urand:   1%|          | 125812736/16766984746 [00:08<19:28, 14243882.87B/s]
   GAP-urand:   1%|          | 127483904/16766984746 [00:08<18:38, 14876952.83B/s]
   GAP-urand:   1%|          | 129187840/16766984746 [00:08<17:56, 15453645.27B/s]
   GAP-urand:   1%|          | 130760704/16766984746 [00:08<19:03, 14548727.82B/s]
   GAP-urand:   1%|          | 132431872/16766984746 [00:08<18:19, 15124873.59B/s]
   GAP-urand:   1%|          | 133971968/16766984746 [00:08<19:22, 14307598.43B/s]
   GAP-urand:   1%|          | 135692288/16766984746 [00:08<18:22, 15082603.08B/s]
   GAP-urand:   1%|          | 137363456/16766984746 [00:08<17:52, 15502285.07B/s]
   GAP-urand:   1%|          | 138936320/16766984746 [00:09<18:57, 14612576.25B/s]
   GAP-urand:   1%|          | 140656640/16766984746 [00:09<18:07, 15294727.03B/s]
   GAP-urand:   1%|          | 142213120/16766984746 [00:09<19:01, 14559715.51B/s]
   GAP-urand:   1%|          | 143867904/16766984746 [00:09<18:20, 15101335.16B/s]
   GAP-urand:   1%|          | 145440768/16766984746 [00:09<18:08, 15273689.57B/s]
   GAP-urand:   1%|          | 146997248/16766984746 [00:09<19:17, 14357994.47B/s]
   GAP-urand:   1%|          | 148684800/16766984746 [00:09<18:25, 15031486.92B/s]
   GAP-urand:   1%|          | 150208512/16766984746 [00:09<19:32, 14171754.06B/s]
   GAP-urand:   1%|          | 151896064/16766984746 [00:09<18:36, 14876309.33B/s]
   GAP-urand:   1%|          | 153550848/16766984746 [00:09<18:03, 15335545.32B/s]
   GAP-urand:   1%|          | 155107328/16766984746 [00:10<19:02, 14545014.75B/s]
   GAP-urand:   1%|          | 156778496/16766984746 [00:10<18:18, 15123796.67B/s]
   GAP-urand:   1%|          | 158318592/16766984746 [00:10<19:09, 14445356.52B/s]
   GAP-urand:   1%|          | 159989760/16766984746 [00:10<18:24, 15042329.47B/s]
   GAP-urand:   1%|          | 161628160/16766984746 [00:10<19:13, 14392997.35B/s]
   GAP-urand:   1%|          | 163282944/16766984746 [00:10<18:29, 14961775.97B/s]
   GAP-urand:   1%|          | 164986880/16766984746 [00:10<17:49, 15518337.28B/s]
   GAP-urand:   1%|          | 166559744/16766984746 [00:10<18:46, 14738369.97B/s]
   GAP-urand:   1%|          | 168280064/16766984746 [00:10<17:57, 15408856.09B/s]
   GAP-urand:   1%|          | 169852928/16766984746 [00:11<19:11, 14416810.26B/s]
   GAP-urand:   1%|          | 171458560/16766984746 [00:11<18:38, 14841484.14B/s]
   GAP-urand:   1%|          | 173031424/16766984746 [00:11<18:20, 15075784.82B/s]
   GAP-urand:   1%|          | 174555136/16766984746 [00:11<19:27, 14209372.68B/s]
   GAP-urand:   1%|          | 176275456/16766984746 [00:11<18:25, 15004977.68B/s]
   GAP-urand:   1%|          | 177963008/16766984746 [00:11<17:50, 15495918.91B/s]
   GAP-urand:   1%|          | 179535872/16766984746 [00:11<18:59, 14556278.18B/s]
   GAP-urand:   1%|          | 181239808/16766984746 [00:11<18:08, 15232660.64B/s]
   GAP-urand:   1%|          | 182796288/16766984746 [00:11<19:05, 14478165.79B/s]
   GAP-urand:   1%|          | 184434688/16766984746 [00:12<18:26, 14982947.54B/s]
   GAP-urand:   1%|          | 185958400/16766984746 [00:12<19:16, 14337582.62B/s]
   GAP-urand:   1%|          | 187613184/16766984746 [00:12<18:30, 14928983.55B/s]
   GAP-urand:   1%|          | 189366272/16766984746 [00:12<17:39, 15652977.35B/s]
   GAP-urand:   1%|          | 190955520/16766984746 [00:12<18:49, 14676935.79B/s]
   GAP-urand:   1%|          | 192675840/16766984746 [00:12<18:00, 15345313.39B/s]
   GAP-urand:   1%|          | 194232320/16766984746 [00:12<18:56, 14581414.04B/s]
   GAP-urand:   1%|          | 195854336/16766984746 [00:12<18:24, 14997709.12B/s]
   GAP-urand:   1%|          | 197509120/16766984746 [00:12<17:56, 15394903.31B/s]
   GAP-urand:   1%|          | 199065600/16766984746 [00:13<19:04, 14472172.61B/s]
   GAP-urand:   1%|          | 200736768/16766984746 [00:13<18:18, 15078188.85B/s]
   GAP-urand:   1%|          | 202407936/16766984746 [00:13<17:47, 15523993.18B/s]
   GAP-urand:   1%|          | 203980800/16766984746 [00:13<18:48, 14673161.03B/s]
   GAP-urand:   1%|          | 205602816/16766984746 [00:13<18:17, 15088362.10B/s]
   GAP-urand:   1%|          | 207142912/16766984746 [00:13<19:09, 14407970.02B/s]
   GAP-urand:   1%|          | 208846848/16766984746 [00:13<18:16, 15103563.18B/s]
   GAP-urand:   1%|▏         | 210485248/16766984746 [00:13<18:57, 14553688.21B/s]
   GAP-urand:   1%|▏         | 212090880/16766984746 [00:13<18:27, 14948393.61B/s]
   GAP-urand:   1%|▏         | 213712896/16766984746 [00:14<18:01, 15304662.80B/s]
   GAP-urand:   1%|▏         | 215269376/16766984746 [00:14<18:52, 14617761.46B/s]
   GAP-urand:   1%|▏         | 217120768/16766984746 [00:14<17:34, 15700362.78B/s]
   GAP-urand:   1%|▏         | 218988544/16766984746 [00:14<16:40, 16538250.62B/s]
   GAP-urand:   1%|▏         | 220659712/16766984746 [00:14<17:40, 15600647.43B/s]
   GAP-urand:   1%|▏         | 222527488/16766984746 [00:14<16:46, 16430172.66B/s]
   GAP-urand:   1%|▏         | 224198656/16766984746 [00:14<17:34, 15681029.82B/s]
   GAP-urand:   1%|▏         | 226066432/16766984746 [00:14<16:42, 16491518.69B/s]
   GAP-urand:   1%|▏         | 227737600/16766984746 [00:14<17:31, 15733742.80B/s]
   GAP-urand:   1%|▏         | 229556224/16766984746 [00:15<16:47, 16416244.20B/s]
   GAP-urand:   1%|▏         | 231227392/16766984746 [00:15<17:45, 15515537.91B/s]
   GAP-urand:   1%|▏         | 233062400/16766984746 [00:15<16:54, 16295545.14B/s]
   GAP-urand:   1%|▏         | 234897408/16766984746 [00:15<16:24, 16787842.22B/s]
   GAP-urand:   1%|▏         | 236601344/16766984746 [00:15<17:15, 15962739.94B/s]
   GAP-urand:   1%|▏         | 238485504/16766984746 [00:15<16:26, 16758433.52B/s]
   GAP-urand:   1%|▏         | 240189440/16766984746 [00:15<17:08, 16062256.41B/s]
   GAP-urand:   1%|▏         | 242089984/16766984746 [00:15<16:20, 16855817.98B/s]
   GAP-urand:   1%|▏         | 243793920/16766984746 [00:15<17:18, 15905760.12B/s]
   GAP-urand:   1%|▏         | 245497856/16766984746 [00:15<16:59, 16211347.20B/s]
   GAP-urand:   1%|▏         | 247218176/16766984746 [00:16<16:43, 16455400.85B/s]
   GAP-urand:   1%|▏         | 248889344/16766984746 [00:16<17:51, 15409229.66B/s]
   GAP-urand:   1%|▏         | 250626048/16766984746 [00:16<17:15, 15949344.99B/s]
   GAP-urand:   2%|▏         | 252248064/16766984746 [00:16<18:09, 15153767.40B/s]
   GAP-urand:   2%|▏         | 254033920/16766984746 [00:16<17:18, 15896481.49B/s]
   GAP-urand:   2%|▏         | 255655936/16766984746 [00:16<18:09, 15152643.01B/s]
   GAP-urand:   2%|▏         | 257392640/16766984746 [00:16<17:29, 15732267.76B/s]
   GAP-urand:   2%|▏         | 259178496/16766984746 [00:16<16:53, 16291096.44B/s]
   GAP-urand:   2%|▏         | 260833280/16766984746 [00:16<17:49, 15433931.61B/s]
   GAP-urand:   2%|▏         | 262668288/16766984746 [00:17<16:56, 16231279.82B/s]
   GAP-urand:   2%|▏         | 264323072/16766984746 [00:17<17:41, 15551015.78B/s]
   GAP-urand:   2%|▏         | 266125312/16766984746 [00:17<16:56, 16232739.21B/s]
   GAP-urand:   2%|▏         | 267780096/16766984746 [00:17<17:53, 15367920.40B/s]
   GAP-urand:   2%|▏         | 269516800/16766984746 [00:17<17:16, 15915183.98B/s]
   GAP-urand:   2%|▏         | 271187968/16766984746 [00:17<17:03, 16119714.22B/s]
   GAP-urand:   2%|▏         | 272826368/16766984746 [00:17<18:17, 15030607.86B/s]
   GAP-urand:   2%|▏         | 274382848/16766984746 [00:17<18:09, 15141182.56B/s]
   GAP-urand:   2%|▏         | 275922944/16766984746 [00:17<19:00, 14456916.62B/s]
   GAP-urand:   2%|▏         | 277594112/16766984746 [00:18<18:14, 15059196.69B/s]
   GAP-urand:   2%|▏         | 279429120/16766984746 [00:18<17:11, 15980616.72B/s]
   GAP-urand:   2%|▏         | 281051136/16766984746 [00:18<18:04, 15197368.52B/s]
   GAP-urand:   2%|▏         | 282836992/16766984746 [00:18<17:16, 15899434.27B/s]
   GAP-urand:   2%|▏         | 284459008/16766984746 [00:18<18:36, 14760722.38B/s]
   GAP-urand:   2%|▏         | 286228480/16766984746 [00:18<17:40, 15535222.32B/s]
   GAP-urand:   2%|▏         | 287817728/16766984746 [00:18<18:16, 15022766.95B/s]
   GAP-urand:   2%|▏         | 289619968/16766984746 [00:18<17:19, 15844130.06B/s]
   GAP-urand:   2%|▏         | 291241984/16766984746 [00:18<17:13, 15941874.97B/s]
   GAP-urand:   2%|▏         | 292864000/16766984746 [00:19<17:32, 15656149.17B/s]
   GAP-urand:   2%|▏         | 294666240/16766984746 [00:19<16:48, 16329907.92B/s]
   GAP-urand:   2%|▏         | 296321024/16766984746 [00:19<17:51, 15376380.26B/s]
   GAP-urand:   2%|▏         | 298139648/16766984746 [00:19<17:00, 16141969.49B/s]
   GAP-urand:   2%|▏         | 299925504/16766984746 [00:19<16:32, 16585425.23B/s]
   GAP-urand:   2%|▏         | 301613056/16766984746 [00:19<17:48, 15409207.42B/s]
   GAP-urand:   2%|▏         | 303284224/16766984746 [00:19<17:26, 15739144.45B/s]
   GAP-urand:   2%|▏         | 304889856/16766984746 [00:19<18:09, 15106562.74B/s]
   GAP-urand:   2%|▏         | 306708480/16766984746 [00:19<17:11, 15961500.37B/s]
   GAP-urand:   2%|▏         | 308330496/16766984746 [00:20<18:11, 15076303.34B/s]
   GAP-urand:   2%|▏         | 310116352/16766984746 [00:20<17:20, 15818386.74B/s]
   GAP-urand:   2%|▏         | 311951360/16766984746 [00:20<16:35, 16525773.21B/s]
   GAP-urand:   2%|▏         | 313622528/16766984746 [00:20<17:42, 15485520.06B/s]
   GAP-urand:   2%|▏         | 315457536/16766984746 [00:20<16:51, 16267978.12B/s]
   GAP-urand:   2%|▏         | 317112320/16766984746 [00:20<17:40, 15505710.08B/s]
   GAP-urand:   2%|▏         | 318849024/16766984746 [00:20<17:08, 15986666.90B/s]
   GAP-urand:   2%|▏         | 320471040/16766984746 [00:20<17:53, 15314283.58B/s]
   GAP-urand:   2%|▏         | 322289664/16766984746 [00:20<17:01, 16099791.42B/s]
   GAP-urand:   2%|▏         | 324124672/16766984746 [00:21<16:24, 16701977.27B/s]
   GAP-urand:   2%|▏         | 325812224/16766984746 [00:21<17:28, 15686226.89B/s]
   GAP-urand:   2%|▏         | 327614464/16766984746 [00:21<16:47, 16314613.84B/s]
   GAP-urand:   2%|▏         | 329269248/16766984746 [00:21<17:36, 15555852.82B/s]
   GAP-urand:   2%|▏         | 331071488/16766984746 [00:21<16:52, 16240868.65B/s]
   GAP-urand:   2%|▏         | 332726272/16766984746 [00:21<17:40, 15498589.32B/s]
   GAP-urand:   2%|▏         | 334561280/16766984746 [00:21<16:50, 16260236.18B/s]
   GAP-urand:   2%|▏         | 336232448/16766984746 [00:21<17:30, 15634438.79B/s]
   GAP-urand:   2%|▏         | 338051072/16766984746 [00:21<16:46, 16319715.44B/s]
   GAP-urand:   2%|▏         | 339902464/16766984746 [00:21<16:09, 16941319.18B/s]
   GAP-urand:   2%|▏         | 341622784/16766984746 [00:22<17:09, 15956044.21B/s]
   GAP-urand:   2%|▏         | 343359488/16766984746 [00:22<16:45, 16330566.83B/s]
   GAP-urand:   2%|▏         | 345014272/16766984746 [00:22<17:30, 15634764.76B/s]
   GAP-urand:   2%|▏         | 346800128/16766984746 [00:22<16:51, 16232788.80B/s]
   GAP-urand:   2%|▏         | 348438528/16766984746 [00:22<17:43, 15441205.82B/s]
   GAP-urand:   2%|▏         | 350224384/16766984746 [00:22<17:01, 16071708.61B/s]
   GAP-urand:   2%|▏         | 352075776/16766984746 [00:22<16:20, 16739022.89B/s]
   GAP-urand:   2%|▏         | 353779712/16766984746 [00:22<17:15, 15850811.82B/s]
   GAP-urand:   2%|▏         | 355581952/16766984746 [00:22<16:37, 16449807.14B/s]
   GAP-urand:   2%|▏         | 357253120/16766984746 [00:23<17:31, 15606918.00B/s]
   GAP-urand:   2%|▏         | 359022592/16766984746 [00:23<16:55, 16154121.79B/s]
   GAP-urand:   2%|▏         | 360726528/16766984746 [00:23<17:50, 15332393.82B/s]
   GAP-urand:   2%|▏         | 362561536/16766984746 [00:23<16:56, 16138009.97B/s]
   GAP-urand:   2%|▏         | 364412928/16766984746 [00:23<16:18, 16763780.76B/s]
   GAP-urand:   2%|▏         | 366116864/16766984746 [00:23<17:22, 15739650.49B/s]
   GAP-urand:   2%|▏         | 367935488/16766984746 [00:23<16:39, 16402388.69B/s]
   GAP-urand:   2%|▏         | 369606656/16766984746 [00:23<17:21, 15747621.40B/s]
   GAP-urand:   2%|▏         | 371441664/16766984746 [00:23<16:37, 16433715.29B/s]
   GAP-urand:   2%|▏         | 373112832/16766984746 [00:24<17:20, 15757710.70B/s]
   GAP-urand:   2%|▏         | 374964224/16766984746 [00:24<16:33, 16500217.64B/s]
   GAP-urand:   2%|▏         | 376799232/16766984746 [00:24<16:03, 17014811.85B/s]
   GAP-urand:   2%|▏         | 378519552/16766984746 [00:24<16:49, 16234273.14B/s]
   GAP-urand:   2%|▏         | 380338176/16766984746 [00:24<16:17, 16761541.61B/s]
   GAP-urand:   2%|▏         | 382042112/16766984746 [00:24<17:06, 15954522.29B/s]
   GAP-urand:   2%|▏         | 383877120/16766984746 [00:24<16:25, 16624349.90B/s]
   GAP-urand:   2%|▏         | 385564672/16766984746 [00:24<17:10, 15889773.99B/s]
   GAP-urand:   2%|▏         | 387416064/16766984746 [00:24<16:26, 16601408.16B/s]
   GAP-urand:   2%|▏         | 389267456/16766984746 [00:25<15:57, 17102298.94B/s]
   GAP-urand:   2%|▏         | 391004160/16766984746 [00:25<17:08, 15926854.46B/s]
   GAP-urand:   2%|▏         | 392757248/16766984746 [00:25<16:41, 16345039.02B/s]
   GAP-urand:   2%|▏         | 394412032/16766984746 [00:25<17:29, 15595957.70B/s]
   GAP-urand:   2%|▏         | 396247040/16766984746 [00:25<16:43, 16320989.21B/s]
   GAP-urand:   2%|▏         | 397901824/16766984746 [00:25<17:26, 15645662.38B/s]
   GAP-urand:   2%|▏         | 399720448/16766984746 [00:25<16:41, 16346814.99B/s]
   GAP-urand:   2%|▏         | 401391616/16766984746 [00:25<17:24, 15661841.01B/s]
   GAP-urand:   2%|▏         | 403193856/16766984746 [00:25<16:43, 16311066.63B/s]
   GAP-urand:   2%|▏         | 404979712/16766984746 [00:26<16:16, 16750866.00B/s]
   GAP-urand:   2%|▏         | 406683648/16766984746 [00:26<17:10, 15881755.20B/s]
   GAP-urand:   2%|▏         | 408535040/16766984746 [00:26<16:25, 16596485.76B/s]
   GAP-urand:   2%|▏         | 410222592/16766984746 [00:26<17:06, 15927440.67B/s]
   GAP-urand:   2%|▏         | 412073984/16766984746 [00:26<16:23, 16629731.17B/s]
   GAP-urand:   2%|▏         | 413761536/16766984746 [00:26<17:16, 15774715.38B/s]
   GAP-urand:   2%|▏         | 415465472/16766984746 [00:26<16:55, 16104325.11B/s]
   GAP-urand:   2%|▏         | 417218560/16766984746 [00:26<16:32, 16466134.75B/s]
   GAP-urand:   2%|▏         | 418889728/16766984746 [00:26<17:11, 15843339.76B/s]
   GAP-urand:   3%|▎         | 420691968/16766984746 [00:26<16:34, 16430803.82B/s]
   GAP-urand:   3%|▎         | 422346752/16766984746 [00:27<17:31, 15549329.24B/s]
   GAP-urand:   3%|▎         | 424116224/16766984746 [00:27<16:53, 16124563.96B/s]
   GAP-urand:   3%|▎         | 425754624/16766984746 [00:27<17:40, 15411547.73B/s]
   GAP-urand:   3%|▎         | 427474944/16766984746 [00:27<17:08, 15886391.70B/s]
   GAP-urand:   3%|▎         | 429260800/16766984746 [00:27<16:34, 16422004.25B/s]
   GAP-urand:   3%|▎         | 430915584/16766984746 [00:27<17:33, 15507913.03B/s]
   GAP-urand:   3%|▎         | 432734208/16766984746 [00:27<16:44, 16254523.57B/s]
   GAP-urand:   3%|▎         | 434388992/16766984746 [00:27<17:20, 15701584.98B/s]
   GAP-urand:   3%|▎         | 436224000/16766984746 [00:27<16:37, 16371708.90B/s]
   GAP-urand:   3%|▎         | 437878784/16766984746 [00:28<17:11, 15836104.69B/s]
   GAP-urand:   3%|▎         | 439681024/16766984746 [00:28<16:33, 16433216.35B/s]
   GAP-urand:   3%|▎         | 441532416/16766984746 [00:28<16:00, 16992428.29B/s]
   GAP-urand:   3%|▎         | 443252736/16766984746 [00:28<16:53, 16104307.09B/s]
   GAP-urand:   3%|▎         | 445104128/16766984746 [00:28<16:12, 16775599.36B/s]
   GAP-urand:   3%|▎         | 446808064/16766984746 [00:28<17:07, 15888227.13B/s]
   GAP-urand:   3%|▎         | 448610304/16766984746 [00:28<16:30, 16469447.41B/s]
   GAP-urand:   3%|▎         | 450281472/16766984746 [00:28<17:13, 15794998.19B/s]
   GAP-urand:   3%|▎         | 452116480/16766984746 [00:28<16:29, 16490588.61B/s]
   GAP-urand:   3%|▎         | 453836800/16766984746 [00:29<17:06, 15890532.75B/s]
   GAP-urand:   3%|▎         | 455606272/16766984746 [00:29<16:35, 16386047.07B/s]
   GAP-urand:   3%|▎         | 457408512/16766984746 [00:29<16:08, 16845810.70B/s]
   GAP-urand:   3%|▎         | 459112448/16766984746 [00:29<16:52, 16104916.37B/s]
   GAP-urand:   3%|▎         | 460963840/16766984746 [00:29<16:13, 16751163.72B/s]
   GAP-urand:   3%|▎         | 462667776/16766984746 [00:29<17:06, 15876696.60B/s]
   GAP-urand:   3%|▎         | 464502784/16766984746 [00:29<16:24, 16554038.64B/s]
   GAP-urand:   3%|▎         | 466190336/16766984746 [00:29<17:04, 15904916.51B/s]
   GAP-urand:   3%|▎         | 468058112/16766984746 [00:29<16:18, 16653744.93B/s]
   GAP-urand:   3%|▎         | 469925888/16766984746 [00:30<15:46, 17222504.75B/s]
   GAP-urand:   3%|▎         | 471662592/16766984746 [00:30<16:39, 16295372.24B/s]
   GAP-urand:   3%|▎         | 473481216/16766984746 [00:30<16:08, 16821549.31B/s]
   GAP-urand:   3%|▎         | 475185152/16766984746 [00:30<16:56, 16030270.32B/s]
   GAP-urand:   3%|▎         | 477020160/16766984746 [00:30<16:18, 16640813.84B/s]
   GAP-urand:   3%|▎         | 478707712/16766984746 [00:30<16:59, 15970269.97B/s]
   GAP-urand:   3%|▎         | 480542720/16766984746 [00:30<16:19, 16619315.20B/s]
   GAP-urand:   3%|▎         | 482361344/16766984746 [00:30<15:54, 17058511.00B/s]
   GAP-urand:   3%|▎         | 484081664/16766984746 [00:30<16:33, 16382302.06B/s]
   GAP-urand:   3%|▎         | 485965824/16766984746 [00:30<15:54, 17063502.36B/s]
   GAP-urand:   3%|▎         | 487686144/16766984746 [00:31<16:51, 16091532.39B/s]
   GAP-urand:   3%|▎         | 489521152/16766984746 [00:31<16:15, 16693002.83B/s]
   GAP-urand:   3%|▎         | 491208704/16766984746 [00:31<17:17, 15694604.00B/s]
   GAP-urand:   3%|▎         | 492912640/16766984746 [00:31<16:53, 16051452.19B/s]
   GAP-urand:   3%|▎         | 494551040/16766984746 [00:31<17:44, 15293319.67B/s]
   GAP-urand:   3%|▎         | 496336896/16766984746 [00:31<16:58, 15975631.61B/s]
   GAP-urand:   3%|▎         | 498057216/16766984746 [00:31<16:37, 16304414.31B/s]
   GAP-urand:   3%|▎         | 499712000/16766984746 [00:31<17:42, 15308580.10B/s]
   GAP-urand:   3%|▎         | 501514240/16766984746 [00:31<16:54, 16030628.65B/s]
   GAP-urand:   3%|▎         | 503152640/16766984746 [00:32<17:37, 15376932.38B/s]
   GAP-urand:   3%|▎         | 504987648/16766984746 [00:32<16:44, 16182192.63B/s]
   GAP-urand:   3%|▎         | 506626048/16766984746 [00:32<17:29, 15487757.47B/s]
   GAP-urand:   3%|▎         | 508411904/16766984746 [00:32<16:47, 16137284.13B/s]
   GAP-urand:   3%|▎         | 510246912/16766984746 [00:32<16:11, 16739121.20B/s]
   GAP-urand:   3%|▎         | 511950848/16766984746 [00:32<17:11, 15762818.96B/s]
   GAP-urand:   3%|▎         | 513753088/16766984746 [00:32<16:33, 16356582.36B/s]
   GAP-urand:   3%|▎         | 515407872/16766984746 [00:32<17:28, 15493620.91B/s]
   GAP-urand:   3%|▎         | 517111808/16766984746 [00:32<17:03, 15881837.07B/s]
   GAP-urand:   3%|▎         | 518717440/16766984746 [00:33<18:03, 15000197.91B/s]
   GAP-urand:   3%|▎         | 520470528/16766984746 [00:33<17:18, 15650814.42B/s]
   GAP-urand:   3%|▎         | 522223616/16766984746 [00:33<16:44, 16177583.27B/s]
   GAP-urand:   3%|▎         | 523862016/16766984746 [00:33<17:44, 15265247.16B/s]
   GAP-urand:   3%|▎         | 525615104/16766984746 [00:33<17:01, 15892389.31B/s]
   GAP-urand:   3%|▎         | 527237120/16766984746 [00:33<17:55, 15106418.22B/s]
   GAP-urand:   3%|▎         | 529006592/16766984746 [00:33<17:07, 15796834.04B/s]
   GAP-urand:   3%|▎         | 530743296/16766984746 [00:33<17:46, 15229455.98B/s]
   GAP-urand:   3%|▎         | 532529152/16766984746 [00:33<16:58, 15932467.91B/s]
   GAP-urand:   3%|▎         | 534249472/16766984746 [00:34<16:38, 16252575.58B/s]
   GAP-urand:   3%|▎         | 535904256/16766984746 [00:34<17:29, 15460661.54B/s]
   GAP-urand:   3%|▎         | 537722880/16766984746 [00:34<16:42, 16188541.74B/s]
   GAP-urand:   3%|▎         | 539361280/16766984746 [00:34<17:30, 15450190.26B/s]
   GAP-urand:   3%|▎         | 541081600/16766984746 [00:34<17:00, 15905101.45B/s]
   GAP-urand:   3%|▎         | 542801920/16766984746 [00:34<17:31, 15424924.20B/s]
   GAP-urand:   3%|▎         | 544555008/16766984746 [00:34<16:55, 15979368.15B/s]
   GAP-urand:   3%|▎         | 546422784/16766984746 [00:34<16:10, 16716988.36B/s]
   GAP-urand:   3%|▎         | 548110336/16766984746 [00:34<16:57, 15942838.40B/s]
   GAP-urand:   3%|▎         | 549945344/16766984746 [00:35<16:16, 16601807.73B/s]
   GAP-urand:   3%|▎         | 551632896/16766984746 [00:35<17:10, 15728526.23B/s]
   GAP-urand:   3%|▎         | 553435136/16766984746 [00:35<16:32, 16339824.64B/s]
   GAP-urand:   3%|▎         | 555089920/16766984746 [00:35<17:14, 15678747.99B/s]
   GAP-urand:   3%|▎         | 556908544/16766984746 [00:35<16:30, 16359597.61B/s]
   GAP-urand:   3%|▎         | 558743552/16766984746 [00:35<15:58, 16918752.35B/s]
   GAP-urand:   3%|▎         | 560463872/16766984746 [00:35<17:00, 15874800.42B/s]
   GAP-urand:   3%|▎         | 562200576/16766984746 [00:35<16:36, 16264992.22B/s]
   GAP-urand:   3%|▎         | 563855360/16766984746 [00:35<17:31, 15402684.44B/s]
   GAP-urand:   3%|▎         | 565641216/16766984746 [00:36<16:48, 16060991.21B/s]
   GAP-urand:   3%|▎         | 567279616/16766984746 [00:36<17:33, 15370076.43B/s]
   GAP-urand:   3%|▎         | 569016320/16766984746 [00:36<16:57, 15917127.63B/s]
   GAP-urand:   3%|▎         | 570834944/16766984746 [00:36<16:18, 16552740.71B/s]
   GAP-urand:   3%|▎         | 572506112/16766984746 [00:36<17:12, 15682316.43B/s]
   GAP-urand:   3%|▎         | 574341120/16766984746 [00:36<16:26, 16420019.00B/s]
   GAP-urand:   3%|▎         | 576012288/16766984746 [00:36<17:15, 15629956.84B/s]
   GAP-urand:   3%|▎         | 577798144/16766984746 [00:36<16:36, 16240920.67B/s]
   GAP-urand:   3%|▎         | 579452928/16766984746 [00:36<17:22, 15521095.29B/s]
   GAP-urand:   3%|▎         | 581287936/16766984746 [00:36<16:32, 16309606.15B/s]
   GAP-urand:   3%|▎         | 583139328/16766984746 [00:37<15:57, 16903287.06B/s]
   GAP-urand:   3%|▎         | 584859648/16766984746 [00:37<16:51, 15995374.36B/s]
   GAP-urand:   3%|▎         | 586678272/16766984746 [00:37<16:14, 16607228.98B/s]
   GAP-urand:   4%|▎         | 588365824/16766984746 [00:37<16:56, 15921406.59B/s]
   GAP-urand:   4%|▎         | 590184448/16766984746 [00:37<16:18, 16528366.18B/s]
   GAP-urand:   4%|▎         | 591855616/16766984746 [00:37<16:59, 15871977.68B/s]
   GAP-urand:   4%|▎         | 593707008/16766984746 [00:37<16:14, 16592408.85B/s]
   GAP-urand:   4%|▎         | 595574784/16766984746 [00:37<15:42, 17154206.17B/s]
   GAP-urand:   4%|▎         | 597311488/16766984746 [00:37<16:39, 16179445.66B/s]
   GAP-urand:   4%|▎         | 599146496/16766984746 [00:38<16:04, 16768674.92B/s]
   GAP-urand:   4%|▎         | 600850432/16766984746 [00:38<16:45, 16082602.89B/s]
   GAP-urand:   4%|▎         | 602718208/16766984746 [00:38<16:01, 16809200.31B/s]
   GAP-urand:   4%|▎         | 604422144/16766984746 [00:38<16:44, 16084588.37B/s]
   GAP-urand:   4%|▎         | 606289920/16766984746 [00:38<16:03, 16773332.52B/s]
   GAP-urand:   4%|▎         | 607993856/16766984746 [00:38<16:48, 16025093.07B/s]
   GAP-urand:   4%|▎         | 609763328/16766984746 [00:38<16:19, 16488375.93B/s]
   GAP-urand:   4%|▎         | 611598336/16766984746 [00:38<15:51, 16985543.07B/s]
   GAP-urand:   4%|▎         | 613318656/16766984746 [00:38<16:33, 16264121.26B/s]
   GAP-urand:   4%|▎         | 615170048/16766984746 [00:39<15:55, 16895939.48B/s]
   GAP-urand:   4%|▎         | 616873984/16766984746 [00:39<16:39, 16154854.22B/s]
   GAP-urand:   4%|▎         | 618741760/16766984746 [00:39<15:58, 16852815.27B/s]
   GAP-urand:   4%|▎         | 620445696/16766984746 [00:39<16:44, 16075638.33B/s]
   GAP-urand:   4%|▎         | 622215168/16766984746 [00:39<16:16, 16525672.04B/s]
   GAP-urand:   4%|▎         | 623968256/16766984746 [00:39<16:00, 16807801.47B/s]
   GAP-urand:   4%|▎         | 625672192/16766984746 [00:39<16:52, 15934623.43B/s]
   GAP-urand:   4%|▎         | 627556352/16766984746 [00:39<16:03, 16751595.82B/s]
   GAP-urand:   4%|▍         | 629260288/16766984746 [00:39<16:37, 16181864.58B/s]
   GAP-urand:   4%|▍         | 631078912/16766984746 [00:40<16:04, 16733030.40B/s]
   GAP-urand:   4%|▍         | 632766464/16766984746 [00:40<16:52, 15933979.70B/s]
   GAP-urand:   4%|▍         | 634486784/16766984746 [00:40<16:32, 16249292.48B/s]
   GAP-urand:   4%|▍         | 636305408/16766984746 [00:40<16:01, 16773428.50B/s]
   GAP-urand:   4%|▍         | 638009344/16766984746 [00:40<17:06, 15708980.30B/s]
   GAP-urand:   4%|▍         | 639795200/16766984746 [00:40<16:30, 16275355.44B/s]
   GAP-urand:   4%|▍         | 641449984/16766984746 [00:40<17:10, 15644664.62B/s]
   GAP-urand:   4%|▍         | 643268608/16766984746 [00:40<16:27, 16324701.70B/s]
   GAP-urand:   4%|▍         | 644923392/16766984746 [00:40<17:21, 15472770.67B/s]
   GAP-urand:   4%|▍         | 646627328/16766984746 [00:40<16:54, 15888985.13B/s]
   GAP-urand:   4%|▍         | 648429568/16766984746 [00:41<16:17, 16491870.75B/s]
   GAP-urand:   4%|▍         | 650100736/16766984746 [00:41<17:05, 15713267.73B/s]
   GAP-urand:   4%|▍         | 651902976/16766984746 [00:41<16:25, 16351428.34B/s]
   GAP-urand:   4%|▍         | 653557760/16766984746 [00:41<17:01, 15773940.39B/s]
   GAP-urand:   4%|▍         | 655392768/16766984746 [00:41<16:17, 16478975.46B/s]
   GAP-urand:   4%|▍         | 657063936/16766984746 [00:41<17:01, 15776857.18B/s]
   GAP-urand:   4%|▍         | 658915328/16766984746 [00:41<16:14, 16535645.64B/s]
   GAP-urand:   4%|▍         | 660586496/16766984746 [00:41<16:51, 15927002.30B/s]
   GAP-urand:   4%|▍         | 662421504/16766984746 [00:41<16:11, 16583366.47B/s]
   GAP-urand:   4%|▍         | 664256512/16766984746 [00:42<15:43, 17058731.76B/s]
   GAP-urand:   4%|▍         | 665976832/16766984746 [00:42<16:34, 16189217.18B/s]
   GAP-urand:   4%|▍         | 667844608/16766984746 [00:42<15:53, 16875581.23B/s]
   GAP-urand:   4%|▍         | 669548544/16766984746 [00:42<16:04, 16698244.50B/s]
   GAP-urand:   4%|▍         | 671416320/16766984746 [00:42<15:33, 17251195.27B/s]
   GAP-urand:   4%|▍         | 673153024/16766984746 [00:42<16:21, 16402085.51B/s]
   GAP-urand:   4%|▍         | 675037184/16766984746 [00:42<15:42, 17065895.42B/s]
   GAP-urand:   4%|▍         | 676888576/16766984746 [00:42<16:17, 16456866.86B/s]
   GAP-urand:   4%|▍         | 678723584/16766984746 [00:42<15:48, 16962847.31B/s]
   GAP-urand:   4%|▍         | 680525824/16766984746 [00:43<15:32, 17242253.78B/s]
   GAP-urand:   4%|▍         | 682262528/16766984746 [00:43<16:19, 16420669.19B/s]
   GAP-urand:   4%|▍         | 684081152/16766984746 [00:43<15:52, 16889300.54B/s]
   GAP-urand:   4%|▍         | 685785088/16766984746 [00:43<16:41, 16050998.06B/s]
   GAP-urand:   4%|▍         | 687620096/16766984746 [00:43<16:05, 16649756.80B/s]
   GAP-urand:   4%|▍         | 689307648/16766984746 [00:43<17:00, 15757100.77B/s]
   GAP-urand:   4%|▍         | 691093504/16766984746 [00:43<16:25, 16315751.07B/s]
   GAP-urand:   4%|▍         | 692944896/16766984746 [00:43<16:57, 15801894.06B/s]
   GAP-urand:   4%|▍         | 694796288/16766984746 [00:43<16:13, 16507179.09B/s]
   GAP-urand:   4%|▍         | 696565760/16766984746 [00:44<15:56, 16805405.57B/s]
   GAP-urand:   4%|▍         | 698269696/16766984746 [00:44<16:54, 15833721.04B/s]
   GAP-urand:   4%|▍         | 700071936/16766984746 [00:44<16:19, 16410566.30B/s]
   GAP-urand:   4%|▍         | 701743104/16766984746 [00:44<16:53, 15852296.52B/s]
   GAP-urand:   4%|▍         | 703594496/16766984746 [00:44<16:08, 16584544.53B/s]
   GAP-urand:   4%|▍         | 705282048/16766984746 [00:44<16:55, 15822419.89B/s]
   GAP-urand:   4%|▍         | 707117056/16766984746 [00:44<16:11, 16527994.57B/s]
   GAP-urand:   4%|▍         | 708935680/16766984746 [00:44<15:45, 16989073.41B/s]
   GAP-urand:   4%|▍         | 710656000/16766984746 [00:44<16:29, 16234133.93B/s]
   GAP-urand:   4%|▍         | 712540160/16766984746 [00:44<15:48, 16932786.01B/s]
   GAP-urand:   4%|▍         | 714260480/16766984746 [00:45<16:32, 16180575.27B/s]
   GAP-urand:   4%|▍         | 716128256/16766984746 [00:45<15:52, 16848041.25B/s]
   GAP-urand:   4%|▍         | 717832192/16766984746 [00:45<16:34, 16132563.13B/s]
   GAP-urand:   4%|▍         | 719667200/16766984746 [00:45<15:58, 16747000.06B/s]
   GAP-urand:   4%|▍         | 721371136/16766984746 [00:45<16:51, 15860588.13B/s]
   GAP-urand:   4%|▍         | 723189760/16766984746 [00:45<16:13, 16477738.63B/s]
   GAP-urand:   4%|▍         | 725090304/16766984746 [00:45<15:34, 17163778.95B/s]
   GAP-urand:   4%|▍         | 726827008/16766984746 [00:45<16:20, 16360651.81B/s]
   GAP-urand:   4%|▍         | 728662016/16766984746 [00:45<15:48, 16908270.21B/s]
   GAP-urand:   4%|▍         | 730382336/16766984746 [00:46<17:01, 15697841.82B/s]
   GAP-urand:   4%|▍         | 732151808/16766984746 [00:46<16:28, 16216912.51B/s]
   GAP-urand:   4%|▍         | 733806592/16766984746 [00:46<17:08, 15581896.35B/s]
   GAP-urand:   4%|▍         | 735592448/16766984746 [00:46<16:29, 16201573.67B/s]
   GAP-urand:   4%|▍         | 737361920/16766984746 [00:46<16:06, 16579515.08B/s]
   GAP-urand:   4%|▍         | 739049472/16766984746 [00:46<17:02, 15667893.90B/s]
   GAP-urand:   4%|▍         | 740802560/16766984746 [00:46<16:32, 16139872.50B/s]
   GAP-urand:   4%|▍         | 742440960/16766984746 [00:46<17:29, 15269721.69B/s]
   GAP-urand:   4%|▍         | 744210432/16766984746 [00:46<16:46, 15913329.56B/s]
   GAP-urand:   4%|▍         | 745832448/16766984746 [00:47<17:29, 15264995.98B/s]
   GAP-urand:   4%|▍         | 747667456/16766984746 [00:47<16:34, 16104690.54B/s]
   GAP-urand:   4%|▍         | 749502464/16766984746 [00:47<15:58, 16714388.15B/s]
   GAP-urand:   4%|▍         | 751190016/16766984746 [00:47<16:37, 16053993.15B/s]
   GAP-urand:   4%|▍         | 752975872/16766984746 [00:47<16:07, 16555763.29B/s]
   GAP-urand:   5%|▍         | 754647040/16766984746 [00:47<17:14, 15473871.24B/s]
   GAP-urand:   5%|▍         | 756432896/16766984746 [00:47<16:33, 16118166.51B/s]
   GAP-urand:   5%|▍         | 758071296/16766984746 [00:47<17:17, 15429921.62B/s]
   GAP-urand:   5%|▍         | 759857152/16766984746 [00:47<16:35, 16080384.19B/s]
   GAP-urand:   5%|▍         | 761561088/16766984746 [00:48<16:19, 16348112.88B/s]
   GAP-urand:   5%|▍         | 763215872/16766984746 [00:48<16:56, 15749754.21B/s]
   GAP-urand:   5%|▍         | 765001728/16766984746 [00:48<16:19, 16328613.80B/s]
   GAP-urand:   5%|▍         | 766656512/16766984746 [00:48<32:06, 8306152.00B/s] 
   GAP-urand:   5%|▍         | 767934464/16766984746 [00:48<31:22, 8497449.80B/s]
   GAP-urand:   5%|▍         | 769376256/16766984746 [00:48<27:45, 9605306.53B/s]
   GAP-urand:   5%|▍         | 770867200/16766984746 [00:49<24:52, 10715171.41B/s]
   GAP-urand:   5%|▍         | 772702208/16766984746 [00:49<21:22, 12471958.69B/s]
   GAP-urand:   5%|▍         | 774438912/16766984746 [00:49<19:29, 13669320.05B/s]
   GAP-urand:   5%|▍         | 776290304/16766984746 [00:49<17:52, 14913004.16B/s]
   GAP-urand:   5%|▍         | 777928704/16766984746 [00:49<17:27, 15269566.32B/s]
   GAP-urand:   5%|▍         | 779567104/16766984746 [00:49<17:08, 15537477.12B/s]
   GAP-urand:   5%|▍         | 781205504/16766984746 [00:49<16:57, 15703416.47B/s]
   GAP-urand:   5%|▍         | 782925824/16766984746 [00:49<16:32, 16105616.58B/s]
   GAP-urand:   5%|▍         | 784711680/16766984746 [00:49<16:04, 16577083.18B/s]
   GAP-urand:   5%|▍         | 786448384/16766984746 [00:49<15:52, 16779502.83B/s]
   GAP-urand:   5%|▍         | 788201472/16766984746 [00:50<15:42, 16955582.30B/s]
   GAP-urand:   5%|▍         | 789921792/16766984746 [00:50<15:49, 16828658.23B/s]
   GAP-urand:   5%|▍         | 791625728/16766984746 [00:50<15:58, 16661658.74B/s]
   GAP-urand:   5%|▍         | 793313280/16766984746 [00:50<16:19, 16307741.06B/s]
   GAP-urand:   5%|▍         | 794984448/16766984746 [00:50<16:14, 16386010.23B/s]
   GAP-urand:   5%|▍         | 796753920/16766984746 [00:50<15:53, 16747454.32B/s]
   GAP-urand:   5%|▍         | 798457856/16766984746 [00:50<15:50, 16805839.29B/s]
   GAP-urand:   5%|▍         | 800276480/16766984746 [00:50<15:28, 17200531.95B/s]
   GAP-urand:   5%|▍         | 802013184/16766984746 [00:50<15:44, 16895559.70B/s]
   GAP-urand:   5%|▍         | 803766272/16766984746 [00:50<15:35, 17061429.17B/s]
   GAP-urand:   5%|▍         | 805486592/16766984746 [00:51<15:41, 16958027.88B/s]
   GAP-urand:   5%|▍         | 807288832/16766984746 [00:51<15:25, 17246302.29B/s]
   GAP-urand:   5%|▍         | 809025536/16766984746 [00:51<16:53, 15753030.39B/s]
   GAP-urand:   5%|▍         | 810631168/16766984746 [00:51<18:45, 14183144.18B/s]
   GAP-urand:   5%|▍         | 812105728/16766984746 [00:51<19:41, 13506422.94B/s]
   GAP-urand:   5%|▍         | 813498368/16766984746 [00:51<21:08, 12576891.55B/s]
   GAP-urand:   5%|▍         | 814792704/16766984746 [00:51<21:58, 12101617.36B/s]
   GAP-urand:   5%|▍         | 816021504/16766984746 [00:51<22:30, 11810256.12B/s]
   GAP-urand:   5%|▍         | 817217536/16766984746 [00:52<23:01, 11544618.68B/s]
   GAP-urand:   5%|▍         | 818380800/16766984746 [00:52<23:43, 11202144.72B/s]
   GAP-urand:   5%|▍         | 819511296/16766984746 [00:52<23:48, 11165310.56B/s]
   GAP-urand:   5%|▍         | 820641792/16766984746 [00:52<23:49, 11153343.21B/s]
   GAP-urand:   5%|▍         | 821805056/16766984746 [00:52<23:34, 11272257.11B/s]
   GAP-urand:   5%|▍         | 823312384/16766984746 [00:52<21:32, 12334109.79B/s]
   GAP-urand:   5%|▍         | 825081856/16766984746 [00:52<19:09, 13869188.63B/s]
   GAP-urand:   5%|▍         | 826490880/16766984746 [00:52<20:23, 13033629.67B/s]
   GAP-urand:   5%|▍         | 828260352/16766984746 [00:52<18:31, 14342360.76B/s]
   GAP-urand:   5%|▍         | 829718528/16766984746 [00:52<18:54, 14045131.38B/s]
   GAP-urand:   5%|▍         | 831160320/16766984746 [00:53<18:46, 14146711.86B/s]
   GAP-urand:   5%|▍         | 832962560/16766984746 [00:53<17:25, 15236233.24B/s]
   GAP-urand:   5%|▍         | 834502656/16766984746 [00:53<18:04, 14697286.89B/s]
   GAP-urand:   5%|▍         | 835993600/16766984746 [00:53<18:13, 14564831.99B/s]
   GAP-urand:   5%|▍         | 837468160/16766984746 [00:53<18:45, 14151779.65B/s]
   GAP-urand:   5%|▌         | 839090176/16766984746 [00:53<18:02, 14707925.59B/s]
   GAP-urand:   5%|▌         | 840892416/16766984746 [00:53<16:58, 15638843.51B/s]
   GAP-urand:   5%|▌         | 842465280/16766984746 [00:53<17:41, 15005857.16B/s]
   GAP-urand:   5%|▌         | 844185600/16766984746 [00:53<17:01, 15595179.45B/s]
   GAP-urand:   5%|▌         | 845758464/16766984746 [00:54<17:59, 14749241.90B/s]
   GAP-urand:   5%|▌         | 847462400/16766984746 [00:54<17:16, 15353684.96B/s]
   GAP-urand:   5%|▌         | 849035264/16766984746 [00:54<17:10, 15450446.54B/s]
   GAP-urand:   5%|▌         | 850591744/16766984746 [00:54<17:59, 14739567.16B/s]
   GAP-urand:   5%|▌         | 852377600/16766984746 [00:54<17:00, 15600220.77B/s]
   GAP-urand:   5%|▌         | 853966848/16766984746 [00:54<17:57, 14769043.50B/s]
   GAP-urand:   5%|▌         | 855654400/16766984746 [00:54<17:17, 15332660.84B/s]
   GAP-urand:   5%|▌         | 857210880/16766984746 [00:54<18:16, 14506405.59B/s]
   GAP-urand:   5%|▌         | 858963968/16766984746 [00:54<17:17, 15335933.40B/s]
   GAP-urand:   5%|▌         | 860651520/16766984746 [00:55<16:50, 15738013.07B/s]
   GAP-urand:   5%|▌         | 862257152/16766984746 [00:55<17:46, 14909814.11B/s]
   GAP-urand:   5%|▌         | 863961088/16766984746 [00:55<17:06, 15498331.61B/s]
   GAP-urand:   5%|▌         | 865533952/16766984746 [00:55<18:07, 14616209.95B/s]
   GAP-urand:   5%|▌         | 867319808/16766984746 [00:55<17:06, 15494833.27B/s]
   GAP-urand:   5%|▌         | 868974592/16766984746 [00:55<16:47, 15782695.35B/s]
   GAP-urand:   5%|▌         | 870580224/16766984746 [00:55<17:36, 15050826.05B/s]
   GAP-urand:   5%|▌         | 872169472/16766984746 [00:55<17:19, 15283561.90B/s]
   GAP-urand:   5%|▌         | 873725952/16766984746 [00:55<18:23, 14407882.51B/s]
   GAP-urand:   5%|▌         | 875495424/16766984746 [00:56<17:17, 15316287.28B/s]
   GAP-urand:   5%|▌         | 877084672/16766984746 [00:56<18:22, 14415199.23B/s]
   GAP-urand:   5%|▌         | 878723072/16766984746 [00:56<17:44, 14925487.71B/s]
   GAP-urand:   5%|▌         | 880492544/16766984746 [00:56<16:52, 15684540.75B/s]
   GAP-urand:   5%|▌         | 882081792/16766984746 [00:56<18:04, 14641724.85B/s]
   
   asv: benchmark timed out (timeout 60s)
INFO:root:GMRES.GMRESBenchmark.time_gmres

·· GMRES.GMRESBenchmark.time_gmres                                 okINFO:root:================================================= =============
                     dataset                                   
------------------------------------------------- -------------
      gmres_test_inputs.test_gmres_random_42           n/a     
     gmres_test_inputs.test_gmres_random_123           n/a     
      gmres_test_inputs.test_gmres_diagonal            n/a     
         gmres_test_inputs.test_gmres_3x3              n/a     
         gmres_test_inputs.test_gmres_4x4              n/a     
           gmres_inputs.Andrews/Andrews                n/a     
           gmres_inputs.Andrianov/ins2                 n/a     
          gmres_inputs.Andrianov/net100                n/a     
          gmres_inputs.Andrianov/net125                n/a     
          gmres_inputs.Andrianov/net150                n/a     
           gmres_inputs.Andrianov/net25                n/a     
           gmres_inputs.Andrianov/net50                n/a     
           gmres_inputs.Andrianov/net75                n/a     
             gmres_inputs.Bai/bfwa62                   n/a     
             gmres_inputs.Bai/bfwb398                  n/a     
             gmres_inputs.Bai/bfwb62                   n/a     
             gmres_inputs.Bai/bfwb782                  n/a     
              gmres_inputs.Bai/ck104                   n/a     
             gmres_inputs.Bai/dw256B               4.01±0.02ms 
             gmres_inputs.Bai/dwb512                   n/a     
             gmres_inputs.Bai/pde225                   n/a     
             gmres_inputs.Bai/rdb200                   n/a     
             gmres_inputs.Bai/rdb200l                  n/a     
            gmres_inputs.Bindel/ted_B                  n/a     
        gmres_inputs.Bindel/ted_B_unscaled             n/a     
       gmres_inputs.Bomhof/circuit_1__rhs0             n/a     
       gmres_inputs.Botonakis/thermomech_TC            n/a     
       gmres_inputs.Botonakis/thermomech_dM            n/a     
     gmres_inputs.Bourchtein/atmosmodd__rhs1           n/a     
     gmres_inputs.Bourchtein/atmosmodj__rhs1           n/a     
     gmres_inputs.Bourchtein/atmosmodl__rhs0           n/a     
     gmres_inputs.Bourchtein/atmosmodl__rhs1           n/a     
     gmres_inputs.Bourchtein/atmosmodm__rhs0           n/a     
     gmres_inputs.Bourchtein/atmosmodm__rhs1           n/a     
         gmres_inputs.Brunetiere/thermal               n/a     
              gmres_inputs.CPM/cz148                   n/a     
         gmres_inputs.Cunningham/m3plates              n/a     
          gmres_inputs.Cunningham/qa8fk                n/a     
          gmres_inputs.Cunningham/qa8fm                n/a     
       gmres_inputs.FEMLAB/poisson2D__rhs0             n/a     
           gmres_inputs.FEMLAB/problem1                n/a     
             gmres_inputs.FIDAP/ex29                   n/a     
             gmres_inputs.FIDAP/ex37                   n/a     
              gmres_inputs.FIDAP/ex5                   n/a     
              gmres_inputs.FIDAP/ex7                   n/a     
       gmres_inputs.Freescale/circuit5M_dc             n/a     
         gmres_inputs.GHS_indef/blockqp1               n/a     
        gmres_inputs.GHS_indef/boyd1__rhs0             n/a     
        gmres_inputs.GHS_indef/boyd2__rhs0             n/a     
           gmres_inputs.GHS_indef/laser                n/a     
          gmres_inputs.GHS_indef/qpband                n/a     
         gmres_inputs.GHS_psdef/jnlbrng1               n/a     
         gmres_inputs.GHS_psdef/minsurfo               n/a     
         gmres_inputs.GHS_psdef/obstclae               n/a     
         gmres_inputs.GHS_psdef/wathen120              n/a     
          gmres_inputs.Grund/b1_ss__rhs0               n/a     
             gmres_inputs.Grund/meg4                   n/a     
          gmres_inputs.Grund/poli__rhs0                n/a     
             gmres_inputs.Grund/poli3                  n/a     
             gmres_inputs.Grund/poli4                  n/a     
          gmres_inputs.Grund/poli_large                n/a     
              gmres_inputs.HB/arc130                   n/a     
             gmres_inputs.HB/bcspwr01                  n/a     
             gmres_inputs.HB/bcspwr02                  n/a     
             gmres_inputs.HB/bcsstk01                  n/a     
             gmres_inputs.HB/bcsstk02                  n/a     
             gmres_inputs.HB/bcsstk20                  n/a     
             gmres_inputs.HB/bcsstm01                  n/a     
             gmres_inputs.HB/bcsstm02                  n/a     
             gmres_inputs.HB/bcsstm03                  n/a     
             gmres_inputs.HB/bcsstm04                  n/a     
             gmres_inputs.HB/bcsstm05                  n/a     
             gmres_inputs.HB/bcsstm06                  n/a     
             gmres_inputs.HB/bcsstm08                  n/a     
             gmres_inputs.HB/bcsstm09                  n/a     
             gmres_inputs.HB/bcsstm11                  n/a     
             gmres_inputs.HB/bcsstm19                  n/a     
             gmres_inputs.HB/bcsstm20                  n/a     
             gmres_inputs.HB/bcsstm21                  n/a     
             gmres_inputs.HB/bcsstm22                  n/a     
             gmres_inputs.HB/can_144                   n/a     
              gmres_inputs.HB/can_24                   n/a     
              gmres_inputs.HB/can_61               10.6±0.02ms 
              gmres_inputs.HB/can_73                   n/a     
             gmres_inputs.HB/curtis54                  n/a     
             gmres_inputs.HB/fs_541_1                  n/a     
             gmres_inputs.HB/fs_760_1                  n/a     
             gmres_inputs.HB/fs_760_2                  n/a     
             gmres_inputs.HB/fs_760_3                  n/a     
             gmres_inputs.HB/gr_30_30                  n/a     
             gmres_inputs.HB/jpwh_991                  n/a     
              gmres_inputs.HB/lap_25                   n/a     
               gmres_inputs.HB/nos4                    n/a     
               gmres_inputs.HB/nos7                    n/a     
          gmres_inputs.HB/orani678__rhs1               n/a     
         gmres_inputs.HB/orani678__rhs10               n/a     
         gmres_inputs.HB/orani678__rhs11               n/a     
         gmres_inputs.HB/orani678__rhs12               n/a     
         gmres_inputs.HB/orani678__rhs14               n/a     
         gmres_inputs.HB/orani678__rhs15               n/a     
         gmres_inputs.HB/orani678__rhs16               n/a     
         gmres_inputs.HB/orani678__rhs17               n/a     
         gmres_inputs.HB/orani678__rhs18               n/a     
         gmres_inputs.HB/orani678__rhs19               n/a     
          gmres_inputs.HB/orani678__rhs2               n/a     
          gmres_inputs.HB/orani678__rhs3               n/a     
          gmres_inputs.HB/orani678__rhs4               n/a     
          gmres_inputs.HB/orani678__rhs5               n/a     
          gmres_inputs.HB/orani678__rhs6               n/a     
         gmres_inputs.HB/orani678__rhs62               n/a     
          gmres_inputs.HB/orani678__rhs7               n/a     
          gmres_inputs.HB/orani678__rhs8               n/a     
             gmres_inputs.HB/pores_1                   n/a     
             gmres_inputs.HB/psmigr_3                  n/a     
              gmres_inputs.HB/steam2                   n/a     
              gmres_inputs.HB/steam3                   n/a     
              gmres_inputs.HB/watt_1                   n/a     
              gmres_inputs.HB/watt_2                   n/a     
        gmres_inputs.Hamrle/Hamrle1__rhs0              n/a     
               gmres_inputs.MKS/fp                     n/a     
            gmres_inputs.MathWorks/Muu                 n/a     
        gmres_inputs.MathWorks/tomography              n/a     
      gmres_inputs.MaxPlanck/shallow_water1            n/a     
      gmres_inputs.MaxPlanck/shallow_water2            n/a     
          gmres_inputs.Morandini/rotor1                n/a     
           gmres_inputs.Mulvey/finan512                n/a     
         gmres_inputs.Nasa/nasa2146__rhs0              n/a     
           gmres_inputs.Nemeth/nemeth02                n/a     
           gmres_inputs.Nemeth/nemeth03                n/a     
           gmres_inputs.Nemeth/nemeth04                n/a     
           gmres_inputs.Nemeth/nemeth05                n/a     
           gmres_inputs.Nemeth/nemeth06                n/a     
           gmres_inputs.Nemeth/nemeth07                n/a     
           gmres_inputs.Nemeth/nemeth08                n/a     
           gmres_inputs.Nemeth/nemeth09                n/a     
           gmres_inputs.Nemeth/nemeth10                n/a     
           gmres_inputs.Nemeth/nemeth11                n/a     
           gmres_inputs.Nemeth/nemeth12                n/a     
           gmres_inputs.Nemeth/nemeth13                n/a     
           gmres_inputs.Nemeth/nemeth16                n/a     
           gmres_inputs.Nemeth/nemeth17                n/a     
           gmres_inputs.Nemeth/nemeth18                n/a     
           gmres_inputs.Nemeth/nemeth19                n/a     
           gmres_inputs.Nemeth/nemeth20                n/a     
           gmres_inputs.Nemeth/nemeth21                n/a     
           gmres_inputs.Nemeth/nemeth22                n/a     
           gmres_inputs.Nemeth/nemeth23             412±0.5ms  
           gmres_inputs.Nemeth/nemeth24                n/a     
           gmres_inputs.Nemeth/nemeth25                n/a     
           gmres_inputs.Nemeth/nemeth26                n/a     
             gmres_inputs.Norris/fv1                   n/a     
             gmres_inputs.Norris/fv2                   n/a     
            gmres_inputs.Norris/torso2                 n/a     
          gmres_inputs.Oberwolfach/LF10                n/a     
          gmres_inputs.Oberwolfach/LFAT5               n/a     
             gmres_inputs.PARSEC/Si2                   n/a     
           gmres_inputs.Pothen/mesh1e1                 n/a     
           gmres_inputs.Pothen/mesh1em1                n/a     
           gmres_inputs.Pothen/mesh1em6                n/a     
           gmres_inputs.Pothen/mesh2e1                 n/a     
           gmres_inputs.Pothen/mesh2em5                n/a     
           gmres_inputs.Pothen/mesh3e1                 n/a     
           gmres_inputs.Pothen/mesh3em5                n/a     
           gmres_inputs.Pothen/sphere2                 n/a     
          gmres_inputs.Precima/analytics               n/a     
            gmres_inputs.Rajat/rajat13                 n/a     
         gmres_inputs.Rommes/bips98_1450               n/a     
          gmres_inputs.Rommes/bips98_606               n/a     
        gmres_inputs.Rommes/ww_36_pmec_36              n/a     
          gmres_inputs.Sandia/ASIC_100k                n/a     
          gmres_inputs.Sandia/ASIC_100ks               n/a     
          gmres_inputs.Sandia/ASIC_320ks               n/a     
          gmres_inputs.Sandia/ASIC_680k                n/a     
          gmres_inputs.Sandia/ASIC_680ks               n/a     
        gmres_inputs.Sandia/adder_dcop_31              n/a     
        gmres_inputs.Sandia/adder_dcop_32              n/a     
        gmres_inputs.Sandia/adder_dcop_33              n/a     
        gmres_inputs.Sandia/adder_dcop_34              n/a     
        gmres_inputs.Sandia/adder_dcop_35              n/a     
        gmres_inputs.Sandia/adder_dcop_36              n/a     
        gmres_inputs.Sandia/adder_dcop_37              n/a     
        gmres_inputs.Sandia/adder_dcop_38              n/a     
        gmres_inputs.Sandia/adder_dcop_40              n/a     
        gmres_inputs.Sandia/adder_dcop_41              n/a     
        gmres_inputs.Sandia/adder_dcop_42              n/a     
        gmres_inputs.Sandia/adder_dcop_43              n/a     
        gmres_inputs.Sandia/adder_dcop_44              n/a     
        gmres_inputs.Sandia/adder_dcop_45              n/a     
        gmres_inputs.Sandia/adder_dcop_46              n/a     
        gmres_inputs.Sandia/adder_dcop_47              n/a     
        gmres_inputs.Sandia/adder_dcop_48              n/a     
        gmres_inputs.Sandia/adder_dcop_49              n/a     
        gmres_inputs.Sandia/adder_dcop_50              n/a     
        gmres_inputs.Sandia/adder_dcop_51              n/a     
        gmres_inputs.Sandia/adder_dcop_52              n/a     
        gmres_inputs.Sandia/adder_dcop_53              n/a     
        gmres_inputs.Sandia/adder_dcop_54              n/a     
        gmres_inputs.Sandia/adder_dcop_55              n/a     
        gmres_inputs.Sandia/adder_dcop_57              n/a     
        gmres_inputs.Sandia/adder_dcop_58              n/a     
        gmres_inputs.Sandia/adder_dcop_59              n/a     
        gmres_inputs.Sandia/adder_dcop_60              n/a     
        gmres_inputs.Sandia/adder_dcop_61              n/a     
        gmres_inputs.Sandia/adder_dcop_62              n/a     
        gmres_inputs.Sandia/adder_dcop_63              n/a     
        gmres_inputs.Sandia/adder_dcop_64              n/a     
        gmres_inputs.Sandia/adder_dcop_65              n/a     
        gmres_inputs.Sandia/adder_dcop_66              n/a     
        gmres_inputs.Sandia/adder_dcop_67              n/a     
        gmres_inputs.Sandia/adder_dcop_68              n/a     
        gmres_inputs.Sandia/adder_dcop_69           25.3±0.2ms 
        gmres_inputs.Sandia/adder_trans_01             n/a     
        gmres_inputs.Sandia/adder_trans_02             n/a     
      gmres_inputs.Sandia/mult_dcop_02__rhs0           n/a     
     gmres_inputs.Schenk_AFE/af_shell3__rhs0           n/a     
     gmres_inputs.Schenk_AFE/af_shell4__rhs0           n/a     
     gmres_inputs.Schenk_AFE/af_shell7__rhs0           n/a     
     gmres_inputs.Schenk_AFE/af_shell8__rhs0           n/a     
        gmres_inputs.Simon/raefsky5__rhs0              n/a     
       gmres_inputs.TOKAMAK/utm1700b__rhs0             n/a     
        gmres_inputs.TOKAMAK/utm3060__rhs0             n/a     
       gmres_inputs.VDOL/hangGlider_1__rhs0            n/a     
 gmres_inputs.VDOL/tumorAntiAngiogenesis_1__rhs0       n/a     
 gmres_inputs.VDOL/tumorAntiAngiogenesis_2__rhs0       n/a     
              gmres_inputs.VLSI/ss1                    n/a     
             gmres_inputs.Wang/swang1                  n/a     
             gmres_inputs.Wang/swang2                  n/a     
             gmres_inputs.Zhao/Zhao1                   n/a     
================================================= =============

·· ================================================= =============
                        dataset                                   
   ------------------------------------------------- -------------
         gmres_test_inputs.test_gmres_random_42           n/a     
        gmres_test_inputs.test_gmres_random_123           n/a     
         gmres_test_inputs.test_gmres_diagonal            n/a     
            gmres_test_inputs.test_gmres_3x3              n/a     
            gmres_test_inputs.test_gmres_4x4              n/a     
              gmres_inputs.Andrews/Andrews                n/a     
              gmres_inputs.Andrianov/ins2                 n/a     
             gmres_inputs.Andrianov/net100                n/a     
             gmres_inputs.Andrianov/net125                n/a     
             gmres_inputs.Andrianov/net150                n/a     
              gmres_inputs.Andrianov/net25                n/a     
              gmres_inputs.Andrianov/net50                n/a     
              gmres_inputs.Andrianov/net75                n/a     
                gmres_inputs.Bai/bfwa62                   n/a     
                gmres_inputs.Bai/bfwb398                  n/a     
                gmres_inputs.Bai/bfwb62                   n/a     
                gmres_inputs.Bai/bfwb782                  n/a     
                 gmres_inputs.Bai/ck104                   n/a     
                gmres_inputs.Bai/dw256B               4.01±0.02ms 
                gmres_inputs.Bai/dwb512                   n/a     
                gmres_inputs.Bai/pde225                   n/a     
                gmres_inputs.Bai/rdb200                   n/a     
                gmres_inputs.Bai/rdb200l                  n/a     
               gmres_inputs.Bindel/ted_B                  n/a     
           gmres_inputs.Bindel/ted_B_unscaled             n/a     
          gmres_inputs.Bomhof/circuit_1__rhs0             n/a     
          gmres_inputs.Botonakis/thermomech_TC            n/a     
          gmres_inputs.Botonakis/thermomech_dM            n/a     
        gmres_inputs.Bourchtein/atmosmodd__rhs1           n/a     
        gmres_inputs.Bourchtein/atmosmodj__rhs1           n/a     
        gmres_inputs.Bourchtein/atmosmodl__rhs0           n/a     
        gmres_inputs.Bourchtein/atmosmodl__rhs1           n/a     
        gmres_inputs.Bourchtein/atmosmodm__rhs0           n/a     
        gmres_inputs.Bourchtein/atmosmodm__rhs1           n/a     
            gmres_inputs.Brunetiere/thermal               n/a     
                 gmres_inputs.CPM/cz148                   n/a     
            gmres_inputs.Cunningham/m3plates              n/a     
             gmres_inputs.Cunningham/qa8fk                n/a     
             gmres_inputs.Cunningham/qa8fm                n/a     
          gmres_inputs.FEMLAB/poisson2D__rhs0             n/a     
              gmres_inputs.FEMLAB/problem1                n/a     
                gmres_inputs.FIDAP/ex29                   n/a     
                gmres_inputs.FIDAP/ex37                   n/a     
                 gmres_inputs.FIDAP/ex5                   n/a     
                 gmres_inputs.FIDAP/ex7                   n/a     
          gmres_inputs.Freescale/circuit5M_dc             n/a     
            gmres_inputs.GHS_indef/blockqp1               n/a     
           gmres_inputs.GHS_indef/boyd1__rhs0             n/a     
           gmres_inputs.GHS_indef/boyd2__rhs0             n/a     
              gmres_inputs.GHS_indef/laser                n/a     
             gmres_inputs.GHS_indef/qpband                n/a     
            gmres_inputs.GHS_psdef/jnlbrng1               n/a     
            gmres_inputs.GHS_psdef/minsurfo               n/a     
            gmres_inputs.GHS_psdef/obstclae               n/a     
            gmres_inputs.GHS_psdef/wathen120              n/a     
             gmres_inputs.Grund/b1_ss__rhs0               n/a     
                gmres_inputs.Grund/meg4                   n/a     
             gmres_inputs.Grund/poli__rhs0                n/a     
                gmres_inputs.Grund/poli3                  n/a     
                gmres_inputs.Grund/poli4                  n/a     
             gmres_inputs.Grund/poli_large                n/a     
                 gmres_inputs.HB/arc130                   n/a     
                gmres_inputs.HB/bcspwr01                  n/a     
                gmres_inputs.HB/bcspwr02                  n/a     
                gmres_inputs.HB/bcsstk01                  n/a     
                gmres_inputs.HB/bcsstk02                  n/a     
                gmres_inputs.HB/bcsstk20                  n/a     
                gmres_inputs.HB/bcsstm01                  n/a     
                gmres_inputs.HB/bcsstm02                  n/a     
                gmres_inputs.HB/bcsstm03                  n/a     
                gmres_inputs.HB/bcsstm04                  n/a     
                gmres_inputs.HB/bcsstm05                  n/a     
                gmres_inputs.HB/bcsstm06                  n/a     
                gmres_inputs.HB/bcsstm08                  n/a     
                gmres_inputs.HB/bcsstm09                  n/a     
                gmres_inputs.HB/bcsstm11                  n/a     
                gmres_inputs.HB/bcsstm19                  n/a     
                gmres_inputs.HB/bcsstm20                  n/a     
                gmres_inputs.HB/bcsstm21                  n/a     
                gmres_inputs.HB/bcsstm22                  n/a     
                gmres_inputs.HB/can_144                   n/a     
                 gmres_inputs.HB/can_24                   n/a     
                 gmres_inputs.HB/can_61               10.6±0.02ms 
                 gmres_inputs.HB/can_73                   n/a     
                gmres_inputs.HB/curtis54                  n/a     
                gmres_inputs.HB/fs_541_1                  n/a     
                gmres_inputs.HB/fs_760_1                  n/a     
                gmres_inputs.HB/fs_760_2                  n/a     
                gmres_inputs.HB/fs_760_3                  n/a     
                gmres_inputs.HB/gr_30_30                  n/a     
                gmres_inputs.HB/jpwh_991                  n/a     
                 gmres_inputs.HB/lap_25                   n/a     
                  gmres_inputs.HB/nos4                    n/a     
                  gmres_inputs.HB/nos7                    n/a     
             gmres_inputs.HB/orani678__rhs1               n/a     
            gmres_inputs.HB/orani678__rhs10               n/a     
            gmres_inputs.HB/orani678__rhs11               n/a     
            gmres_inputs.HB/orani678__rhs12               n/a     
            gmres_inputs.HB/orani678__rhs14               n/a     
            gmres_inputs.HB/orani678__rhs15               n/a     
            gmres_inputs.HB/orani678__rhs16               n/a     
            gmres_inputs.HB/orani678__rhs17               n/a     
            gmres_inputs.HB/orani678__rhs18               n/a     
            gmres_inputs.HB/orani678__rhs19               n/a     
             gmres_inputs.HB/orani678__rhs2               n/a     
             gmres_inputs.HB/orani678__rhs3               n/a     
             gmres_inputs.HB/orani678__rhs4               n/a     
             gmres_inputs.HB/orani678__rhs5               n/a     
             gmres_inputs.HB/orani678__rhs6               n/a     
            gmres_inputs.HB/orani678__rhs62               n/a     
             gmres_inputs.HB/orani678__rhs7               n/a     
             gmres_inputs.HB/orani678__rhs8               n/a     
                gmres_inputs.HB/pores_1                   n/a     
                gmres_inputs.HB/psmigr_3                  n/a     
                 gmres_inputs.HB/steam2                   n/a     
                 gmres_inputs.HB/steam3                   n/a     
                 gmres_inputs.HB/watt_1                   n/a     
                 gmres_inputs.HB/watt_2                   n/a     
           gmres_inputs.Hamrle/Hamrle1__rhs0              n/a     
                  gmres_inputs.MKS/fp                     n/a     
               gmres_inputs.MathWorks/Muu                 n/a     
           gmres_inputs.MathWorks/tomography              n/a     
         gmres_inputs.MaxPlanck/shallow_water1            n/a     
         gmres_inputs.MaxPlanck/shallow_water2            n/a     
             gmres_inputs.Morandini/rotor1                n/a     
              gmres_inputs.Mulvey/finan512                n/a     
            gmres_inputs.Nasa/nasa2146__rhs0              n/a     
              gmres_inputs.Nemeth/nemeth02                n/a     
              gmres_inputs.Nemeth/nemeth03                n/a     
              gmres_inputs.Nemeth/nemeth04                n/a     
              gmres_inputs.Nemeth/nemeth05                n/a     
              gmres_inputs.Nemeth/nemeth06                n/a     
              gmres_inputs.Nemeth/nemeth07                n/a     
              gmres_inputs.Nemeth/nemeth08                n/a     
              gmres_inputs.Nemeth/nemeth09                n/a     
              gmres_inputs.Nemeth/nemeth10                n/a     
              gmres_inputs.Nemeth/nemeth11                n/a     
              gmres_inputs.Nemeth/nemeth12                n/a     
              gmres_inputs.Nemeth/nemeth13                n/a     
              gmres_inputs.Nemeth/nemeth16                n/a     
              gmres_inputs.Nemeth/nemeth17                n/a     
              gmres_inputs.Nemeth/nemeth18                n/a     
              gmres_inputs.Nemeth/nemeth19                n/a     
              gmres_inputs.Nemeth/nemeth20                n/a     
              gmres_inputs.Nemeth/nemeth21                n/a     
              gmres_inputs.Nemeth/nemeth22                n/a     
              gmres_inputs.Nemeth/nemeth23             412±0.5ms  
              gmres_inputs.Nemeth/nemeth24                n/a     
              gmres_inputs.Nemeth/nemeth25                n/a     
              gmres_inputs.Nemeth/nemeth26                n/a     
                gmres_inputs.Norris/fv1                   n/a     
                gmres_inputs.Norris/fv2                   n/a     
               gmres_inputs.Norris/torso2                 n/a     
             gmres_inputs.Oberwolfach/LF10                n/a     
             gmres_inputs.Oberwolfach/LFAT5               n/a     
                gmres_inputs.PARSEC/Si2                   n/a     
              gmres_inputs.Pothen/mesh1e1                 n/a     
              gmres_inputs.Pothen/mesh1em1                n/a     
              gmres_inputs.Pothen/mesh1em6                n/a     
              gmres_inputs.Pothen/mesh2e1                 n/a     
              gmres_inputs.Pothen/mesh2em5                n/a     
              gmres_inputs.Pothen/mesh3e1                 n/a     
              gmres_inputs.Pothen/mesh3em5                n/a     
              gmres_inputs.Pothen/sphere2                 n/a     
             gmres_inputs.Precima/analytics               n/a     
               gmres_inputs.Rajat/rajat13                 n/a     
            gmres_inputs.Rommes/bips98_1450               n/a     
             gmres_inputs.Rommes/bips98_606               n/a     
           gmres_inputs.Rommes/ww_36_pmec_36              n/a     
             gmres_inputs.Sandia/ASIC_100k                n/a     
             gmres_inputs.Sandia/ASIC_100ks               n/a     
             gmres_inputs.Sandia/ASIC_320ks               n/a     
             gmres_inputs.Sandia/ASIC_680k                n/a     
             gmres_inputs.Sandia/ASIC_680ks               n/a     
           gmres_inputs.Sandia/adder_dcop_31              n/a     
           gmres_inputs.Sandia/adder_dcop_32              n/a     
           gmres_inputs.Sandia/adder_dcop_33              n/a     
           gmres_inputs.Sandia/adder_dcop_34              n/a     
           gmres_inputs.Sandia/adder_dcop_35              n/a     
           gmres_inputs.Sandia/adder_dcop_36              n/a     
           gmres_inputs.Sandia/adder_dcop_37              n/a     
           gmres_inputs.Sandia/adder_dcop_38              n/a     
           gmres_inputs.Sandia/adder_dcop_40              n/a     
           gmres_inputs.Sandia/adder_dcop_41              n/a     
           gmres_inputs.Sandia/adder_dcop_42              n/a     
           gmres_inputs.Sandia/adder_dcop_43              n/a     
           gmres_inputs.Sandia/adder_dcop_44              n/a     
           gmres_inputs.Sandia/adder_dcop_45              n/a     
           gmres_inputs.Sandia/adder_dcop_46              n/a     
           gmres_inputs.Sandia/adder_dcop_47              n/a     
           gmres_inputs.Sandia/adder_dcop_48              n/a     
           gmres_inputs.Sandia/adder_dcop_49              n/a     
           gmres_inputs.Sandia/adder_dcop_50              n/a     
           gmres_inputs.Sandia/adder_dcop_51              n/a     
           gmres_inputs.Sandia/adder_dcop_52              n/a     
           gmres_inputs.Sandia/adder_dcop_53              n/a     
           gmres_inputs.Sandia/adder_dcop_54              n/a     
           gmres_inputs.Sandia/adder_dcop_55              n/a     
           gmres_inputs.Sandia/adder_dcop_57              n/a     
           gmres_inputs.Sandia/adder_dcop_58              n/a     
           gmres_inputs.Sandia/adder_dcop_59              n/a     
           gmres_inputs.Sandia/adder_dcop_60              n/a     
           gmres_inputs.Sandia/adder_dcop_61              n/a     
           gmres_inputs.Sandia/adder_dcop_62              n/a     
           gmres_inputs.Sandia/adder_dcop_63              n/a     
           gmres_inputs.Sandia/adder_dcop_64              n/a     
           gmres_inputs.Sandia/adder_dcop_65              n/a     
           gmres_inputs.Sandia/adder_dcop_66              n/a     
           gmres_inputs.Sandia/adder_dcop_67              n/a     
           gmres_inputs.Sandia/adder_dcop_68              n/a     
           gmres_inputs.Sandia/adder_dcop_69           25.3±0.2ms 
           gmres_inputs.Sandia/adder_trans_01             n/a     
           gmres_inputs.Sandia/adder_trans_02             n/a     
         gmres_inputs.Sandia/mult_dcop_02__rhs0           n/a     
        gmres_inputs.Schenk_AFE/af_shell3__rhs0           n/a     
        gmres_inputs.Schenk_AFE/af_shell4__rhs0           n/a     
        gmres_inputs.Schenk_AFE/af_shell7__rhs0           n/a     
        gmres_inputs.Schenk_AFE/af_shell8__rhs0           n/a     
           gmres_inputs.Simon/raefsky5__rhs0              n/a     
          gmres_inputs.TOKAMAK/utm1700b__rhs0             n/a     
           gmres_inputs.TOKAMAK/utm3060__rhs0             n/a     
          gmres_inputs.VDOL/hangGlider_1__rhs0            n/a     
    gmres_inputs.VDOL/tumorAntiAngiogenesis_1__rhs0       n/a     
    gmres_inputs.VDOL/tumorAntiAngiogenesis_2__rhs0       n/a     
                 gmres_inputs.VLSI/ss1                    n/a     
                gmres_inputs.Wang/swang1                  n/a     
                gmres_inputs.Wang/swang2                  n/a     
                gmres_inputs.Zhao/Zhao1                   n/a     
   ================================================= =============
INFO:root:...nford.BellmanFordBenchmark.time_bellman_ford

·· ...nford.BellmanFordBenchmark.time_bellman_ford