---------------------------------------
Begin Slurm Prolog: Sep-10-2026 16:22:49
Job ID:    13072378
User ID:   wahrens6
Account:   gts-wahrens6
Job name:  saps-competition
Partition: cpu-small
QOS:       inferno
---------------------------------------
INFO:root:Using SAPS config: {'//': 'Competition config using ASV-native include entries. Each include is one competitor environment with its own dependencies.', 'environment_type': 'virtualenv', 'install_command': ['in-dir={env_dir} python -mpip install {build_dir} --force-reinstall'], 'timeout': 60, 'resume': True, 'metrics': ['time'], 'tag': ['standard'], 'saps_dir': 'competition/run_local/task_0', 'env_dir': 'competition/run_local/task_0/env', 'results_dir': 'competition/run_local/task_0/results', 'matrix': {'env_nobuild': {'SAPS_LOG_PATH': ['/storage/scratch1/7/wahrens6/SparseArrayProgrammingSuite/competition/run_13072363/task_1/results/chunk-1/diagnostics.log'], 'REMOTE_STORAGE_BACKEND': ['s3'], 'REMOTE_STORAGE_BUCKET': ['sparse-array-programming-suite'], 'SAPS_CACHE_DIR': ['/storage/scratch1/7/wahrens6/SparseArrayProgrammingSuite/.saps/outputs/cache'], 'SAPS_MANIFEST_PATH': ['/storage/scratch1/7/wahrens6/SparseArrayProgrammingSuite/manifest.json']}}, 'exclude': [{'env_nobuild': {'SAPS_FRAMEWORK': None}}], 'include': [{'python': '3.12', 'req': {'array-api-compat': '1.15.0', 'lark': '1.3.1', 'networkx': '3.6', 'numpy': '2.3', 'scipy': '1.17.1', 'sparse': '0.17.0', 'ssgetpy': '1.0rc2'}, 'env_nobuild': {'SAPS_FRAMEWORK': 'frameworks/saps_numpy.py', 'SAPS_REPO_ROOT': '.', 'SAPS_LOG_PATH': '/storage/scratch1/7/wahrens6/SparseArrayProgrammingSuite/competition/run_13072363/task_1/results/chunk-1/diagnostics.log', 'REMOTE_STORAGE_BACKEND': 's3', 'REMOTE_STORAGE_BUCKET': 'sparse-array-programming-suite', 'SAPS_CACHE_DIR': '/storage/scratch1/7/wahrens6/SparseArrayProgrammingSuite/.saps/outputs/cache', 'SAPS_MANIFEST_PATH': '/storage/scratch1/7/wahrens6/SparseArrayProgrammingSuite/manifest.json'}}, {'python': '3.12', 'req': {'array-api-compat': '1.15.0', 'lark': '1.3.1', 'networkx': '3.6', 'numpy': '2.3', 'scipy': '1.17.1', 'sparse': '0.17.0', 'ssgetpy': '1.0rc2'}, 'env_nobuild': {'SAPS_FRAMEWORK': 'frameworks/saps_scipy.py', 'SAPS_REPO_ROOT': '.', 'SAPS_LOG_PATH': '/storage/scratch1/7/wahrens6/SparseArrayProgrammingSuite/competition/run_13072363/task_1/results/chunk-1/diagnostics.log', 'REMOTE_STORAGE_BACKEND': 's3', 'REMOTE_STORAGE_BUCKET': 'sparse-array-programming-suite', 'SAPS_CACHE_DIR': '/storage/scratch1/7/wahrens6/SparseArrayProgrammingSuite/.saps/outputs/cache', 'SAPS_MANIFEST_PATH': '/storage/scratch1/7/wahrens6/SparseArrayProgrammingSuite/manifest.json'}}, {'python': '3.12', 'req': {'array-api-compat': '1.15.0', 'lark': '1.3.1', 'networkx': '3.6', 'numpy': '2.3', 'scipy': '1.17.1', 'sparse': '0.17.0', 'ssgetpy': '1.0rc2'}, 'env_nobuild': {'SAPS_FRAMEWORK': 'frameworks/saps_sparse.py', 'SAPS_REPO_ROOT': '.', 'SAPS_LOG_PATH': '/storage/scratch1/7/wahrens6/SparseArrayProgrammingSuite/competition/run_13072363/task_1/results/chunk-1/diagnostics.log', 'REMOTE_STORAGE_BACKEND': 's3', 'REMOTE_STORAGE_BUCKET': 'sparse-array-programming-suite', 'SAPS_CACHE_DIR': '/storage/scratch1/7/wahrens6/SparseArrayProgrammingSuite/.saps/outputs/cache', 'SAPS_MANIFEST_PATH': '/storage/scratch1/7/wahrens6/SparseArrayProgrammingSuite/manifest.json'}}, {'python': '3.12', 'req': {'array-api-compat': '1.15.0', 'lark': '1.3.1', 'networkx': '3.6', 'numpy': '2.3', 'scipy': '1.17.1', 'sparse': '0.17.0', 'ssgetpy': '1.0rc2', 'torch': '2.12.1'}, 'env_nobuild': {'SAPS_FRAMEWORK': 'frameworks/saps_pytorch.py', 'SAPS_REPO_ROOT': '.', 'SAPS_LOG_PATH': '/storage/scratch1/7/wahrens6/SparseArrayProgrammingSuite/competition/run_13072363/task_1/results/chunk-1/diagnostics.log', 'REMOTE_STORAGE_BACKEND': 's3', 'REMOTE_STORAGE_BUCKET': 'sparse-array-programming-suite', 'SAPS_CACHE_DIR': '/storage/scratch1/7/wahrens6/SparseArrayProgrammingSuite/.saps/outputs/cache', 'SAPS_MANIFEST_PATH': '/storage/scratch1/7/wahrens6/SparseArrayProgrammingSuite/manifest.json'}}]}
· Using SAPS config: {'//': 'Competition config using ASV-native include entries. Each include is one competitor environment with its own dependencies.', 'environment_type': 'virtualenv', 'install_command': ['in-dir={env_dir} python -mpip install {build_dir} --force-reinstall'], 'timeout': 60, 'resume': True, 'metrics': ['time'], 'tag': ['standard'], 'saps_dir': 'competition/run_local/task_0', 'env_dir': 'competition/run_local/task_0/env', 'results_dir': 'competition/run_local/task_0/results', 'matrix': {'env_nobuild': {'SAPS_LOG_PATH': ['/storage/scratch1/7/wahrens6/SparseArrayProgrammingSuite/competition/run_13072363/task_1/results/chunk-1/diagnostics.log'], 'REMOTE_STORAGE_BACKEND': ['s3'], 'REMOTE_STORAGE_BUCKET': ['sparse-array-programming-suite'], 'SAPS_CACHE_DIR': ['/storage/scratch1/7/wahrens6/SparseArrayProgrammingSuite/.saps/outputs/cache'], 'SAPS_MANIFEST_PATH': ['/storage/scratch1/7/wahrens6/SparseArrayProgrammingSuite/manifest.json']}}, 'exclude': [{'env_nobuild': {'SAPS_FRAMEWORK': None}}], 'include': [{'python': '3.12', 'req': {'array-api-compat': '1.15.0', 'lark': '1.3.1', 'networkx': '3.6', 'numpy': '2.3', 'scipy': '1.17.1', 'sparse': '0.17.0', 'ssgetpy': '1.0rc2'}, 'env_nobuild': {'SAPS_FRAMEWORK': 'frameworks/saps_numpy.py', 'SAPS_REPO_ROOT': '.', 'SAPS_LOG_PATH': '/storage/scratch1/7/wahrens6/SparseArrayProgrammingSuite/competition/run_13072363/task_1/results/chunk-1/diagnostics.log', 'REMOTE_STORAGE_BACKEND': 's3', 'REMOTE_STORAGE_BUCKET': 'sparse-array-programming-suite', 'SAPS_CACHE_DIR': '/storage/scratch1/7/wahrens6/SparseArrayProgrammingSuite/.saps/outputs/cache', 'SAPS_MANIFEST_PATH': '/storage/scratch1/7/wahrens6/SparseArrayProgrammingSuite/manifest.json'}}, {'python': '3.12', 'req': {'array-api-compat': '1.15.0', 'lark': '1.3.1', 'networkx': '3.6', 'numpy': '2.3', 'scipy': '1.17.1', 'sparse': '0.17.0', 'ssgetpy': '1.0rc2'}, 'env_nobuild': {'SAPS_FRAMEWORK': 'frameworks/saps_scipy.py', 'SAPS_REPO_ROOT': '.', 'SAPS_LOG_PATH': '/storage/scratch1/7/wahrens6/SparseArrayProgrammingSuite/competition/run_13072363/task_1/results/chunk-1/diagnostics.log', 'REMOTE_STORAGE_BACKEND': 's3', 'REMOTE_STORAGE_BUCKET': 'sparse-array-programming-suite', 'SAPS_CACHE_DIR': '/storage/scratch1/7/wahrens6/SparseArrayProgrammingSuite/.saps/outputs/cache', 'SAPS_MANIFEST_PATH': '/storage/scratch1/7/wahrens6/SparseArrayProgrammingSuite/manifest.json'}}, {'python': '3.12', 'req': {'array-api-compat': '1.15.0', 'lark': '1.3.1', 'networkx': '3.6', 'numpy': '2.3', 'scipy': '1.17.1', 'sparse': '0.17.0', 'ssgetpy': '1.0rc2'}, 'env_nobuild': {'SAPS_FRAMEWORK': 'frameworks/saps_sparse.py', 'SAPS_REPO_ROOT': '.', 'SAPS_LOG_PATH': '/storage/scratch1/7/wahrens6/SparseArrayProgrammingSuite/competition/run_13072363/task_1/results/chunk-1/diagnostics.log', 'REMOTE_STORAGE_BACKEND': 's3', 'REMOTE_STORAGE_BUCKET': 'sparse-array-programming-suite', 'SAPS_CACHE_DIR': '/storage/scratch1/7/wahrens6/SparseArrayProgrammingSuite/.saps/outputs/cache', 'SAPS_MANIFEST_PATH': '/storage/scratch1/7/wahrens6/SparseArrayProgrammingSuite/manifest.json'}}, {'python': '3.12', 'req': {'array-api-compat': '1.15.0', 'lark': '1.3.1', 'networkx': '3.6', 'numpy': '2.3', 'scipy': '1.17.1', 'sparse': '0.17.0', 'ssgetpy': '1.0rc2', 'torch': '2.12.1'}, 'env_nobuild': {'SAPS_FRAMEWORK': 'frameworks/saps_pytorch.py', 'SAPS_REPO_ROOT': '.', 'SAPS_LOG_PATH': '/storage/scratch1/7/wahrens6/SparseArrayProgrammingSuite/competition/run_13072363/task_1/results/chunk-1/diagnostics.log', 'REMOTE_STORAGE_BACKEND': 's3', 'REMOTE_STORAGE_BUCKET': 'sparse-array-programming-suite', 'SAPS_CACHE_DIR': '/storage/scratch1/7/wahrens6/SparseArrayProgrammingSuite/.saps/outputs/cache', 'SAPS_MANIFEST_PATH': '/storage/scratch1/7/wahrens6/SparseArrayProgrammingSuite/manifest.json'}}]}INFO:root:Using SAPS outputs directory: /storage/scratch1/7/wahrens6/SparseArrayProgrammingSuite/competition/run_13072363/task_1/outputs/chunk-1

· Using SAPS outputs directory: /storage/scratch1/7/wahrens6/SparseArrayProgrammingSuite/competition/run_13072363/task_1/outputs/chunk-1INFO:root:Using SAPS dataset cache: /storage/scratch1/7/wahrens6/SparseArrayProgrammingSuite/.saps/outputs/cache

· Using SAPS dataset cache: /storage/scratch1/7/wahrens6/SparseArrayProgrammingSuite/.saps/outputs/cacheINFO:root:Using SAPS machine files directory: /storage/scratch1/7/wahrens6/SparseArrayProgrammingSuite/competition/run_13072363/task_1/machine_files/chunk-1

· Using SAPS machine files directory: /storage/scratch1/7/wahrens6/SparseArrayProgrammingSuite/competition/run_13072363/task_1/machine_files/chunk-1INFO:root:Discovering benchmarks

· Discovering benchmarksINFO:root:Creating environments
Discovered 12 benchmark entries
Using timeout: 60 seconds

· Creating environmentsINFO:root:Uninstalling from virtualenv-py3.12-array-api-compat1.15.0-lark1.3.1-networkx3.6-numpy2.3-scipy1.17.1-sparse0.17.0-ssgetpy1.0rc2-REMOTE_STORAGE_BACKENDs3-REMOTE_STORAGE_BUCKETsparse-array-programming-suite-SAPS_CACHE_DIR_storage_scratch1_7_wahrens6_SparseArrayProgrammingSuite_.saps_outputs_cache-SAPS_FRAMEWORK_storage_scratch1_7_wahrens6_SparseArrayProgrammingSuite_frameworks_saps_numpy.py-SAPS_LOG_PATH_storage_scratch1_7_wahrens6_SparseArrayProgrammingSuite_competition_run_13072363_task_1_results_chunk-1_diagnostics.log-SAPS_MANIFEST_PATH_storage_scratch1_7_wahrens6_SparseArrayProgrammingSuite_manifest.json-SAPS_REPO_ROOT_storage_scratch1_7_wahrens6_SparseArrayProgrammingSuite

· Uninstalling from virtualenv-py3.12-array-api-compat1.15.0-lark1.3.1-networkx3.6-numpy2.3-scipy1.17.1-sparse0.17.0-ssgetpy1.0rc2-REMOTE_STORAGE_BACKENDs3-REMOTE_STORAGE_BUCKETsparse-array-programming-suite-SAPS_CACHE_DIR_storage_scratch1_7_wahrens6_SparseArrayProgrammingSuite_.saps_outputs_cache-SAPS_FRAMEWORK_storage_scratch1_7_wahrens6_SparseArrayProgrammingSuite_frameworks_saps_numpy.py-SAPS_LOG_PATH_storage_scratch1_7_wahrens6_SparseArrayProgrammingSuite_competition_run_13072363_task_1_results_chunk-1_diagnostics.log-SAPS_MANIFEST_PATH_storage_scratch1_7_wahrens6_SparseArrayProgrammingSuite_manifest.json-SAPS_REPO_ROOT_storage_scratch1_7_wahrens6_SparseArrayProgrammingSuiteINFO:root:Building e00ec0f4 <wma/fix-runner> for virtualenv-py3.12-array-api-compat1.15.0-lark1.3.1-networkx3.6-numpy2.3-scipy1.17.1-sparse0.17.0-ssgetpy1.0rc2-REMOTE_STORAGE_BACKENDs3-REMOTE_STORAGE_BUCKETsparse-array-programming-suite-SAPS_CACHE_DIR_storage_scratch1_7_wahrens6_SparseArrayProgrammingSuite_.saps_outputs_cache-SAPS_FRAMEWORK_storage_scratch1_7_wahrens6_SparseArrayProgrammingSuite_frameworks_saps_numpy.py-SAPS_LOG_PATH_storage_scratch1_7_wahrens6_SparseArrayProgrammingSuite_competition_run_13072363_task_1_results_chunk-1_diagnostics.log-SAPS_MANIFEST_PATH_storage_scratch1_7_wahrens6_SparseArrayProgrammingSuite_manifest.json-SAPS_REPO_ROOT_storage_scratch1_7_wahrens6_SparseArrayProgrammingSuite

· Building e00ec0f4 <wma/fix-runner> for virtualenv-py3.12-array-api-compat1.15.0-lark1.3.1-networkx3.6-numpy2.3-scipy1.17.1-sparse0.17.0-ssgetpy1.0rc2-REMOTE_STORAGE_BACKENDs3-REMOTE_STORAGE_BUCKETsparse-array-programming-suite-SAPS_CACHE_DIR_storage_scratch1_7_wahrens6_SparseArrayProgrammingSuite_.saps_outputs_cache-SAPS_FRAMEWORK_storage_scratch1_7_wahrens6_SparseArrayProgrammingSuite_frameworks_saps_numpy.py-SAPS_LOG_PATH_storage_scratch1_7_wahrens6_SparseArrayProgrammingSuite_competition_run_13072363_task_1_results_chunk-1_diagnostics.log-SAPS_MANIFEST_PATH_storage_scratch1_7_wahrens6_SparseArrayProgrammingSuite_manifest.json-SAPS_REPO_ROOT_storage_scratch1_7_wahrens6_SparseArrayProgrammingSuiteINFO:root:Installing e00ec0f4 <wma/fix-runner> into virtualenv-py3.12-array-api-compat1.15.0-lark1.3.1-networkx3.6-numpy2.3-scipy1.17.1-sparse0.17.0-ssgetpy1.0rc2-REMOTE_STORAGE_BACKENDs3-REMOTE_STORAGE_BUCKETsparse-array-programming-suite-SAPS_CACHE_DIR_storage_scratch1_7_wahrens6_SparseArrayProgrammingSuite_.saps_outputs_cache-SAPS_FRAMEWORK_storage_scratch1_7_wahrens6_SparseArrayProgrammingSuite_frameworks_saps_numpy.py-SAPS_LOG_PATH_storage_scratch1_7_wahrens6_SparseArrayProgrammingSuite_competition_run_13072363_task_1_results_chunk-1_diagnostics.log-SAPS_MANIFEST_PATH_storage_scratch1_7_wahrens6_SparseArrayProgrammingSuite_manifest.json-SAPS_REPO_ROOT_storage_scratch1_7_wahrens6_SparseArrayProgrammingSuite

· Installing e00ec0f4 <wma/fix-runner> into virtualenv-py3.12-array-api-compat1.15.0-lark1.3.1-networkx3.6-numpy2.3-scipy1.17.1-sparse0.17.0-ssgetpy1.0rc2-REMOTE_STORAGE_BACKENDs3-REMOTE_STORAGE_BUCKETsparse-array-programming-suite-SAPS_CACHE_DIR_storage_scratch1_7_wahrens6_SparseArrayProgrammingSuite_.saps_outputs_cache-SAPS_FRAMEWORK_storage_scratch1_7_wahrens6_SparseArrayProgrammingSuite_frameworks_saps_numpy.py-SAPS_LOG_PATH_storage_scratch1_7_wahrens6_SparseArrayProgrammingSuite_competition_run_13072363_task_1_results_chunk-1_diagnostics.log-SAPS_MANIFEST_PATH_storage_scratch1_7_wahrens6_SparseArrayProgrammingSuite_manifest.json-SAPS_REPO_ROOT_storage_scratch1_7_wahrens6_SparseArrayProgrammingSuiteINFO:root:Benchmarking virtualenv-py3.12-array-api-compat1.15.0-lark1.3.1-networkx3.6-numpy2.3-scipy1.17.1-sparse0.17.0-ssgetpy1.0rc2-REMOTE_STORAGE_BACKENDs3-REMOTE_STORAGE_BUCKETsparse-array-programming-suite-SAPS_CACHE_DIR_storage_scratch1_7_wahrens6_SparseArrayProgrammingSuite_.saps_outputs_cache-SAPS_FRAMEWORK_storage_scratch1_7_wahrens6_SparseArrayProgrammingSuite_frameworks_saps_numpy.py-SAPS_LOG_PATH_storage_scratch1_7_wahrens6_SparseArrayProgrammingSuite_competition_run_13072363_task_1_results_chunk-1_diagnostics.log-SAPS_MANIFEST_PATH_storage_scratch1_7_wahrens6_SparseArrayProgrammingSuite_manifest.json-SAPS_REPO_ROOT_storage_scratch1_7_wahrens6_SparseArrayProgrammingSuite

· Benchmarking virtualenv-py3.12-array-api-compat1.15.0-lark1.3.1-networkx3.6-numpy2.3-scipy1.17.1-sparse0.17.0-ssgetpy1.0rc2-REMOTE_STORAGE_BACKENDs3-REMOTE_STORAGE_BUCKETsparse-array-programming-suite-SAPS_CACHE_DIR_storage_scratch1_7_wahrens6_SparseArrayProgrammingSuite_.saps_outputs_cache-SAPS_FRAMEWORK_storage_scratch1_7_wahrens6_SparseArrayProgrammingSuite_frameworks_saps_numpy.py-SAPS_LOG_PATH_storage_scratch1_7_wahrens6_SparseArrayProgrammingSuite_competition_run_13072363_task_1_results_chunk-1_diagnostics.log-SAPS_MANIFEST_PATH_storage_scratch1_7_wahrens6_SparseArrayProgrammingSuite_manifest.json-SAPS_REPO_ROOT_storage_scratch1_7_wahrens6_SparseArrayProgrammingSuiteINFO:root:Running (BFS.BreadthFirstSearchBenchmark.time_bfs--)

·· Running (BFS.BreadthFirstSearchBenchmark.time_bfs--).INFO:root:Running (GMRES.GMRESBenchmark.time_gmres--)

·· Running (GMRES.GMRESBenchmark.time_gmres--)..INFO:root:Running (cg.CGBenchmark.time_cg_solver--)

·· Running (cg.CGBenchmark.time_cg_solver--).....INFO:root:Running (pagerank.PageRankBenchmark.time_pagerank--)

·· Running (pagerank.PageRankBenchmark.time_pagerank--).INFO:root:Running (preconditioned_cg.JacobiPreconditionedCGBenchmark.time_jacobi_preconditioned_cg--)

·· Running (preconditioned_cg.JacobiPreconditionedCGBenchmark.time_jacobi_preconditioned_cg--)..INFO:root:Running (subgraph_matching.SubgraphMatching.time_subgraph_matching--)

·· Running (subgraph_matching.SubgraphMatching.time_subgraph_matching--).INFO:root:BFS.BreadthFirstSearchBenchmark.time_bfs

·· BFS.BreadthFirstSearchBenchmark.time_bfs              5/330 failedINFO:root:========================================= ========
                 dataset                          
----------------------------------------- --------
      bfs_inputs.snap-email-Eu-core         n/a   
    bfs_inputs.snap-facebook_combined       n/a   
         bfs_inputs.snap-ca-GrQc            n/a   
      bfs_inputs.snap-p2p-Gnutella04        n/a   
      bfs_test_inputs.test_bfs_basic        n/a   
   bfs_test_inputs.test_bfs_single_node     n/a   
  bfs_test_inputs.test_bfs_disconnected     n/a   
   bfs_test_inputs.test_bfs_undirected      n/a   
      bfs_test_inputs.test_bfs_cycle        n/a   
    bfs_test_inputs.test_bfs_snap_toy       n/a   
   bfs_gap_inputs.GAP/GAP-road_4795720      n/a   
   bfs_gap_inputs.GAP/GAP-road_21003853     n/a   
    bfs_gap_inputs.GAP/GAP-road_417968      n/a   
   bfs_gap_inputs.GAP/GAP-road_6496511      n/a   
   bfs_gap_inputs.GAP/GAP-road_6648699      n/a   
   bfs_gap_inputs.GAP/GAP-road_9811073      n/a   
   bfs_gap_inputs.GAP/GAP-road_22247478     n/a   
   bfs_gap_inputs.GAP/GAP-road_5720252      n/a   
   bfs_gap_inputs.GAP/GAP-road_12366459     n/a   
   bfs_gap_inputs.GAP/GAP-road_20413729     n/a   
   bfs_gap_inputs.GAP/GAP-road_4217374      n/a   
   bfs_gap_inputs.GAP/GAP-road_2674749      n/a   
   bfs_gap_inputs.GAP/GAP-road_22085557     n/a   
   bfs_gap_inputs.GAP/GAP-road_19445040     n/a   
   bfs_gap_inputs.GAP/GAP-road_2360788      n/a   
   bfs_gap_inputs.GAP/GAP-road_19115968     n/a   
   bfs_gap_inputs.GAP/GAP-road_7758767      n/a   
   bfs_gap_inputs.GAP/GAP-road_13468234     n/a   
    bfs_gap_inputs.GAP/GAP-road_30367       n/a   
   bfs_gap_inputs.GAP/GAP-road_18599547     n/a   
   bfs_gap_inputs.GAP/GAP-road_7526108      n/a   
   bfs_gap_inputs.GAP/GAP-road_16836280     n/a   
   bfs_gap_inputs.GAP/GAP-road_12742067     n/a   
   bfs_gap_inputs.GAP/GAP-road_7697995      n/a   
   bfs_gap_inputs.GAP/GAP-road_5876443      n/a   
   bfs_gap_inputs.GAP/GAP-road_9616340      n/a   
   bfs_gap_inputs.GAP/GAP-road_2497673      n/a   
   bfs_gap_inputs.GAP/GAP-road_10052290     n/a   
   bfs_gap_inputs.GAP/GAP-road_12493057     n/a   
   bfs_gap_inputs.GAP/GAP-road_1670855      n/a   
   bfs_gap_inputs.GAP/GAP-road_2760679      n/a   
   bfs_gap_inputs.GAP/GAP-road_2460941      n/a   
   bfs_gap_inputs.GAP/GAP-road_8489650      n/a   
   bfs_gap_inputs.GAP/GAP-road_5005225      n/a   
   bfs_gap_inputs.GAP/GAP-road_8744645      n/a   
   bfs_gap_inputs.GAP/GAP-road_8512023      n/a   
   bfs_gap_inputs.GAP/GAP-road_21912165     n/a   
   bfs_gap_inputs.GAP/GAP-road_1105390      n/a   
   bfs_gap_inputs.GAP/GAP-road_15432163     n/a   
   bfs_gap_inputs.GAP/GAP-road_1600177      n/a   
   bfs_gap_inputs.GAP/GAP-road_19079469    failed 
   bfs_gap_inputs.GAP/GAP-road_16516637     n/a   
   bfs_gap_inputs.GAP/GAP-road_20202566     n/a   
   bfs_gap_inputs.GAP/GAP-road_21372803     n/a   
   bfs_gap_inputs.GAP/GAP-road_2898009      n/a   
   bfs_gap_inputs.GAP/GAP-road_8491277      n/a   
   bfs_gap_inputs.GAP/GAP-road_18798317     n/a   
   bfs_gap_inputs.GAP/GAP-road_23757560     n/a   
   bfs_gap_inputs.GAP/GAP-road_17161819     n/a   
   bfs_gap_inputs.GAP/GAP-road_23180739     n/a   
   bfs_gap_inputs.GAP/GAP-road_10997085     n/a   
   bfs_gap_inputs.GAP/GAP-road_3730630      n/a   
   bfs_gap_inputs.GAP/GAP-road_1079068      n/a   
   bfs_gap_inputs.GAP/GAP-road_15426822     n/a   
   bfs_gap_inputs.GAP/GAP-road_12190925     n/a   
   bfs_gap_inputs.GAP/GAP-road_1155218      n/a   
   bfs_gap_inputs.GAP/GAP-road_10693488     n/a   
   bfs_gap_inputs.GAP/GAP-road_14434835     n/a   
   bfs_gap_inputs.GAP/GAP-road_19963339     n/a   
   bfs_gap_inputs.GAP/GAP-road_3486185      n/a   
   bfs_gap_inputs.GAP/GAP-road_18383269     n/a   
   bfs_gap_inputs.GAP/GAP-road_20269908     n/a   
   bfs_gap_inputs.GAP/GAP-road_12370764     n/a   
   bfs_gap_inputs.GAP/GAP-road_7843140      n/a   
 bfs_gap_inputs.GAP/GAP-twitter_12441072    n/a   
 bfs_gap_inputs.GAP/GAP-twitter_54488257    n/a   
 bfs_gap_inputs.GAP/GAP-twitter_25451915    n/a   
 bfs_gap_inputs.GAP/GAP-twitter_57714473    n/a   
 bfs_gap_inputs.GAP/GAP-twitter_14839494    n/a   
 bfs_gap_inputs.GAP/GAP-twitter_32081104    n/a   
 bfs_gap_inputs.GAP/GAP-twitter_52957357    n/a   
 bfs_gap_inputs.GAP/GAP-twitter_50444380    n/a   
 bfs_gap_inputs.GAP/GAP-twitter_49590701    n/a   
 bfs_gap_inputs.GAP/GAP-twitter_20127816    n/a   
 bfs_gap_inputs.GAP/GAP-twitter_34939333    n/a   
 bfs_gap_inputs.GAP/GAP-twitter_48251001    n/a   
 bfs_gap_inputs.GAP/GAP-twitter_19524253    n/a   
 bfs_gap_inputs.GAP/GAP-twitter_43676726    n/a   
 bfs_gap_inputs.GAP/GAP-twitter_33055508    n/a   
 bfs_gap_inputs.GAP/GAP-twitter_15244687    n/a   
 bfs_gap_inputs.GAP/GAP-twitter_24946738    n/a   
  bfs_gap_inputs.GAP/GAP-twitter_6479472    n/a   
 bfs_gap_inputs.GAP/GAP-twitter_26077682    n/a   
 bfs_gap_inputs.GAP/GAP-twitter_22023875    n/a   
 bfs_gap_inputs.GAP/GAP-twitter_22081915    n/a   
 bfs_gap_inputs.GAP/GAP-twitter_40034162    n/a   
 bfs_gap_inputs.GAP/GAP-twitter_49496014    n/a   
 bfs_gap_inputs.GAP/GAP-twitter_42847507    n/a   
 bfs_gap_inputs.GAP/GAP-twitter_52409557    n/a   
 bfs_gap_inputs.GAP/GAP-twitter_55445388    n/a   
 bfs_gap_inputs.GAP/GAP-twitter_22028097    n/a   
 bfs_gap_inputs.GAP/GAP-twitter_48766648    n/a   
 bfs_gap_inputs.GAP/GAP-twitter_44521241    n/a   
 bfs_gap_inputs.GAP/GAP-twitter_60135542    n/a   
 bfs_gap_inputs.GAP/GAP-twitter_28528671    n/a   
  bfs_gap_inputs.GAP/GAP-twitter_9678012    n/a   
 bfs_gap_inputs.GAP/GAP-twitter_40020306    n/a   
 bfs_gap_inputs.GAP/GAP-twitter_31625735    n/a   
 bfs_gap_inputs.GAP/GAP-twitter_37446892    n/a   
 bfs_gap_inputs.GAP/GAP-twitter_51788952    n/a   
 bfs_gap_inputs.GAP/GAP-twitter_52584255    n/a   
 bfs_gap_inputs.GAP/GAP-twitter_20346696    n/a   
 bfs_gap_inputs.GAP/GAP-twitter_48387909    n/a   
 bfs_gap_inputs.GAP/GAP-twitter_37337427    n/a   
 bfs_gap_inputs.GAP/GAP-twitter_50501084   failed 
 bfs_gap_inputs.GAP/GAP-twitter_30130061    n/a   
 bfs_gap_inputs.GAP/GAP-twitter_41185893    n/a   
 bfs_gap_inputs.GAP/GAP-twitter_56495703    n/a   
 bfs_gap_inputs.GAP/GAP-twitter_45663305    n/a   
 bfs_gap_inputs.GAP/GAP-twitter_33359460    n/a   
 bfs_gap_inputs.GAP/GAP-twitter_48143058    n/a   
 bfs_gap_inputs.GAP/GAP-twitter_33291513    n/a   
 bfs_gap_inputs.GAP/GAP-twitter_53461445    n/a   
 bfs_gap_inputs.GAP/GAP-twitter_29340610    n/a   
 bfs_gap_inputs.GAP/GAP-twitter_34148498    n/a   
 bfs_gap_inputs.GAP/GAP-twitter_49171806    n/a   
 bfs_gap_inputs.GAP/GAP-twitter_35550696    n/a   
 bfs_gap_inputs.GAP/GAP-twitter_14521507    n/a   
 bfs_gap_inputs.GAP/GAP-twitter_51633218    n/a   
 bfs_gap_inputs.GAP/GAP-twitter_46823382    n/a   
 bfs_gap_inputs.GAP/GAP-twitter_19396273    n/a   
 bfs_gap_inputs.GAP/GAP-twitter_19871750    n/a   
 bfs_gap_inputs.GAP/GAP-twitter_36862677    n/a   
 bfs_gap_inputs.GAP/GAP-twitter_49539126    n/a   
 bfs_gap_inputs.GAP/GAP-twitter_34016452    n/a   
 bfs_gap_inputs.GAP/GAP-twitter_36567395    n/a   
 bfs_gap_inputs.GAP/GAP-twitter_55487793    n/a   
 bfs_gap_inputs.GAP/GAP-twitter_14391370    n/a   
   bfs_gap_inputs.GAP/GAP-web_10219452      n/a   
   bfs_gap_inputs.GAP/GAP-web_44758211      n/a   
    bfs_gap_inputs.GAP/GAP-web_890671       n/a   
   bfs_gap_inputs.GAP/GAP-web_13843756      n/a   
   bfs_gap_inputs.GAP/GAP-web_14168062      n/a   
   bfs_gap_inputs.GAP/GAP-web_20906930      n/a   
   bfs_gap_inputs.GAP/GAP-web_12189584      n/a   
   bfs_gap_inputs.GAP/GAP-web_26352335      n/a   
   bfs_gap_inputs.GAP/GAP-web_43500686      n/a   
    bfs_gap_inputs.GAP/GAP-web_8987024      n/a   
    bfs_gap_inputs.GAP/GAP-web_5699762      n/a   
   bfs_gap_inputs.GAP/GAP-web_41436455      n/a   
    bfs_gap_inputs.GAP/GAP-web_5030727      n/a   
   bfs_gap_inputs.GAP/GAP-web_40735218      n/a   
   bfs_gap_inputs.GAP/GAP-web_16533563      n/a   
   bfs_gap_inputs.GAP/GAP-web_28700166      n/a   
     bfs_gap_inputs.GAP/GAP-web_64711       n/a   
   bfs_gap_inputs.GAP/GAP-web_39634750      n/a   
   bfs_gap_inputs.GAP/GAP-web_16037779      n/a   
   bfs_gap_inputs.GAP/GAP-web_27152739      n/a   
   bfs_gap_inputs.GAP/GAP-web_16404061      n/a   
   bfs_gap_inputs.GAP/GAP-web_20491963      n/a   
    bfs_gap_inputs.GAP/GAP-web_5322423      n/a   
   bfs_gap_inputs.GAP/GAP-web_21420953      n/a   
   bfs_gap_inputs.GAP/GAP-web_26622109      n/a   
    bfs_gap_inputs.GAP/GAP-web_5882875      n/a   
   bfs_gap_inputs.GAP/GAP-web_18091040      n/a   
   bfs_gap_inputs.GAP/GAP-web_10665896      n/a   
   bfs_gap_inputs.GAP/GAP-web_18634422      n/a   
   bfs_gap_inputs.GAP/GAP-web_18138715      n/a   
    bfs_gap_inputs.GAP/GAP-web_2355535      n/a   
   bfs_gap_inputs.GAP/GAP-web_32885205      n/a   
   bfs_gap_inputs.GAP/GAP-web_40657440      n/a   
   bfs_gap_inputs.GAP/GAP-web_35196167      n/a   
   bfs_gap_inputs.GAP/GAP-web_45544426      n/a   
    bfs_gap_inputs.GAP/GAP-web_6175519      n/a   
   bfs_gap_inputs.GAP/GAP-web_40058318      n/a   
   bfs_gap_inputs.GAP/GAP-web_50626230      n/a   
   bfs_gap_inputs.GAP/GAP-web_36571019      n/a   
   bfs_gap_inputs.GAP/GAP-web_49397052      n/a   
   bfs_gap_inputs.GAP/GAP-web_23434265     failed 
    bfs_gap_inputs.GAP/GAP-web_2299444      n/a   
   bfs_gap_inputs.GAP/GAP-web_32873823      n/a   
   bfs_gap_inputs.GAP/GAP-web_25978282      n/a   
    bfs_gap_inputs.GAP/GAP-web_2461715      n/a   
   bfs_gap_inputs.GAP/GAP-web_22787314      n/a   
   bfs_gap_inputs.GAP/GAP-web_30759947      n/a   
    bfs_gap_inputs.GAP/GAP-web_7428894      n/a   
   bfs_gap_inputs.GAP/GAP-web_39173870      n/a   
   bfs_gap_inputs.GAP/GAP-web_43194209      n/a   
   bfs_gap_inputs.GAP/GAP-web_26361509      n/a   
   bfs_gap_inputs.GAP/GAP-web_39747211      n/a   
   bfs_gap_inputs.GAP/GAP-web_30670029      n/a   
   bfs_gap_inputs.GAP/GAP-web_41483033      n/a   
    bfs_gap_inputs.GAP/GAP-web_9358666      n/a   
    bfs_gap_inputs.GAP/GAP-web_9945008      n/a   
    bfs_gap_inputs.GAP/GAP-web_3355244      n/a   
   bfs_gap_inputs.GAP/GAP-web_33831269      n/a   
   bfs_gap_inputs.GAP/GAP-web_45124744      n/a   
   bfs_gap_inputs.GAP/GAP-web_16137877      n/a   
   bfs_gap_inputs.GAP/GAP-web_11235448      n/a   
   bfs_gap_inputs.GAP/GAP-web_37509144      n/a   
   bfs_gap_inputs.GAP/GAP-web_27402414      n/a   
   bfs_gap_inputs.GAP/GAP-web_39546083      n/a   
   bfs_gap_inputs.GAP/GAP-kron_2338012      n/a   
   bfs_gap_inputs.GAP/GAP-kron_31997659     n/a   
   bfs_gap_inputs.GAP/GAP-kron_23590940     n/a   
   bfs_gap_inputs.GAP/GAP-kron_43400604     n/a   
   bfs_gap_inputs.GAP/GAP-kron_75337937     n/a   
    bfs_gap_inputs.GAP/GAP-kron_169867      n/a   
  bfs_gap_inputs.GAP/GAP-kron_104041220     n/a   
   bfs_gap_inputs.GAP/GAP-kron_94177942     n/a   
   bfs_gap_inputs.GAP/GAP-kron_32871357     n/a   
   bfs_gap_inputs.GAP/GAP-kron_56230002     n/a   
   bfs_gap_inputs.GAP/GAP-kron_69883037     n/a   
   bfs_gap_inputs.GAP/GAP-kron_9346345      n/a   
   bfs_gap_inputs.GAP/GAP-kron_48915358     n/a   
  bfs_gap_inputs.GAP/GAP-kron_122571173     n/a   
   bfs_gap_inputs.GAP/GAP-kron_6183279      n/a   
   bfs_gap_inputs.GAP/GAP-kron_86323663     n/a   
  bfs_gap_inputs.GAP/GAP-kron_106725780     n/a   
   bfs_gap_inputs.GAP/GAP-kron_92389938     n/a   
   bfs_gap_inputs.GAP/GAP-kron_16210738     n/a   
   bfs_gap_inputs.GAP/GAP-kron_59816700     n/a   
  bfs_gap_inputs.GAP/GAP-kron_111669929     n/a   
  bfs_gap_inputs.GAP/GAP-kron_102831411     n/a   
  bfs_gap_inputs.GAP/GAP-kron_113384800     n/a   
   bfs_gap_inputs.GAP/GAP-kron_43872564     n/a   
   bfs_gap_inputs.GAP/GAP-kron_80508827     n/a   
   bfs_gap_inputs.GAP/GAP-kron_26105648     n/a   
   bfs_gap_inputs.GAP/GAP-kron_8807516      n/a   
  bfs_gap_inputs.GAP/GAP-kron_118452455     n/a   
  bfs_gap_inputs.GAP/GAP-kron_121818859     n/a   
   bfs_gap_inputs.GAP/GAP-kron_42361928     n/a   
   bfs_gap_inputs.GAP/GAP-kron_29493053     n/a   
   bfs_gap_inputs.GAP/GAP-kron_98461503     n/a   
   bfs_gap_inputs.GAP/GAP-kron_71931337     n/a   
  bfs_gap_inputs.GAP/GAP-kron_103808468     n/a   
   bfs_gap_inputs.GAP/GAP-kron_4092345      n/a   
  bfs_gap_inputs.GAP/GAP-kron_115276241     n/a   
   bfs_gap_inputs.GAP/GAP-kron_4649343      n/a   
   bfs_gap_inputs.GAP/GAP-kron_76656189     n/a   
   bfs_gap_inputs.GAP/GAP-kron_31312001     n/a   
  bfs_gap_inputs.GAP/GAP-kron_111334127     n/a   
  bfs_gap_inputs.GAP/GAP-kron_100962918    failed 
   bfs_gap_inputs.GAP/GAP-kron_41823215     n/a   
   bfs_gap_inputs.GAP/GAP-kron_22631240     n/a   
   bfs_gap_inputs.GAP/GAP-kron_42848461     n/a   
   bfs_gap_inputs.GAP/GAP-kron_79485148     n/a   
  bfs_gap_inputs.GAP/GAP-kron_106818742     n/a   
   bfs_gap_inputs.GAP/GAP-kron_73347974     n/a   
   bfs_gap_inputs.GAP/GAP-kron_78848445     n/a   
  bfs_gap_inputs.GAP/GAP-kron_109920510     n/a   
  bfs_gap_inputs.GAP/GAP-kron_121492133     n/a   
  bfs_gap_inputs.GAP/GAP-kron_101037296     n/a   
   bfs_gap_inputs.GAP/GAP-kron_15438600     n/a   
   bfs_gap_inputs.GAP/GAP-kron_4584784      n/a   
  bfs_gap_inputs.GAP/GAP-kron_124503845     n/a   
   bfs_gap_inputs.GAP/GAP-kron_87241743     n/a   
  bfs_gap_inputs.GAP/GAP-kron_108297008     n/a   
   bfs_gap_inputs.GAP/GAP-kron_33955082     n/a   
   bfs_gap_inputs.GAP/GAP-kron_79934823     n/a   
   bfs_gap_inputs.GAP/GAP-kron_8608481      n/a   
   bfs_gap_inputs.GAP/GAP-kron_82435063     n/a   
   bfs_gap_inputs.GAP/GAP-kron_46579271     n/a   
    bfs_gap_inputs.GAP/GAP-kron_515421      n/a   
  bfs_gap_inputs.GAP/GAP-kron_121530467     n/a   
  bfs_gap_inputs.GAP/GAP-kron_127978736     n/a   
  bfs_gap_inputs.GAP/GAP-urand_27691419     n/a   
  bfs_gap_inputs.GAP/GAP-urand_121280314    n/a   
   bfs_gap_inputs.GAP/GAP-urand_2413431     n/a   
  bfs_gap_inputs.GAP/GAP-urand_37512113     n/a   
  bfs_gap_inputs.GAP/GAP-urand_38390877     n/a   
  bfs_gap_inputs.GAP/GAP-urand_56651037     n/a   
  bfs_gap_inputs.GAP/GAP-urand_128461248    n/a   
  bfs_gap_inputs.GAP/GAP-urand_33029842     n/a   
  bfs_gap_inputs.GAP/GAP-urand_71406328     n/a   
  bfs_gap_inputs.GAP/GAP-urand_117872827    n/a   
  bfs_gap_inputs.GAP/GAP-urand_24351938     n/a   
  bfs_gap_inputs.GAP/GAP-urand_15444519     n/a   
  bfs_gap_inputs.GAP/GAP-urand_127526281    n/a   
  bfs_gap_inputs.GAP/GAP-urand_112279428    n/a   
  bfs_gap_inputs.GAP/GAP-urand_13631649     n/a   
  bfs_gap_inputs.GAP/GAP-urand_110379302    n/a   
  bfs_gap_inputs.GAP/GAP-urand_44800623     n/a   
  bfs_gap_inputs.GAP/GAP-urand_77768193     n/a   
   bfs_gap_inputs.GAP/GAP-urand_175347      n/a   
  bfs_gap_inputs.GAP/GAP-urand_107397389    n/a   
  bfs_gap_inputs.GAP/GAP-urand_43457209     n/a   
  bfs_gap_inputs.GAP/GAP-urand_97215940     n/a   
  bfs_gap_inputs.GAP/GAP-urand_73575165     n/a   
  bfs_gap_inputs.GAP/GAP-urand_44449715     n/a   
  bfs_gap_inputs.GAP/GAP-urand_33931724     n/a   
  bfs_gap_inputs.GAP/GAP-urand_55526610     n/a   
  bfs_gap_inputs.GAP/GAP-urand_14422051     n/a   
  bfs_gap_inputs.GAP/GAP-urand_58043873     n/a   
  bfs_gap_inputs.GAP/GAP-urand_72137329     n/a   
   bfs_gap_inputs.GAP/GAP-urand_9647840     n/a   
  bfs_gap_inputs.GAP/GAP-urand_15940695     n/a   
  bfs_gap_inputs.GAP/GAP-urand_14209952     n/a   
  bfs_gap_inputs.GAP/GAP-urand_49020883     n/a   
  bfs_gap_inputs.GAP/GAP-urand_28901138     n/a   
  bfs_gap_inputs.GAP/GAP-urand_50493273     n/a   
  bfs_gap_inputs.GAP/GAP-urand_49150069     n/a   
  bfs_gap_inputs.GAP/GAP-urand_126525082    n/a   
   bfs_gap_inputs.GAP/GAP-urand_6382740     n/a   
  bfs_gap_inputs.GAP/GAP-urand_89108297     n/a   
   bfs_gap_inputs.GAP/GAP-urand_9239735     n/a   
  bfs_gap_inputs.GAP/GAP-urand_110168548   failed 
  bfs_gap_inputs.GAP/GAP-urand_95370259     n/a   
  bfs_gap_inputs.GAP/GAP-urand_116653530    n/a   
  bfs_gap_inputs.GAP/GAP-urand_123410703    n/a   
  bfs_gap_inputs.GAP/GAP-urand_16733665     n/a   
  bfs_gap_inputs.GAP/GAP-urand_49030282     n/a   
  bfs_gap_inputs.GAP/GAP-urand_108545121    n/a   
  bfs_gap_inputs.GAP/GAP-urand_99095665     n/a   
  bfs_gap_inputs.GAP/GAP-urand_133850077    n/a   
  bfs_gap_inputs.GAP/GAP-urand_63499301     n/a   
  bfs_gap_inputs.GAP/GAP-urand_21541382     n/a   
   bfs_gap_inputs.GAP/GAP-urand_6230751     n/a   
  bfs_gap_inputs.GAP/GAP-urand_89077456     n/a   
  bfs_gap_inputs.GAP/GAP-urand_70392765     n/a   
   bfs_gap_inputs.GAP/GAP-urand_6670455     n/a   
  bfs_gap_inputs.GAP/GAP-urand_61746271     n/a   
  bfs_gap_inputs.GAP/GAP-urand_83349535     n/a   
  bfs_gap_inputs.GAP/GAP-urand_115272184    n/a   
  bfs_gap_inputs.GAP/GAP-urand_20129908     n/a   
  bfs_gap_inputs.GAP/GAP-urand_106148553    n/a   
  bfs_gap_inputs.GAP/GAP-urand_117042375    n/a   
  bfs_gap_inputs.GAP/GAP-urand_71431187     n/a   
  bfs_gap_inputs.GAP/GAP-urand_45287808     n/a   
  bfs_gap_inputs.GAP/GAP-urand_107702120    n/a   
========================================= ========
For parameters: bfs_gap_inputs.GAP/GAP-road_19079469
INFO root: Dataset suitesparse_matrix.GAP/GAP-road manifest metadata is stale.
INFO root: Dataset suitesparse_matrix.GAP/GAP-road regenerated.
Traceback (most recent call last):
  File "/storage/scratch1/7/wahrens6/SparseArrayProgrammingSuite/competition/run_13072363/task_1/env/chunk-1/c6e6c30cd4da42ee650d557ff6858c92/lib/python3.12/site-packages/asv_runner/server.py", line 179, in _run_server
    _run(run_args)
  File "/storage/scratch1/7/wahrens6/SparseArrayProgrammingSuite/competition/run_13072363/task_1/env/chunk-1/c6e6c30cd4da42ee650d557ff6858c92/lib/python3.12/site-packages/asv_runner/run.py", line 73, in _run
    result = benchmark.do_run()
             ^^^^^^^^^^^^^^^^^^
  File "/storage/scratch1/7/wahrens6/SparseArrayProgrammingSuite/competition/run_13072363/task_1/env/chunk-1/c6e6c30cd4da42ee650d557ff6858c92/lib/python3.12/site-packages/asv_runner/benchmarks/_base.py", line 758, in do_run
    return self.run(*self._build_params())
           ^^^^^^^^^^^^^^^^^^^^^^^^^^^^^^^
  File "/storage/scratch1/7/wahrens6/SparseArrayProgrammingSuite/competition/run_13072363/task_1/env/chunk-1/c6e6c30cd4da42ee650d557ff6858c92/lib/python3.12/site-packages/asv_runner/benchmarks/time.py", line 235, in run
    samples, number = self.benchmark_timing(
                      ^^^^^^^^^^^^^^^^^^^^^^
  File "/storage/scratch1/7/wahrens6/SparseArrayProgrammingSuite/competition/run_13072363/task_1/env/chunk-1/c6e6c30cd4da42ee650d557ff6858c92/lib/python3.12/site-packages/asv_runner/benchmarks/time.py", line 357, in benchmark_timing
    timing = timer.timeit(number)
             ^^^^^^^^^^^^^^^^^^^^
  File "/storage/pace-apps/spack/packages/linux-rhel9-x86_64_v3/gcc-11.3.1/python-3.12.5-5sase6atfv2x5tf7dy5x5sqfzyguhsia/lib/python3.12/timeit.py", line 180, in timeit
    timing = self.inner(it, self.timer)
             ^^^^^^^^^^^^^^^^^^^^^^^^^^
  File "<timeit-src>", line 6, in inner
  File "/storage/scratch1/7/wahrens6/SparseArrayProgrammingSuite/competition/run_13072363/task_1/env/chunk-1/c6e6c30cd4da42ee650d557ff6858c92/lib/python3.12/site-packages/asv_runner/benchmarks/time.py", line 130, in func
    self.func(*param)
  File "/storage/scratch1/7/wahrens6/SparseArrayProgrammingSuite/competition/run_13072363/task_1/env/chunk-1/c6e6c30cd4da42ee650d557ff6858c92/lib/python3.12/site-packages/saps/benchmark.py", line 360, in _time_run
    self.run(param)
  File "/storage/scratch1/7/wahrens6/SparseArrayProgrammingSuite/competition/run_13072363/task_1/env/chunk-1/c6e6c30cd4da42ee650d557ff6858c92/lib/python3.12/site-packages/saps/benchmark.py", line 432, in run
    input = [xp.from_binsparse(d) for d in self._input]
             ^^^^^^^^^^^^^^^^^^^^
  File "/storage/scratch1/7/wahrens6/SparseArrayProgrammingSuite/frameworks/saps_numpy.py", line 33, in from_binsparse
    return np.asarray(to_sparse(array).todense())
                      ^^^^^^^^^^^^^^^^^^^^^^^^^^
  File "/storage/scratch1/7/wahrens6/SparseArrayProgrammingSuite/competition/run_13072363/task_1/env/chunk-1/c6e6c30cd4da42ee650d557ff6858c92/lib/python3.12/site-packages/sparse/numba_backend/_coo/core.py", line 410, in todense
    x = np.full(self.shape, self.fill_value, self.dtype)
        ^^^^^^^^^^^^^^^^^^^^^^^^^^^^^^^^^^^^^^^^^^^^^^^^
  File "/storage/scratch1/7/wahrens6/SparseArrayProgrammingSuite/competition/run_13072363/task_1/env/chunk-1/c6e6c30cd4da42ee650d557ff6858c92/lib/python3.12/site-packages/numpy/_core/numeric.py", line 386, in full
    a = empty(shape, dtype, order, device=device)
        ^^^^^^^^^^^^^^^^^^^^^^^^^^^^^^^^^^^^^^^^^
numpy._core._exceptions._ArrayMemoryError: Unable to allocate 4.07 PiB for an array with shape (23947347, 23947347) and data type int64

For parameters: bfs_gap_inputs.GAP/GAP-twitter_50501084
INFO root: Dataset suitesparse_matrix.GAP/GAP-twitter manifest metadata is stale.

GAP-twitter:   0%|          | 0/9469180207 [00:00<?, ?B/s]
GAP-twitter:   0%|          | 294912/9469180207 [00:00<58:03, 2718542.83B/s]
GAP-twitter:   0%|          | 1294336/9469180207 [00:00<23:03, 6840963.50B/s]
GAP-twitter:   0%|          | 2539520/9469180207 [00:00<17:03, 9249614.75B/s]
GAP-twitter:   0%|          | 4014080/9469180207 [00:00<13:53, 11359622.73B/s]
GAP-twitter:   0%|          | 5357568/9469180207 [00:00<13:02, 12091425.88B/s]
GAP-twitter:   0%|          | 6881280/9469180207 [00:00<12:08, 12986575.26B/s]
GAP-twitter:   0%|          | 8454144/9469180207 [00:00<11:22, 13862801.39B/s]
GAP-twitter:   0%|          | 10076160/9469180207 [00:00<10:50, 14550593.11B/s]
GAP-twitter:   0%|          | 11763712/9469180207 [00:00<10:20, 15237230.36B/s]
GAP-twitter:   0%|          | 13500416/9469180207 [00:01<09:56, 15843596.60B/s]
GAP-twitter:   0%|          | 15204352/9469180207 [00:01<09:43, 16200306.42B/s]
GAP-twitter:   0%|          | 16908288/9469180207 [00:01<09:35, 16412878.14B/s]
GAP-twitter:   0%|          | 18579456/9469180207 [00:01<09:33, 16486901.46B/s]
GAP-twitter:   0%|          | 20299776/9469180207 [00:01<09:26, 16670853.32B/s]
GAP-twitter:   0%|          | 22052864/9469180207 [00:01<09:18, 16918625.34B/s]
GAP-twitter:   0%|          | 23789568/9469180207 [00:01<09:15, 17013382.69B/s]
GAP-twitter:   0%|          | 25526272/9469180207 [00:01<09:11, 17110530.75B/s]
GAP-twitter:   0%|          | 27246592/9469180207 [00:01<09:11, 17114679.25B/s]
GAP-twitter:   0%|          | 28983296/9469180207 [00:01<09:10, 17163367.39B/s]
GAP-twitter:   0%|          | 30736384/9469180207 [00:02<09:06, 17270224.90B/s]
GAP-twitter:   0%|          | 32505856/9469180207 [00:02<09:02, 17388308.21B/s]
GAP-twitter:   0%|          | 34258944/9469180207 [00:02<09:03, 17353284.18B/s]
GAP-twitter:   0%|          | 36012032/9469180207 [00:02<09:02, 17383892.25B/s]
GAP-twitter:   0%|          | 37765120/9469180207 [00:02<09:05, 17293696.14B/s]
GAP-twitter:   0%|          | 39501824/9469180207 [00:02<09:04, 17307813.95B/s]
GAP-twitter:   0%|          | 41254912/9469180207 [00:02<09:03, 17330878.14B/s]
GAP-twitter:   0%|          | 42991616/9469180207 [00:02<09:03, 17335578.12B/s]
GAP-twitter:   0%|          | 44728320/9469180207 [00:02<09:03, 17334438.35B/s]
GAP-twitter:   0%|          | 46497792/9469180207 [00:02<09:00, 17417715.00B/s]
GAP-twitter:   1%|          | 48250880/9469180207 [00:03<09:02, 17357720.52B/s]
GAP-twitter:   1%|          | 50020352/9469180207 [00:03<08:59, 17446220.31B/s]
GAP-twitter:   1%|          | 51773440/9469180207 [00:03<09:01, 17385037.74B/s]
GAP-twitter:   1%|          | 53526528/9469180207 [00:03<09:04, 17305942.01B/s]
GAP-twitter:   1%|          | 55263232/9469180207 [00:03<09:07, 17199047.97B/s]
GAP-twitter:   1%|          | 56983552/9469180207 [00:03<09:18, 16859013.59B/s]
GAP-twitter:   1%|          | 58671104/9469180207 [00:03<09:24, 16681459.57B/s]
GAP-twitter:   1%|          | 60391424/9469180207 [00:03<09:19, 16830945.19B/s]
GAP-twitter:   1%|          | 62095360/9469180207 [00:03<09:18, 16851533.75B/s]
GAP-twitter:   1%|          | 63848448/9469180207 [00:03<09:11, 17047761.67B/s]
GAP-twitter:   1%|          | 65568768/9469180207 [00:04<09:15, 16924963.03B/s]
GAP-twitter:   1%|          | 67272704/9469180207 [00:04<09:21, 16751160.27B/s]
GAP-twitter:   1%|          | 68960256/9469180207 [00:04<09:25, 16635751.60B/s]
GAP-twitter:   1%|          | 70631424/9469180207 [00:04<09:56, 15764673.88B/s]
GAP-twitter:   1%|          | 72269824/9469180207 [00:04<09:50, 15925506.53B/s]
GAP-twitter:   1%|          | 73957376/9469180207 [00:04<09:41, 16158105.73B/s]
GAP-twitter:   1%|          | 75579392/9469180207 [00:04<10:20, 15143873.79B/s]
GAP-twitter:   1%|          | 77266944/9469180207 [00:04<10:02, 15581302.59B/s]
GAP-twitter:   1%|          | 78839808/9469180207 [00:04<10:35, 14780812.14B/s]
GAP-twitter:   1%|          | 80494592/9469180207 [00:05<10:16, 15237317.42B/s]
GAP-twitter:   1%|          | 82051072/9469180207 [00:05<10:46, 14518800.59B/s]
GAP-twitter:   1%|          | 83525632/9469180207 [00:05<10:49, 14451890.20B/s]
GAP-twitter:   1%|          | 85180416/9469180207 [00:05<10:24, 15018504.41B/s]
GAP-twitter:   1%|          | 86704128/9469180207 [00:05<10:58, 14253921.84B/s]
GAP-twitter:   1%|          | 88408064/9469180207 [00:05<10:25, 15006933.01B/s]
GAP-twitter:   1%|          | 89980928/9469180207 [00:05<10:18, 15175968.94B/s]
GAP-twitter:   1%|          | 91521024/9469180207 [00:05<11:01, 14175343.52B/s]
GAP-twitter:   1%|          | 93044736/9469180207 [00:05<10:49, 14442185.42B/s]
GAP-twitter:   1%|          | 94519296/9469180207 [00:06<11:19, 13802320.21B/s]
GAP-twitter:   1%|          | 96174080/9469180207 [00:06<10:44, 14547026.06B/s]
GAP-twitter:   1%|          | 97681408/9469180207 [00:06<10:38, 14671576.85B/s]
GAP-twitter:   1%|          | 99172352/9469180207 [00:06<11:22, 13722760.25B/s]
GAP-twitter:   1%|          | 100679680/9469180207 [00:06<11:08, 14005296.79B/s]
GAP-twitter:   1%|          | 102105088/9469180207 [00:06<11:39, 13396515.70B/s]
GAP-twitter:   1%|          | 103727104/9469180207 [00:06<11:02, 14141319.45B/s]
GAP-twitter:   1%|          | 105365504/9469180207 [00:06<10:34, 14751155.89B/s]
GAP-twitter:   1%|          | 106856448/9469180207 [00:06<11:07, 14032322.87B/s]
GAP-twitter:   1%|          | 108527616/9469180207 [00:06<10:33, 14778595.09B/s]
GAP-twitter:   1%|          | 110051328/9469180207 [00:07<10:58, 14205173.60B/s]
GAP-twitter:   1%|          | 111722496/9469180207 [00:07<10:28, 14885551.20B/s]
GAP-twitter:   1%|          | 113393664/9469180207 [00:07<10:07, 15406949.23B/s]
GAP-twitter:   1%|          | 114950144/9469180207 [00:07<10:38, 14644960.96B/s]
GAP-twitter:   1%|          | 116523008/9469180207 [00:07<10:25, 14944214.02B/s]
GAP-twitter:   1%|          | 118063104/9469180207 [00:07<11:07, 13999301.62B/s]
GAP-twitter:   1%|▏         | 119685120/9469180207 [00:07<10:40, 14588234.46B/s]
GAP-twitter:   1%|▏         | 121290752/9469180207 [00:07<10:23, 14994089.23B/s]
GAP-twitter:   1%|▏         | 122814464/9469180207 [00:07<10:58, 14184903.33B/s]
GAP-twitter:   1%|▏         | 124387328/9469180207 [00:08<10:39, 14601426.00B/s]
GAP-twitter:   1%|▏         | 125927424/9469180207 [00:08<10:30, 14809098.77B/s]
GAP-twitter:   1%|▏         | 127434752/9469180207 [00:08<11:10, 13933564.49B/s]
GAP-twitter:   1%|▏         | 129122304/9469180207 [00:08<10:34, 14715197.41B/s]
GAP-twitter:   1%|▏         | 130613248/9469180207 [00:08<11:06, 14004505.63B/s]
GAP-twitter:   1%|▏         | 132300800/9469180207 [00:08<10:31, 14775993.26B/s]
GAP-twitter:   1%|▏         | 133922816/9469180207 [00:08<10:15, 15166799.70B/s]
GAP-twitter:   1%|▏         | 135462912/9469180207 [00:08<10:52, 14313973.44B/s]
GAP-twitter:   1%|▏         | 137117696/9469180207 [00:08<10:25, 14920130.85B/s]
GAP-twitter:   1%|▏         | 138641408/9469180207 [00:09<10:58, 14165122.87B/s]
GAP-twitter:   1%|▏         | 140328960/9469180207 [00:09<10:28, 14854554.40B/s]
GAP-twitter:   1%|▏         | 141950976/9469180207 [00:09<10:12, 15239397.85B/s]
GAP-twitter:   2%|▏         | 143491072/9469180207 [00:09<10:54, 14242237.34B/s]
GAP-twitter:   2%|▏         | 145113088/9469180207 [00:09<10:30, 14784950.93B/s]
GAP-twitter:   2%|▏         | 146620416/9469180207 [00:09<11:08, 13954364.57B/s]
GAP-twitter:   2%|▏         | 148209664/9469180207 [00:09<10:43, 14476721.92B/s]
GAP-twitter:   2%|▏         | 149798912/9469180207 [00:09<10:26, 14867522.70B/s]
GAP-twitter:   2%|▏         | 151306240/9469180207 [00:09<11:06, 13989993.14B/s]
GAP-twitter:   2%|▏         | 153026560/9469180207 [00:10<10:27, 14846239.83B/s]
GAP-twitter:   2%|▏         | 154533888/9469180207 [00:10<11:15, 13783091.73B/s]
GAP-twitter:   2%|▏         | 156139520/9469180207 [00:10<10:47, 14393874.25B/s]
GAP-twitter:   2%|▏         | 157794304/9469180207 [00:10<10:22, 14967017.17B/s]
GAP-twitter:   2%|▏         | 159318016/9469180207 [00:10<11:04, 14011269.70B/s]
GAP-twitter:   2%|▏         | 160989184/9469180207 [00:10<10:31, 14738511.04B/s]
GAP-twitter:   2%|▏         | 162496512/9469180207 [00:10<11:02, 14037367.16B/s]
GAP-twitter:   2%|▏         | 164200448/9469180207 [00:10<10:26, 14844860.79B/s]
GAP-twitter:   2%|▏         | 165822464/9469180207 [00:10<10:11, 15207841.74B/s]
GAP-twitter:   2%|▏         | 167362560/9469180207 [00:11<10:46, 14377844.61B/s]
GAP-twitter:   2%|▏         | 169033728/9469180207 [00:11<10:19, 15009567.68B/s]
GAP-twitter:   2%|▏         | 170557440/9469180207 [00:11<10:53, 14238306.81B/s]
GAP-twitter:   2%|▏         | 172195840/9469180207 [00:11<10:27, 14825854.43B/s]
GAP-twitter:   2%|▏         | 173834240/9469180207 [00:11<10:09, 15257450.66B/s]
GAP-twitter:   2%|▏         | 175390720/9469180207 [00:11<10:43, 14436604.53B/s]
GAP-twitter:   2%|▏         | 177078272/9469180207 [00:11<10:14, 15113472.70B/s]
GAP-twitter:   2%|▏         | 178618368/9469180207 [00:11<10:48, 14316604.10B/s]
GAP-twitter:   2%|▏         | 180289536/9469180207 [00:11<10:21, 14944325.02B/s]
GAP-twitter:   2%|▏         | 182009856/9469180207 [00:11<09:56, 15578841.12B/s]
GAP-twitter:   2%|▏         | 183599104/9469180207 [00:12<10:36, 14588682.88B/s]
GAP-twitter:   2%|▏         | 185188352/9469180207 [00:12<10:21, 14938507.61B/s]
GAP-twitter:   2%|▏         | 186712064/9469180207 [00:12<11:05, 13943962.04B/s]
GAP-twitter:   2%|▏         | 188350464/9469180207 [00:12<10:35, 14605699.44B/s]
GAP-twitter:   2%|▏         | 190021632/9469180207 [00:12<10:11, 15170883.68B/s]
GAP-twitter:   2%|▏         | 191561728/9469180207 [00:12<10:48, 14300773.03B/s]
GAP-twitter:   2%|▏         | 193298432/9469180207 [00:12<10:13, 15113815.93B/s]
GAP-twitter:   2%|▏         | 194838528/9469180207 [00:12<10:49, 14284787.64B/s]
GAP-twitter:   2%|▏         | 196476928/9469180207 [00:13<10:25, 14831791.12B/s]
GAP-twitter:   2%|▏         | 198197248/9469180207 [00:13<09:58, 15484361.89B/s]
GAP-twitter:   2%|▏         | 199770112/9469180207 [00:13<10:32, 14653494.03B/s]
GAP-twitter:   2%|▏         | 201441280/9469180207 [00:13<10:09, 15196667.26B/s]
GAP-twitter:   2%|▏         | 202981376/9469180207 [00:13<10:46, 14337548.55B/s]
GAP-twitter:   2%|▏         | 204570624/9469180207 [00:13<10:28, 14751374.68B/s]
GAP-twitter:   2%|▏         | 206143488/9469180207 [00:13<10:16, 15020238.77B/s]
GAP-twitter:   2%|▏         | 207667200/9469180207 [00:13<10:52, 14188155.44B/s]
GAP-twitter:   2%|▏         | 209289216/9469180207 [00:13<10:29, 14718599.22B/s]
GAP-twitter:   2%|▏         | 210780160/9469180207 [00:13<11:03, 13961482.92B/s]
GAP-twitter:   2%|▏         | 212467712/9469180207 [00:14<10:28, 14732237.23B/s]
GAP-twitter:   2%|▏         | 214073344/9469180207 [00:14<10:13, 15084826.07B/s]
GAP-twitter:   2%|▏         | 215597056/9469180207 [00:14<10:46, 14324048.82B/s]
GAP-twitter:   2%|▏         | 217235456/9469180207 [00:14<10:22, 14864175.85B/s]
GAP-twitter:   2%|▏         | 218742784/9469180207 [00:14<10:53, 14147757.41B/s]
GAP-twitter:   2%|▏         | 220413952/9469180207 [00:14<10:22, 14847987.61B/s]
GAP-twitter:   2%|▏         | 222085120/9469180207 [00:14<10:02, 15351162.75B/s]
GAP-twitter:   2%|▏         | 223641600/9469180207 [00:14<10:43, 14362060.82B/s]
GAP-twitter:   2%|▏         | 225263616/9469180207 [00:14<10:22, 14851608.11B/s]
GAP-twitter:   2%|▏         | 226770944/9469180207 [00:15<10:55, 14104960.85B/s]
GAP-twitter:   2%|▏         | 228343808/9469180207 [00:15<10:34, 14554637.59B/s]
GAP-twitter:   2%|▏         | 229900288/9469180207 [00:15<10:23, 14813527.44B/s]
GAP-twitter:   2%|▏         | 231407616/9469180207 [00:15<11:01, 13966992.35B/s]
GAP-twitter:   2%|▏         | 233062400/9469180207 [00:15<10:29, 14674003.85B/s]
GAP-twitter:   2%|▏         | 234553344/9469180207 [00:15<11:04, 13905812.79B/s]
GAP-twitter:   2%|▏         | 236191744/9469180207 [00:15<10:33, 14569784.23B/s]
GAP-twitter:   3%|▎         | 237797376/9469180207 [00:15<10:17, 14957102.55B/s]
GAP-twitter:   3%|▎         | 239321088/9469180207 [00:15<10:56, 14062950.17B/s]
GAP-twitter:   3%|▎         | 240943104/9469180207 [00:16<10:29, 14660808.79B/s]
GAP-twitter:   3%|▎         | 242548736/9469180207 [00:16<10:13, 15031094.67B/s]
GAP-twitter:   3%|▎         | 244072448/9469180207 [00:16<11:05, 13857503.61B/s]
GAP-twitter:   3%|▎         | 245661696/9469180207 [00:16<10:39, 14413982.69B/s]
GAP-twitter:   3%|▎         | 247136256/9469180207 [00:16<11:05, 13866797.31B/s]
GAP-twitter:   3%|▎         | 248741888/9469180207 [00:16<10:37, 14470661.09B/s]
GAP-twitter:   3%|▎         | 250396672/9469180207 [00:16<10:12, 15059684.73B/s]
GAP-twitter:   3%|▎         | 251920384/9469180207 [00:16<10:48, 14214035.68B/s]
GAP-twitter:   3%|▎         | 253427712/9469180207 [00:16<10:39, 14415084.22B/s]
GAP-twitter:   3%|▎         | 254885888/9469180207 [00:17<11:16, 13610713.59B/s]
GAP-twitter:   3%|▎         | 256557056/9469180207 [00:17<10:37, 14441577.26B/s]
GAP-twitter:   3%|▎         | 258162688/9469180207 [00:17<10:19, 14880038.67B/s]
GAP-twitter:   3%|▎         | 259670016/9469180207 [00:17<10:46, 14239212.47B/s]
GAP-twitter:   3%|▎         | 261275648/9469180207 [00:17<10:24, 14748716.73B/s]
GAP-twitter:   3%|▎         | 262766592/9469180207 [00:17<11:01, 13911798.77B/s]
GAP-twitter:   3%|▎         | 264437760/9469180207 [00:17<10:27, 14657547.69B/s]
GAP-twitter:   3%|▎         | 266027008/9469180207 [00:17<10:13, 14993779.87B/s]
GAP-twitter:   3%|▎         | 267550720/9469180207 [00:17<10:45, 14249272.63B/s]
GAP-twitter:   3%|▎         | 269221888/9469180207 [00:18<10:16, 14911213.64B/s]
GAP-twitter:   3%|▎         | 270778368/9469180207 [00:18<10:37, 14427114.69B/s]
GAP-twitter:   3%|▎         | 272482304/9469180207 [00:18<10:08, 15118929.61B/s]
GAP-twitter:   3%|▎         | 274120704/9469180207 [00:18<09:54, 15463868.74B/s]
GAP-twitter:   3%|▎         | 275693568/9469180207 [00:18<10:31, 14569011.71B/s]
GAP-twitter:   3%|▎         | 277299200/9469180207 [00:18<10:14, 14949304.50B/s]
GAP-twitter:   3%|▎         | 278986752/9469180207 [00:18<09:54, 15459183.75B/s]
GAP-twitter:   3%|▎         | 280559616/9469180207 [00:18<10:31, 14551398.43B/s]
GAP-twitter:   3%|▎         | 282165248/9469180207 [00:18<10:13, 14969157.21B/s]
GAP-twitter:   3%|▎         | 283688960/9469180207 [00:18<10:48, 14169337.05B/s]
GAP-twitter:   3%|▎         | 285327360/9469180207 [00:19<10:22, 14747230.74B/s]
GAP-twitter:   3%|▎         | 287047680/9469180207 [00:19<09:56, 15398130.03B/s]
GAP-twitter:   3%|▎         | 288604160/9469180207 [00:19<10:35, 14451699.93B/s]
GAP-twitter:   3%|▎         | 290258944/9469180207 [00:19<10:11, 14999665.39B/s]
GAP-twitter:   3%|▎         | 291782656/9469180207 [00:19<10:38, 14363767.11B/s]
GAP-twitter:   3%|▎         | 293388288/9469180207 [00:19<10:19, 14810327.71B/s]
GAP-twitter:   3%|▎         | 295075840/9469180207 [00:19<09:57, 15366402.94B/s]
GAP-twitter:   3%|▎         | 296632320/9469180207 [00:19<10:23, 14722732.54B/s]
GAP-twitter:   3%|▎         | 298319872/9469180207 [00:19<09:58, 15310313.29B/s]
GAP-twitter:   3%|▎         | 299876352/9469180207 [00:20<10:27, 14602210.72B/s]
GAP-twitter:   3%|▎         | 301531136/9469180207 [00:20<10:05, 15144377.38B/s]
GAP-twitter:   3%|▎         | 303251456/9469180207 [00:20<09:42, 15728741.80B/s]
GAP-twitter:   3%|▎         | 304840704/9469180207 [00:20<10:27, 14605683.03B/s]
GAP-twitter:   3%|▎         | 306429952/9469180207 [00:20<10:13, 14934099.56B/s]
GAP-twitter:   3%|▎         | 307953664/9469180207 [00:20<10:51, 14051504.82B/s]
GAP-twitter:   3%|▎         | 309460992/9469180207 [00:20<10:39, 14322884.80B/s]
GAP-twitter:   3%|▎         | 311033856/9469180207 [00:20<10:23, 14682965.65B/s]
GAP-twitter:   3%|▎         | 312524800/9469180207 [00:20<11:07, 13723086.25B/s]
GAP-twitter:   3%|▎         | 314048512/9469180207 [00:21<10:49, 14105806.48B/s]
GAP-twitter:   3%|▎         | 315490304/9469180207 [00:21<11:18, 13483552.15B/s]
GAP-twitter:   3%|▎         | 317128704/9469180207 [00:21<10:42, 14248340.20B/s]
GAP-twitter:   3%|▎         | 318750720/9469180207 [00:21<10:19, 14769532.40B/s]
GAP-twitter:   3%|▎         | 320258048/9469180207 [00:21<10:52, 14020903.25B/s]
GAP-twitter:   3%|▎         | 321863680/9469180207 [00:21<10:28, 14550860.50B/s]
GAP-twitter:   3%|▎         | 323420160/9469180207 [00:21<11:06, 13722006.76B/s]
GAP-twitter:   3%|▎         | 325042176/9469180207 [00:21<10:35, 14393413.70B/s]
GAP-twitter:   3%|▎         | 326598656/9469180207 [00:21<10:22, 14683417.62B/s]
GAP-twitter:   3%|▎         | 328089600/9469180207 [00:22<11:07, 13695367.75B/s]
GAP-twitter:   3%|▎         | 329728000/9469180207 [00:22<10:34, 14396858.54B/s]
GAP-twitter:   3%|▎         | 331366400/9469180207 [00:22<10:17, 14804381.86B/s]
GAP-twitter:   4%|▎         | 332873728/9469180207 [00:22<10:43, 14208050.24B/s]
GAP-twitter:   4%|▎         | 334413824/9469180207 [00:22<10:28, 14539282.98B/s]
GAP-twitter:   4%|▎         | 335888384/9469180207 [00:22<11:12, 13571469.34B/s]
GAP-twitter:   4%|▎         | 337510400/9469180207 [00:22<10:39, 14282374.59B/s]
GAP-twitter:   4%|▎         | 339148800/9469180207 [00:22<10:14, 14860681.27B/s]
GAP-twitter:   4%|▎         | 340656128/9469180207 [00:22<10:56, 13898712.44B/s]
GAP-twitter:   4%|▎         | 342179840/9469180207 [00:23<10:39, 14262390.20B/s]
GAP-twitter:   4%|▎         | 343638016/9469180207 [00:23<10:37, 14321503.14B/s]
GAP-twitter:   4%|▎         | 345096192/9469180207 [00:23<11:27, 13268515.44B/s]
GAP-twitter:   4%|▎         | 346554368/9469180207 [00:23<11:10, 13600988.63B/s]
GAP-twitter:   4%|▎         | 347947008/9469180207 [00:23<11:36, 13089386.97B/s]
GAP-twitter:   4%|▎         | 349405184/9469180207 [00:23<11:16, 13479701.99B/s]
GAP-twitter:   4%|▎         | 350781440/9469180207 [00:23<11:17, 13449638.77B/s]
GAP-twitter:   4%|▎         | 352141312/9469180207 [00:23<11:59, 12673559.88B/s]
GAP-twitter:   4%|▎         | 353697792/9469180207 [00:23<11:16, 13476266.37B/s]
GAP-twitter:   4%|▍         | 355336192/9469180207 [00:23<10:37, 14300215.38B/s]
GAP-twitter:   4%|▍         | 356794368/9469180207 [00:24<11:06, 13663335.17B/s]
GAP-twitter:   4%|▍         | 358334464/9469180207 [00:24<10:43, 14151502.17B/s]
GAP-twitter:   4%|▍         | 359907328/9469180207 [00:24<10:24, 14586086.13B/s]
GAP-twitter:   4%|▍         | 361381888/9469180207 [00:24<11:13, 13514321.66B/s]
GAP-twitter:   4%|▍         | 362856448/9469180207 [00:24<10:59, 13817152.18B/s]
GAP-twitter:   4%|▍         | 364265472/9469180207 [00:24<11:25, 13281628.17B/s]
GAP-twitter:   4%|▍         | 365854720/9469180207 [00:24<10:50, 14003914.32B/s]
GAP-twitter:   4%|▍         | 367427584/9469180207 [00:24<10:29, 14456997.51B/s]
GAP-twitter:   4%|▍         | 368902144/9469180207 [00:24<10:56, 13855977.02B/s]
GAP-twitter:   4%|▍         | 370442240/9469180207 [00:25<10:37, 14274158.26B/s]
GAP-twitter:   4%|▍         | 371884032/9469180207 [00:25<10:36, 14294076.67B/s]
GAP-twitter:   4%|▍         | 373325824/9469180207 [00:25<11:37, 13035412.38B/s]
GAP-twitter:   4%|▍         | 374800384/9469180207 [00:25<11:14, 13485935.94B/s]
GAP-twitter:   4%|▍         | 376176640/9469180207 [00:25<11:30, 13176186.73B/s]
GAP-twitter:   4%|▍         | 377651200/9469180207 [00:25<11:09, 13580703.40B/s]
GAP-twitter:   4%|▍         | 379322368/9469180207 [00:25<10:28, 14473772.25B/s]
GAP-twitter:   4%|▍         | 380796928/9469180207 [00:25<10:59, 13786671.23B/s]
GAP-twitter:   4%|▍         | 382386176/9469180207 [00:25<10:32, 14359938.55B/s]
GAP-twitter:   4%|▍         | 383942656/9469180207 [00:26<10:17, 14703129.20B/s]
GAP-twitter:   4%|▍         | 385433600/9469180207 [00:26<10:55, 13850303.13B/s]
GAP-twitter:   4%|▍         | 387022848/9469180207 [00:26<10:29, 14421659.89B/s]
GAP-twitter:   4%|▍         | 388481024/9469180207 [00:26<11:13, 13483728.62B/s]
GAP-twitter:   4%|▍         | 389988352/9469180207 [00:26<10:52, 13917894.09B/s]
GAP-twitter:   4%|▍         | 391495680/9469180207 [00:26<10:39, 14199278.21B/s]
GAP-twitter:   4%|▍         | 392937472/9469180207 [00:26<11:21, 13322467.63B/s]
GAP-twitter:   4%|▍         | 394412032/9469180207 [00:26<11:02, 13687750.59B/s]
GAP-twitter:   4%|▍         | 395919360/9469180207 [00:26<10:44, 14072137.62B/s]
GAP-twitter:   4%|▍         | 397344768/9469180207 [00:27<11:13, 13462563.64B/s]
GAP-twitter:   4%|▍         | 398983168/9469180207 [00:27<10:35, 14270817.20B/s]
GAP-twitter:   4%|▍         | 400424960/9469180207 [00:27<11:27, 13188643.16B/s]
GAP-twitter:   4%|▍         | 401981440/9469180207 [00:27<10:57, 13794258.67B/s]
GAP-twitter:   4%|▍         | 403554304/9469180207 [00:27<10:32, 14327849.86B/s]
GAP-twitter:   4%|▍         | 405012480/9469180207 [00:27<11:27, 13179301.31B/s]
GAP-twitter:   4%|▍         | 406585344/9469180207 [00:27<10:53, 13866008.34B/s]
GAP-twitter:   4%|▍         | 408076288/9469180207 [00:27<11:19, 13338801.15B/s]
GAP-twitter:   4%|▍         | 409714688/9469180207 [00:27<10:40, 14151474.75B/s]
GAP-twitter:   4%|▍         | 411205632/9469180207 [00:28<10:30, 14359179.81B/s]
GAP-twitter:   4%|▍         | 412663808/9469180207 [00:28<11:08, 13550221.12B/s]
GAP-twitter:   4%|▍         | 414253056/9469180207 [00:28<10:38, 14171729.97B/s]
GAP-twitter:   4%|▍         | 415891456/9469180207 [00:28<10:12, 14789354.23B/s]
GAP-twitter:   4%|▍         | 417398784/9469180207 [00:28<10:46, 13991884.04B/s]
GAP-twitter:   4%|▍         | 418938880/9469180207 [00:28<10:30, 14344304.19B/s]
GAP-twitter:   4%|▍         | 420397056/9469180207 [00:28<10:27, 14411144.17B/s]
GAP-twitter:   4%|▍         | 421855232/9469180207 [00:28<11:12, 13445384.75B/s]
GAP-twitter:   4%|▍         | 423460864/9469180207 [00:28<10:38, 14166745.52B/s]
GAP-twitter:   4%|▍         | 424902656/9469180207 [00:29<11:03, 13631899.71B/s]
GAP-twitter:   5%|▍         | 426508288/9469180207 [00:29<10:33, 14282114.09B/s]
GAP-twitter:   5%|▍         | 428113920/9469180207 [00:29<10:13, 14744536.95B/s]
GAP-twitter:   5%|▍         | 429604864/9469180207 [00:29<10:46, 13991053.97B/s]
GAP-twitter:   5%|▍         | 431177728/9469180207 [00:29<10:25, 14456542.39B/s]
GAP-twitter:   5%|▍         | 432652288/9469180207 [00:29<10:58, 13713283.99B/s]
GAP-twitter:   5%|▍         | 434192384/9469180207 [00:29<10:37, 14164312.71B/s]
GAP-twitter:   5%|▍         | 435748864/9469180207 [00:29<10:21, 14541429.98B/s]
GAP-twitter:   5%|▍         | 437223424/9469180207 [00:29<10:56, 13753669.36B/s]
GAP-twitter:   5%|▍         | 438894592/9469180207 [00:29<10:20, 14545066.59B/s]
GAP-twitter:   5%|▍         | 440516608/9469180207 [00:30<10:01, 15014712.42B/s]
GAP-twitter:   5%|▍         | 442040320/9469180207 [00:30<10:44, 14013864.49B/s]
GAP-twitter:   5%|▍         | 443629568/9469180207 [00:30<10:21, 14529915.95B/s]
GAP-twitter:   5%|▍         | 445104128/9469180207 [00:30<10:46, 13952363.85B/s]
GAP-twitter:   5%|▍         | 446758912/9469180207 [00:30<10:16, 14633401.77B/s]
GAP-twitter:   5%|▍         | 448331776/9469180207 [00:30<10:04, 14925990.02B/s]
GAP-twitter:   5%|▍         | 449839104/9469180207 [00:30<10:15, 14659268.41B/s]
GAP-twitter:   5%|▍         | 451477504/9469180207 [00:30<09:55, 15134372.96B/s]
GAP-twitter:   5%|▍         | 453001216/9469180207 [00:30<10:00, 15005892.90B/s]
GAP-twitter:   5%|▍         | 454508544/9469180207 [00:31<10:30, 14303880.71B/s]
GAP-twitter:   5%|▍         | 456097792/9469180207 [00:31<10:12, 14715181.36B/s]
GAP-twitter:   5%|▍         | 457588736/9469180207 [00:31<10:47, 13927356.59B/s]
GAP-twitter:   5%|▍         | 459227136/9469180207 [00:31<10:18, 14577581.20B/s]
GAP-twitter:   5%|▍         | 460718080/9469180207 [00:31<10:14, 14655618.63B/s]
GAP-twitter:   5%|▍         | 462209024/9469180207 [00:31<11:12, 13389580.13B/s]
GAP-twitter:   5%|▍         | 463601664/9469180207 [00:31<11:05, 13530044.44B/s]
GAP-twitter:   5%|▍         | 465076224/9469180207 [00:31<11:32, 13001307.57B/s]
GAP-twitter:   5%|▍         | 466649088/9469180207 [00:31<10:55, 13725267.02B/s]
GAP-twitter:   5%|▍         | 468238336/9469180207 [00:32<10:28, 14316251.98B/s]
GAP-twitter:   5%|▍         | 469696512/9469180207 [00:32<11:00, 13628326.77B/s]
GAP-twitter:   5%|▍         | 471318528/9469180207 [00:32<10:28, 14316217.16B/s]
GAP-twitter:   5%|▍         | 472907776/9469180207 [00:32<10:09, 14752744.15B/s]
GAP-twitter:   5%|▌         | 474398720/9469180207 [00:32<10:52, 13790978.70B/s]
GAP-twitter:   5%|▌         | 475906048/9469180207 [00:32<10:36, 14123889.56B/s]
GAP-twitter:   5%|▌         | 477347840/9469180207 [00:32<11:11, 13386772.77B/s]
GAP-twitter:   5%|▌         | 478904320/9469180207 [00:32<10:44, 13952437.37B/s]
GAP-twitter:   5%|▌         | 480444416/9469180207 [00:32<10:26, 14340135.28B/s]
GAP-twitter:   5%|▌         | 481902592/9469180207 [00:33<11:06, 13491054.79B/s]
GAP-twitter:   5%|▌         | 483508224/9469180207 [00:33<10:32, 14198763.26B/s]
GAP-twitter:   5%|▌         | 484950016/9469180207 [00:33<11:17, 13254213.70B/s]
GAP-twitter:   5%|▌         | 486522880/9469180207 [00:33<10:45, 13913023.21B/s]
GAP-twitter:   5%|▌         | 488079360/9469180207 [00:33<10:25, 14362466.92B/s]
GAP-twitter:   5%|▌         | 489537536/9469180207 [00:33<10:58, 13635680.51B/s]
GAP-twitter:   5%|▌         | 491143168/9469180207 [00:33<10:27, 14300037.08B/s]
GAP-twitter:   5%|▌         | 492699648/9469180207 [00:33<10:13, 14635867.01B/s]
GAP-twitter:   5%|▌         | 494190592/9469180207 [00:33<10:43, 13936601.69B/s]
GAP-twitter:   5%|▌         | 495763456/9469180207 [00:33<10:21, 14437561.03B/s]
GAP-twitter:   5%|▌         | 497221632/9469180207 [00:34<10:52, 13749321.04B/s]
GAP-twitter:   5%|▌         | 498778112/9469180207 [00:34<10:29, 14241732.67B/s]
GAP-twitter:   5%|▌         | 500400128/9469180207 [00:34<10:06, 14776480.10B/s]
GAP-twitter:   5%|▌         | 501891072/9469180207 [00:34<10:36, 14084814.18B/s]
GAP-twitter:   5%|▌         | 503463936/9469180207 [00:34<10:16, 14532506.47B/s]
GAP-twitter:   5%|▌         | 504938496/9469180207 [00:34<10:54, 13693542.81B/s]
GAP-twitter:   5%|▌         | 506609664/9469180207 [00:34<10:17, 14519165.01B/s]
GAP-twitter:   5%|▌         | 508280832/9469180207 [00:34<09:52, 15116906.68B/s]
GAP-twitter:   5%|▌         | 509820928/9469180207 [00:34<09:52, 15128929.05B/s]
GAP-twitter:   5%|▌         | 511475712/9469180207 [00:35<09:37, 15509600.51B/s]
GAP-twitter:   5%|▌         | 513114112/9469180207 [00:35<09:29, 15731907.02B/s]
GAP-twitter:   5%|▌         | 514703360/9469180207 [00:35<10:11, 14635547.39B/s]
GAP-twitter:   5%|▌         | 516390912/9469180207 [00:35<09:47, 15236685.52B/s]
GAP-twitter:   5%|▌         | 517947392/9469180207 [00:35<10:16, 14523012.83B/s]
GAP-twitter:   5%|▌         | 519585792/9469180207 [00:35<09:55, 15021274.02B/s]
GAP-twitter:   6%|▌         | 521191424/9469180207 [00:35<09:45, 15289541.26B/s]
GAP-twitter:   6%|▌         | 522747904/9469180207 [00:35<10:23, 14343401.20B/s]
GAP-twitter:   6%|▌         | 524402688/9469180207 [00:35<09:58, 14943310.20B/s]
GAP-twitter:   6%|▌         | 525926400/9469180207 [00:36<10:38, 14001652.07B/s]
GAP-twitter:   6%|▌         | 527482880/9469180207 [00:36<10:20, 14411352.49B/s]
GAP-twitter:   6%|▌         | 529022976/9469180207 [00:36<10:09, 14678320.95B/s]
GAP-twitter:   6%|▌         | 530513920/9469180207 [00:36<10:39, 13967476.50B/s]
GAP-twitter:   6%|▌         | 532004864/9469180207 [00:36<10:28, 14214796.11B/s]
GAP-twitter:   6%|▌         | 533446656/9469180207 [00:36<11:13, 13274982.56B/s]
GAP-twitter:   6%|▌         | 535035904/9469180207 [00:36<10:39, 13961892.40B/s]
GAP-twitter:   6%|▌         | 536559616/9469180207 [00:36<10:23, 14316508.64B/s]
GAP-twitter:   6%|▌         | 538017792/9469180207 [00:36<11:05, 13420853.61B/s]
GAP-twitter:   6%|▌         | 539508736/9469180207 [00:37<10:46, 13808306.49B/s]
GAP-twitter:   6%|▌         | 541081600/9469180207 [00:37<10:27, 14216809.71B/s]
GAP-twitter:   6%|▌         | 542523392/9469180207 [00:37<10:54, 13633574.99B/s]
GAP-twitter:   6%|▌         | 544063488/9469180207 [00:37<10:32, 14110054.53B/s]
GAP-twitter:   6%|▌         | 545488896/9469180207 [00:37<11:03, 13450234.29B/s]
GAP-twitter:   6%|▌         | 547061760/9469180207 [00:37<10:34, 14053962.22B/s]
GAP-twitter:   6%|▌         | 548536320/9469180207 [00:37<10:27, 14227476.85B/s]
GAP-twitter:   6%|▌         | 549978112/9469180207 [00:37<11:02, 13463769.58B/s]
GAP-twitter:   6%|▌         | 551534592/9469180207 [00:37<10:35, 14026969.53B/s]
GAP-twitter:   6%|▌         | 553123840/9469180207 [00:37<10:12, 14558637.65B/s]
GAP-twitter:   6%|▌         | 554598400/9469180207 [00:38<10:40, 13914844.82B/s]
GAP-twitter:   6%|▌         | 556056576/9469180207 [00:38<10:33, 14069482.05B/s]
GAP-twitter:   6%|▌         | 557481984/9469180207 [00:38<11:06, 13366552.45B/s]
GAP-twitter:   6%|▌         | 559005696/9469180207 [00:38<10:41, 13879958.11B/s]
GAP-twitter:   6%|▌         | 560578560/9469180207 [00:38<10:19, 14372452.39B/s]
GAP-twitter:   6%|▌         | 562036736/9469180207 [00:38<10:58, 13516181.37B/s]
GAP-twitter:   6%|▌         | 563675136/9469180207 [00:38<10:23, 14285858.41B/s]
GAP-twitter:   6%|▌         | 565231616/9469180207 [00:38<10:09, 14615820.63B/s]
GAP-twitter:   6%|▌         | 566722560/9469180207 [00:38<10:40, 13908766.27B/s]
GAP-twitter:   6%|▌         | 568197120/9469180207 [00:39<10:31, 14104701.19B/s]
GAP-twitter:   6%|▌         | 569622528/9469180207 [00:39<11:11, 13248156.30B/s]
GAP-twitter:   6%|▌         | 571146240/9469180207 [00:39<10:45, 13786737.91B/s]
GAP-twitter:   6%|▌         | 572751872/9469180207 [00:39<10:18, 14391944.62B/s]
GAP-twitter:   6%|▌         | 574210048/9469180207 [00:39<10:54, 13589438.14B/s]
GAP-twitter:   6%|▌         | 575815680/9469180207 [00:39<10:23, 14271557.42B/s]
GAP-twitter:   6%|▌         | 577372160/9469180207 [00:39<10:08, 14621343.19B/s]
GAP-twitter:   6%|▌         | 578863104/9469180207 [00:39<10:46, 13757901.29B/s]
GAP-twitter:   6%|▌         | 580468736/9469180207 [00:39<10:18, 14378723.96B/s]
GAP-twitter:   6%|▌         | 581926912/9469180207 [00:40<10:52, 13627254.00B/s]
GAP-twitter:   6%|▌         | 583532544/9469180207 [00:40<10:22, 14281371.05B/s]
GAP-twitter:   6%|▌         | 585105408/9469180207 [00:40<10:06, 14660096.65B/s]
GAP-twitter:   6%|▌         | 586596352/9469180207 [00:40<10:44, 13779759.92B/s]
GAP-twitter:   6%|▌         | 588169216/9469180207 [00:40<10:21, 14286462.46B/s]
GAP-twitter:   6%|▌         | 589692928/9469180207 [00:40<10:59, 13458928.14B/s]
GAP-twitter:   6%|▌         | 591265792/9469180207 [00:40<10:31, 14048516.41B/s]
GAP-twitter:   6%|▋         | 592871424/9469180207 [00:40<10:08, 14589024.15B/s]
GAP-twitter:   6%|▋         | 594362368/9469180207 [00:40<10:46, 13721568.03B/s]
GAP-twitter:   6%|▋         | 595886080/9469180207 [00:41<10:30, 14074528.66B/s]
GAP-twitter:   6%|▋         | 597458944/9469180207 [00:41<10:12, 14492346.38B/s]
GAP-twitter:   6%|▋         | 598933504/9469180207 [00:41<10:48, 13683547.43B/s]
GAP-twitter:   6%|▋         | 600555520/9469180207 [00:41<10:17, 14353511.80B/s]
GAP-twitter:   6%|▋         | 602013696/9469180207 [00:41<10:52, 13594889.79B/s]
GAP-twitter:   6%|▋         | 603586560/9469180207 [00:41<10:25, 14168520.67B/s]
GAP-twitter:   6%|▋         | 605175808/9469180207 [00:41<10:06, 14624712.58B/s]
GAP-twitter:   6%|▋         | 606666752/9469180207 [00:41<10:41, 13816588.16B/s]
GAP-twitter:   6%|▋         | 608305152/9469180207 [00:41<10:11, 14493624.37B/s]
GAP-twitter:   6%|▋         | 609779712/9469180207 [00:42<10:50, 13627995.78B/s]
GAP-twitter:   6%|▋         | 611336192/9469180207 [00:42<10:26, 14129233.27B/s]
GAP-twitter:   6%|▋         | 612925440/9469180207 [00:42<10:07, 14586369.76B/s]
GAP-twitter:   6%|▋         | 614400000/9469180207 [00:42<10:32, 14008903.90B/s]
GAP-twitter:   7%|▋         | 616022016/9469180207 [00:42<10:06, 14602967.55B/s]
GAP-twitter:   7%|▋         | 617627648/9469180207 [00:42<09:49, 15005757.32B/s]
GAP-twitter:   7%|▋         | 619151360/9469180207 [00:42<10:33, 13961332.27B/s]
GAP-twitter:   7%|▋         | 620756992/9469180207 [00:42<10:09, 14515731.89B/s]
GAP-twitter:   7%|▋         | 622231552/9469180207 [00:42<10:41, 13781238.13B/s]
GAP-twitter:   7%|▋         | 623869952/9469180207 [00:43<10:10, 14495714.47B/s]
GAP-twitter:   7%|▋         | 625541120/9469180207 [00:43<09:44, 15121803.22B/s]
GAP-twitter:   7%|▋         | 627081216/9469180207 [00:43<10:20, 14260452.94B/s]
GAP-twitter:   7%|▋         | 628736000/9469180207 [00:43<09:54, 14880816.88B/s]
GAP-twitter:   7%|▋         | 630243328/9469180207 [00:43<10:26, 14114836.86B/s]
GAP-twitter:   7%|▋         | 631898112/9469180207 [00:43<09:59, 14748423.27B/s]
GAP-twitter:   7%|▋         | 633470976/9469180207 [00:43<09:48, 15017111.57B/s]
GAP-twitter:   7%|▋         | 634994688/9469180207 [00:43<10:24, 14149357.05B/s]
GAP-twitter:   7%|▋         | 636633088/9469180207 [00:43<09:59, 14740869.98B/s]
GAP-twitter:   7%|▋         | 638140416/9469180207 [00:44<10:30, 14015459.92B/s]
GAP-twitter:   7%|▋         | 639696896/9469180207 [00:44<10:12, 14426568.84B/s]
GAP-twitter:   7%|▋         | 641253376/9469180207 [00:44<09:58, 14738537.50B/s]
GAP-twitter:   7%|▋         | 642744320/9469180207 [00:44<10:32, 13955847.27B/s]
GAP-twitter:   7%|▋         | 644399104/9469180207 [00:44<10:01, 14665700.60B/s]
GAP-twitter:   7%|▋         | 645890048/9469180207 [00:44<10:23, 14148037.69B/s]
GAP-twitter:   7%|▋         | 647528448/9469180207 [00:44<09:58, 14742730.31B/s]
GAP-twitter:   7%|▋         | 649101312/9469180207 [00:44<09:48, 14987020.02B/s]
GAP-twitter:   7%|▋         | 650625024/9469180207 [00:44<10:31, 13954826.86B/s]
GAP-twitter:   7%|▋         | 652197888/9469180207 [00:44<10:10, 14433004.43B/s]
GAP-twitter:   7%|▋         | 653770752/9469180207 [00:45<10:35, 13874178.12B/s]
GAP-twitter:   7%|▋         | 655310848/9469180207 [00:45<10:17, 14268012.01B/s]
GAP-twitter:   7%|▋         | 656900096/9469180207 [00:45<09:59, 14699544.04B/s]
GAP-twitter:   7%|▋         | 658391040/9469180207 [00:45<10:28, 14020180.44B/s]
GAP-twitter:   7%|▋         | 659816448/9469180207 [00:45<10:26, 14058522.43B/s]
GAP-twitter:   7%|▋         | 661307392/9469180207 [00:45<10:17, 14269595.32B/s]
GAP-twitter:   7%|▋         | 662749184/9469180207 [00:45<10:59, 13345252.57B/s]
GAP-twitter:   7%|▋         | 664240128/9469180207 [00:45<10:40, 13752840.97B/s]
GAP-twitter:   7%|▋         | 665747456/9469180207 [00:45<10:24, 14100731.00B/s]
GAP-twitter:   7%|▋         | 667172864/9469180207 [00:46<11:16, 13004227.36B/s]
GAP-twitter:   7%|▋         | 668647424/9469180207 [00:46<10:53, 13470866.50B/s]
GAP-twitter:   7%|▋         | 670023680/9469180207 [00:46<11:27, 12801388.05B/s]
GAP-twitter:   7%|▋         | 671481856/9469180207 [00:46<11:03, 13263458.66B/s]
GAP-twitter:   7%|▋         | 672940032/9469180207 [00:46<10:47, 13589203.22B/s]
GAP-twitter:   7%|▋         | 674316288/9469180207 [00:46<11:31, 12724953.97B/s]
GAP-twitter:   7%|▋         | 675774464/9469180207 [00:46<11:04, 13236590.31B/s]
GAP-twitter:   7%|▋         | 677281792/9469180207 [00:46<10:41, 13714687.89B/s]
GAP-twitter:   7%|▋         | 678674432/9469180207 [00:46<11:25, 12822064.10B/s]
GAP-twitter:   7%|▋         | 680050688/9469180207 [00:47<11:12, 13075745.42B/s]
GAP-twitter:   7%|▋         | 681508864/9469180207 [00:47<10:51, 13481357.25B/s]
GAP-twitter:   7%|▋         | 682885120/9469180207 [00:47<11:21, 12883833.55B/s]
GAP-twitter:   7%|▋         | 684310528/9469180207 [00:47<11:04, 13229735.89B/s]
GAP-twitter:   7%|▋         | 685785088/9469180207 [00:47<10:44, 13635222.84B/s]
GAP-twitter:   7%|▋         | 687161344/9469180207 [00:47<11:31, 12696766.14B/s]
GAP-twitter:   7%|▋         | 688635904/9469180207 [00:47<11:02, 13252637.53B/s]
GAP-twitter:   7%|▋         | 689979392/9469180207 [00:47<11:40, 12539564.72B/s]
GAP-twitter:   7%|▋         | 691322880/9469180207 [00:47<11:26, 12785688.00B/s]
GAP-twitter:   7%|▋         | 692813824/9469180207 [00:48<10:57, 13355931.55B/s]
GAP-twitter:   7%|▋         | 694173696/9469180207 [00:48<11:39, 12541242.64B/s]
GAP-twitter:   7%|▋         | 695566336/9469180207 [00:48<11:19, 12915914.30B/s]
GAP-twitter:   7%|▋         | 696909824/9469180207 [00:48<11:13, 13022054.71B/s]
GAP-twitter:   7%|▋         | 698236928/9469180207 [00:48<11:28, 12738197.67B/s]
GAP-twitter:   7%|▋         | 699727872/9469180207 [00:48<10:56, 13349680.51B/s]
GAP-twitter:   7%|▋         | 701235200/9469180207 [00:48<10:34, 13822071.36B/s]
GAP-twitter:   7%|▋         | 702627840/9469180207 [00:48<11:18, 12927281.51B/s]
GAP-twitter:   7%|▋         | 704151552/9469180207 [00:48<10:46, 13563085.56B/s]
GAP-twitter:   7%|▋         | 705626112/9469180207 [00:48<10:31, 13872836.23B/s]
GAP-twitter:   7%|▋         | 707035136/9469180207 [00:49<11:11, 13051832.88B/s]
GAP-twitter:   7%|▋         | 708542464/9469180207 [00:49<10:44, 13590963.38B/s]
GAP-twitter:   7%|▋         | 709967872/9469180207 [00:49<11:21, 12848519.25B/s]
GAP-twitter:   8%|▊         | 711409664/9469180207 [00:49<10:59, 13276244.08B/s]
GAP-twitter:   8%|▊         | 712802304/9469180207 [00:49<10:53, 13405579.98B/s]
GAP-twitter:   8%|▊         | 714162176/9469180207 [00:49<11:32, 12638895.51B/s]
GAP-twitter:   8%|▊         | 715620352/9469180207 [00:49<11:04, 13172468.31B/s]
GAP-twitter:   8%|▊         | 717127680/9469180207 [00:49<10:40, 13668249.92B/s]
GAP-twitter:   8%|▊         | 718520320/9469180207 [00:49<11:18, 12902200.75B/s]
GAP-twitter:   8%|▊         | 719863808/9469180207 [00:50<11:11, 13027318.43B/s]
GAP-twitter:   8%|▊         | 721387520/9469180207 [00:50<10:42, 13612142.81B/s]
GAP-twitter:   8%|▊         | 722763776/9469180207 [00:50<11:17, 12904120.67B/s]
GAP-twitter:   8%|▊         | 724303872/9469180207 [00:50<10:43, 13581532.02B/s]
GAP-twitter:   8%|▊         | 725794816/9469180207 [00:50<10:28, 13917872.51B/s]
GAP-twitter:   8%|▊         | 727203840/9469180207 [00:50<11:09, 13064495.58B/s]
GAP-twitter:   8%|▊         | 728711168/9469180207 [00:50<10:43, 13575537.33B/s]
GAP-twitter:   8%|▊         | 730087424/9469180207 [00:50<11:26, 12732512.49B/s]
GAP-twitter:   8%|▊         | 731611136/9469180207 [00:50<10:51, 13403074.00B/s]
GAP-twitter:   8%|▊         | 733085696/9469180207 [00:51<10:35, 13741752.29B/s]
GAP-twitter:   8%|▊         | 734478336/9469180207 [00:51<10:49, 13455104.86B/s]
GAP-twitter:   8%|▊         | 735952896/9469180207 [00:51<10:33, 13790696.45B/s]
GAP-twitter:   8%|▊         | 737427456/9469180207 [00:51<10:22, 14034704.56B/s]
GAP-twitter:   8%|▊         | 738852864/9469180207 [00:51<11:07, 13078492.81B/s]
GAP-twitter:   8%|▊         | 740376576/9469180207 [00:51<10:39, 13647938.78B/s]
GAP-twitter:   8%|▊         | 741769216/9469180207 [00:51<10:38, 13662435.65B/s]
GAP-twitter:   8%|▊         | 743161856/9469180207 [00:51<11:12, 12974839.18B/s]
GAP-twitter:   8%|▊         | 744554496/9469180207 [00:51<10:59, 13237388.69B/s]
GAP-twitter:   8%|▊         | 745996288/9469180207 [00:52<10:42, 13566426.42B/s]
GAP-twitter:   8%|▊         | 747372544/9469180207 [00:52<11:22, 12785982.81B/s]
GAP-twitter:   8%|▊         | 748847104/9469180207 [00:52<10:54, 13328149.04B/s]
GAP-twitter:   8%|▊         | 750272512/9469180207 [00:52<11:34, 12562953.80B/s]
GAP-twitter:   8%|▊         | 751763456/9469180207 [00:52<11:00, 13198008.30B/s]
GAP-twitter:   8%|▊         | 753205248/9469180207 [00:52<10:44, 13530223.45B/s]
GAP-twitter:   8%|▊         | 754581504/9469180207 [00:52<11:13, 12931566.93B/s]
GAP-twitter:   8%|▊         | 756039680/9469180207 [00:52<10:51, 13374159.41B/s]
GAP-twitter:   8%|▊         | 757530624/9469180207 [00:52<10:31, 13796746.34B/s]
GAP-twitter:   8%|▊         | 758923264/9469180207 [00:53<11:08, 13026864.23B/s]
GAP-twitter:   8%|▊         | 760414208/9469180207 [00:53<10:43, 13522986.29B/s]
GAP-twitter:   8%|▊         | 761872384/9469180207 [00:53<10:30, 13817142.06B/s]
GAP-twitter:   8%|▊         | 763281408/9469180207 [00:53<11:19, 12820445.02B/s]
GAP-twitter:   8%|▊         | 764755968/9469180207 [00:53<10:53, 13310013.46B/s]
GAP-twitter:   8%|▊         | 766279680/9469180207 [00:53<10:29, 13827904.08B/s]
GAP-twitter:   8%|▊         | 767688704/9469180207 [00:53<11:07, 13031113.81B/s]
GAP-twitter:   8%|▊         | 769048576/9469180207 [00:53<11:01, 13160818.35B/s]
GAP-twitter:   8%|▊         | 770392064/9469180207 [00:53<11:24, 12710482.02B/s]
GAP-twitter:   8%|▊         | 771850240/9469180207 [00:53<10:57, 13225195.91B/s]
GAP-twitter:   8%|▊         | 773275648/9469180207 [00:54<10:43, 13515466.32B/s]
GAP-twitter:   8%|▊         | 774651904/9469180207 [00:54<11:22, 12745103.51B/s]
GAP-twitter:   8%|▊         | 776192000/9469180207 [00:54<10:46, 13456184.15B/s]
GAP-twitter:   8%|▊         | 777699328/9469180207 [00:54<10:24, 13916334.97B/s]
GAP-twitter:   8%|▊         | 779108352/9469180207 [00:54<11:13, 12906376.03B/s]
GAP-twitter:   8%|▊         | 780599296/9469180207 [00:54<10:45, 13454682.49B/s]
GAP-twitter:   8%|▊         | 782155776/9469180207 [00:54<10:19, 14014802.99B/s]
GAP-twitter:   8%|▊         | 783581184/9469180207 [00:54<11:06, 13040967.96B/s]
GAP-twitter:   8%|▊         | 785055744/9469180207 [00:54<10:43, 13489114.13B/s]
GAP-twitter:   8%|▊         | 786432000/9469180207 [00:55<11:17, 12810952.11B/s]
GAP-twitter:   8%|▊         | 787890176/9469180207 [00:55<10:53, 13277332.27B/s]
GAP-twitter:   8%|▊         | 789381120/9469180207 [00:55<10:31, 13735893.18B/s]
GAP-twitter:   8%|▊         | 790773760/9469180207 [00:55<11:13, 12879932.23B/s]
GAP-twitter:   8%|▊         | 792133632/9469180207 [00:55<11:03, 13077688.71B/s]
GAP-twitter:   8%|▊         | 793608192/9469180207 [00:55<10:41, 13524436.29B/s]
GAP-twitter:   8%|▊         | 794984448/9469180207 [00:55<11:16, 12825029.79B/s]
GAP-twitter:   8%|▊         | 796295168/9469180207 [00:55<11:16, 12829632.14B/s]
GAP-twitter:   8%|▊         | 797622272/9469180207 [00:55<11:10, 12935327.02B/s]
GAP-twitter:   8%|▊         | 798932992/9469180207 [00:56<11:35, 12466030.28B/s]
GAP-twitter:   8%|▊         | 800473088/9469180207 [00:56<10:52, 13291446.35B/s]
GAP-twitter:   8%|▊         | 801964032/9469180207 [00:56<10:30, 13738042.29B/s]
GAP-twitter:   8%|▊         | 803356672/9469180207 [00:56<11:08, 12972430.84B/s]
GAP-twitter:   8%|▊         | 804749312/9469180207 [00:56<10:54, 13235552.37B/s]
GAP-twitter:   9%|▊         | 806092800/9469180207 [00:56<10:57, 13167355.86B/s]
GAP-twitter:   9%|▊         | 807419904/9469180207 [00:56<11:25, 12637093.13B/s]
GAP-twitter:   9%|▊         | 808943616/9469180207 [00:56<10:49, 13336648.57B/s]
GAP-twitter:   9%|▊         | 810287104/9469180207 [00:56<11:22, 12691200.70B/s]
GAP-twitter:   9%|▊         | 811646976/9469180207 [00:57<16:34, 8704234.30B/s] 
GAP-twitter:   9%|▊         | 813465600/9469180207 [00:57<13:29, 10698544.09B/s]
GAP-twitter:   9%|▊         | 814743552/9469180207 [00:57<16:40, 8647387.28B/s] 
GAP-twitter:   9%|▊         | 816234496/9469180207 [00:57<14:41, 9813630.43B/s]
GAP-twitter:   9%|▊         | 817659904/9469180207 [00:57<13:22, 10780711.15B/s]
GAP-twitter:   9%|▊         | 819101696/9469180207 [00:57<12:22, 11657254.43B/s]
GAP-twitter:   9%|▊         | 820445184/9469180207 [00:57<11:53, 12113086.86B/s]
GAP-twitter:   9%|▊         | 821952512/9469180207 [00:58<11:11, 12874906.60B/s]
GAP-twitter:   9%|▊         | 823394304/9469180207 [00:58<10:50, 13285910.64B/s]
GAP-twitter:   9%|▊         | 824786944/9469180207 [00:58<10:52, 13240314.56B/s]

asv: benchmark timed out (timeout 60s)

For parameters: bfs_gap_inputs.GAP/GAP-web_23434265
INFO root: Dataset suitesparse_matrix.GAP/GAP-web manifest metadata is stale.

GAP-web:   0%|          | 0/8300343137 [00:00<?, ?B/s]
GAP-web:   0%|          | 262144/8300343137 [00:00<53:13, 2599164.65B/s]
GAP-web:   0%|          | 1376256/8300343137 [00:00<18:13, 7589399.90B/s]
GAP-web:   0%|          | 2621440/8300343137 [00:00<14:10, 9759137.28B/s]
GAP-web:   0%|          | 4030464/8300343137 [00:00<12:04, 11455432.48B/s]
GAP-web:   0%|          | 5373952/8300343137 [00:00<11:26, 12085007.90B/s]
GAP-web:   0%|          | 6946816/8300343137 [00:00<10:25, 13269022.56B/s]
GAP-web:   0%|          | 8404992/8300343137 [00:00<10:05, 13692397.84B/s]
GAP-web:   0%|          | 10043392/8300343137 [00:00<09:31, 14512352.82B/s]
GAP-web:   0%|          | 11763712/8300343137 [00:00<09:01, 15303665.90B/s]
GAP-web:   0%|          | 13402112/8300343137 [00:01<08:51, 15592397.72B/s]
GAP-web:   0%|          | 15106048/8300343137 [00:01<08:37, 16012521.15B/s]
GAP-web:   0%|          | 16793600/8300343137 [00:01<08:31, 16192969.42B/s]
GAP-web:   0%|          | 18530304/8300343137 [00:01<08:21, 16523691.61B/s]
GAP-web:   0%|          | 20185088/8300343137 [00:01<08:28, 16286329.60B/s]
GAP-web:   0%|          | 21823488/8300343137 [00:01<08:34, 16086926.52B/s]
GAP-web:   0%|          | 23527424/8300343137 [00:01<08:27, 16317203.09B/s]
GAP-web:   0%|          | 25165824/8300343137 [00:01<08:42, 15848817.22B/s]
GAP-web:   0%|          | 26755072/8300343137 [00:01<08:44, 15761901.82B/s]
GAP-web:   0%|          | 28344320/8300343137 [00:01<08:53, 15519483.71B/s]
GAP-web:   0%|          | 29900800/8300343137 [00:02<09:01, 15266856.13B/s]
GAP-web:   0%|          | 31506432/8300343137 [00:02<08:55, 15454336.40B/s]
GAP-web:   0%|          | 33095680/8300343137 [00:02<08:52, 15534650.47B/s]
GAP-web:   0%|          | 34652160/8300343137 [00:02<09:07, 15094328.80B/s]
GAP-web:   0%|          | 36175872/8300343137 [00:02<09:25, 14606176.48B/s]
GAP-web:   0%|          | 37683200/8300343137 [00:02<09:20, 14733143.34B/s]
GAP-web:   0%|          | 39190528/8300343137 [00:02<09:17, 14808124.27B/s]
GAP-web:   0%|          | 40812544/8300343137 [00:02<09:02, 15214308.77B/s]
GAP-web:   1%|          | 42352640/8300343137 [00:02<09:07, 15090207.61B/s]
GAP-web:   1%|          | 43876352/8300343137 [00:02<09:21, 14693966.44B/s]
GAP-web:   1%|          | 45350912/8300343137 [00:03<09:30, 14479344.25B/s]
GAP-web:   1%|          | 46809088/8300343137 [00:03<09:40, 14210360.26B/s]
GAP-web:   1%|          | 48250880/8300343137 [00:03<09:40, 14217369.45B/s]
GAP-web:   1%|          | 49676288/8300343137 [00:03<09:47, 14054577.21B/s]
GAP-web:   1%|          | 51085312/8300343137 [00:03<09:55, 13845402.05B/s]
GAP-web:   1%|          | 52510720/8300343137 [00:03<09:52, 13930677.57B/s]
GAP-web:   1%|          | 53919744/8300343137 [00:03<09:59, 13761243.13B/s]
GAP-web:   1%|          | 55328768/8300343137 [00:03<09:56, 13825746.63B/s]
GAP-web:   1%|          | 56754176/8300343137 [00:03<09:52, 13917416.56B/s]
GAP-web:   1%|          | 58146816/8300343137 [00:04<09:56, 13817939.73B/s]
GAP-web:   1%|          | 59670528/8300343137 [00:04<09:40, 14195544.87B/s]
GAP-web:   1%|          | 61177856/8300343137 [00:04<09:30, 14433382.72B/s]
GAP-web:   1%|          | 62636032/8300343137 [00:04<09:29, 14473128.85B/s]
GAP-web:   1%|          | 64176128/8300343137 [00:04<09:18, 14748236.82B/s]
GAP-web:   1%|          | 65667072/8300343137 [00:04<09:26, 14537924.16B/s]
GAP-web:   1%|          | 67223552/8300343137 [00:04<09:14, 14834675.34B/s]
GAP-web:   1%|          | 68780032/8300343137 [00:04<09:07, 15027402.62B/s]
GAP-web:   1%|          | 70287360/8300343137 [00:04<09:32, 14385262.68B/s]
GAP-web:   1%|          | 71909376/8300343137 [00:04<09:12, 14890790.55B/s]
GAP-web:   1%|          | 73580544/8300343137 [00:05<08:54, 15382031.60B/s]
GAP-web:   1%|          | 75137024/8300343137 [00:05<09:09, 14969789.99B/s]
GAP-web:   1%|          | 76709888/8300343137 [00:05<09:02, 15148812.63B/s]
GAP-web:   1%|          | 78233600/8300343137 [00:05<09:29, 14440474.68B/s]
GAP-web:   1%|          | 79773696/8300343137 [00:05<09:19, 14705202.45B/s]
GAP-web:   1%|          | 81264640/8300343137 [00:05<09:24, 14567795.03B/s]
GAP-web:   1%|          | 82739200/8300343137 [00:05<10:01, 13661015.70B/s]
GAP-web:   1%|          | 84295680/8300343137 [00:05<09:40, 14148685.18B/s]
GAP-web:   1%|          | 85819392/8300343137 [00:05<10:03, 13615901.15B/s]
GAP-web:   1%|          | 87359488/8300343137 [00:06<09:43, 14083038.11B/s]
GAP-web:   1%|          | 88784896/8300343137 [00:06<10:01, 13651619.06B/s]
GAP-web:   1%|          | 90161152/8300343137 [00:06<11:01, 12410833.14B/s]
GAP-web:   1%|          | 91586560/8300343137 [00:06<10:37, 12871032.02B/s]
GAP-web:   1%|          | 93028352/8300343137 [00:06<10:18, 13274437.62B/s]
GAP-web:   1%|          | 94388224/8300343137 [00:06<11:09, 12250469.41B/s]
GAP-web:   1%|          | 95846400/8300343137 [00:06<10:37, 12865190.59B/s]
GAP-web:   1%|          | 97550336/8300343137 [00:06<09:45, 13998219.84B/s]
GAP-web:   1%|          | 98992128/8300343137 [00:06<10:03, 13583053.09B/s]
GAP-web:   1%|          | 100679680/8300343137 [00:07<09:29, 14406317.49B/s]
GAP-web:   1%|          | 102154240/8300343137 [00:07<10:03, 13574547.04B/s]
GAP-web:   1%|▏         | 103825408/8300343137 [00:07<09:28, 14421921.57B/s]
GAP-web:   1%|▏         | 105414656/8300343137 [00:07<09:13, 14818175.05B/s]
GAP-web:   1%|▏         | 106921984/8300343137 [00:07<09:58, 13697398.04B/s]
GAP-web:   1%|▏         | 108609536/8300343137 [00:07<09:23, 14544799.16B/s]
GAP-web:   1%|▏         | 110100480/8300343137 [00:07<09:42, 14057434.77B/s]
GAP-web:   1%|▏         | 111771648/8300343137 [00:07<09:14, 14768725.32B/s]
GAP-web:   1%|▏         | 113442816/8300343137 [00:07<08:55, 15298825.68B/s]
GAP-web:   1%|▏         | 114999296/8300343137 [00:08<09:19, 14623153.10B/s]
GAP-web:   1%|▏         | 116637696/8300343137 [00:08<09:01, 15110444.64B/s]
GAP-web:   1%|▏         | 118177792/8300343137 [00:08<09:27, 14425107.33B/s]
GAP-web:   1%|▏         | 119865344/8300343137 [00:08<09:01, 15093467.65B/s]
GAP-web:   1%|▏         | 121520128/8300343137 [00:08<08:48, 15481910.22B/s]
GAP-web:   1%|▏         | 123092992/8300343137 [00:08<09:16, 14695645.71B/s]
GAP-web:   2%|▏         | 124796928/8300343137 [00:08<08:53, 15335343.22B/s]
GAP-web:   2%|▏         | 126353408/8300343137 [00:08<09:17, 14657949.73B/s]
GAP-web:   2%|▏         | 127909888/8300343137 [00:08<09:08, 14908810.74B/s]
GAP-web:   2%|▏         | 129515520/8300343137 [00:08<08:56, 15232632.26B/s]
GAP-web:   2%|▏         | 131055616/8300343137 [00:09<09:28, 14374562.83B/s]
GAP-web:   2%|▏         | 132743168/8300343137 [00:09<09:02, 15048833.01B/s]
GAP-web:   2%|▏         | 134266880/8300343137 [00:09<09:36, 14163448.97B/s]
GAP-web:   2%|▏         | 135757824/8300343137 [00:09<09:28, 14358714.77B/s]
GAP-web:   2%|▏         | 137216000/8300343137 [00:09<09:35, 14182657.01B/s]
GAP-web:   2%|▏         | 138657792/8300343137 [00:09<10:12, 13322823.44B/s]
GAP-web:   2%|▏         | 140132352/8300343137 [00:09<09:55, 13696374.86B/s]
GAP-web:   2%|▏         | 141524992/8300343137 [00:09<09:58, 13639881.89B/s]
GAP-web:   2%|▏         | 142901248/8300343137 [00:10<11:19, 12003864.37B/s]
GAP-web:   2%|▏         | 144146432/8300343137 [00:10<11:37, 11699137.11B/s]
GAP-web:   2%|▏         | 145588224/8300343137 [00:10<10:57, 12395680.08B/s]
GAP-web:   2%|▏         | 146866176/8300343137 [00:10<11:14, 12091526.56B/s]
GAP-web:   2%|▏         | 148422656/8300343137 [00:10<10:26, 13021186.35B/s]
GAP-web:   2%|▏         | 149749760/8300343137 [00:10<10:43, 12656574.56B/s]
GAP-web:   2%|▏         | 151044096/8300343137 [00:10<10:48, 12572540.95B/s]
GAP-web:   2%|▏         | 152322048/8300343137 [00:10<11:27, 11859309.32B/s]
GAP-web:   2%|▏         | 153534464/8300343137 [00:10<12:08, 11186228.64B/s]
GAP-web:   2%|▏         | 154681344/8300343137 [00:11<12:16, 11063761.32B/s]
GAP-web:   2%|▏         | 156041216/8300343137 [00:11<11:33, 11738712.95B/s]
GAP-web:   2%|▏         | 157483008/8300343137 [00:11<10:53, 12461566.19B/s]
GAP-web:   2%|▏         | 158744576/8300343137 [00:11<11:14, 12067610.86B/s]
GAP-web:   2%|▏         | 160137216/8300343137 [00:11<10:47, 12580257.38B/s]
GAP-web:   2%|▏         | 161529856/8300343137 [00:11<10:27, 12961890.87B/s]
GAP-web:   2%|▏         | 162840576/8300343137 [00:11<10:53, 12454389.52B/s]
GAP-web:   2%|▏         | 164265984/8300343137 [00:11<10:27, 12955888.35B/s]
GAP-web:   2%|▏         | 165576704/8300343137 [00:11<11:01, 12299305.01B/s]
GAP-web:   2%|▏         | 167100416/8300343137 [00:11<10:20, 13114795.82B/s]
GAP-web:   2%|▏         | 168476672/8300343137 [00:12<10:13, 13260151.55B/s]
GAP-web:   2%|▏         | 169820160/8300343137 [00:12<10:37, 12758759.78B/s]
GAP-web:   2%|▏         | 171212800/8300343137 [00:12<10:21, 13087101.63B/s]
GAP-web:   2%|▏         | 172621824/8300343137 [00:12<10:07, 13376282.61B/s]
GAP-web:   2%|▏         | 173981696/8300343137 [00:12<10:40, 12694954.41B/s]
GAP-web:   2%|▏         | 175521792/8300343137 [00:12<10:03, 13457929.44B/s]
GAP-web:   2%|▏         | 177078272/8300343137 [00:12<09:38, 14042616.15B/s]
GAP-web:   2%|▏         | 178503680/8300343137 [00:12<10:14, 13218621.42B/s]
GAP-web:   2%|▏         | 180043776/8300343137 [00:12<09:47, 13813967.01B/s]
GAP-web:   2%|▏         | 181583872/8300343137 [00:13<09:30, 14224890.99B/s]
GAP-web:   2%|▏         | 183025664/8300343137 [00:13<09:50, 13752384.97B/s]
GAP-web:   2%|▏         | 184565760/8300343137 [00:13<09:35, 14092688.54B/s]
GAP-web:   2%|▏         | 185991168/8300343137 [00:13<10:11, 13275373.39B/s]
GAP-web:   2%|▏         | 187498496/8300343137 [00:13<09:48, 13774450.04B/s]
GAP-web:   2%|▏         | 189120512/8300343137 [00:13<09:20, 14467661.24B/s]
GAP-web:   2%|▏         | 190595072/8300343137 [00:13<09:46, 13820680.37B/s]
GAP-web:   2%|▏         | 192184320/8300343137 [00:13<09:23, 14395029.04B/s]
GAP-web:   2%|▏         | 193675264/8300343137 [00:13<09:47, 13787187.47B/s]
GAP-web:   2%|▏         | 195280896/8300343137 [00:13<09:23, 14394945.98B/s]
GAP-web:   2%|▏         | 196870144/8300343137 [00:14<09:07, 14800884.85B/s]
GAP-web:   2%|▏         | 198377472/8300343137 [00:14<09:41, 13930537.19B/s]
GAP-web:   2%|▏         | 199852032/8300343137 [00:14<09:32, 14143140.32B/s]
GAP-web:   2%|▏         | 201293824/8300343137 [00:14<09:30, 14208185.45B/s]
GAP-web:   2%|▏         | 202735616/8300343137 [00:14<10:00, 13480537.75B/s]
GAP-web:   2%|▏         | 204423168/8300343137 [00:14<09:21, 14405772.04B/s]
GAP-web:   2%|▏         | 205979648/8300343137 [00:14<09:37, 14020103.86B/s]
GAP-web:   3%|▎         | 207568896/8300343137 [00:14<09:16, 14533444.70B/s]
GAP-web:   3%|▎         | 209305600/8300343137 [00:14<08:47, 15340099.39B/s]
GAP-web:   3%|▎         | 210862080/8300343137 [00:15<09:19, 14459668.39B/s]
GAP-web:   3%|▎         | 212631552/8300343137 [00:15<08:46, 15359932.73B/s]
GAP-web:   3%|▎         | 214188032/8300343137 [00:15<09:12, 14622730.49B/s]
GAP-web:   3%|▎         | 215793664/8300343137 [00:15<08:58, 15008934.56B/s]
GAP-web:   3%|▎         | 217579520/8300343137 [00:15<08:31, 15808487.80B/s]
GAP-web:   3%|▎         | 219185152/8300343137 [00:15<08:48, 15299254.33B/s]
GAP-web:   3%|▎         | 221003776/8300343137 [00:15<08:21, 16095665.20B/s]
GAP-web:   3%|▎         | 222691328/8300343137 [00:15<08:16, 16275640.96B/s]
GAP-web:   3%|▎         | 224329728/8300343137 [00:15<08:40, 15507204.88B/s]
GAP-web:   3%|▎         | 225984512/8300343137 [00:16<08:31, 15795340.98B/s]
GAP-web:   3%|▎         | 227590144/8300343137 [00:16<09:00, 14947489.51B/s]
GAP-web:   3%|▎         | 229212160/8300343137 [00:16<08:47, 15291274.27B/s]
GAP-web:   3%|▎         | 230834176/8300343137 [00:16<08:39, 15531268.04B/s]
GAP-web:   3%|▎         | 232407040/8300343137 [00:16<09:22, 14336255.41B/s]
GAP-web:   3%|▎         | 234061824/8300343137 [00:16<09:00, 14918996.18B/s]
GAP-web:   3%|▎         | 235700224/8300343137 [00:16<08:47, 15286810.88B/s]
GAP-web:   3%|▎         | 237256704/8300343137 [00:16<09:19, 14411830.64B/s]
GAP-web:   3%|▎         | 238895104/8300343137 [00:16<08:59, 14951543.85B/s]
GAP-web:   3%|▎         | 240582656/8300343137 [00:17<08:40, 15484511.82B/s]
GAP-web:   3%|▎         | 242155520/8300343137 [00:17<09:24, 14269152.53B/s]
GAP-web:   3%|▎         | 243826688/8300343137 [00:17<08:59, 14921744.64B/s]
GAP-web:   3%|▎         | 245350400/8300343137 [00:17<09:33, 14045887.39B/s]
GAP-web:   3%|▎         | 246972416/8300343137 [00:17<09:10, 14631426.45B/s]
GAP-web:   3%|▎         | 248578048/8300343137 [00:17<08:56, 15002696.11B/s]
GAP-web:   3%|▎         | 250101760/8300343137 [00:17<09:17, 14438239.67B/s]
GAP-web:   3%|▎         | 251674624/8300343137 [00:17<09:09, 14643060.66B/s]
GAP-web:   3%|▎         | 253165568/8300343137 [00:17<09:39, 13890498.16B/s]
GAP-web:   3%|▎         | 254574592/8300343137 [00:18<09:47, 13688742.69B/s]
GAP-web:   3%|▎         | 256114688/8300343137 [00:18<09:28, 14153469.93B/s]
GAP-web:   3%|▎         | 257540096/8300343137 [00:18<09:46, 13708128.17B/s]
GAP-web:   3%|▎         | 259227648/8300343137 [00:18<09:11, 14571782.41B/s]
GAP-web:   3%|▎         | 260718592/8300343137 [00:18<09:40, 13860448.52B/s]
GAP-web:   3%|▎         | 262209536/8300343137 [00:18<09:29, 14126143.45B/s]
GAP-web:   3%|▎         | 263700480/8300343137 [00:18<09:22, 14295225.73B/s]
GAP-web:   3%|▎         | 265142272/8300343137 [00:18<09:53, 13546953.67B/s]
GAP-web:   3%|▎         | 266731520/8300343137 [00:18<09:26, 14187308.09B/s]
GAP-web:   3%|▎         | 268255232/8300343137 [00:18<09:14, 14484395.88B/s]
GAP-web:   3%|▎         | 269729792/8300343137 [00:19<09:40, 13838817.78B/s]
GAP-web:   3%|▎         | 271253504/8300343137 [00:19<09:25, 14198102.27B/s]
GAP-web:   3%|▎         | 272809984/8300343137 [00:19<09:52, 13545926.39B/s]
GAP-web:   3%|▎         | 274399232/8300343137 [00:19<09:26, 14168765.49B/s]
GAP-web:   3%|▎         | 275939328/8300343137 [00:19<09:14, 14469954.91B/s]
GAP-web:   3%|▎         | 277413888/8300343137 [00:19<09:45, 13707120.65B/s]
GAP-web:   3%|▎         | 279035904/8300343137 [00:19<09:17, 14396026.82B/s]
GAP-web:   3%|▎         | 280494080/8300343137 [00:19<09:21, 14275061.81B/s]
GAP-web:   3%|▎         | 281935872/8300343137 [00:19<09:47, 13654912.64B/s]
GAP-web:   3%|▎         | 283443200/8300343137 [00:20<09:31, 14038294.23B/s]
GAP-web:   3%|▎         | 284868608/8300343137 [00:20<09:48, 13630861.37B/s]
GAP-web:   3%|▎         | 286359552/8300343137 [00:20<09:32, 13987137.95B/s]
GAP-web:   3%|▎         | 287817728/8300343137 [00:20<09:26, 14143115.64B/s]
GAP-web:   3%|▎         | 289243136/8300343137 [00:20<10:01, 13319216.88B/s]
GAP-web:   4%|▎         | 290848768/8300343137 [00:20<09:28, 14086896.61B/s]
GAP-web:   4%|▎         | 292438016/8300343137 [00:20<09:09, 14569831.91B/s]
GAP-web:   4%|▎         | 293912576/8300343137 [00:20<09:38, 13835874.27B/s]
GAP-web:   4%|▎         | 295501824/8300343137 [00:20<09:15, 14411470.16B/s]
GAP-web:   4%|▎         | 297091072/8300343137 [00:21<09:00, 14806486.10B/s]
GAP-web:   4%|▎         | 298598400/8300343137 [00:21<09:33, 13942659.41B/s]
GAP-web:   4%|▎         | 300154880/8300343137 [00:21<09:17, 14356569.76B/s]
GAP-web:   4%|▎         | 301613056/8300343137 [00:21<09:49, 13568746.66B/s]
GAP-web:   4%|▎         | 303185920/8300343137 [00:21<09:25, 14148513.67B/s]
GAP-web:   4%|▎         | 304726016/8300343137 [00:21<09:12, 14476131.05B/s]
GAP-web:   4%|▎         | 306200576/8300343137 [00:21<09:45, 13643114.41B/s]
GAP-web:   4%|▎         | 307789824/8300343137 [00:21<09:20, 14257074.68B/s]
GAP-web:   4%|▎         | 309379072/8300343137 [00:21<09:03, 14713632.02B/s]
GAP-web:   4%|▎         | 310870016/8300343137 [00:22<09:36, 13855949.42B/s]
GAP-web:   4%|▍         | 312426496/8300343137 [00:22<09:18, 14309930.18B/s]
GAP-web:   4%|▍         | 313884672/8300343137 [00:22<09:46, 13620614.31B/s]
GAP-web:   4%|▍         | 315392000/8300343137 [00:22<09:29, 14023167.77B/s]
GAP-web:   4%|▍         | 316932096/8300343137 [00:22<09:15, 14376739.60B/s]
GAP-web:   4%|▍         | 318390272/8300343137 [00:22<09:42, 13709328.02B/s]
GAP-web:   4%|▍         | 319995904/8300343137 [00:22<09:16, 14332246.95B/s]
GAP-web:   4%|▍         | 321454080/8300343137 [00:22<09:39, 13760783.94B/s]
GAP-web:   4%|▍         | 323043328/8300343137 [00:22<09:16, 14338236.40B/s]
GAP-web:   4%|▍         | 324730880/8300343137 [00:22<08:50, 15031193.02B/s]
GAP-web:   4%|▍         | 326254592/8300343137 [00:23<09:36, 13825745.51B/s]
GAP-web:   4%|▍         | 327892992/8300343137 [00:23<09:09, 14510894.26B/s]
GAP-web:   4%|▍         | 329416704/8300343137 [00:23<09:32, 13923334.50B/s]
GAP-web:   4%|▍         | 331038720/8300343137 [00:23<09:07, 14545478.54B/s]
GAP-web:   4%|▍         | 332857344/8300343137 [00:23<08:31, 15569232.01B/s]
GAP-web:   4%|▍         | 334446592/8300343137 [00:23<08:39, 15346019.96B/s]
GAP-web:   4%|▍         | 336281600/8300343137 [00:23<08:11, 16200007.70B/s]
GAP-web:   4%|▍         | 337920000/8300343137 [00:23<08:51, 14993432.98B/s]
GAP-web:   4%|▍         | 339460096/8300343137 [00:23<09:18, 14255955.07B/s]
GAP-web:   4%|▍         | 340918272/8300343137 [00:24<09:20, 14200215.49B/s]
GAP-web:   4%|▍         | 342360064/8300343137 [00:24<09:51, 13449689.89B/s]
GAP-web:   4%|▍         | 343736320/8300343137 [00:24<09:48, 13524317.19B/s]
GAP-web:   4%|▍         | 345309184/8300343137 [00:24<09:23, 14119921.96B/s]
GAP-web:   4%|▍         | 346734592/8300343137 [00:24<09:37, 13782104.85B/s]
GAP-web:   4%|▍         | 348389376/8300343137 [00:24<09:06, 14542152.20B/s]
GAP-web:   4%|▍         | 349863936/8300343137 [00:24<09:33, 13870715.98B/s]
GAP-web:   4%|▍         | 351420416/8300343137 [00:24<09:14, 14329880.78B/s]
GAP-web:   4%|▍         | 352878592/8300343137 [00:24<09:12, 14394063.30B/s]
GAP-web:   4%|▍         | 354336768/8300343137 [00:25<10:13, 12946923.27B/s]
GAP-web:   4%|▍         | 355942400/8300343137 [00:25<09:36, 13770164.16B/s]
GAP-web:   4%|▍         | 357515264/8300343137 [00:25<09:54, 13368272.99B/s]
GAP-web:   4%|▍         | 359301120/8300343137 [00:25<09:05, 14555971.39B/s]
GAP-web:   4%|▍         | 361086976/8300343137 [00:25<08:33, 15474927.61B/s]
GAP-web:   4%|▍         | 362676224/8300343137 [00:25<08:52, 14914724.79B/s]
GAP-web:   4%|▍         | 364412928/8300343137 [00:25<08:29, 15569658.17B/s]
GAP-web:   4%|▍         | 366002176/8300343137 [00:25<09:01, 14647586.79B/s]
GAP-web:   4%|▍         | 367542272/8300343137 [00:25<08:54, 14829631.87B/s]
GAP-web:   4%|▍         | 369115136/8300343137 [00:26<08:46, 15057362.62B/s]
GAP-web:   4%|▍         | 370638848/8300343137 [00:26<09:09, 14425381.60B/s]
GAP-web:   4%|▍         | 372342784/8300343137 [00:26<08:43, 15154731.49B/s]
GAP-web:   5%|▍         | 373882880/8300343137 [00:26<09:00, 14674991.91B/s]
GAP-web:   5%|▍         | 375717888/8300343137 [00:26<08:25, 15677195.66B/s]
GAP-web:   5%|▍         | 377438208/8300343137 [00:26<08:12, 16091174.85B/s]
GAP-web:   5%|▍         | 379060224/8300343137 [00:26<08:39, 15258382.76B/s]
GAP-web:   5%|▍         | 380649472/8300343137 [00:26<08:33, 15430832.19B/s]
GAP-web:   5%|▍         | 382205952/8300343137 [00:26<09:03, 14575296.38B/s]
GAP-web:   5%|▍         | 383909888/8300343137 [00:27<08:38, 15258725.19B/s]
GAP-web:   5%|▍         | 385531904/8300343137 [00:27<08:29, 15522873.09B/s]
GAP-web:   5%|▍         | 387104768/8300343137 [00:27<08:54, 14794701.66B/s]
GAP-web:   5%|▍         | 388743168/8300343137 [00:27<08:39, 15218478.11B/s]
GAP-web:   5%|▍         | 390283264/8300343137 [00:27<09:04, 14533058.60B/s]
GAP-web:   5%|▍         | 391905280/8300343137 [00:27<08:48, 14974894.44B/s]
GAP-web:   5%|▍         | 393625600/8300343137 [00:27<08:27, 15566538.94B/s]
GAP-web:   5%|▍         | 395198464/8300343137 [00:27<08:51, 14884007.92B/s]
GAP-web:   5%|▍         | 397000704/8300343137 [00:27<08:22, 15728284.06B/s]
GAP-web:   5%|▍         | 398589952/8300343137 [00:27<08:51, 14878555.20B/s]
GAP-web:   5%|▍         | 400097280/8300343137 [00:28<09:03, 14544023.05B/s]
GAP-web:   5%|▍         | 401571840/8300343137 [00:28<09:01, 14573897.57B/s]
GAP-web:   5%|▍         | 403046400/8300343137 [00:28<09:37, 13673021.24B/s]
GAP-web:   5%|▍         | 404537344/8300343137 [00:28<09:23, 14008541.50B/s]
GAP-web:   5%|▍         | 406028288/8300343137 [00:28<09:13, 14262100.26B/s]
GAP-web:   5%|▍         | 407470080/8300343137 [00:28<10:11, 12912768.66B/s]
GAP-web:   5%|▍         | 408829952/8300343137 [00:28<10:03, 13074907.02B/s]
GAP-web:   5%|▍         | 410173440/8300343137 [00:28<10:03, 13084799.26B/s]
GAP-web:   5%|▍         | 411500544/8300343137 [00:28<10:37, 12379797.24B/s]
GAP-web:   5%|▍         | 412942336/8300343137 [00:29<10:10, 12928745.73B/s]
GAP-web:   5%|▍         | 414351360/8300343137 [00:29<09:55, 13237862.14B/s]
GAP-web:   5%|▌         | 415694848/8300343137 [00:29<10:20, 12709274.88B/s]
GAP-web:   5%|▌         | 417136640/8300343137 [00:29<09:57, 13186097.36B/s]
GAP-web:   5%|▌         | 418480128/8300343137 [00:29<09:56, 13208725.80B/s]
GAP-web:   5%|▌         | 419823616/8300343137 [00:29<09:59, 13142623.13B/s]
GAP-web:   5%|▌         | 421216256/8300343137 [00:29<09:51, 13327869.88B/s]
GAP-web:   5%|▌         | 422559744/8300343137 [00:29<09:51, 13317294.23B/s]
GAP-web:   5%|▌         | 423903232/8300343137 [00:29<10:16, 12774108.85B/s]
GAP-web:   5%|▌         | 425443328/8300343137 [00:30<09:43, 13496534.07B/s]
GAP-web:   5%|▌         | 426835968/8300343137 [00:30<10:12, 12856902.19B/s]
GAP-web:   5%|▌         | 428195840/8300343137 [00:30<10:03, 13042921.58B/s]
GAP-web:   5%|▌         | 429703168/8300343137 [00:30<09:39, 13579724.97B/s]
GAP-web:   5%|▌         | 431079424/8300343137 [00:30<10:15, 12784351.14B/s]
GAP-web:   5%|▌         | 432537600/8300343137 [00:30<09:52, 13279393.25B/s]
GAP-web:   5%|▌         | 434159616/8300343137 [00:30<09:17, 14115448.78B/s]
GAP-web:   5%|▌         | 435585024/8300343137 [00:30<09:29, 13802342.21B/s]
GAP-web:   5%|▌         | 436977664/8300343137 [00:30<09:36, 13640936.02B/s]
GAP-web:   5%|▌         | 438452224/8300343137 [00:30<09:23, 13944502.36B/s]
GAP-web:   5%|▌         | 439861248/8300343137 [00:31<09:53, 13247687.22B/s]
GAP-web:   5%|▌         | 441565184/8300343137 [00:31<09:09, 14302853.40B/s]
GAP-web:   5%|▌         | 443252736/8300343137 [00:31<08:42, 15039981.30B/s]
GAP-web:   5%|▌         | 444776448/8300343137 [00:31<09:04, 14438144.07B/s]
GAP-web:   5%|▌         | 446316544/8300343137 [00:31<08:54, 14697955.84B/s]
GAP-web:   5%|▌         | 447807488/8300343137 [00:31<09:22, 13951924.11B/s]
GAP-web:   5%|▌         | 449331200/8300343137 [00:31<09:08, 14311849.48B/s]
GAP-web:   5%|▌         | 450920448/8300343137 [00:31<08:52, 14738848.56B/s]
GAP-web:   5%|▌         | 452411392/8300343137 [00:31<09:06, 14349220.20B/s]
GAP-web:   5%|▌         | 454164480/8300343137 [00:32<08:34, 15254411.18B/s]
GAP-web:   5%|▌         | 455704576/8300343137 [00:32<09:38, 13560003.22B/s]
GAP-web:   6%|▌         | 457113600/8300343137 [00:32<09:40, 13506644.56B/s]
GAP-web:   6%|▌         | 458506240/8300343137 [00:32<09:36, 13598143.46B/s]
GAP-web:   6%|▌         | 459898880/8300343137 [00:32<10:13, 12783396.71B/s]
GAP-web:   6%|▌         | 461389824/8300343137 [00:32<09:49, 13300967.29B/s]
GAP-web:   6%|▌         | 462897152/8300343137 [00:32<09:28, 13795371.48B/s]
GAP-web:   6%|▌         | 464437248/8300343137 [00:32<09:09, 14250523.86B/s]
GAP-web:   6%|▌         | 465879040/8300343137 [00:32<09:29, 13764479.88B/s]
GAP-web:   6%|▌         | 467271680/8300343137 [00:33<09:32, 13694050.12B/s]
GAP-web:   6%|▌         | 468893696/8300343137 [00:33<09:03, 14400559.94B/s]
GAP-web:   6%|▌         | 470351872/8300343137 [00:33<09:28, 13778563.04B/s]
GAP-web:   6%|▌         | 471810048/8300343137 [00:33<09:19, 13991618.38B/s]
GAP-web:   6%|▌         | 473219072/8300343137 [00:33<09:50, 13264900.92B/s]
GAP-web:   6%|▌         | 474742784/8300343137 [00:33<09:27, 13790105.73B/s]
GAP-web:   6%|▌         | 476282880/8300343137 [00:33<09:09, 14237625.28B/s]
GAP-web:   6%|▌         | 477724672/8300343137 [00:33<09:34, 13614460.73B/s]
GAP-web:   6%|▌         | 479264768/8300343137 [00:33<09:15, 14088515.78B/s]
GAP-web:   6%|▌         | 480870400/8300343137 [00:34<08:54, 14641439.97B/s]
GAP-web:   6%|▌         | 482344960/8300343137 [00:34<09:37, 13540369.12B/s]
GAP-web:   6%|▌         | 483819520/8300343137 [00:34<09:24, 13845327.62B/s]
GAP-web:   6%|▌         | 485474304/8300343137 [00:34<08:56, 14577345.97B/s]
GAP-web:   6%|▌         | 486948864/8300343137 [00:34<09:25, 13815094.53B/s]
GAP-web:   6%|▌         | 488505344/8300343137 [00:34<09:06, 14289548.72B/s]
GAP-web:   6%|▌         | 489996288/8300343137 [00:34<09:00, 14438227.23B/s]
GAP-web:   6%|▌         | 491454464/8300343137 [00:34<09:42, 13405415.77B/s]
GAP-web:   6%|▌         | 492994560/8300343137 [00:34<09:21, 13913898.44B/s]
GAP-web:   6%|▌         | 494419968/8300343137 [00:35<09:47, 13286532.97B/s]
GAP-web:   6%|▌         | 495927296/8300343137 [00:35<09:27, 13755473.72B/s]
GAP-web:   6%|▌         | 497434624/8300343137 [00:35<09:12, 14113638.47B/s]
GAP-web:   6%|▌         | 498860032/8300343137 [00:35<09:43, 13373471.22B/s]
GAP-web:   6%|▌         | 500236288/8300343137 [00:35<09:40, 13446707.34B/s]
GAP-web:   6%|▌         | 501596160/8300343137 [00:35<09:47, 13282213.36B/s]
GAP-web:   6%|▌         | 502939648/8300343137 [00:35<10:28, 12412798.22B/s]
GAP-web:   6%|▌         | 504266752/8300343137 [00:35<10:16, 12638251.47B/s]
GAP-web:   6%|▌         | 505593856/8300343137 [00:35<10:09, 12791236.88B/s]
GAP-web:   6%|▌         | 506888192/8300343137 [00:35<10:53, 11922469.55B/s]
GAP-web:   6%|▌         | 508182528/8300343137 [00:36<10:41, 12150662.74B/s]
GAP-web:   6%|▌         | 509411328/8300343137 [00:36<10:39, 12175207.39B/s]
GAP-web:   6%|▌         | 510640128/8300343137 [00:36<11:21, 11429462.50B/s]
GAP-web:   6%|▌         | 511918080/8300343137 [00:36<11:01, 11770581.82B/s]
GAP-web:   6%|▌         | 513179648/8300343137 [00:36<10:49, 11995728.99B/s]
GAP-web:   6%|▌         | 514392064/8300343137 [00:36<11:00, 11792098.97B/s]
GAP-web:   6%|▌         | 515670016/8300343137 [00:36<10:46, 12050347.10B/s]
GAP-web:   6%|▌         | 516882432/8300343137 [00:36<10:46, 12046812.51B/s]
GAP-web:   6%|▌         | 518193152/8300343137 [00:36<10:29, 12355811.74B/s]
GAP-web:   6%|▋         | 519438336/8300343137 [00:37<11:01, 11768024.75B/s]
GAP-web:   6%|▋         | 520912896/8300343137 [00:37<10:17, 12608420.85B/s]
GAP-web:   6%|▋         | 522371072/8300343137 [00:37<10:31, 12308742.25B/s]
GAP-web:   6%|▋         | 523862016/8300343137 [00:37<09:57, 13015759.76B/s]
GAP-web:   6%|▋         | 525221888/8300343137 [00:37<09:50, 13158260.59B/s]
GAP-web:   6%|▋         | 526548992/8300343137 [00:37<10:35, 12233135.77B/s]
GAP-web:   6%|▋         | 527925248/8300343137 [00:37<10:14, 12647585.86B/s]
GAP-web:   6%|▋         | 529383424/8300343137 [00:37<09:50, 13163960.59B/s]
GAP-web:   6%|▋         | 530726912/8300343137 [00:37<10:46, 12022807.90B/s]
GAP-web:   6%|▋         | 532070400/8300343137 [00:38<10:27, 12372962.06B/s]
GAP-web:   6%|▋         | 533413888/8300343137 [00:38<10:14, 12645182.39B/s]
GAP-web:   6%|▋         | 534708224/8300343137 [00:38<10:17, 12575531.09B/s]
GAP-web:   6%|▋         | 536035328/8300343137 [00:38<10:08, 12763270.44B/s]
GAP-web:   6%|▋         | 537395200/8300343137 [00:38<09:57, 12986277.85B/s]
GAP-web:   6%|▋         | 538705920/8300343137 [00:38<09:57, 12990075.76B/s]
GAP-web:   7%|▋         | 540016640/8300343137 [00:38<10:35, 12204642.51B/s]
GAP-web:   7%|▋         | 541392896/8300343137 [00:38<10:15, 12605936.21B/s]
GAP-web:   7%|▋         | 542703616/8300343137 [00:38<10:09, 12734026.11B/s]
GAP-web:   7%|▋         | 543997952/8300343137 [00:38<10:13, 12638251.04B/s]
GAP-web:   7%|▋         | 545325056/8300343137 [00:39<10:06, 12796743.09B/s]
GAP-web:   7%|▋         | 546684928/8300343137 [00:39<09:56, 12992874.37B/s]
GAP-web:   7%|▋         | 547995648/8300343137 [00:39<10:32, 12253956.53B/s]
GAP-web:   7%|▋         | 549273600/8300343137 [00:39<10:27, 12356477.48B/s]
GAP-web:   7%|▋         | 550518784/8300343137 [00:39<13:41, 9428603.83B/s] 
GAP-web:   7%|▋         | 551632896/8300343137 [00:39<13:09, 9811668.30B/s]
GAP-web:   7%|▋         | 552779776/8300343137 [00:39<12:38, 10218139.77B/s]
GAP-web:   7%|▋         | 553959424/8300343137 [00:39<12:09, 10623799.10B/s]
GAP-web:   7%|▋         | 555286528/8300343137 [00:40<11:23, 11329688.91B/s]
GAP-web:   7%|▋         | 556564480/8300343137 [00:40<11:00, 11722587.97B/s]
GAP-web:   7%|▋         | 557924352/8300343137 [00:40<10:31, 12253657.90B/s]
GAP-web:   7%|▋         | 559185920/8300343137 [00:40<11:09, 11565975.04B/s]
GAP-web:   7%|▋         | 560513024/8300343137 [00:40<10:43, 12029163.01B/s]
GAP-web:   7%|▋         | 561856512/8300343137 [00:40<10:25, 12377646.62B/s]
GAP-web:   7%|▋         | 563118080/8300343137 [00:40<10:56, 11793002.88B/s]
GAP-web:   7%|▋         | 564445184/8300343137 [00:40<10:34, 12184132.84B/s]
GAP-web:   7%|▋         | 565919744/8300343137 [00:40<10:00, 12884407.50B/s]
GAP-web:   7%|▋         | 567230464/8300343137 [00:40<10:22, 12425137.66B/s]
GAP-web:   7%|▋         | 568737792/8300343137 [00:41<09:48, 13139642.49B/s]
GAP-web:   7%|▋         | 570097664/8300343137 [00:41<09:43, 13258443.92B/s]
GAP-web:   7%|▋         | 571441152/8300343137 [00:41<10:20, 12463953.32B/s]
GAP-web:   7%|▋         | 572751872/8300343137 [00:41<10:11, 12629427.07B/s]
GAP-web:   7%|▋         | 574111744/8300343137 [00:41<10:00, 12862546.43B/s]
GAP-web:   7%|▋         | 575422464/8300343137 [00:41<10:29, 12272410.74B/s]
GAP-web:   7%|▋         | 576716800/8300343137 [00:41<10:20, 12446822.78B/s]
GAP-web:   7%|▋         | 578125824/8300343137 [00:41<09:57, 12915059.48B/s]
GAP-web:   7%|▋         | 579436544/8300343137 [00:41<10:41, 12031428.80B/s]
GAP-web:   7%|▋         | 580796416/8300343137 [00:42<10:20, 12442541.96B/s]
GAP-web:   7%|▋         | 582205440/8300343137 [00:42<09:57, 12909696.65B/s]
GAP-web:   7%|▋         | 583516160/8300343137 [00:42<10:34, 12158477.88B/s]
GAP-web:   7%|▋         | 584908800/8300343137 [00:42<10:11, 12612045.62B/s]
GAP-web:   7%|▋         | 586186752/8300343137 [00:42<10:21, 12421159.39B/s]
GAP-web:   7%|▋         | 587448320/8300343137 [00:42<10:53, 11802250.52B/s]
GAP-web:   7%|▋         | 588840960/8300343137 [00:42<10:23, 12360765.50B/s]
GAP-web:   7%|▋         | 590102528/8300343137 [00:42<10:24, 12347267.77B/s]
GAP-web:   7%|▋         | 591347712/8300343137 [00:42<11:09, 11511801.13B/s]
GAP-web:   7%|▋         | 592838656/8300343137 [00:43<10:19, 12433515.14B/s]
GAP-web:   7%|▋         | 594100224/8300343137 [00:43<10:18, 12454759.54B/s]
GAP-web:   7%|▋         | 595361792/8300343137 [00:43<10:54, 11771197.54B/s]
GAP-web:   7%|▋         | 596557824/8300343137 [00:43<10:52, 11810167.64B/s]
GAP-web:   7%|▋         | 597753856/8300343137 [00:43<11:09, 11506323.44B/s]
GAP-web:   7%|▋         | 598917120/8300343137 [00:43<11:33, 11099906.99B/s]
GAP-web:   7%|▋         | 600064000/8300343137 [00:43<11:29, 11161185.42B/s]
GAP-web:   7%|▋         | 601358336/8300343137 [00:43<10:59, 11668625.05B/s]
GAP-web:   7%|▋         | 602537984/8300343137 [00:43<11:55, 10752608.95B/s]
GAP-web:   7%|▋         | 603832320/8300343137 [00:43<11:20, 11317783.87B/s]
GAP-web:   7%|▋         | 605061120/8300343137 [00:44<11:04, 11589141.82B/s]
GAP-web:   7%|▋         | 606273536/8300343137 [00:44<11:08, 11507755.77B/s]
GAP-web:   7%|▋         | 607617024/8300343137 [00:44<10:39, 12036141.09B/s]
GAP-web:   7%|▋         | 609042432/8300343137 [00:44<10:07, 12659692.41B/s]
GAP-web:   7%|▋         | 610320384/8300343137 [00:44<10:22, 12355962.38B/s]
GAP-web:   7%|▋         | 611565568/8300343137 [00:44<10:32, 12162467.50B/s]
GAP-web:   7%|▋         | 613105664/8300343137 [00:44<09:46, 13096498.58B/s]
GAP-web:   7%|▋         | 614432768/8300343137 [00:44<10:09, 12615998.12B/s]
GAP-web:   7%|▋         | 615940096/8300343137 [00:44<09:38, 13284214.84B/s]
GAP-web:   7%|▋         | 617463808/8300343137 [00:45<09:15, 13819098.60B/s]
GAP-web:   7%|▋         | 618856448/8300343137 [00:45<09:42, 13192997.93B/s]
GAP-web:   7%|▋         | 620347392/8300343137 [00:45<09:22, 13660641.86B/s]
GAP-web:   7%|▋         | 621723648/8300343137 [00:45<09:23, 13630775.35B/s]
GAP-web:   8%|▊         | 623099904/8300343137 [00:45<10:17, 12427568.49B/s]
GAP-web:   8%|▊         | 624377856/8300343137 [00:45<10:43, 11927849.12B/s]
GAP-web:   8%|▊         | 625672192/8300343137 [00:45<10:29, 12196598.60B/s]
GAP-web:   8%|▊         | 626917376/8300343137 [00:45<10:56, 11682050.04B/s]
GAP-web:   8%|▊         | 628113408/8300343137 [00:45<11:01, 11590995.30B/s]
GAP-web:   8%|▊         | 629374976/8300343137 [00:46<10:46, 11867846.44B/s]
GAP-web:   8%|▊         | 630571008/8300343137 [00:46<11:38, 10974589.56B/s]
GAP-web:   8%|▊         | 631865344/8300343137 [00:46<11:08, 11471476.01B/s]
GAP-web:   8%|▊         | 633241600/8300343137 [00:46<10:33, 12101689.20B/s]
GAP-web:   8%|▊         | 634470400/8300343137 [00:46<11:22, 11233537.67B/s]
GAP-web:   8%|▊         | 635699200/8300343137 [00:46<11:05, 11511919.76B/s]
GAP-web:   8%|▊         | 636878848/8300343137 [00:46<11:02, 11566268.30B/s]
GAP-web:   8%|▊         | 638058496/8300343137 [00:46<11:20, 11255219.75B/s]
GAP-web:   8%|▊         | 639401984/8300343137 [00:46<10:47, 11826675.10B/s]
GAP-web:   8%|▊         | 640778240/8300343137 [00:47<10:20, 12353518.90B/s]
GAP-web:   8%|▊         | 642023424/8300343137 [00:47<10:52, 11737909.35B/s]
GAP-web:   8%|▊         | 643334144/8300343137 [00:47<10:33, 12093407.44B/s]
GAP-web:   8%|▊         | 644562944/8300343137 [00:47<10:42, 11911522.87B/s]
GAP-web:   8%|▊         | 645775360/8300343137 [00:47<11:25, 11158377.02B/s]
GAP-web:   8%|▊         | 646905856/8300343137 [00:47<11:34, 11017787.00B/s]
GAP-web:   8%|▊         | 648085504/8300343137 [00:47<11:22, 11211294.12B/s]
GAP-web:   8%|▊         | 649314304/8300343137 [00:47<11:04, 11514359.30B/s]
GAP-web:   8%|▊         | 650477568/8300343137 [00:47<11:29, 11098695.17B/s]
GAP-web:   8%|▊         | 651804672/8300343137 [00:47<10:53, 11710886.17B/s]
GAP-web:   8%|▊         | 653164544/8300343137 [00:48<10:25, 12224369.81B/s]
GAP-web:   8%|▊         | 654409728/8300343137 [00:48<10:53, 11698758.04B/s]
GAP-web:   8%|▊         | 655753216/8300343137 [00:48<10:27, 12188350.85B/s]
GAP-web:   8%|▊         | 657129472/8300343137 [00:48<10:04, 12641177.71B/s]
GAP-web:   8%|▊         | 658407424/8300343137 [00:48<10:44, 11854950.72B/s]
GAP-web:   8%|▊         | 659800064/8300343137 [00:48<10:16, 12397987.42B/s]
GAP-web:   8%|▊         | 661209088/8300343137 [00:48<09:54, 12843938.49B/s]
GAP-web:   8%|▊         | 662519808/8300343137 [00:48<10:30, 12110586.25B/s]
GAP-web:   8%|▊         | 663896064/8300343137 [00:48<10:07, 12562969.33B/s]
GAP-web:   8%|▊         | 665190400/8300343137 [00:49<10:04, 12628304.94B/s]
GAP-web:   8%|▊         | 666468352/8300343137 [00:49<10:48, 11776732.23B/s]
GAP-web:   8%|▊         | 667746304/8300343137 [00:49<10:33, 12046384.24B/s]
GAP-web:   8%|▊         | 669007872/8300343137 [00:49<10:25, 12195746.10B/s]
GAP-web:   8%|▊         | 670253056/8300343137 [00:49<11:10, 11375117.20B/s]
GAP-web:   8%|▊         | 671563776/8300343137 [00:49<10:45, 11818828.73B/s]
GAP-web:   8%|▊         | 672923648/8300343137 [00:49<10:21, 12282371.91B/s]
GAP-web:   8%|▊         | 674234368/8300343137 [00:49<10:35, 12006124.66B/s]
GAP-web:   8%|▊         | 675561472/8300343137 [00:49<10:18, 12335466.25B/s]
GAP-web:   8%|▊         | 676970496/8300343137 [00:50<09:55, 12802349.68B/s]
GAP-web:   8%|▊         | 678264832/8300343137 [00:50<10:35, 11985299.86B/s]
GAP-web:   8%|▊         | 679673856/8300343137 [00:50<10:07, 12539548.05B/s]
GAP-web:   8%|▊         | 680951808/8300343137 [00:50<10:13, 12415271.15B/s]
GAP-web:   8%|▊         | 682213376/8300343137 [00:50<10:38, 11931726.89B/s]
GAP-web:   8%|▊         | 683507712/8300343137 [00:50<10:24, 12202415.26B/s]
GAP-web:   8%|▊         | 684851200/8300343137 [00:50<10:06, 12552851.83B/s]
GAP-web:   8%|▊         | 686129152/8300343137 [00:50<10:44, 11810328.55B/s]
GAP-web:   8%|▊         | 687587328/8300343137 [00:50<10:06, 12555296.67B/s]
GAP-web:   8%|▊         | 689029120/8300343137 [00:50<09:41, 13083603.33B/s]
GAP-web:   8%|▊         | 690356224/8300343137 [00:51<10:11, 12441088.88B/s]
GAP-web:   8%|▊         | 691781632/8300343137 [00:51<09:48, 12928661.33B/s]
GAP-web:   8%|▊         | 693190656/8300343137 [00:51<09:34, 13237317.75B/s]
GAP-web:   8%|▊         | 694534144/8300343137 [00:51<10:06, 12547709.58B/s]
GAP-web:   8%|▊         | 695894016/8300343137 [00:51<09:53, 12818010.23B/s]
GAP-web:   8%|▊         | 697270272/8300343137 [00:51<09:41, 13065780.11B/s]
GAP-web:   8%|▊         | 698597376/8300343137 [00:51<10:08, 12497160.66B/s]
GAP-web:   8%|▊         | 699957248/8300343137 [00:51<09:54, 12789795.70B/s]
GAP-web:   8%|▊         | 701366272/8300343137 [00:51<09:38, 13140797.00B/s]
GAP-web:   8%|▊         | 702693376/8300343137 [00:52<10:07, 12511246.48B/s]
GAP-web:   8%|▊         | 704053248/8300343137 [00:52<09:54, 12785125.92B/s]
GAP-web:   8%|▊         | 705347584/8300343137 [00:52<09:54, 12785679.39B/s]
GAP-web:   9%|▊         | 706641920/8300343137 [00:52<10:17, 12307418.67B/s]
GAP-web:   9%|▊         | 708083712/8300343137 [00:52<09:49, 12888972.52B/s]
GAP-web:   9%|▊         | 709492736/8300343137 [00:52<09:33, 13225063.12B/s]
GAP-web:   9%|▊         | 710836224/8300343137 [00:52<10:14, 12341631.10B/s]
GAP-web:   9%|▊         | 712343552/8300343137 [00:52<09:40, 13063534.49B/s]
GAP-web:   9%|▊         | 713801728/8300343137 [00:52<09:22, 13478800.73B/s]
GAP-web:   9%|▊         | 715177984/8300343137 [00:53<09:53, 12785544.31B/s]
GAP-web:   9%|▊         | 716554240/8300343137 [00:53<09:41, 13033174.38B/s]
GAP-web:   9%|▊         | 717979648/8300343137 [00:53<09:26, 13378764.57B/s]
GAP-web:   9%|▊         | 719339520/8300343137 [00:53<09:56, 12706306.59B/s]
GAP-web:   9%|▊         | 720814080/8300343137 [00:53<09:32, 13241408.70B/s]
GAP-web:   9%|▊         | 722157568/8300343137 [00:53<09:51, 12815502.45B/s]
GAP-web:   9%|▊         | 723533824/8300343137 [00:53<09:41, 13040680.71B/s]
GAP-web:   9%|▊         | 724910080/8300343137 [00:53<09:32, 13226481.39B/s]
GAP-web:   9%|▊         | 726253568/8300343137 [00:53<09:59, 12635639.45B/s]
GAP-web:   9%|▉         | 727744512/8300343137 [00:53<09:30, 13263310.31B/s]
GAP-web:   9%|▉         | 729153536/8300343137 [00:54<09:22, 13465733.55B/s]
GAP-web:   9%|▉         | 730513408/8300343137 [00:54<09:56, 12682571.52B/s]
GAP-web:   9%|▉         | 731906048/8300343137 [00:54<09:41, 13007834.53B/s]
GAP-web:   9%|▉         | 733298688/8300343137 [00:54<09:31, 13246526.13B/s]
GAP-web:   9%|▉         | 734642176/8300343137 [00:54<10:12, 12359422.26B/s]
GAP-web:   9%|▉         | 736002048/8300343137 [00:54<09:57, 12663462.18B/s]
GAP-web:   9%|▉         | 737296384/8300343137 [00:54<09:54, 12730754.61B/s]
GAP-web:   9%|▉         | 738590720/8300343137 [00:54<10:20, 12186661.52B/s]
GAP-web:   9%|▉         | 739885056/8300343137 [00:54<10:11, 12371880.49B/s]
GAP-web:   9%|▉         | 741244928/8300343137 [00:55<09:55, 12683113.20B/s]
GAP-web:   9%|▉         | 742522880/8300343137 [00:55<10:32, 11948719.29B/s]
GAP-web:   9%|▉         | 743931904/8300343137 [00:55<10:02, 12548111.33B/s]
GAP-web:   9%|▉         | 745422848/8300343137 [00:55<09:31, 13219419.94B/s]
GAP-web:   9%|▉         | 746766336/8300343137 [00:55<10:19, 12202304.76B/s]
GAP-web:   9%|▉         | 748142592/8300343137 [00:55<09:57, 12631400.48B/s]
GAP-web:   9%|▉         | 749436928/8300343137 [00:55<10:01, 12546972.21B/s]
GAP-web:   9%|▉         | 750714880/8300343137 [00:55<10:31, 11949130.22B/s]
GAP-web:   9%|▉         | 752173056/8300343137 [00:55<09:55, 12680311.70B/s]
GAP-web:   9%|▉         | 753549312/8300343137 [00:56<10:20, 12162699.18B/s]
GAP-web:   9%|▉         | 754941952/8300343137 [00:56<09:56, 12647173.45B/s]
GAP-web:   9%|▉         | 756236288/8300343137 [00:56<09:54, 12686358.13B/s]
GAP-web:   9%|▉         | 757628928/8300343137 [00:56<10:19, 12179215.86B/s]
GAP-web:   9%|▉         | 759005184/8300343137 [00:56<09:58, 12609597.50B/s]
GAP-web:   9%|▉         | 760430592/8300343137 [00:56<09:37, 13057512.87B/s]
GAP-web:   9%|▉         | 761757696/8300343137 [00:56<09:59, 12575550.75B/s]
GAP-web:   9%|▉         | 763281408/8300343137 [00:56<09:26, 13309931.41B/s]

asv: benchmark timed out (timeout 60s)

For parameters: bfs_gap_inputs.GAP/GAP-kron_100962918
INFO root: Dataset suitesparse_matrix.GAP/GAP-kron manifest metadata is stale.

GAP-kron:   0%|          | 0/14570837178 [00:00<?, ?B/s]
GAP-kron:   0%|          | 180224/14570837178 [00:00<2:21:57, 1710584.75B/s]
GAP-kron:   0%|          | 671744/14570837178 [00:00<1:17:12, 3145389.11B/s]
GAP-kron:   0%|          | 1163264/14570837178 [00:00<1:02:32, 3882890.23B/s]
GAP-kron:   0%|          | 1671168/14570837178 [00:00<56:10, 4322418.18B/s]  
GAP-kron:   0%|          | 2162688/14570837178 [00:00<53:57, 4499591.08B/s]
GAP-kron:   0%|          | 2834432/14570837178 [00:00<47:46, 5081828.43B/s]
GAP-kron:   0%|          | 3588096/14570837178 [00:00<44:03, 5511201.23B/s]
GAP-kron:   0%|          | 4423680/14570837178 [00:00<38:15, 6344916.62B/s]
GAP-kron:   0%|          | 5160960/14570837178 [00:00<37:48, 6420077.05B/s]
GAP-kron:   0%|          | 6078464/14570837178 [00:01<33:36, 7221247.65B/s]
GAP-kron:   0%|          | 6963200/14570837178 [00:01<31:32, 7694001.59B/s]
GAP-kron:   0%|          | 7798784/14570837178 [00:01<30:51, 7863794.69B/s]
GAP-kron:   0%|          | 8650752/14570837178 [00:01<30:08, 8050370.87B/s]
GAP-kron:   0%|          | 9748480/14570837178 [00:01<28:14, 8593218.49B/s]
GAP-kron:   0%|          | 10960896/14570837178 [00:01<26:48, 9052549.65B/s]
GAP-kron:   0%|          | 12173312/14570837178 [00:01<24:29, 9908683.43B/s]
GAP-kron:   0%|          | 13172736/14570837178 [00:01<24:53, 9745637.62B/s]
GAP-kron:   0%|          | 14483456/14570837178 [00:01<22:42, 10686561.76B/s]
GAP-kron:   0%|          | 15564800/14570837178 [00:02<23:36, 10276165.60B/s]
GAP-kron:   0%|          | 16793600/14570837178 [00:02<22:24, 10821229.28B/s]
GAP-kron:   0%|          | 18071552/14570837178 [00:02<21:18, 11382180.08B/s]
GAP-kron:   0%|          | 19218432/14570837178 [00:02<21:54, 11069930.65B/s]
GAP-kron:   0%|          | 20545536/14570837178 [00:02<20:44, 11691355.48B/s]
GAP-kron:   0%|          | 21807104/14570837178 [00:02<20:18, 11944504.88B/s]
GAP-kron:   0%|          | 23101440/14570837178 [00:02<19:51, 12208569.15B/s]
GAP-kron:   0%|          | 24330240/14570837178 [00:02<20:03, 12084574.39B/s]
GAP-kron:   0%|          | 25575424/14570837178 [00:02<19:55, 12163835.87B/s]
GAP-kron:   0%|          | 26820608/14570837178 [00:02<19:50, 12216351.37B/s]
GAP-kron:   0%|          | 28049408/14570837178 [00:03<19:52, 12190651.46B/s]
GAP-kron:   0%|          | 29491200/14570837178 [00:03<18:55, 12805298.23B/s]
GAP-kron:   0%|          | 31014912/14570837178 [00:03<17:56, 13502079.88B/s]
GAP-kron:   0%|          | 32374784/14570837178 [00:03<18:15, 13274755.61B/s]
GAP-kron:   0%|          | 33718272/14570837178 [00:03<18:31, 13078758.91B/s]
GAP-kron:   0%|          | 35094528/14570837178 [00:03<18:16, 13258466.39B/s]
GAP-kron:   0%|          | 36438016/14570837178 [00:03<18:22, 13185698.12B/s]
GAP-kron:   0%|          | 38027264/14570837178 [00:03<17:20, 13972529.39B/s]
GAP-kron:   0%|          | 39436288/14570837178 [00:03<17:29, 13851040.45B/s]
GAP-kron:   0%|          | 40828928/14570837178 [00:03<17:33, 13798396.86B/s]
GAP-kron:   0%|          | 42483712/14570837178 [00:04<16:34, 14602434.29B/s]
GAP-kron:   0%|          | 43958272/14570837178 [00:04<16:52, 14343253.76B/s]
GAP-kron:   0%|          | 45400064/14570837178 [00:04<16:55, 14306681.33B/s]
GAP-kron:   0%|          | 47005696/14570837178 [00:04<16:22, 14779561.88B/s]
GAP-kron:   0%|          | 48496640/14570837178 [00:04<16:41, 14499418.77B/s]
GAP-kron:   0%|          | 50135040/14570837178 [00:04<16:05, 15036342.35B/s]
GAP-kron:   0%|          | 51642368/14570837178 [00:04<16:09, 14982963.86B/s]
GAP-kron:   0%|          | 53149696/14570837178 [00:04<16:12, 14935522.21B/s]
GAP-kron:   0%|          | 54788096/14570837178 [00:04<15:45, 15345684.53B/s]
GAP-kron:   0%|          | 56393728/14570837178 [00:04<15:34, 15536240.37B/s]
GAP-kron:   0%|          | 57966592/14570837178 [00:05<15:32, 15569128.65B/s]
GAP-kron:   0%|          | 59539456/14570837178 [00:05<15:38, 15469440.34B/s]
GAP-kron:   0%|          | 61276160/14570837178 [00:05<15:07, 15992563.99B/s]
GAP-kron:   0%|          | 62881792/14570837178 [00:05<15:16, 15834627.26B/s]
GAP-kron:   0%|          | 64520192/14570837178 [00:05<15:09, 15957390.02B/s]
GAP-kron:   0%|          | 66125824/14570837178 [00:05<15:10, 15924151.91B/s]
GAP-kron:   0%|          | 67731456/14570837178 [00:05<15:25, 15666006.68B/s]
GAP-kron:   0%|          | 69337088/14570837178 [00:05<15:22, 15726536.62B/s]
GAP-kron:   0%|          | 70926336/14570837178 [00:05<15:36, 15474916.76B/s]
GAP-kron:   0%|          | 72482816/14570837178 [00:06<15:41, 15395317.36B/s]
GAP-kron:   1%|          | 74039296/14570837178 [00:06<15:39, 15423645.44B/s]
GAP-kron:   1%|          | 75644928/14570837178 [00:06<15:29, 15596522.91B/s]
GAP-kron:   1%|          | 77217792/14570837178 [00:06<15:30, 15583176.49B/s]
GAP-kron:   1%|          | 78790656/14570837178 [00:06<16:27, 14678925.24B/s]
GAP-kron:   1%|          | 80363520/14570837178 [00:06<16:10, 14937886.50B/s]
GAP-kron:   1%|          | 81969152/14570837178 [00:06<15:53, 15196518.52B/s]
GAP-kron:   1%|          | 83509248/14570837178 [00:06<16:45, 14404327.01B/s]
GAP-kron:   1%|          | 85065728/14570837178 [00:06<16:23, 14722589.73B/s]
GAP-kron:   1%|          | 86556672/14570837178 [00:06<17:31, 13769536.51B/s]
GAP-kron:   1%|          | 88096768/14570837178 [00:07<17:04, 14135918.90B/s]
GAP-kron:   1%|          | 89751552/14570837178 [00:07<16:18, 14797993.68B/s]
GAP-kron:   1%|          | 91258880/14570837178 [00:07<17:00, 14189971.71B/s]
GAP-kron:   1%|          | 92864512/14570837178 [00:07<16:26, 14673754.82B/s]
GAP-kron:   1%|          | 94355456/14570837178 [00:07<17:08, 14077854.20B/s]
GAP-kron:   1%|          | 95928320/14570837178 [00:07<16:36, 14530388.45B/s]
GAP-kron:   1%|          | 97615872/14570837178 [00:07<15:52, 15199210.32B/s]
GAP-kron:   1%|          | 99155968/14570837178 [00:07<16:39, 14477206.98B/s]
GAP-kron:   1%|          | 100794368/14570837178 [00:07<16:04, 15001655.41B/s]
GAP-kron:   1%|          | 102318080/14570837178 [00:08<17:00, 14183629.37B/s]
GAP-kron:   1%|          | 103972864/14570837178 [00:08<16:16, 14814194.68B/s]
GAP-kron:   1%|          | 105676800/14570837178 [00:08<15:36, 15440838.87B/s]
GAP-kron:   1%|          | 107249664/14570837178 [00:08<16:24, 14691677.19B/s]
GAP-kron:   1%|          | 108838912/14570837178 [00:08<16:03, 15006519.10B/s]
GAP-kron:   1%|          | 110362624/14570837178 [00:08<16:59, 14181964.88B/s]
GAP-kron:   1%|          | 112017408/14570837178 [00:08<16:18, 14776669.00B/s]
GAP-kron:   1%|          | 113623040/14570837178 [00:08<15:55, 15133162.28B/s]
GAP-kron:   1%|          | 115163136/14570837178 [00:08<16:45, 14375048.88B/s]
GAP-kron:   1%|          | 116752384/14570837178 [00:09<16:17, 14788392.06B/s]
GAP-kron:   1%|          | 118407168/14570837178 [00:09<15:46, 15266087.67B/s]
GAP-kron:   1%|          | 119947264/14570837178 [00:09<16:38, 14471742.57B/s]
GAP-kron:   1%|          | 121618432/14570837178 [00:09<16:00, 15048346.47B/s]
GAP-kron:   1%|          | 123142144/14570837178 [00:09<16:52, 14274184.40B/s]
GAP-kron:   1%|          | 124878848/14570837178 [00:09<15:56, 15109949.98B/s]
GAP-kron:   1%|          | 126418944/14570837178 [00:09<16:40, 14438243.41B/s]
GAP-kron:   1%|          | 128073728/14570837178 [00:09<16:03, 14982267.21B/s]
GAP-kron:   1%|          | 129630208/14570837178 [00:09<15:55, 15119770.45B/s]
GAP-kron:   1%|          | 131153920/14570837178 [00:10<16:57, 14192440.90B/s]
GAP-kron:   1%|          | 132726784/14570837178 [00:10<16:29, 14596878.84B/s]
GAP-kron:   1%|          | 134250496/14570837178 [00:10<16:16, 14778530.90B/s]
GAP-kron:   1%|          | 135741440/14570837178 [00:10<16:52, 14251458.95B/s]
GAP-kron:   1%|          | 137412608/14570837178 [00:10<16:06, 14932071.57B/s]
GAP-kron:   1%|          | 138919936/14570837178 [00:10<17:01, 14125571.06B/s]
GAP-kron:   1%|          | 140558336/14570837178 [00:10<16:19, 14737453.20B/s]
GAP-kron:   1%|          | 142180352/14570837178 [00:10<15:53, 15128417.64B/s]
GAP-kron:   1%|          | 143720448/14570837178 [00:10<16:36, 14472300.81B/s]
GAP-kron:   1%|          | 145457152/14570837178 [00:10<15:45, 15252741.27B/s]
GAP-kron:   1%|          | 146997248/14570837178 [00:11<16:38, 14449830.30B/s]
GAP-kron:   1%|          | 148602880/14570837178 [00:11<16:08, 14894269.29B/s]
GAP-kron:   1%|          | 150208512/14570837178 [00:11<15:48, 15204877.46B/s]
GAP-kron:   1%|          | 151748608/14570837178 [00:11<16:25, 14626540.14B/s]
GAP-kron:   1%|          | 153436160/14570837178 [00:11<15:44, 15262995.79B/s]
GAP-kron:   1%|          | 154976256/14570837178 [00:11<16:27, 14591252.64B/s]
GAP-kron:   1%|          | 156631040/14570837178 [00:11<15:53, 15123490.12B/s]
GAP-kron:   1%|          | 158269440/14570837178 [00:11<15:34, 15414891.40B/s]
GAP-kron:   1%|          | 159825920/14570837178 [00:11<16:26, 14609193.03B/s]
GAP-kron:   1%|          | 161497088/14570837178 [00:12<15:48, 15193341.67B/s]
GAP-kron:   1%|          | 163037184/14570837178 [00:12<16:32, 14520504.80B/s]
GAP-kron:   1%|          | 164757504/14570837178 [00:12<15:46, 15221495.98B/s]
GAP-kron:   1%|          | 166461440/14570837178 [00:12<15:16, 15711684.76B/s]
GAP-kron:   1%|          | 168050688/14570837178 [00:12<15:58, 15031851.27B/s]
GAP-kron:   1%|          | 169639936/14570837178 [00:12<15:43, 15258595.66B/s]
GAP-kron:   1%|          | 171180032/14570837178 [00:12<16:32, 14504544.10B/s]
GAP-kron:   1%|          | 172752896/14570837178 [00:12<16:09, 14845444.61B/s]
GAP-kron:   1%|          | 174407680/14570837178 [00:12<15:39, 15325153.41B/s]
GAP-kron:   1%|          | 175964160/14570837178 [00:13<16:30, 14536275.37B/s]
GAP-kron:   1%|          | 177602560/14570837178 [00:13<15:56, 15045109.92B/s]
GAP-kron:   1%|          | 179126272/14570837178 [00:13<16:46, 14296246.54B/s]
GAP-kron:   1%|          | 180781056/14570837178 [00:13<16:04, 14920210.76B/s]
GAP-kron:   1%|▏         | 182419456/14570837178 [00:13<15:38, 15332746.41B/s]
GAP-kron:   1%|▏         | 183975936/14570837178 [00:13<16:30, 14522722.67B/s]
GAP-kron:   1%|▏         | 185630720/14570837178 [00:13<15:55, 15049839.62B/s]
GAP-kron:   1%|▏         | 187154432/14570837178 [00:13<17:02, 14069676.73B/s]
GAP-kron:   1%|▏         | 188760064/14570837178 [00:13<16:31, 14509506.23B/s]
GAP-kron:   1%|▏         | 190447616/14570837178 [00:14<15:49, 15146242.99B/s]
GAP-kron:   1%|▏         | 191987712/14570837178 [00:14<16:41, 14353289.62B/s]
GAP-kron:   1%|▏         | 193658880/14570837178 [00:14<15:59, 14980125.64B/s]
GAP-kron:   1%|▏         | 195182592/14570837178 [00:14<16:42, 14337024.79B/s]
GAP-kron:   1%|▏         | 196886528/14570837178 [00:14<15:53, 15079720.26B/s]
GAP-kron:   1%|▏         | 198590464/14570837178 [00:14<15:22, 15584756.47B/s]
GAP-kron:   1%|▏         | 200163328/14570837178 [00:14<16:09, 14829380.88B/s]
GAP-kron:   1%|▏         | 201834496/14570837178 [00:14<15:36, 15341203.14B/s]
GAP-kron:   1%|▏         | 203390976/14570837178 [00:14<16:29, 14515720.72B/s]
GAP-kron:   1%|▏         | 205062144/14570837178 [00:14<15:51, 15094894.02B/s]
GAP-kron:   1%|▏         | 206716928/14570837178 [00:15<15:26, 15502572.62B/s]
GAP-kron:   1%|▏         | 208289792/14570837178 [00:15<16:38, 14388296.52B/s]
GAP-kron:   1%|▏         | 209764352/14570837178 [00:15<16:36, 14412029.82B/s]
GAP-kron:   1%|▏         | 211222528/14570837178 [00:15<16:55, 14133893.07B/s]
GAP-kron:   1%|▏         | 212942848/14570837178 [00:15<15:58, 14983288.82B/s]
GAP-kron:   1%|▏         | 214614016/14570837178 [00:15<15:28, 15456499.56B/s]
GAP-kron:   1%|▏         | 216186880/14570837178 [00:15<16:16, 14701477.21B/s]
GAP-kron:   1%|▏         | 217677824/14570837178 [00:15<16:16, 14701640.06B/s]
GAP-kron:   2%|▏         | 219185152/14570837178 [00:15<16:11, 14776966.86B/s]
GAP-kron:   2%|▏         | 220676096/14570837178 [00:16<17:09, 13933310.21B/s]
GAP-kron:   2%|▏         | 222199808/14570837178 [00:16<16:44, 14280085.74B/s]
GAP-kron:   2%|▏         | 223641600/14570837178 [00:16<17:26, 13703705.80B/s]
GAP-kron:   2%|▏         | 225214464/14570837178 [00:16<16:47, 14242746.03B/s]
GAP-kron:   2%|▏         | 226836480/14570837178 [00:16<16:11, 14768831.30B/s]
GAP-kron:   2%|▏         | 228327424/14570837178 [00:16<17:10, 13924683.85B/s]
GAP-kron:   2%|▏         | 229916672/14570837178 [00:16<16:33, 14441870.23B/s]
GAP-kron:   2%|▏         | 231374848/14570837178 [00:16<17:28, 13682399.77B/s]
GAP-kron:   2%|▏         | 233078784/14570837178 [00:16<16:23, 14577535.16B/s]
GAP-kron:   2%|▏         | 234717184/14570837178 [00:17<15:50, 15080975.47B/s]
GAP-kron:   2%|▏         | 236240896/14570837178 [00:17<16:50, 14192618.94B/s]
GAP-kron:   2%|▏         | 237879296/14570837178 [00:17<16:09, 14785940.40B/s]
GAP-kron:   2%|▏         | 239386624/14570837178 [00:17<16:57, 14078647.45B/s]
GAP-kron:   2%|▏         | 240893952/14570837178 [00:17<16:38, 14350579.44B/s]
GAP-kron:   2%|▏         | 242401280/14570837178 [00:17<16:24, 14552882.70B/s]
GAP-kron:   2%|▏         | 243875840/14570837178 [00:17<17:44, 13459806.58B/s]
GAP-kron:   2%|▏         | 245334016/14570837178 [00:17<17:21, 13760918.29B/s]
GAP-kron:   2%|▏         | 246824960/14570837178 [00:17<16:59, 14049801.86B/s]
GAP-kron:   2%|▏         | 248250368/14570837178 [00:18<17:39, 13518620.35B/s]
GAP-kron:   2%|▏         | 249823232/14570837178 [00:18<16:54, 14116246.88B/s]
GAP-kron:   2%|▏         | 251330560/14570837178 [00:18<17:23, 13724331.39B/s]
GAP-kron:   2%|▏         | 252821504/14570837178 [00:18<17:00, 14023970.64B/s]
GAP-kron:   2%|▏         | 254296064/14570837178 [00:18<16:49, 14184620.20B/s]
GAP-kron:   2%|▏         | 255737856/14570837178 [00:18<17:31, 13618061.79B/s]
GAP-kron:   2%|▏         | 257343488/14570837178 [00:18<16:43, 14269278.44B/s]
GAP-kron:   2%|▏         | 258916352/14570837178 [00:18<16:14, 14685340.72B/s]
GAP-kron:   2%|▏         | 260407296/14570837178 [00:18<17:31, 13610402.81B/s]
GAP-kron:   2%|▏         | 262045696/14570837178 [00:18<16:37, 14342839.71B/s]
GAP-kron:   2%|▏         | 263503872/14570837178 [00:19<17:09, 13899320.57B/s]
GAP-kron:   2%|▏         | 265158656/14570837178 [00:19<16:18, 14613808.85B/s]
GAP-kron:   2%|▏         | 266797056/14570837178 [00:19<15:48, 15080343.13B/s]
GAP-kron:   2%|▏         | 268320768/14570837178 [00:19<16:49, 14170129.13B/s]
GAP-kron:   2%|▏         | 269860864/14570837178 [00:19<16:28, 14474611.76B/s]
GAP-kron:   2%|▏         | 271368192/14570837178 [00:19<17:07, 13911082.11B/s]
GAP-kron:   2%|▏         | 272908288/14570837178 [00:19<16:39, 14303943.77B/s]
GAP-kron:   2%|▏         | 274546688/14570837178 [00:19<16:01, 14869600.62B/s]
GAP-kron:   2%|▏         | 276054016/14570837178 [00:19<16:57, 14047621.46B/s]
GAP-kron:   2%|▏         | 277659648/14570837178 [00:20<16:20, 14574083.00B/s]
GAP-kron:   2%|▏         | 279314432/14570837178 [00:20<15:44, 15135779.50B/s]
GAP-kron:   2%|▏         | 280854528/14570837178 [00:20<16:35, 14353124.58B/s]
GAP-kron:   2%|▏         | 282476544/14570837178 [00:20<16:01, 14867069.90B/s]
GAP-kron:   2%|▏         | 283983872/14570837178 [00:20<16:43, 14236235.61B/s]
GAP-kron:   2%|▏         | 285589504/14570837178 [00:20<16:11, 14711553.75B/s]
GAP-kron:   2%|▏         | 287129600/14570837178 [00:20<15:58, 14906656.84B/s]
GAP-kron:   2%|▏         | 288636928/14570837178 [00:20<16:44, 14216004.48B/s]
GAP-kron:   2%|▏         | 290258944/14570837178 [00:20<16:06, 14770235.68B/s]
GAP-kron:   2%|▏         | 291749888/14570837178 [00:21<16:50, 14126208.81B/s]
GAP-kron:   2%|▏         | 293371904/14570837178 [00:21<16:13, 14673239.19B/s]
GAP-kron:   2%|▏         | 294993920/14570837178 [00:21<15:46, 15075622.43B/s]
GAP-kron:   2%|▏         | 296517632/14570837178 [00:21<16:38, 14290212.76B/s]
GAP-kron:   2%|▏         | 298221568/14570837178 [00:21<15:50, 15021544.41B/s]
GAP-kron:   2%|▏         | 299745280/14570837178 [00:21<16:21, 14537398.97B/s]
GAP-kron:   2%|▏         | 301301760/14570837178 [00:21<16:05, 14785143.73B/s]
GAP-kron:   2%|▏         | 302907392/14570837178 [00:21<15:44, 15112895.48B/s]
GAP-kron:   2%|▏         | 304431104/14570837178 [00:21<16:16, 14605379.09B/s]
GAP-kron:   2%|▏         | 306053120/14570837178 [00:21<15:47, 15056721.00B/s]
GAP-kron:   2%|▏         | 307724288/14570837178 [00:22<15:20, 15493209.12B/s]
GAP-kron:   2%|▏         | 309280768/14570837178 [00:22<16:12, 14671163.97B/s]
GAP-kron:   2%|▏         | 311017472/14570837178 [00:22<15:25, 15410781.67B/s]
GAP-kron:   2%|▏         | 312573952/14570837178 [00:22<16:17, 14581823.34B/s]
GAP-kron:   2%|▏         | 314064896/14570837178 [00:22<16:12, 14652493.45B/s]
GAP-kron:   2%|▏         | 315621376/14570837178 [00:22<15:56, 14904023.84B/s]
GAP-kron:   2%|▏         | 317128704/14570837178 [00:22<16:49, 14113668.94B/s]
GAP-kron:   2%|▏         | 318734336/14570837178 [00:22<16:14, 14625846.61B/s]
GAP-kron:   2%|▏         | 320225280/14570837178 [00:22<16:59, 13982257.03B/s]
GAP-kron:   2%|▏         | 321847296/14570837178 [00:23<16:18, 14563681.07B/s]
GAP-kron:   2%|▏         | 323502080/14570837178 [00:23<15:42, 15109617.38B/s]
GAP-kron:   2%|▏         | 325025792/14570837178 [00:23<16:20, 14534946.21B/s]
GAP-kron:   2%|▏         | 326680576/14570837178 [00:23<15:43, 15098691.58B/s]
GAP-kron:   2%|▏         | 328204288/14570837178 [00:23<16:22, 14502266.18B/s]
GAP-kron:   2%|▏         | 329875456/14570837178 [00:23<15:42, 15110077.09B/s]
GAP-kron:   2%|▏         | 331579392/14570837178 [00:23<15:11, 15623901.93B/s]
GAP-kron:   2%|▏         | 333152256/14570837178 [00:23<16:03, 14779556.37B/s]
GAP-kron:   2%|▏         | 334725120/14570837178 [00:23<15:48, 15003018.66B/s]
GAP-kron:   2%|▏         | 336248832/14570837178 [00:24<16:41, 14212523.48B/s]
GAP-kron:   2%|▏         | 337854464/14570837178 [00:24<16:07, 14714828.13B/s]
GAP-kron:   2%|▏         | 339394560/14570837178 [00:24<15:55, 14890046.79B/s]
GAP-kron:   2%|▏         | 340901888/14570837178 [00:24<16:42, 14197140.40B/s]
GAP-kron:   2%|▏         | 342425600/14570837178 [00:24<16:22, 14487946.18B/s]
GAP-kron:   2%|▏         | 343900160/14570837178 [00:24<17:23, 13637475.83B/s]
GAP-kron:   2%|▏         | 345423872/14570837178 [00:24<16:50, 14075533.26B/s]
GAP-kron:   2%|▏         | 346996736/14570837178 [00:24<16:19, 14514380.03B/s]
GAP-kron:   2%|▏         | 348471296/14570837178 [00:24<16:56, 13993585.03B/s]
GAP-kron:   2%|▏         | 350044160/14570837178 [00:25<16:22, 14470283.08B/s]
GAP-kron:   2%|▏         | 351617024/14570837178 [00:25<15:59, 14822593.74B/s]
GAP-kron:   2%|▏         | 353124352/14570837178 [00:25<16:44, 14153794.77B/s]
GAP-kron:   2%|▏         | 354680832/14570837178 [00:25<16:19, 14518890.40B/s]
GAP-kron:   2%|▏         | 356155392/14570837178 [00:25<17:11, 13785836.78B/s]
GAP-kron:   2%|▏         | 357695488/14570837178 [00:25<16:39, 14214150.67B/s]
GAP-kron:   2%|▏         | 359333888/14570837178 [00:25<16:01, 14784955.12B/s]
GAP-kron:   2%|▏         | 360824832/14570837178 [00:25<16:45, 14132119.74B/s]
GAP-kron:   2%|▏         | 362496000/14570837178 [00:25<15:58, 14817958.37B/s]
GAP-kron:   2%|▏         | 364003328/14570837178 [00:25<17:01, 13904815.50B/s]
GAP-kron:   3%|▎         | 365527040/14570837178 [00:26<16:36, 14262008.90B/s]
GAP-kron:   3%|▎         | 367083520/14570837178 [00:26<16:11, 14623722.92B/s]
GAP-kron:   3%|▎         | 368574464/14570837178 [00:26<16:56, 13977346.80B/s]
GAP-kron:   3%|▎         | 370147328/14570837178 [00:26<16:21, 14466645.68B/s]
GAP-kron:   3%|▎         | 371802112/14570837178 [00:26<15:44, 15040372.06B/s]
GAP-kron:   3%|▎         | 373325824/14570837178 [00:26<16:33, 14295223.08B/s]
GAP-kron:   3%|▎         | 374964224/14570837178 [00:26<15:55, 14857637.65B/s]
GAP-kron:   3%|▎         | 376471552/14570837178 [00:26<17:04, 13860037.63B/s]
GAP-kron:   3%|▎         | 378044416/14570837178 [00:26<16:27, 14370236.05B/s]
GAP-kron:   3%|▎         | 379551744/14570837178 [00:27<16:14, 14568038.20B/s]
GAP-kron:   3%|▎         | 381026304/14570837178 [00:27<17:01, 13893172.88B/s]
GAP-kron:   3%|▎         | 382795776/14570837178 [00:27<15:48, 14956125.52B/s]
GAP-kron:   3%|▎         | 384319488/14570837178 [00:27<16:39, 14191344.14B/s]
GAP-kron:   3%|▎         | 386105344/14570837178 [00:27<15:34, 15176385.93B/s]
GAP-kron:   3%|▎         | 387874816/14570837178 [00:27<14:52, 15882671.97B/s]
GAP-kron:   3%|▎         | 389496832/14570837178 [00:27<15:33, 15194269.55B/s]
GAP-kron:   3%|▎         | 391299072/14570837178 [00:27<14:47, 15980687.99B/s]
GAP-kron:   3%|▎         | 392921088/14570837178 [00:27<15:30, 15230835.66B/s]
GAP-kron:   3%|▎         | 394625024/14570837178 [00:28<15:02, 15699105.01B/s]
GAP-kron:   3%|▎         | 396214272/14570837178 [00:28<15:38, 15100476.17B/s]
GAP-kron:   3%|▎         | 398000128/14570837178 [00:28<14:52, 15871350.18B/s]
GAP-kron:   3%|▎         | 399785984/14570837178 [00:28<14:23, 16413940.86B/s]
GAP-kron:   3%|▎         | 401440768/14570837178 [00:28<15:12, 15535995.68B/s]
GAP-kron:   3%|▎         | 403210240/14570837178 [00:28<14:37, 16137857.02B/s]
GAP-kron:   3%|▎         | 404848640/14570837178 [00:28<15:27, 15272581.21B/s]
GAP-kron:   3%|▎         | 406650880/14570837178 [00:28<14:45, 15999565.83B/s]
GAP-kron:   3%|▎         | 408272896/14570837178 [00:28<15:26, 15282493.27B/s]
GAP-kron:   3%|▎         | 410042368/14570837178 [00:29<14:48, 15942042.64B/s]
GAP-kron:   3%|▎         | 411811840/14570837178 [00:29<14:22, 16407373.33B/s]
GAP-kron:   3%|▎         | 413466624/14570837178 [00:29<15:08, 15583311.45B/s]
GAP-kron:   3%|▎         | 415154176/14570837178 [00:29<14:48, 15941044.85B/s]
GAP-kron:   3%|▎         | 416776192/14570837178 [00:29<15:18, 15415897.89B/s]
GAP-kron:   3%|▎         | 418529280/14570837178 [00:29<14:44, 16000218.10B/s]
GAP-kron:   3%|▎         | 420151296/14570837178 [00:29<15:21, 15363417.85B/s]
GAP-kron:   3%|▎         | 421986304/14570837178 [00:29<14:34, 16179973.12B/s]
GAP-kron:   3%|▎         | 423788544/14570837178 [00:29<14:07, 16691344.48B/s]
GAP-kron:   3%|▎         | 425476096/14570837178 [00:29<14:52, 15844063.87B/s]
GAP-kron:   3%|▎         | 427311104/14570837178 [00:30<14:15, 16535379.85B/s]
GAP-kron:   3%|▎         | 428982272/14570837178 [00:30<14:57, 15755551.12B/s]
GAP-kron:   3%|▎         | 430718976/14570837178 [00:30<14:33, 16186739.42B/s]
GAP-kron:   3%|▎         | 432357376/14570837178 [00:30<15:22, 15329441.82B/s]
GAP-kron:   3%|▎         | 434077696/14570837178 [00:30<14:52, 15837041.72B/s]
GAP-kron:   3%|▎         | 435847168/14570837178 [00:30<14:25, 16336958.87B/s]
GAP-kron:   3%|▎         | 437501952/14570837178 [00:30<15:22, 15321440.50B/s]
GAP-kron:   3%|▎         | 439173120/14570837178 [00:30<15:01, 15675945.08B/s]
GAP-kron:   3%|▎         | 440762368/14570837178 [00:30<15:40, 15023235.38B/s]
GAP-kron:   3%|▎         | 442515456/14570837178 [00:31<14:59, 15700914.37B/s]
GAP-kron:   3%|▎         | 444252160/14570837178 [00:31<14:54, 15795948.50B/s]
GAP-kron:   3%|▎         | 446021632/14570837178 [00:31<14:26, 16299467.92B/s]
GAP-kron:   3%|▎         | 447823872/14570837178 [00:31<14:02, 16757628.31B/s]
GAP-kron:   3%|▎         | 449511424/14570837178 [00:31<14:49, 15872696.32B/s]
GAP-kron:   3%|▎         | 451297280/14570837178 [00:31<14:20, 16402375.34B/s]
GAP-kron:   3%|▎         | 452952064/14570837178 [00:31<15:14, 15439511.42B/s]
GAP-kron:   3%|▎         | 454737920/14570837178 [00:31<14:38, 16067327.95B/s]
GAP-kron:   3%|▎         | 456392704/14570837178 [00:31<14:33, 16149613.38B/s]
GAP-kron:   3%|▎         | 458031104/14570837178 [00:32<14:39, 16051146.83B/s]
GAP-kron:   3%|▎         | 459702272/14570837178 [00:32<14:28, 16238430.33B/s]
GAP-kron:   3%|▎         | 461340672/14570837178 [00:32<14:59, 15685539.24B/s]
GAP-kron:   3%|▎         | 463077376/14570837178 [00:32<14:32, 16162089.76B/s]
GAP-kron:   3%|▎         | 464814080/14570837178 [00:32<14:16, 16474735.40B/s]
GAP-kron:   3%|▎         | 466468864/14570837178 [00:32<15:12, 15451524.50B/s]
GAP-kron:   3%|▎         | 468271104/14570837178 [00:32<14:34, 16132869.71B/s]
GAP-kron:   3%|▎         | 469909504/14570837178 [00:32<15:13, 15430416.57B/s]
GAP-kron:   3%|▎         | 471629824/14570837178 [00:32<14:47, 15889328.41B/s]
GAP-kron:   3%|▎         | 473235456/14570837178 [00:33<15:34, 15080683.33B/s]
GAP-kron:   3%|▎         | 475004928/14570837178 [00:33<14:52, 15801381.63B/s]
GAP-kron:   3%|▎         | 476741632/14570837178 [00:33<14:29, 16216865.89B/s]
GAP-kron:   3%|▎         | 478380032/14570837178 [00:33<15:10, 15477601.94B/s]
GAP-kron:   3%|▎         | 480133120/14570837178 [00:33<14:39, 16026221.43B/s]
GAP-kron:   3%|▎         | 481755136/14570837178 [00:33<15:24, 15235743.74B/s]
GAP-kron:   3%|▎         | 483573760/14570837178 [00:33<14:37, 16048383.55B/s]
GAP-kron:   3%|▎         | 485195776/14570837178 [00:33<15:17, 15355252.90B/s]
GAP-kron:   3%|▎         | 486965248/14570837178 [00:33<14:40, 15990399.95B/s]
GAP-kron:   3%|▎         | 488587264/14570837178 [00:33<14:43, 15936096.25B/s]
GAP-kron:   3%|▎         | 490192896/14570837178 [00:34<15:21, 15275095.52B/s]
GAP-kron:   3%|▎         | 492011520/14570837178 [00:34<14:36, 16070273.03B/s]
GAP-kron:   3%|▎         | 493633536/14570837178 [00:34<15:16, 15362451.54B/s]
GAP-kron:   3%|▎         | 495419392/14570837178 [00:34<14:36, 16054754.52B/s]
GAP-kron:   3%|▎         | 497057792/14570837178 [00:34<14:31, 16144696.02B/s]
GAP-kron:   3%|▎         | 498696192/14570837178 [00:34<15:28, 15162075.00B/s]
GAP-kron:   3%|▎         | 500416512/14570837178 [00:34<14:55, 15711344.87B/s]
GAP-kron:   3%|▎         | 502005760/14570837178 [00:34<15:30, 15125707.81B/s]
GAP-kron:   3%|▎         | 503676928/14570837178 [00:34<15:03, 15567563.00B/s]
GAP-kron:   3%|▎         | 505249792/14570837178 [00:35<15:48, 14826059.72B/s]
GAP-kron:   3%|▎         | 506970112/14570837178 [00:35<15:08, 15479133.32B/s]
GAP-kron:   3%|▎         | 508739584/14570837178 [00:35<14:34, 16087406.20B/s]
GAP-kron:   4%|▎         | 510361600/14570837178 [00:35<15:17, 15331684.26B/s]
GAP-kron:   4%|▎         | 512081920/14570837178 [00:35<14:49, 15811554.67B/s]
GAP-kron:   4%|▎         | 513687552/14570837178 [00:35<15:23, 15225414.86B/s]
GAP-kron:   4%|▎         | 515457024/14570837178 [00:35<14:45, 15874508.53B/s]
GAP-kron:   4%|▎         | 517226496/14570837178 [00:35<14:18, 16376028.24B/s]
GAP-kron:   4%|▎         | 518881280/14570837178 [00:35<15:01, 15589421.38B/s]
GAP-kron:   4%|▎         | 520601600/14570837178 [00:36<14:37, 16006216.70B/s]
GAP-kron:   4%|▎         | 522223616/14570837178 [00:36<15:21, 15245859.20B/s]
GAP-kron:   4%|▎         | 524009472/14570837178 [00:36<14:41, 15928422.32B/s]
GAP-kron:   4%|▎         | 525631488/14570837178 [00:36<15:20, 15256284.97B/s]
GAP-kron:   4%|▎         | 527351808/14570837178 [00:36<14:49, 15794144.26B/s]
GAP-kron:   4%|▎         | 529154048/14570837178 [00:36<14:16, 16401432.65B/s]
GAP-kron:   4%|▎         | 530808832/14570837178 [00:36<14:53, 15718931.17B/s]
GAP-kron:   4%|▎         | 532627456/14570837178 [00:36<14:16, 16382193.25B/s]
GAP-kron:   4%|▎         | 534282240/14570837178 [00:36<14:57, 15645377.97B/s]
GAP-kron:   4%|▎         | 536051712/14570837178 [00:36<14:25, 16207468.95B/s]
GAP-kron:   4%|▎         | 537690112/14570837178 [00:37<15:11, 15394439.36B/s]
GAP-kron:   4%|▎         | 539443200/14570837178 [00:37<14:38, 15978628.20B/s]
GAP-kron:   4%|▎         | 541245440/14570837178 [00:37<14:09, 16517728.28B/s]
GAP-kron:   4%|▎         | 542916608/14570837178 [00:37<14:51, 15732418.15B/s]
GAP-kron:   4%|▎         | 544702464/14570837178 [00:37<14:19, 16318051.03B/s]
GAP-kron:   4%|▎         | 546357248/14570837178 [00:37<15:03, 15519720.15B/s]
GAP-kron:   4%|▍         | 548061184/14570837178 [00:37<14:40, 15927343.93B/s]
GAP-kron:   4%|▍         | 549732352/14570837178 [00:37<14:29, 16126335.43B/s]
GAP-kron:   4%|▍         | 551370752/14570837178 [00:37<14:38, 15966653.72B/s]
GAP-kron:   4%|▍         | 553123840/14570837178 [00:38<14:14, 16407237.18B/s]
GAP-kron:   4%|▍         | 554778624/14570837178 [00:38<14:56, 15635423.53B/s]
GAP-kron:   4%|▍         | 556384256/14570837178 [00:38<14:50, 15740107.24B/s]
GAP-kron:   4%|▍         | 557989888/14570837178 [00:38<15:30, 15052922.75B/s]
GAP-kron:   4%|▍         | 559710208/14570837178 [00:38<14:56, 15623589.26B/s]
GAP-kron:   4%|▍         | 561332224/14570837178 [00:38<14:48, 15768024.78B/s]
GAP-kron:   4%|▍         | 562921472/14570837178 [00:38<15:37, 14947225.43B/s]
GAP-kron:   4%|▍         | 564674560/14570837178 [00:38<14:56, 15628907.42B/s]
GAP-kron:   4%|▍         | 566263808/14570837178 [00:38<15:36, 14956722.68B/s]
GAP-kron:   4%|▍         | 567984128/14570837178 [00:39<15:00, 15550956.76B/s]
GAP-kron:   4%|▍         | 569671680/14570837178 [00:39<14:40, 15897823.61B/s]
GAP-kron:   4%|▍         | 571277312/14570837178 [00:39<15:20, 15200956.73B/s]
GAP-kron:   4%|▍         | 572981248/14570837178 [00:39<14:52, 15689868.31B/s]
GAP-kron:   4%|▍         | 574570496/14570837178 [00:39<15:25, 15121932.08B/s]
GAP-kron:   4%|▍         | 576307200/14570837178 [00:39<14:51, 15689198.84B/s]
GAP-kron:   4%|▍         | 578109440/14570837178 [00:39<14:16, 16337999.19B/s]
GAP-kron:   4%|▍         | 579764224/14570837178 [00:39<15:00, 15539265.34B/s]
GAP-kron:   4%|▍         | 581337088/14570837178 [00:39<15:10, 15360846.11B/s]
GAP-kron:   4%|▍         | 582893568/14570837178 [00:39<15:39, 14896116.45B/s]
GAP-kron:   4%|▍         | 584646656/14570837178 [00:40<14:56, 15595824.01B/s]
GAP-kron:   4%|▍         | 586399744/14570837178 [00:40<14:26, 16132418.30B/s]
GAP-kron:   4%|▍         | 588038144/14570837178 [00:40<15:14, 15291415.04B/s]
GAP-kron:   4%|▍         | 589807616/14570837178 [00:40<14:37, 15937228.43B/s]
GAP-kron:   4%|▍         | 591429632/14570837178 [00:40<15:10, 15358616.76B/s]
GAP-kron:   4%|▍         | 593264640/14570837178 [00:40<14:23, 16195358.12B/s]
GAP-kron:   4%|▍         | 594903040/14570837178 [00:40<14:56, 15595997.26B/s]
GAP-kron:   4%|▍         | 596721664/14570837178 [00:40<14:16, 16309201.64B/s]
GAP-kron:   4%|▍         | 598491136/14570837178 [00:40<13:57, 16687788.39B/s]
GAP-kron:   4%|▍         | 600178688/14570837178 [00:41<14:50, 15695624.94B/s]
GAP-kron:   4%|▍         | 601948160/14570837178 [00:41<14:21, 16222227.05B/s]
GAP-kron:   4%|▍         | 603586560/14570837178 [00:41<25:38, 9080623.17B/s] 
GAP-kron:   4%|▍         | 605143040/14570837178 [00:41<22:39, 10269104.10B/s]
GAP-kron:   4%|▍         | 606732288/14570837178 [00:41<20:20, 11440718.73B/s]
GAP-kron:   4%|▍         | 608403456/14570837178 [00:41<18:23, 12649399.56B/s]
GAP-kron:   4%|▍         | 610222080/14570837178 [00:41<16:37, 13990027.84B/s]
GAP-kron:   4%|▍         | 611827712/14570837178 [00:42<16:12, 14357591.07B/s]
GAP-kron:   4%|▍         | 613531648/14570837178 [00:42<15:27, 15044013.59B/s]
GAP-kron:   4%|▍         | 615153664/14570837178 [00:42<15:10, 15328586.41B/s]
GAP-kron:   4%|▍         | 616775680/14570837178 [00:42<15:42, 14800780.14B/s]
GAP-kron:   4%|▍         | 618577920/14570837178 [00:42<14:49, 15684281.08B/s]
GAP-kron:   4%|▍         | 620199936/14570837178 [00:42<15:28, 15022356.19B/s]
GAP-kron:   4%|▍         | 621985792/14570837178 [00:42<14:43, 15794688.43B/s]
GAP-kron:   4%|▍         | 623656960/14570837178 [00:42<15:17, 15197802.90B/s]
GAP-kron:   4%|▍         | 625475584/14570837178 [00:42<14:31, 15994296.56B/s]
GAP-kron:   4%|▍         | 627277824/14570837178 [00:43<14:02, 16545925.03B/s]
GAP-kron:   4%|▍         | 628965376/14570837178 [00:43<14:42, 15796288.30B/s]
GAP-kron:   4%|▍         | 630734848/14570837178 [00:43<14:15, 16302822.94B/s]
GAP-kron:   4%|▍         | 632389632/14570837178 [00:43<14:55, 15560482.08B/s]
GAP-kron:   4%|▍         | 634159104/14570837178 [00:43<14:23, 16138594.52B/s]
GAP-kron:   4%|▍         | 635797504/14570837178 [00:43<15:15, 15220060.19B/s]
GAP-kron:   4%|▍         | 637648896/14570837178 [00:43<14:25, 16094004.46B/s]
GAP-kron:   4%|▍         | 639467520/14570837178 [00:43<13:55, 16672078.18B/s]
GAP-kron:   4%|▍         | 641155072/14570837178 [00:43<14:53, 15590376.53B/s]
GAP-kron:   4%|▍         | 642809856/14570837178 [00:44<14:40, 15814428.91B/s]
GAP-kron:   4%|▍         | 644415488/14570837178 [00:44<15:20, 15125546.98B/s]
GAP-kron:   4%|▍         | 646152192/14570837178 [00:44<14:44, 15742723.43B/s]
GAP-kron:   4%|▍         | 647757824/14570837178 [00:44<15:23, 15068823.05B/s]
GAP-kron:   4%|▍         | 649478144/14570837178 [00:44<14:50, 15637505.34B/s]
GAP-kron:   4%|▍         | 651100160/14570837178 [00:44<14:41, 15791738.15B/s]
GAP-kron:   4%|▍         | 652705792/14570837178 [00:44<15:24, 15054580.73B/s]
GAP-kron:   4%|▍         | 654426112/14570837178 [00:44<14:50, 15630928.66B/s]
GAP-kron:   5%|▍         | 656015360/14570837178 [00:44<15:27, 14998152.78B/s]
GAP-kron:   5%|▍         | 657752064/14570837178 [00:44<14:49, 15645173.94B/s]
GAP-kron:   5%|▍         | 659521536/14570837178 [00:45<14:17, 16225509.96B/s]
GAP-kron:   5%|▍         | 661159936/14570837178 [00:45<15:18, 15143273.72B/s]
GAP-kron:   5%|▍         | 662863872/14570837178 [00:45<14:48, 15652447.54B/s]
GAP-kron:   5%|▍         | 664453120/14570837178 [00:45<15:24, 15049773.28B/s]
GAP-kron:   5%|▍         | 666140672/14570837178 [00:45<14:55, 15528510.10B/s]
GAP-kron:   5%|▍         | 667713536/14570837178 [00:45<15:43, 14733358.86B/s]
GAP-kron:   5%|▍         | 669466624/14570837178 [00:45<14:57, 15493200.51B/s]
GAP-kron:   5%|▍         | 671105024/14570837178 [00:45<14:46, 15680528.45B/s]
GAP-kron:   5%|▍         | 672694272/14570837178 [00:45<15:26, 15001538.62B/s]
GAP-kron:   5%|▍         | 674398208/14570837178 [00:46<14:53, 15555846.34B/s]
GAP-kron:   5%|▍         | 675971072/14570837178 [00:46<15:23, 15041251.84B/s]
GAP-kron:   5%|▍         | 677740544/14570837178 [00:46<14:41, 15759083.95B/s]
GAP-kron:   5%|▍         | 679493632/14570837178 [00:46<14:17, 16207457.59B/s]
GAP-kron:   5%|▍         | 681132032/14570837178 [00:46<15:14, 15193176.81B/s]
GAP-kron:   5%|▍         | 682704896/14570837178 [00:46<15:06, 15317595.02B/s]
GAP-kron:   5%|▍         | 684261376/14570837178 [00:46<15:56, 14525036.46B/s]
GAP-kron:   5%|▍         | 685998080/14570837178 [00:46<15:09, 15273042.64B/s]
GAP-kron:   5%|▍         | 687652864/14570837178 [00:46<14:48, 15627568.35B/s]
GAP-kron:   5%|▍         | 689242112/14570837178 [00:47<15:35, 14846273.19B/s]
GAP-kron:   5%|▍         | 690929664/14570837178 [00:47<15:02, 15382369.21B/s]
GAP-kron:   5%|▍         | 692486144/14570837178 [00:47<16:07, 14348291.11B/s]
GAP-kron:   5%|▍         | 694108160/14570837178 [00:47<15:35, 14826505.74B/s]
GAP-kron:   5%|▍         | 695648256/14570837178 [00:47<16:21, 14132808.82B/s]
GAP-kron:   5%|▍         | 697286656/14570837178 [00:47<15:40, 14744136.90B/s]
GAP-kron:   5%|▍         | 698974208/14570837178 [00:47<15:04, 15332244.24B/s]
GAP-kron:   5%|▍         | 700530688/14570837178 [00:47<15:35, 14828093.52B/s]
GAP-kron:   5%|▍         | 702169088/14570837178 [00:47<15:08, 15260132.35B/s]
GAP-kron:   5%|▍         | 703709184/14570837178 [00:48<15:48, 14618454.53B/s]
GAP-kron:   5%|▍         | 705445888/14570837178 [00:48<15:02, 15360157.30B/s]
GAP-kron:   5%|▍         | 707149824/14570837178 [00:48<14:36, 15822460.08B/s]
GAP-kron:   5%|▍         | 708755456/14570837178 [00:48<15:28, 14933549.28B/s]
GAP-kron:   5%|▍         | 710508544/14570837178 [00:48<14:46, 15627076.45B/s]
GAP-kron:   5%|▍         | 712097792/14570837178 [00:48<15:23, 15005266.23B/s]
GAP-kron:   5%|▍         | 713834496/14570837178 [00:48<14:46, 15624291.25B/s]
GAP-kron:   5%|▍         | 715423744/14570837178 [00:48<14:45, 15642197.32B/s]
GAP-kron:   5%|▍         | 717012992/14570837178 [00:48<15:44, 14670624.27B/s]
GAP-kron:   5%|▍         | 718700544/14570837178 [00:48<15:06, 15278541.28B/s]
GAP-kron:   5%|▍         | 720257024/14570837178 [00:49<15:49, 14583099.07B/s]
GAP-kron:   5%|▍         | 721895424/14570837178 [00:49<15:19, 15067097.22B/s]
GAP-kron:   5%|▍         | 723582976/14570837178 [00:49<14:49, 15568671.55B/s]
GAP-kron:   5%|▍         | 725155840/14570837178 [00:49<15:48, 14590567.34B/s]
GAP-kron:   5%|▍         | 726859776/14570837178 [00:49<15:07, 15253972.33B/s]
GAP-kron:   5%|▍         | 728416256/14570837178 [00:49<16:00, 14410990.19B/s]
GAP-kron:   5%|▌         | 730152960/14570837178 [00:49<15:10, 15195758.56B/s]
GAP-kron:   5%|▌         | 731693056/14570837178 [00:49<15:07, 15243290.67B/s]
GAP-kron:   5%|▌         | 733233152/14570837178 [00:49<15:46, 14623493.50B/s]
GAP-kron:   5%|▌         | 734806016/14570837178 [00:50<15:28, 14901044.79B/s]
GAP-kron:   5%|▌         | 736313344/14570837178 [00:50<15:58, 14432793.20B/s]
GAP-kron:   5%|▌         | 737984512/14570837178 [00:50<15:20, 15030244.41B/s]
GAP-kron:   5%|▌         | 739524608/14570837178 [00:50<15:14, 15121466.69B/s]
GAP-kron:   5%|▌         | 741048320/14570837178 [00:50<15:58, 14431460.81B/s]
GAP-kron:   5%|▌         | 742653952/14570837178 [00:50<15:30, 14858002.28B/s]
GAP-kron:   5%|▌         | 744161280/14570837178 [00:50<16:06, 14310346.99B/s]
GAP-kron:   5%|▌         | 745799680/14570837178 [00:50<15:29, 14866661.52B/s]
GAP-kron:   5%|▌         | 747470848/14570837178 [00:50<14:58, 15379109.92B/s]
GAP-kron:   5%|▌         | 749027328/14570837178 [00:51<15:45, 14614432.80B/s]
GAP-kron:   5%|▌         | 750632960/14570837178 [00:51<15:21, 15004304.33B/s]
GAP-kron:   5%|▌         | 752156672/14570837178 [00:51<15:59, 14402925.02B/s]
GAP-kron:   5%|▌         | 753795072/14570837178 [00:51<15:26, 14913733.48B/s]
GAP-kron:   5%|▌         | 755482624/14570837178 [00:51<14:53, 15463823.90B/s]
GAP-kron:   5%|▌         | 757055488/14570837178 [00:51<15:51, 14521623.50B/s]
GAP-kron:   5%|▌         | 758792192/14570837178 [00:51<15:04, 15273732.85B/s]
GAP-kron:   5%|▌         | 760348672/14570837178 [00:51<15:44, 14617882.34B/s]
GAP-kron:   5%|▌         | 761937920/14570837178 [00:51<15:22, 14965338.87B/s]
GAP-kron:   5%|▌         | 763592704/14570837178 [00:51<14:56, 15405145.76B/s]
GAP-kron:   5%|▌         | 765149184/14570837178 [00:52<15:49, 14535611.60B/s]
GAP-kron:   5%|▌         | 766885888/14570837178 [00:52<15:03, 15286602.97B/s]
GAP-kron:   5%|▌         | 768442368/14570837178 [00:52<15:55, 14438780.06B/s]
GAP-kron:   5%|▌         | 770179072/14570837178 [00:52<15:07, 15212163.99B/s]
GAP-kron:   5%|▌         | 771768320/14570837178 [00:52<15:02, 15289225.29B/s]
GAP-kron:   5%|▌         | 773324800/14570837178 [00:52<15:48, 14545663.32B/s]
GAP-kron:   5%|▌         | 775045120/14570837178 [00:52<15:04, 15246942.73B/s]
GAP-kron:   5%|▌         | 776585216/14570837178 [00:52<16:01, 14350738.16B/s]
GAP-kron:   5%|▌         | 778141696/14570837178 [00:52<15:40, 14663085.59B/s]
GAP-kron:   5%|▌         | 779698176/14570837178 [00:53<15:26, 14880933.22B/s]
GAP-kron:   5%|▌         | 781205504/14570837178 [00:53<16:14, 14153422.66B/s]
GAP-kron:   5%|▌         | 782663680/14570837178 [00:53<16:07, 14249222.40B/s]
GAP-kron:   5%|▌         | 784252928/14570837178 [00:53<15:37, 14707104.30B/s]
GAP-kron:   5%|▌         | 785743872/14570837178 [00:53<16:40, 13772631.66B/s]
GAP-kron:   5%|▌         | 787431424/14570837178 [00:53<15:43, 14602968.72B/s]
GAP-kron:   5%|▌         | 788922368/14570837178 [00:53<16:23, 14019245.41B/s]
GAP-kron:   5%|▌         | 790462464/14570837178 [00:53<16:00, 14347918.51B/s]
GAP-kron:   5%|▌         | 792100864/14570837178 [00:53<15:26, 14876697.84B/s]
GAP-kron:   5%|▌         | 793608192/14570837178 [00:54<15:59, 14359038.50B/s]
GAP-kron:   5%|▌         | 795344896/14570837178 [00:54<15:07, 15183118.54B/s]
GAP-kron:   5%|▌         | 796884992/14570837178 [00:54<15:46, 14552509.38B/s]
GAP-kron:   5%|▌         | 798556160/14570837178 [00:54<15:08, 15152724.98B/s]
GAP-kron:   5%|▌         | 800260096/14570837178 [00:54<14:39, 15663309.17B/s]
GAP-kron:   6%|▌         | 801849344/14570837178 [00:54<15:18, 14992886.72B/s]
GAP-kron:   6%|▌         | 803536896/14570837178 [00:54<14:47, 15512999.76B/s]
GAP-kron:   6%|▌         | 805109760/14570837178 [00:54<15:26, 14864702.87B/s]
GAP-kron:   6%|▌         | 806846464/14570837178 [00:54<14:46, 15531583.75B/s]
GAP-kron:   6%|▌         | 808419328/14570837178 [00:55<14:47, 15515599.56B/s]
GAP-kron:   6%|▌         | 809992192/14570837178 [00:55<15:42, 14597856.93B/s]
GAP-kron:   6%|▌         | 811597824/14570837178 [00:55<15:17, 14996912.13B/s]
GAP-kron:   6%|▌         | 813121536/14570837178 [00:55<16:25, 13966605.91B/s]
GAP-kron:   6%|▌         | 814612480/14570837178 [00:55<16:07, 14220072.89B/s]
GAP-kron:   6%|▌         | 816349184/14570837178 [00:55<15:12, 15073012.15B/s]
GAP-kron:   6%|▌         | 817889280/14570837178 [00:55<15:52, 14434965.09B/s]
GAP-kron:   6%|▌         | 819511296/14570837178 [00:55<15:22, 14903057.78B/s]
GAP-kron:   6%|▌         | 821018624/14570837178 [00:55<16:20, 14021536.41B/s]
GAP-kron:   6%|▌         | 822689792/14570837178 [00:56<15:33, 14726795.92B/s]
GAP-kron:   6%|▌         | 824262656/14570837178 [00:56<15:16, 15001672.54B/s]
GAP-kron:   6%|▌         | 825786368/14570837178 [00:56<15:52, 14430460.60B/s]
GAP-kron:   6%|▌         | 827326464/14570837178 [00:56<15:36, 14670078.94B/s]
GAP-kron:   6%|▌         | 828915712/14570837178 [00:56<16:00, 14302583.64B/s]
GAP-kron:   6%|▌         | 830652416/14570837178 [00:56<15:07, 15140274.66B/s]
GAP-kron:   6%|▌         | 832323584/14570837178 [00:56<14:41, 15581061.32B/s]
GAP-kron:   6%|▌         | 833896448/14570837178 [00:56<15:25, 14839667.53B/s]

asv: benchmark timed out (timeout 60s)

For parameters: bfs_gap_inputs.GAP/GAP-urand_110168548
INFO root: Dataset suitesparse_matrix.GAP/GAP-urand manifest metadata is stale.

GAP-urand:   0%|          | 0/16766984746 [00:00<?, ?B/s]
GAP-urand:   0%|          | 245760/16766984746 [00:00<2:13:08, 2098748.95B/s]
GAP-urand:   0%|          | 786432/16766984746 [00:00<1:13:35, 3796896.33B/s]
GAP-urand:   0%|          | 1392640/16766984746 [00:00<1:00:39, 4607066.42B/s]
GAP-urand:   0%|          | 2113536/16766984746 [00:00<53:05, 5262557.59B/s]  
GAP-urand:   0%|          | 2916352/16766984746 [00:00<45:13, 6177911.73B/s]
GAP-urand:   0%|          | 3571712/16766984746 [00:00<46:11, 6048757.97B/s]
GAP-urand:   0%|          | 4423680/16766984746 [00:00<41:05, 6797825.48B/s]
GAP-urand:   0%|          | 5308416/16766984746 [00:00<37:38, 7420541.48B/s]
GAP-urand:   0%|          | 6225920/16766984746 [00:00<35:12, 7932596.35B/s]
GAP-urand:   0%|          | 7192576/16766984746 [00:01<33:06, 8437879.46B/s]
GAP-urand:   0%|          | 8159232/16766984746 [00:01<31:43, 8805240.76B/s]
GAP-urand:   0%|          | 9322496/16766984746 [00:01<29:45, 9387688.27B/s]
GAP-urand:   0%|          | 10665984/16766984746 [00:01<26:28, 10547638.34B/s]
GAP-urand:   0%|          | 11730944/16766984746 [00:01<26:26, 10561125.28B/s]
GAP-urand:   0%|          | 13090816/16766984746 [00:01<24:25, 11429533.47B/s]
GAP-urand:   0%|          | 14254080/16766984746 [00:01<24:20, 11473091.46B/s]
GAP-urand:   0%|          | 15728640/16766984746 [00:01<22:28, 12419995.32B/s]
GAP-urand:   0%|          | 17235968/16766984746 [00:01<21:11, 13177579.72B/s]
GAP-urand:   0%|          | 18677760/16766984746 [00:01<20:37, 13531102.56B/s]
GAP-urand:   0%|          | 20217856/16766984746 [00:02<19:50, 14065134.81B/s]
GAP-urand:   0%|          | 21757952/16766984746 [00:02<19:18, 14451736.74B/s]
GAP-urand:   0%|          | 23429120/16766984746 [00:02<18:27, 15123734.48B/s]
GAP-urand:   0%|          | 25182208/16766984746 [00:02<17:46, 15705130.09B/s]
GAP-urand:   0%|          | 26935296/16766984746 [00:02<17:12, 16218599.23B/s]
GAP-urand:   0%|          | 28557312/16766984746 [00:02<17:28, 15961387.96B/s]
GAP-urand:   0%|          | 30162944/16766984746 [00:02<17:33, 15886313.98B/s]
GAP-urand:   0%|          | 31752192/16766984746 [00:02<17:34, 15866816.92B/s]
GAP-urand:   0%|          | 33521664/16766984746 [00:02<17:01, 16378705.20B/s]
GAP-urand:   0%|          | 35307520/16766984746 [00:02<16:36, 16795084.19B/s]
GAP-urand:   0%|          | 37076992/16766984746 [00:03<16:21, 17041491.19B/s]
GAP-urand:   0%|          | 38879232/16766984746 [00:03<16:05, 17326979.03B/s]
GAP-urand:   0%|          | 40648704/16766984746 [00:03<16:01, 17397573.79B/s]
GAP-urand:   0%|          | 42401792/16766984746 [00:03<16:02, 17377930.18B/s]
GAP-urand:   0%|          | 44204032/16766984746 [00:03<15:54, 17526407.31B/s]
GAP-urand:   0%|          | 46006272/16766984746 [00:03<15:47, 17649494.88B/s]
GAP-urand:   0%|          | 47808512/16766984746 [00:03<15:42, 17746610.27B/s]
GAP-urand:   0%|          | 49594368/16766984746 [00:03<15:41, 17747862.82B/s]
GAP-urand:   0%|          | 51380224/16766984746 [00:03<15:45, 17671092.84B/s]
GAP-urand:   0%|          | 53149696/16766984746 [00:03<15:49, 17611816.03B/s]
GAP-urand:   0%|          | 54919168/16766984746 [00:04<15:56, 17465077.92B/s]
GAP-urand:   0%|          | 56672256/16766984746 [00:04<16:15, 17122644.71B/s]
GAP-urand:   0%|          | 58392576/16766984746 [00:04<16:35, 16784216.63B/s]
GAP-urand:   0%|          | 60080128/16766984746 [00:04<16:45, 16621363.28B/s]
GAP-urand:   0%|          | 61751296/16766984746 [00:04<17:00, 16373329.54B/s]
GAP-urand:   0%|          | 63406080/16766984746 [00:04<16:57, 16414628.50B/s]
GAP-urand:   0%|          | 65060864/16766984746 [00:04<17:18, 16086135.62B/s]
GAP-urand:   0%|          | 66732032/16766984746 [00:04<17:08, 16232447.39B/s]
GAP-urand:   0%|          | 68370432/16766984746 [00:04<17:17, 16089410.05B/s]
GAP-urand:   0%|          | 70041600/16766984746 [00:05<17:06, 16260469.31B/s]
GAP-urand:   0%|          | 71712768/16766984746 [00:05<16:59, 16378534.59B/s]
GAP-urand:   0%|          | 73367552/16766984746 [00:05<17:04, 16288874.36B/s]
GAP-urand:   0%|          | 75005952/16766984746 [00:05<17:23, 16001686.70B/s]
GAP-urand:   0%|          | 76611584/16766984746 [00:05<17:51, 15571331.38B/s]
GAP-urand:   0%|          | 78217216/16766984746 [00:05<17:45, 15660957.87B/s]
GAP-urand:   0%|          | 79790080/16766984746 [00:05<17:46, 15645208.87B/s]
GAP-urand:   0%|          | 81362944/16766984746 [00:05<18:52, 14734852.60B/s]
GAP-urand:   0%|          | 83050496/16766984746 [00:05<18:08, 15332389.88B/s]
GAP-urand:   1%|          | 84606976/16766984746 [00:06<19:13, 14460940.30B/s]
GAP-urand:   1%|          | 86196224/16766984746 [00:06<18:45, 14823295.71B/s]
GAP-urand:   1%|          | 87703552/16766984746 [00:06<18:45, 14814146.46B/s]
GAP-urand:   1%|          | 89210880/16766984746 [00:06<19:53, 13971538.46B/s]
GAP-urand:   1%|          | 90734592/16766984746 [00:06<19:24, 14314588.03B/s]
GAP-urand:   1%|          | 92192768/16766984746 [00:06<20:13, 13744159.50B/s]
GAP-urand:   1%|          | 93765632/16766984746 [00:06<19:27, 14287162.54B/s]
GAP-urand:   1%|          | 95436800/16766984746 [00:06<18:35, 14945728.64B/s]
GAP-urand:   1%|          | 96944128/16766984746 [00:06<19:50, 14001169.32B/s]
GAP-urand:   1%|          | 98582528/16766984746 [00:06<18:57, 14655916.61B/s]
GAP-urand:   1%|          | 100073472/16766984746 [00:07<19:40, 14121506.46B/s]
GAP-urand:   1%|          | 101761024/16766984746 [00:07<18:41, 14856382.81B/s]
GAP-urand:   1%|          | 103464960/16766984746 [00:07<17:58, 15448926.82B/s]
GAP-urand:   1%|          | 105037824/16766984746 [00:07<19:08, 14513144.75B/s]
GAP-urand:   1%|          | 106659840/16766984746 [00:07<18:32, 14979131.73B/s]
GAP-urand:   1%|          | 108183552/16766984746 [00:07<19:11, 14472038.00B/s]
GAP-urand:   1%|          | 109969408/16766984746 [00:07<18:00, 15411029.97B/s]
GAP-urand:   1%|          | 111640576/16766984746 [00:07<17:35, 15782158.84B/s]
GAP-urand:   1%|          | 113246208/16766984746 [00:07<18:34, 14939614.48B/s]
GAP-urand:   1%|          | 114966528/16766984746 [00:08<17:49, 15566814.66B/s]
GAP-urand:   1%|          | 116539392/16766984746 [00:08<18:53, 14693172.71B/s]
GAP-urand:   1%|          | 118194176/16766984746 [00:08<18:15, 15202001.65B/s]
GAP-urand:   1%|          | 119881728/16766984746 [00:08<17:44, 15636855.87B/s]
GAP-urand:   1%|          | 121470976/16766984746 [00:08<18:34, 14938202.26B/s]
GAP-urand:   1%|          | 123027456/16766984746 [00:08<18:23, 15081340.52B/s]
GAP-urand:   1%|          | 124551168/16766984746 [00:08<19:19, 14353786.99B/s]
GAP-urand:   1%|          | 126173184/16766984746 [00:08<18:39, 14858856.10B/s]
GAP-urand:   1%|          | 127795200/16766984746 [00:08<18:14, 15206467.93B/s]
GAP-urand:   1%|          | 129335296/16766984746 [00:09<19:05, 14523481.28B/s]
GAP-urand:   1%|          | 130891776/16766984746 [00:09<18:44, 14792158.89B/s]
GAP-urand:   1%|          | 132382720/16766984746 [00:09<19:29, 14224315.47B/s]
GAP-urand:   1%|          | 134070272/16766984746 [00:09<18:31, 14968038.87B/s]
GAP-urand:   1%|          | 135774208/16766984746 [00:09<17:51, 15528565.09B/s]
GAP-urand:   1%|          | 137347072/16766984746 [00:09<19:01, 14566188.81B/s]
GAP-urand:   1%|          | 139018240/16766984746 [00:09<18:16, 15161017.37B/s]
GAP-urand:   1%|          | 140558336/16766984746 [00:09<19:00, 14581292.37B/s]
GAP-urand:   1%|          | 142278656/16766984746 [00:09<18:08, 15277555.46B/s]
GAP-urand:   1%|          | 143933440/16766984746 [00:09<17:45, 15601765.20B/s]
GAP-urand:   1%|          | 145506304/16766984746 [00:10<18:59, 14589943.35B/s]
GAP-urand:   1%|          | 147177472/16766984746 [00:10<18:15, 15170509.80B/s]
GAP-urand:   1%|          | 148717568/16766984746 [00:10<19:24, 14272989.06B/s]
GAP-urand:   1%|          | 150323200/16766984746 [00:10<18:47, 14739832.74B/s]
GAP-urand:   1%|          | 152059904/16766984746 [00:10<17:53, 15471761.84B/s]
GAP-urand:   1%|          | 153632768/16766984746 [00:10<19:18, 14334809.51B/s]
GAP-urand:   1%|          | 155271168/16766984746 [00:10<18:36, 14876122.47B/s]
GAP-urand:   1%|          | 156876800/16766984746 [00:10<19:19, 14330987.72B/s]
GAP-urand:   1%|          | 158498816/16766984746 [00:10<18:39, 14840474.35B/s]
GAP-urand:   1%|          | 160251904/16766984746 [00:11<17:46, 15571022.86B/s]
GAP-urand:   1%|          | 161841152/16766984746 [00:11<18:52, 14656446.33B/s]
GAP-urand:   1%|          | 163545088/16766984746 [00:11<18:05, 15300661.38B/s]
GAP-urand:   1%|          | 165101568/16766984746 [00:11<18:56, 14606816.21B/s]
GAP-urand:   1%|          | 166821888/16766984746 [00:11<18:05, 15290470.84B/s]
GAP-urand:   1%|          | 168591360/16766984746 [00:11<17:21, 15941112.62B/s]
GAP-urand:   1%|          | 170213376/16766984746 [00:11<18:30, 14941723.92B/s]
GAP-urand:   1%|          | 171851776/16766984746 [00:11<18:02, 15331348.10B/s]
GAP-urand:   1%|          | 173408256/16766984746 [00:11<19:24, 14245331.32B/s]
GAP-urand:   1%|          | 175144960/16766984746 [00:12<18:21, 15064181.29B/s]
GAP-urand:   1%|          | 176701440/16766984746 [00:12<18:11, 15195300.93B/s]
GAP-urand:   1%|          | 178241536/16766984746 [00:12<19:24, 14244982.32B/s]
GAP-urand:   1%|          | 180011008/16766984746 [00:12<18:12, 15187777.62B/s]
GAP-urand:   1%|          | 181567488/16766984746 [00:12<18:58, 14573377.27B/s]
GAP-urand:   1%|          | 183271424/16766984746 [00:12<18:07, 15256014.44B/s]
GAP-urand:   1%|          | 184942592/16766984746 [00:12<17:39, 15652425.52B/s]
GAP-urand:   1%|          | 186531840/16766984746 [00:12<18:44, 14739560.41B/s]
GAP-urand:   1%|          | 188203008/16766984746 [00:12<18:06, 15255350.95B/s]
GAP-urand:   1%|          | 189759488/16766984746 [00:13<19:15, 14348220.36B/s]
GAP-urand:   1%|          | 191447040/16766984746 [00:13<18:23, 15024897.30B/s]
GAP-urand:   1%|          | 193150976/16766984746 [00:13<17:43, 15590798.15B/s]
GAP-urand:   1%|          | 194740224/16766984746 [00:13<18:50, 14662166.53B/s]
GAP-urand:   1%|          | 196329472/16766984746 [00:13<18:26, 14970981.17B/s]
GAP-urand:   1%|          | 197853184/16766984746 [00:13<19:43, 14005726.29B/s]
GAP-urand:   1%|          | 199557120/16766984746 [00:13<18:37, 14826238.73B/s]
GAP-urand:   1%|          | 201195520/16766984746 [00:13<18:07, 15230954.62B/s]
GAP-urand:   1%|          | 202752000/16766984746 [00:13<19:20, 14275282.44B/s]
GAP-urand:   1%|          | 204455936/16766984746 [00:14<18:23, 15007500.09B/s]
GAP-urand:   1%|          | 205979648/16766984746 [00:14<19:34, 14105707.72B/s]
GAP-urand:   1%|          | 207699968/16766984746 [00:14<18:28, 14934877.73B/s]
GAP-urand:   1%|          | 209272832/16766984746 [00:14<19:23, 14232305.96B/s]
GAP-urand:   1%|▏         | 210976768/16766984746 [00:14<18:25, 14978647.79B/s]
GAP-urand:   1%|▏         | 212647936/16766984746 [00:14<17:52, 15429436.31B/s]
GAP-urand:   1%|▏         | 214220800/16766984746 [00:14<19:13, 14349544.14B/s]
GAP-urand:   1%|▏         | 215875584/16766984746 [00:14<18:29, 14916165.68B/s]
GAP-urand:   1%|▏         | 217399296/16766984746 [00:14<19:12, 14360399.60B/s]
GAP-urand:   1%|▏         | 219136000/16766984746 [00:15<18:09, 15187896.99B/s]
GAP-urand:   1%|▏         | 220758016/16766984746 [00:15<17:49, 15473843.66B/s]
GAP-urand:   1%|▏         | 222330880/16766984746 [00:15<19:12, 14350252.00B/s]
GAP-urand:   1%|▏         | 224100352/16766984746 [00:15<18:03, 15269942.05B/s]
GAP-urand:   1%|▏         | 225656832/16766984746 [00:15<18:51, 14613468.82B/s]
GAP-urand:   1%|▏         | 227344384/16766984746 [00:15<18:07, 15204392.16B/s]
GAP-urand:   1%|▏         | 229015552/16766984746 [00:15<17:39, 15605665.22B/s]
GAP-urand:   1%|▏         | 230604800/16766984746 [00:15<18:44, 14702034.89B/s]
GAP-urand:   1%|▏         | 232292352/16766984746 [00:15<18:02, 15279018.02B/s]
GAP-urand:   1%|▏         | 233848832/16766984746 [00:16<18:59, 14512965.38B/s]
GAP-urand:   1%|▏         | 235470848/16766984746 [00:16<18:23, 14984485.52B/s]
GAP-urand:   1%|▏         | 237125632/16766984746 [00:16<17:53, 15399032.70B/s]
GAP-urand:   1%|▏         | 238682112/16766984746 [00:16<18:35, 14815163.75B/s]
GAP-urand:   1%|▏         | 240402432/16766984746 [00:16<17:48, 15471992.91B/s]
GAP-urand:   1%|▏         | 241975296/16766984746 [00:16<18:41, 14740397.45B/s]
GAP-urand:   1%|▏         | 243662848/16766984746 [00:16<17:58, 15315674.44B/s]
GAP-urand:   1%|▏         | 245219328/16766984746 [00:16<18:04, 15238960.05B/s]
GAP-urand:   1%|▏         | 246759424/16766984746 [00:16<19:22, 14206932.75B/s]
GAP-urand:   1%|▏         | 248299520/16766984746 [00:17<18:58, 14506326.17B/s]
GAP-urand:   1%|▏         | 249774080/16766984746 [00:17<20:14, 13604249.99B/s]
GAP-urand:   1%|▏         | 251363328/16766984746 [00:17<19:21, 14214725.64B/s]
GAP-urand:   2%|▏         | 253050880/16766984746 [00:17<18:26, 14919990.82B/s]
GAP-urand:   2%|▏         | 254574592/16766984746 [00:17<19:40, 13984811.57B/s]
GAP-urand:   2%|▏         | 256163840/16766984746 [00:17<18:59, 14488531.03B/s]
GAP-urand:   2%|▏         | 257638400/16766984746 [00:17<19:57, 13781946.82B/s]
GAP-urand:   2%|▏         | 259194880/16766984746 [00:17<19:18, 14250907.75B/s]
GAP-urand:   2%|▏         | 260816896/16766984746 [00:17<18:37, 14766414.63B/s]
GAP-urand:   2%|▏         | 262324224/16766984746 [00:18<20:18, 13549489.54B/s]
GAP-urand:   2%|▏         | 263946240/16766984746 [00:18<19:18, 14250971.22B/s]
GAP-urand:   2%|▏         | 265404416/16766984746 [00:18<20:06, 13672263.69B/s]
GAP-urand:   2%|▏         | 267075584/16766984746 [00:18<19:02, 14447505.94B/s]
GAP-urand:   2%|▏         | 268648448/16766984746 [00:18<18:36, 14782365.40B/s]
GAP-urand:   2%|▏         | 270155776/16766984746 [00:18<19:48, 13884766.29B/s]
GAP-urand:   2%|▏         | 271712256/16766984746 [00:18<19:13, 14305533.03B/s]
GAP-urand:   2%|▏         | 273219584/16766984746 [00:18<18:58, 14492389.84B/s]
GAP-urand:   2%|▏         | 274694144/16766984746 [00:18<20:27, 13435849.49B/s]
GAP-urand:   2%|▏         | 276152320/16766984746 [00:18<20:00, 13732237.71B/s]
GAP-urand:   2%|▏         | 277544960/16766984746 [00:19<20:50, 13190424.19B/s]
GAP-urand:   2%|▏         | 279248896/16766984746 [00:19<19:19, 14214300.21B/s]
GAP-urand:   2%|▏         | 280870912/16766984746 [00:19<18:35, 14776965.38B/s]
GAP-urand:   2%|▏         | 282378240/16766984746 [00:19<19:35, 14022814.28B/s]
GAP-urand:   2%|▏         | 283885568/16766984746 [00:19<19:15, 14267444.15B/s]
GAP-urand:   2%|▏         | 285425664/16766984746 [00:19<18:50, 14581983.93B/s]
GAP-urand:   2%|▏         | 286900224/16766984746 [00:19<19:33, 14038016.99B/s]
GAP-urand:   2%|▏         | 288587776/16766984746 [00:19<18:30, 14832279.68B/s]
GAP-urand:   2%|▏         | 290095104/16766984746 [00:19<19:50, 13834583.11B/s]
GAP-urand:   2%|▏         | 291618816/16766984746 [00:20<19:21, 14185273.73B/s]
GAP-urand:   2%|▏         | 293191680/16766984746 [00:20<18:47, 14607794.57B/s]
GAP-urand:   2%|▏         | 294682624/16766984746 [00:20<19:33, 14034148.22B/s]
GAP-urand:   2%|▏         | 296321024/16766984746 [00:20<18:41, 14692491.59B/s]
GAP-urand:   2%|▏         | 297811968/16766984746 [00:20<19:56, 13761416.19B/s]
GAP-urand:   2%|▏         | 299499520/16766984746 [00:20<18:49, 14574304.32B/s]
GAP-urand:   2%|▏         | 301056000/16766984746 [00:20<18:30, 14826918.95B/s]
GAP-urand:   2%|▏         | 302563328/16766984746 [00:20<19:46, 13873921.83B/s]
GAP-urand:   2%|▏         | 304070656/16766984746 [00:20<19:19, 14199014.68B/s]
GAP-urand:   2%|▏         | 305643520/16766984746 [00:21<19:51, 13812069.79B/s]
GAP-urand:   2%|▏         | 307183616/16766984746 [00:21<19:15, 14242236.09B/s]
GAP-urand:   2%|▏         | 308772864/16766984746 [00:21<18:38, 14708310.59B/s]
GAP-urand:   2%|▏         | 310263808/16766984746 [00:21<19:23, 14143138.20B/s]
GAP-urand:   2%|▏         | 311869440/16766984746 [00:21<18:42, 14655185.49B/s]
GAP-urand:   2%|▏         | 313475072/16766984746 [00:21<18:12, 15056523.98B/s]
GAP-urand:   2%|▏         | 314998784/16766984746 [00:21<19:22, 14157911.06B/s]
GAP-urand:   2%|▏         | 316751872/16766984746 [00:21<18:09, 15096687.86B/s]
GAP-urand:   2%|▏         | 318291968/16766984746 [00:21<19:09, 14304199.78B/s]
GAP-urand:   2%|▏         | 319963136/16766984746 [00:22<18:19, 14965059.27B/s]
GAP-urand:   2%|▏         | 321683456/16766984746 [00:22<18:50, 14548661.46B/s]
GAP-urand:   2%|▏         | 323321856/16766984746 [00:22<18:15, 15014899.02B/s]
GAP-urand:   2%|▏         | 324943872/16766984746 [00:22<17:51, 15341141.20B/s]
GAP-urand:   2%|▏         | 326500352/16766984746 [00:22<19:14, 14236120.38B/s]
GAP-urand:   2%|▏         | 328187904/16766984746 [00:22<18:22, 14915117.83B/s]
GAP-urand:   2%|▏         | 329711616/16766984746 [00:22<19:12, 14261490.26B/s]
GAP-urand:   2%|▏         | 331366400/16766984746 [00:22<18:29, 14815649.63B/s]
GAP-urand:   2%|▏         | 333053952/16766984746 [00:22<17:50, 15358386.26B/s]
GAP-urand:   2%|▏         | 334610432/16766984746 [00:23<18:28, 14821845.00B/s]
GAP-urand:   2%|▏         | 336347136/16766984746 [00:23<17:38, 15529156.05B/s]
GAP-urand:   2%|▏         | 337920000/16766984746 [00:23<18:24, 14880352.28B/s]
GAP-urand:   2%|▏         | 339673088/16766984746 [00:23<17:33, 15589758.18B/s]
GAP-urand:   2%|▏         | 341377024/16766984746 [00:23<17:07, 15991269.13B/s]
GAP-urand:   2%|▏         | 342999040/16766984746 [00:23<18:42, 14633993.47B/s]
GAP-urand:   2%|▏         | 344637440/16766984746 [00:23<18:08, 15089195.34B/s]
GAP-urand:   2%|▏         | 346177536/16766984746 [00:23<18:57, 14438315.10B/s]
GAP-urand:   2%|▏         | 347832320/16766984746 [00:23<18:13, 15009275.68B/s]
GAP-urand:   2%|▏         | 349552640/16766984746 [00:23<17:32, 15594631.19B/s]
GAP-urand:   2%|▏         | 351141888/16766984746 [00:24<18:24, 14866308.80B/s]
GAP-urand:   2%|▏         | 352780288/16766984746 [00:24<17:54, 15273862.12B/s]
GAP-urand:   2%|▏         | 354336768/16766984746 [00:24<18:59, 14400767.00B/s]
GAP-urand:   2%|▏         | 355893248/16766984746 [00:24<18:37, 14690347.99B/s]
GAP-urand:   2%|▏         | 357580800/16766984746 [00:24<17:53, 15292681.09B/s]
GAP-urand:   2%|▏         | 359137280/16766984746 [00:24<19:17, 14178784.05B/s]
GAP-urand:   2%|▏         | 360726528/16766984746 [00:24<18:43, 14600431.00B/s]
GAP-urand:   2%|▏         | 362217472/16766984746 [00:24<19:29, 14024697.14B/s]
GAP-urand:   2%|▏         | 364019712/16766984746 [00:24<18:07, 15085573.80B/s]
GAP-urand:   2%|▏         | 365690880/16766984746 [00:25<17:35, 15543002.62B/s]
GAP-urand:   2%|▏         | 367263744/16766984746 [00:25<18:32, 14736828.45B/s]
GAP-urand:   2%|▏         | 368967680/16766984746 [00:25<17:47, 15362645.64B/s]
GAP-urand:   2%|▏         | 370524160/16766984746 [00:25<18:47, 14542877.32B/s]
GAP-urand:   2%|▏         | 372195328/16766984746 [00:25<18:04, 15110833.20B/s]
GAP-urand:   2%|▏         | 373899264/16766984746 [00:25<17:27, 15648676.91B/s]
GAP-urand:   2%|▏         | 375488512/16766984746 [00:25<18:31, 14743416.26B/s]
GAP-urand:   2%|▏         | 377110528/16766984746 [00:25<18:02, 15138120.33B/s]
GAP-urand:   2%|▏         | 378650624/16766984746 [00:25<18:45, 14556562.81B/s]
GAP-urand:   2%|▏         | 380387328/16766984746 [00:26<17:49, 15322591.11B/s]
GAP-urand:   2%|▏         | 382025728/16766984746 [00:26<17:31, 15589363.18B/s]
GAP-urand:   2%|▏         | 383598592/16766984746 [00:26<18:45, 14557073.28B/s]
GAP-urand:   2%|▏         | 385351680/16766984746 [00:26<17:45, 15374094.08B/s]
GAP-urand:   2%|▏         | 386924544/16766984746 [00:26<18:42, 14597163.41B/s]
GAP-urand:   2%|▏         | 388595712/16766984746 [00:26<17:59, 15165624.91B/s]
GAP-urand:   2%|▏         | 390283264/16766984746 [00:26<17:27, 15635409.28B/s]
GAP-urand:   2%|▏         | 391872512/16766984746 [00:26<18:37, 14650408.35B/s]
GAP-urand:   2%|▏         | 393510912/16766984746 [00:26<18:03, 15109634.88B/s]
GAP-urand:   2%|▏         | 395051008/16766984746 [00:27<18:53, 14446732.31B/s]
GAP-urand:   2%|▏         | 396656640/16766984746 [00:27<18:20, 14878846.50B/s]
GAP-urand:   2%|▏         | 398311424/16766984746 [00:27<18:50, 14477948.59B/s]
GAP-urand:   2%|▏         | 399966208/16766984746 [00:27<18:09, 15026195.28B/s]
GAP-urand:   2%|▏         | 401686528/16766984746 [00:27<17:27, 15626133.87B/s]
GAP-urand:   2%|▏         | 403275776/16766984746 [00:27<18:31, 14724730.59B/s]
GAP-urand:   2%|▏         | 404963328/16766984746 [00:27<17:49, 15304260.98B/s]
GAP-urand:   2%|▏         | 406519808/16766984746 [00:27<18:51, 14460009.93B/s]
GAP-urand:   2%|▏         | 408125440/16766984746 [00:27<18:20, 14866640.13B/s]
GAP-urand:   2%|▏         | 409862144/16766984746 [00:28<17:30, 15567154.00B/s]
GAP-urand:   2%|▏         | 411435008/16766984746 [00:28<18:38, 14622937.76B/s]
GAP-urand:   2%|▏         | 412975104/16766984746 [00:28<18:24, 14809986.91B/s]
GAP-urand:   2%|▏         | 414482432/16766984746 [00:28<19:25, 14032908.65B/s]
GAP-urand:   2%|▏         | 416055296/16766984746 [00:28<18:48, 14489477.47B/s]
GAP-urand:   2%|▏         | 417759232/16766984746 [00:28<17:55, 15198744.58B/s]
GAP-urand:   3%|▎         | 419299328/16766984746 [00:28<19:18, 14115461.68B/s]
GAP-urand:   3%|▎         | 421003264/16766984746 [00:28<18:16, 14913466.49B/s]
GAP-urand:   3%|▎         | 422526976/16766984746 [00:28<19:21, 14074276.46B/s]
GAP-urand:   3%|▎         | 424132608/16766984746 [00:29<18:38, 14615920.61B/s]
GAP-urand:   3%|▎         | 425754624/16766984746 [00:29<18:05, 15050129.78B/s]
GAP-urand:   3%|▎         | 427278336/16766984746 [00:29<19:23, 14038580.22B/s]
GAP-urand:   3%|▎         | 428802048/16766984746 [00:29<18:57, 14361318.52B/s]
GAP-urand:   3%|▎         | 430391296/16766984746 [00:29<18:28, 14742029.97B/s]
GAP-urand:   3%|▎         | 431882240/16766984746 [00:29<19:13, 14160220.15B/s]
GAP-urand:   3%|▎         | 433569792/16766984746 [00:29<18:14, 14916936.02B/s]
GAP-urand:   3%|▎         | 435191808/16766984746 [00:29<19:12, 14166018.31B/s]
GAP-urand:   3%|▎         | 436879360/16766984746 [00:29<18:17, 14882152.26B/s]
GAP-urand:   3%|▎         | 438599680/16766984746 [00:30<17:31, 15529328.08B/s]
GAP-urand:   3%|▎         | 440172544/16766984746 [00:30<18:29, 14717137.17B/s]
GAP-urand:   3%|▎         | 441909248/16766984746 [00:30<17:37, 15441903.38B/s]
GAP-urand:   3%|▎         | 443482112/16766984746 [00:30<18:20, 14837553.80B/s]
GAP-urand:   3%|▎         | 445169664/16766984746 [00:30<17:39, 15400539.76B/s]
GAP-urand:   3%|▎         | 446758912/16766984746 [00:30<17:30, 15536860.66B/s]
GAP-urand:   3%|▎         | 448331776/16766984746 [00:30<18:25, 14761001.24B/s]
GAP-urand:   3%|▎         | 450035712/16766984746 [00:30<17:40, 15390252.79B/s]
GAP-urand:   3%|▎         | 451592192/16766984746 [00:30<18:40, 14565082.42B/s]
GAP-urand:   3%|▎         | 453328896/16766984746 [00:30<17:45, 15313303.05B/s]
GAP-urand:   3%|▎         | 454967296/16766984746 [00:31<17:24, 15610956.48B/s]
GAP-urand:   3%|▎         | 456556544/16766984746 [00:31<18:29, 14701713.66B/s]
GAP-urand:   3%|▎         | 458276864/16766984746 [00:31<17:41, 15365309.21B/s]
GAP-urand:   3%|▎         | 459833344/16766984746 [00:31<18:21, 14804038.66B/s]
GAP-urand:   3%|▎         | 461438976/16766984746 [00:31<17:56, 15145471.49B/s]
GAP-urand:   3%|▎         | 463060992/16766984746 [00:31<17:36, 15424855.66B/s]
GAP-urand:   3%|▎         | 464617472/16766984746 [00:31<18:51, 14411635.78B/s]
GAP-urand:   3%|▎         | 466272256/16766984746 [00:31<18:07, 14991087.30B/s]
GAP-urand:   3%|▎         | 467795968/16766984746 [00:31<19:07, 14207421.35B/s]
GAP-urand:   3%|▎         | 469565440/16766984746 [00:32<17:55, 15148739.38B/s]
GAP-urand:   3%|▎         | 471154688/16766984746 [00:32<17:41, 15348678.99B/s]
GAP-urand:   3%|▎         | 472711168/16766984746 [00:32<18:59, 14305020.84B/s]
GAP-urand:   3%|▎         | 474349568/16766984746 [00:32<18:16, 14853852.06B/s]
GAP-urand:   3%|▎         | 475856896/16766984746 [00:32<19:26, 13969309.71B/s]
GAP-urand:   3%|▎         | 477560832/16766984746 [00:32<18:22, 14770733.14B/s]
GAP-urand:   3%|▎         | 479313920/16766984746 [00:32<17:29, 15519852.62B/s]
GAP-urand:   3%|▎         | 480886784/16766984746 [00:32<18:17, 14836596.73B/s]
GAP-urand:   3%|▎         | 482607104/16766984746 [00:32<17:33, 15459462.18B/s]
GAP-urand:   3%|▎         | 484179968/16766984746 [00:33<18:31, 14651126.68B/s]
GAP-urand:   3%|▎         | 485834752/16766984746 [00:33<17:53, 15163118.07B/s]
GAP-urand:   3%|▎         | 487473152/16766984746 [00:33<17:31, 15484458.23B/s]
GAP-urand:   3%|▎         | 489046016/16766984746 [00:33<18:35, 14594055.24B/s]
GAP-urand:   3%|▎         | 490700800/16766984746 [00:33<17:56, 15125719.71B/s]
GAP-urand:   3%|▎         | 492240896/16766984746 [00:33<19:07, 14188394.31B/s]
GAP-urand:   3%|▎         | 493912064/16766984746 [00:33<18:14, 14870501.89B/s]
GAP-urand:   3%|▎         | 495484928/16766984746 [00:33<17:58, 15093682.63B/s]
GAP-urand:   3%|▎         | 497025024/16766984746 [00:33<18:48, 14416326.97B/s]
GAP-urand:   3%|▎         | 498581504/16766984746 [00:34<18:26, 14705212.08B/s]
GAP-urand:   3%|▎         | 500072448/16766984746 [00:34<19:14, 14092764.52B/s]
GAP-urand:   3%|▎         | 501727232/16766984746 [00:34<18:21, 14761604.27B/s]
GAP-urand:   3%|▎         | 503463936/16766984746 [00:34<17:29, 15491785.56B/s]
GAP-urand:   3%|▎         | 505036800/16766984746 [00:34<18:07, 14949354.62B/s]
GAP-urand:   3%|▎         | 506789888/16766984746 [00:34<17:18, 15652488.08B/s]
GAP-urand:   3%|▎         | 508379136/16766984746 [00:34<18:31, 14632193.01B/s]
GAP-urand:   3%|▎         | 510050304/16766984746 [00:34<17:51, 15177132.27B/s]
GAP-urand:   3%|▎         | 511754240/16766984746 [00:34<17:15, 15704326.31B/s]
GAP-urand:   3%|▎         | 513343488/16766984746 [00:35<18:20, 14769804.61B/s]
GAP-urand:   3%|▎         | 514932736/16766984746 [00:35<18:00, 15047978.91B/s]
GAP-urand:   3%|▎         | 516505600/16766984746 [00:35<18:59, 14258101.05B/s]
GAP-urand:   3%|▎         | 517963776/16766984746 [00:35<18:53, 14341215.96B/s]
GAP-urand:   3%|▎         | 519553024/16766984746 [00:35<18:19, 14778278.74B/s]
GAP-urand:   3%|▎         | 521043968/16766984746 [00:35<19:28, 13905717.14B/s]
GAP-urand:   3%|▎         | 522600448/16766984746 [00:35<18:51, 14357201.71B/s]
GAP-urand:   3%|▎         | 524222464/16766984746 [00:35<18:13, 14859609.67B/s]
GAP-urand:   3%|▎         | 525729792/16766984746 [00:35<19:03, 14207359.90B/s]
GAP-urand:   3%|▎         | 527384576/16766984746 [00:35<18:17, 14801925.21B/s]
GAP-urand:   3%|▎         | 528891904/16766984746 [00:36<19:22, 13971722.74B/s]
GAP-urand:   3%|▎         | 530563072/16766984746 [00:36<18:22, 14726602.60B/s]
GAP-urand:   3%|▎         | 532267008/16766984746 [00:36<17:36, 15361607.78B/s]
GAP-urand:   3%|▎         | 533823488/16766984746 [00:36<18:49, 14374368.67B/s]
GAP-urand:   3%|▎         | 535429120/16766984746 [00:36<18:14, 14825024.43B/s]
GAP-urand:   3%|▎         | 536936448/16766984746 [00:36<19:00, 14234588.57B/s]
GAP-urand:   3%|▎         | 538607616/16766984746 [00:36<18:08, 14912395.07B/s]
GAP-urand:   3%|▎         | 540278784/16766984746 [00:36<17:32, 15420763.91B/s]
GAP-urand:   3%|▎         | 541835264/16766984746 [00:36<18:22, 14711555.58B/s]
GAP-urand:   3%|▎         | 543571968/16766984746 [00:37<17:31, 15424057.13B/s]
GAP-urand:   3%|▎         | 545144832/16766984746 [00:37<18:51, 14331645.77B/s]
GAP-urand:   3%|▎         | 546799616/16766984746 [00:37<18:07, 14909120.46B/s]
GAP-urand:   3%|▎         | 548470784/16766984746 [00:37<17:32, 15408568.93B/s]
GAP-urand:   3%|▎         | 550043648/16766984746 [00:37<18:25, 14674372.62B/s]
GAP-urand:   3%|▎         | 551682048/16766984746 [00:37<17:51, 15137248.74B/s]
GAP-urand:   3%|▎         | 553320448/16766984746 [00:37<17:26, 15489680.44B/s]
GAP-urand:   3%|▎         | 554893312/16766984746 [00:37<18:37, 14511469.13B/s]
GAP-urand:   3%|▎         | 556613632/16766984746 [00:37<17:43, 15243071.80B/s]
GAP-urand:   3%|▎         | 558170112/16766984746 [00:38<18:32, 14563986.51B/s]
GAP-urand:   3%|▎         | 559906816/16766984746 [00:38<17:39, 15304054.75B/s]
GAP-urand:   3%|▎         | 561496064/16766984746 [00:38<17:28, 15459463.02B/s]
GAP-urand:   3%|▎         | 563068928/16766984746 [00:38<19:00, 14202424.31B/s]
GAP-urand:   3%|▎         | 564658176/16766984746 [00:38<18:25, 14660319.75B/s]
GAP-urand:   3%|▎         | 566149120/16766984746 [00:38<19:08, 14108312.04B/s]
GAP-urand:   3%|▎         | 567738368/16766984746 [00:38<18:32, 14562307.67B/s]
GAP-urand:   3%|▎         | 569344000/16766984746 [00:38<18:01, 14974077.93B/s]
GAP-urand:   3%|▎         | 570867712/16766984746 [00:38<18:49, 14337960.41B/s]
GAP-urand:   3%|▎         | 572473344/16766984746 [00:39<18:12, 14821551.16B/s]
GAP-urand:   3%|▎         | 573980672/16766984746 [00:39<18:57, 14231734.55B/s]
GAP-urand:   3%|▎         | 575651840/16766984746 [00:39<18:07, 14895309.53B/s]
GAP-urand:   3%|▎         | 577372160/16766984746 [00:39<17:21, 15546021.73B/s]
GAP-urand:   3%|▎         | 578945024/16766984746 [00:39<18:43, 14413599.93B/s]
GAP-urand:   3%|▎         | 580698112/16766984746 [00:39<17:41, 15246056.53B/s]
GAP-urand:   3%|▎         | 582254592/16766984746 [00:39<18:29, 14585253.04B/s]
GAP-urand:   3%|▎         | 583925760/16766984746 [00:39<17:46, 15175234.98B/s]
GAP-urand:   3%|▎         | 585662464/16766984746 [00:39<17:05, 15771387.60B/s]
GAP-urand:   4%|▎         | 587268096/16766984746 [00:40<18:18, 14728017.68B/s]
GAP-urand:   4%|▎         | 588939264/16766984746 [00:40<17:39, 15266124.65B/s]
GAP-urand:   4%|▎         | 590495744/16766984746 [00:40<18:24, 14649231.62B/s]
GAP-urand:   4%|▎         | 592166912/16766984746 [00:40<17:45, 15180715.87B/s]
GAP-urand:   4%|▎         | 593936384/16766984746 [00:40<16:59, 15860307.27B/s]
GAP-urand:   4%|▎         | 595542016/16766984746 [00:40<17:57, 15008470.65B/s]
GAP-urand:   4%|▎         | 597180416/16766984746 [00:40<17:30, 15392755.55B/s]
GAP-urand:   4%|▎         | 598851584/16766984746 [00:40<17:06, 15746334.40B/s]
GAP-urand:   4%|▎         | 600440832/16766984746 [00:40<18:13, 14788403.54B/s]
GAP-urand:   4%|▎         | 602144768/16766984746 [00:40<17:30, 15394857.86B/s]
GAP-urand:   4%|▎         | 603717632/16766984746 [00:41<18:31, 14536291.49B/s]
GAP-urand:   4%|▎         | 605437952/16766984746 [00:41<17:39, 15248199.14B/s]
GAP-urand:   4%|▎         | 607141888/16766984746 [00:41<17:08, 15717946.29B/s]
GAP-urand:   4%|▎         | 608731136/16766984746 [00:41<18:09, 14827503.35B/s]
GAP-urand:   4%|▎         | 610369536/16766984746 [00:41<17:40, 15231695.25B/s]
GAP-urand:   4%|▎         | 611909632/16766984746 [00:41<18:39, 14432400.29B/s]
GAP-urand:   4%|▎         | 613580800/16766984746 [00:41<17:53, 15046136.50B/s]
GAP-urand:   4%|▎         | 615235584/16766984746 [00:41<17:25, 15443462.70B/s]
GAP-urand:   4%|▎         | 616808448/16766984746 [00:41<18:35, 14475643.63B/s]
GAP-urand:   4%|▎         | 618561536/16766984746 [00:42<17:35, 15306205.19B/s]
GAP-urand:   4%|▎         | 620118016/16766984746 [00:42<18:34, 14487287.33B/s]
GAP-urand:   4%|▎         | 621625344/16766984746 [00:42<18:24, 14616848.17B/s]
GAP-urand:   4%|▎         | 623263744/16766984746 [00:42<17:50, 15080269.99B/s]
GAP-urand:   4%|▎         | 624787456/16766984746 [00:42<18:43, 14370848.41B/s]
GAP-urand:   4%|▎         | 626442240/16766984746 [00:42<17:57, 14978931.69B/s]
GAP-urand:   4%|▎         | 628031488/16766984746 [00:42<17:40, 15211549.03B/s]
GAP-urand:   4%|▍         | 629571584/16766984746 [00:42<18:12, 14771508.27B/s]
GAP-urand:   4%|▍         | 631209984/16766984746 [00:42<17:40, 15220987.35B/s]
GAP-urand:   4%|▍         | 632750080/16766984746 [00:43<18:49, 14286611.38B/s]
GAP-urand:   4%|▍         | 634208256/16766984746 [00:43<18:52, 14248615.57B/s]
GAP-urand:   4%|▍         | 635879424/16766984746 [00:43<17:59, 14946266.28B/s]
GAP-urand:   4%|▍         | 637386752/16766984746 [00:43<18:59, 14159309.91B/s]
GAP-urand:   4%|▍         | 638992384/16766984746 [00:43<18:18, 14683595.13B/s]
GAP-urand:   4%|▍         | 640598016/16766984746 [00:43<18:50, 14261060.20B/s]
GAP-urand:   4%|▍         | 642252800/16766984746 [00:43<18:03, 14875307.72B/s]
GAP-urand:   4%|▍         | 643907584/16766984746 [00:43<17:32, 15316609.35B/s]
GAP-urand:   4%|▍         | 645464064/16766984746 [00:43<19:10, 14011007.78B/s]
GAP-urand:   4%|▍         | 647036928/16766984746 [00:44<18:36, 14437474.80B/s]
GAP-urand:   4%|▍         | 648740864/16766984746 [00:44<17:44, 15148397.59B/s]
GAP-urand:   4%|▍         | 650280960/16766984746 [00:44<18:50, 14261466.19B/s]
GAP-urand:   4%|▍         | 651984896/16766984746 [00:44<17:52, 15020416.86B/s]
GAP-urand:   4%|▍         | 653524992/16766984746 [00:44<18:36, 14430501.32B/s]
GAP-urand:   4%|▍         | 655048704/16766984746 [00:44<18:19, 14652933.51B/s]
GAP-urand:   4%|▍         | 656687104/16766984746 [00:44<17:43, 15142271.97B/s]
GAP-urand:   4%|▍         | 658227200/16766984746 [00:44<18:28, 14530490.34B/s]
GAP-urand:   4%|▍         | 659898368/16766984746 [00:44<17:44, 15135325.72B/s]
GAP-urand:   4%|▍         | 661438464/16766984746 [00:45<18:49, 14263807.84B/s]
GAP-urand:   4%|▍         | 663027712/16766984746 [00:45<18:14, 14708221.67B/s]
GAP-urand:   4%|▍         | 664764416/16766984746 [00:45<17:24, 15416435.29B/s]
GAP-urand:   4%|▍         | 666320896/16766984746 [00:45<18:26, 14556738.55B/s]
GAP-urand:   4%|▍         | 668008448/16766984746 [00:45<17:40, 15173655.28B/s]
GAP-urand:   4%|▍         | 669548544/16766984746 [00:45<18:30, 14501130.84B/s]
GAP-urand:   4%|▍         | 671105024/16766984746 [00:45<18:11, 14750300.68B/s]
GAP-urand:   4%|▍         | 672956416/16766984746 [00:45<16:59, 15788648.63B/s]
GAP-urand:   4%|▍         | 674562048/16766984746 [00:45<18:04, 14837715.17B/s]
GAP-urand:   4%|▍         | 676331520/16766984746 [00:45<17:11, 15600702.54B/s]
GAP-urand:   4%|▍         | 677920768/16766984746 [00:46<18:04, 14835241.59B/s]
GAP-urand:   4%|▍         | 679591936/16766984746 [00:46<17:27, 15352129.75B/s]
GAP-urand:   4%|▍         | 681246720/16766984746 [00:46<17:06, 15666946.45B/s]
GAP-urand:   4%|▍         | 682835968/16766984746 [00:46<18:25, 14549288.38B/s]
GAP-urand:   4%|▍         | 684572672/16766984746 [00:46<17:30, 15303279.76B/s]
GAP-urand:   4%|▍         | 686129152/16766984746 [00:46<18:21, 14603457.49B/s]
GAP-urand:   4%|▍         | 687833088/16766984746 [00:46<17:34, 15245173.84B/s]
GAP-urand:   4%|▍         | 689471488/16766984746 [00:46<17:13, 15556489.28B/s]
GAP-urand:   4%|▍         | 691044352/16766984746 [00:46<18:24, 14557880.95B/s]
GAP-urand:   4%|▍         | 692797440/16766984746 [00:47<17:25, 15373533.71B/s]
GAP-urand:   4%|▍         | 694370304/16766984746 [00:47<18:20, 14611183.90B/s]
GAP-urand:   4%|▍         | 696008704/16766984746 [00:47<17:45, 15084218.41B/s]
GAP-urand:   4%|▍         | 697597952/16766984746 [00:47<17:29, 15306512.66B/s]
GAP-urand:   4%|▍         | 699154432/16766984746 [00:47<18:40, 14337147.54B/s]
GAP-urand:   4%|▍         | 700874752/16766984746 [00:47<17:43, 15113568.05B/s]
GAP-urand:   4%|▍         | 702414848/16766984746 [00:47<18:24, 14540199.79B/s]
GAP-urand:   4%|▍         | 704217088/16766984746 [00:47<17:16, 15490954.13B/s]
GAP-urand:   4%|▍         | 705839104/16766984746 [00:47<17:04, 15673781.80B/s]
GAP-urand:   4%|▍         | 707428352/16766984746 [00:48<18:10, 14724733.57B/s]
GAP-urand:   4%|▍         | 709066752/16766984746 [00:48<17:39, 15152397.89B/s]
GAP-urand:   4%|▍         | 710606848/16766984746 [00:48<18:30, 14454608.48B/s]
GAP-urand:   4%|▍         | 712376320/16766984746 [00:48<17:27, 15325192.73B/s]
GAP-urand:   4%|▍         | 714063872/16766984746 [00:48<17:00, 15726504.72B/s]
GAP-urand:   4%|▍         | 715653120/16766984746 [00:48<17:50, 14997149.61B/s]
GAP-urand:   4%|▍         | 717373440/16766984746 [00:48<17:07, 15613096.97B/s]
GAP-urand:   4%|▍         | 718962688/16766984746 [00:48<18:13, 14677487.65B/s]
GAP-urand:   4%|▍         | 720650240/16766984746 [00:48<17:30, 15278843.61B/s]
GAP-urand:   4%|▍         | 722206720/16766984746 [00:49<18:29, 14464624.86B/s]
GAP-urand:   4%|▍         | 723812352/16766984746 [00:49<17:58, 14876251.88B/s]
GAP-urand:   4%|▍         | 725549056/16766984746 [00:49<17:11, 15558901.59B/s]
GAP-urand:   4%|▍         | 727121920/16766984746 [00:49<17:55, 14918469.40B/s]
GAP-urand:   4%|▍         | 728793088/16766984746 [00:49<17:19, 15423406.82B/s]
GAP-urand:   4%|▍         | 730349568/16766984746 [00:49<18:43, 14274447.65B/s]
GAP-urand:   4%|▍         | 731955200/16766984746 [00:49<18:07, 14745238.60B/s]
GAP-urand:   4%|▍         | 733528064/16766984746 [00:49<17:48, 15006905.55B/s]
GAP-urand:   4%|▍         | 735051776/16766984746 [00:49<18:53, 14142052.72B/s]
GAP-urand:   4%|▍         | 736755712/16766984746 [00:50<17:53, 14937889.44B/s]
GAP-urand:   4%|▍         | 738328576/16766984746 [00:50<19:01, 14045635.28B/s]
GAP-urand:   4%|▍         | 739983360/16766984746 [00:50<18:10, 14693280.68B/s]
GAP-urand:   4%|▍         | 741523456/16766984746 [00:50<17:59, 14848835.22B/s]
GAP-urand:   4%|▍         | 743030784/16766984746 [00:50<19:00, 14048540.76B/s]
GAP-urand:   4%|▍         | 744570880/16766984746 [00:50<18:31, 14416064.06B/s]
GAP-urand:   4%|▍         | 746160128/16766984746 [00:50<18:01, 14808684.22B/s]
GAP-urand:   4%|▍         | 747667456/16766984746 [00:50<18:52, 14142509.79B/s]
GAP-urand:   4%|▍         | 749338624/16766984746 [00:50<17:58, 14847664.27B/s]
GAP-urand:   4%|▍         | 750845952/16766984746 [00:51<18:38, 14316761.52B/s]
GAP-urand:   4%|▍         | 752549888/16766984746 [00:51<17:43, 15064851.20B/s]
GAP-urand:   4%|▍         | 754089984/16766984746 [00:51<17:37, 15137229.21B/s]
GAP-urand:   5%|▍         | 755613696/16766984746 [00:51<18:53, 14124398.07B/s]
GAP-urand:   5%|▍         | 757284864/16766984746 [00:51<17:59, 14829045.55B/s]
GAP-urand:   5%|▍         | 758792192/16766984746 [00:51<18:44, 14234763.47B/s]
GAP-urand:   5%|▍         | 760283136/16766984746 [00:51<18:30, 14413944.19B/s]
GAP-urand:   5%|▍         | 761823232/16766984746 [00:51<18:09, 14695399.38B/s]
GAP-urand:   5%|▍         | 763314176/16766984746 [00:51<18:44, 14233247.71B/s]
GAP-urand:   5%|▍         | 764919808/16766984746 [00:51<18:07, 14709159.39B/s]
GAP-urand:   5%|▍         | 766459904/16766984746 [00:52<17:56, 14856580.44B/s]
GAP-urand:   5%|▍         | 767967232/16766984746 [00:52<18:57, 14060320.85B/s]
GAP-urand:   5%|▍         | 769540096/16766984746 [00:52<18:23, 14500760.80B/s]
GAP-urand:   5%|▍         | 771014656/16766984746 [00:52<18:55, 14082838.10B/s]
GAP-urand:   5%|▍         | 772669440/16766984746 [00:52<18:02, 14775619.25B/s]
GAP-urand:   5%|▍         | 774406144/16766984746 [00:52<17:11, 15503762.74B/s]
GAP-urand:   5%|▍         | 775979008/16766984746 [00:52<18:24, 14483824.65B/s]
GAP-urand:   5%|▍         | 777584640/16766984746 [00:52<17:53, 14898820.13B/s]
GAP-urand:   5%|▍         | 779091968/16766984746 [00:52<18:53, 14108384.39B/s]
GAP-urand:   5%|▍         | 780582912/16766984746 [00:53<18:38, 14286330.91B/s]
GAP-urand:   5%|▍         | 782139392/16766984746 [00:53<18:13, 14614623.46B/s]
GAP-urand:   5%|▍         | 783613952/16766984746 [00:53<19:01, 14005420.67B/s]
GAP-urand:   5%|▍         | 785285120/16766984746 [00:53<18:04, 14735656.61B/s]
GAP-urand:   5%|▍         | 786956288/16766984746 [00:53<17:24, 15293717.48B/s]
GAP-urand:   5%|▍         | 788512768/16766984746 [00:53<18:36, 14315703.19B/s]
GAP-urand:   5%|▍         | 789987328/16766984746 [00:53<18:29, 14395317.01B/s]
GAP-urand:   5%|▍         | 791445504/16766984746 [00:53<19:48, 13440322.47B/s]
GAP-urand:   5%|▍         | 792887296/16766984746 [00:53<19:28, 13667339.60B/s]
GAP-urand:   5%|▍         | 794345472/16766984746 [00:54<19:07, 13923023.57B/s]
GAP-urand:   5%|▍         | 795754496/16766984746 [00:54<20:00, 13299211.00B/s]
GAP-urand:   5%|▍         | 797458432/16766984746 [00:54<18:33, 14341978.19B/s]
GAP-urand:   5%|▍         | 799064064/16766984746 [00:54<17:58, 14808675.78B/s]
GAP-urand:   5%|▍         | 800571392/16766984746 [00:54<18:47, 14164148.55B/s]
GAP-urand:   5%|▍         | 802111488/16766984746 [00:54<18:20, 14511585.91B/s]
GAP-urand:   5%|▍         | 803586048/16766984746 [00:54<19:24, 13704377.07B/s]
GAP-urand:   5%|▍         | 805322752/16766984746 [00:54<18:10, 14638771.82B/s]
GAP-urand:   5%|▍         | 806977536/16766984746 [00:54<17:32, 15160876.99B/s]
GAP-urand:   5%|▍         | 808517632/16766984746 [00:55<18:57, 14026912.27B/s]
GAP-urand:   5%|▍         | 810172416/16766984746 [00:55<18:07, 14673986.40B/s]
GAP-urand:   5%|▍         | 811663360/16766984746 [00:55<19:38, 13541187.63B/s]
GAP-urand:   5%|▍         | 813170688/16766984746 [00:55<19:08, 13891035.47B/s]
GAP-urand:   5%|▍         | 814678016/16766984746 [00:55<18:43, 14199539.32B/s]
GAP-urand:   5%|▍         | 816119808/16766984746 [00:55<19:42, 13485962.68B/s]
GAP-urand:   5%|▍         | 817741824/16766984746 [00:55<18:41, 14227301.26B/s]
GAP-urand:   5%|▍         | 819265536/16766984746 [00:55<18:19, 14503479.38B/s]
GAP-urand:   5%|▍         | 820740096/16766984746 [00:55<19:12, 13840754.53B/s]
GAP-urand:   5%|▍         | 822345728/16766984746 [00:55<18:24, 14438414.14B/s]
GAP-urand:   5%|▍         | 823820288/16766984746 [00:56<19:19, 13746868.72B/s]
GAP-urand:   5%|▍         | 825376768/16766984746 [00:56<18:41, 14220139.99B/s]
GAP-urand:   5%|▍         | 826867712/16766984746 [00:56<18:26, 14399466.93B/s]
GAP-urand:   5%|▍         | 828325888/16766984746 [00:56<19:05, 13910004.16B/s]
GAP-urand:   5%|▍         | 829849600/16766984746 [00:56<18:39, 14241344.24B/s]
GAP-urand:   5%|▍         | 831455232/16766984746 [00:56<18:03, 14712326.27B/s]
GAP-urand:   5%|▍         | 832946176/16766984746 [00:56<19:27, 13647062.03B/s]

asv: benchmark timed out (timeout 60s)

·· ========================================= ========
                    dataset                          
   ----------------------------------------- --------
         bfs_inputs.snap-email-Eu-core         n/a   
       bfs_inputs.snap-facebook_combined       n/a   
            bfs_inputs.snap-ca-GrQc            n/a   
         bfs_inputs.snap-p2p-Gnutella04        n/a   
         bfs_test_inputs.test_bfs_basic        n/a   
      bfs_test_inputs.test_bfs_single_node     n/a   
     bfs_test_inputs.test_bfs_disconnected     n/a   
      bfs_test_inputs.test_bfs_undirected      n/a   
         bfs_test_inputs.test_bfs_cycle        n/a   
       bfs_test_inputs.test_bfs_snap_toy       n/a   
      bfs_gap_inputs.GAP/GAP-road_4795720      n/a   
      bfs_gap_inputs.GAP/GAP-road_21003853     n/a   
       bfs_gap_inputs.GAP/GAP-road_417968      n/a   
      bfs_gap_inputs.GAP/GAP-road_6496511      n/a   
      bfs_gap_inputs.GAP/GAP-road_6648699      n/a   
      bfs_gap_inputs.GAP/GAP-road_9811073      n/a   
      bfs_gap_inputs.GAP/GAP-road_22247478     n/a   
      bfs_gap_inputs.GAP/GAP-road_5720252      n/a   
      bfs_gap_inputs.GAP/GAP-road_12366459     n/a   
      bfs_gap_inputs.GAP/GAP-road_20413729     n/a   
      bfs_gap_inputs.GAP/GAP-road_4217374      n/a   
      bfs_gap_inputs.GAP/GAP-road_2674749      n/a   
      bfs_gap_inputs.GAP/GAP-road_22085557     n/a   
      bfs_gap_inputs.GAP/GAP-road_19445040     n/a   
      bfs_gap_inputs.GAP/GAP-road_2360788      n/a   
      bfs_gap_inputs.GAP/GAP-road_19115968     n/a   
      bfs_gap_inputs.GAP/GAP-road_7758767      n/a   
      bfs_gap_inputs.GAP/GAP-road_13468234     n/a   
       bfs_gap_inputs.GAP/GAP-road_30367       n/a   
      bfs_gap_inputs.GAP/GAP-road_18599547     n/a   
      bfs_gap_inputs.GAP/GAP-road_7526108      n/a   
      bfs_gap_inputs.GAP/GAP-road_16836280     n/a   
      bfs_gap_inputs.GAP/GAP-road_12742067     n/a   
      bfs_gap_inputs.GAP/GAP-road_7697995      n/a   
      bfs_gap_inputs.GAP/GAP-road_5876443      n/a   
      bfs_gap_inputs.GAP/GAP-road_9616340      n/a   
      bfs_gap_inputs.GAP/GAP-road_2497673      n/a   
      bfs_gap_inputs.GAP/GAP-road_10052290     n/a   
      bfs_gap_inputs.GAP/GAP-road_12493057     n/a   
      bfs_gap_inputs.GAP/GAP-road_1670855      n/a   
      bfs_gap_inputs.GAP/GAP-road_2760679      n/a   
      bfs_gap_inputs.GAP/GAP-road_2460941      n/a   
      bfs_gap_inputs.GAP/GAP-road_8489650      n/a   
      bfs_gap_inputs.GAP/GAP-road_5005225      n/a   
      bfs_gap_inputs.GAP/GAP-road_8744645      n/a   
      bfs_gap_inputs.GAP/GAP-road_8512023      n/a   
      bfs_gap_inputs.GAP/GAP-road_21912165     n/a   
      bfs_gap_inputs.GAP/GAP-road_1105390      n/a   
      bfs_gap_inputs.GAP/GAP-road_15432163     n/a   
      bfs_gap_inputs.GAP/GAP-road_1600177      n/a   
      bfs_gap_inputs.GAP/GAP-road_19079469    failed 
      bfs_gap_inputs.GAP/GAP-road_16516637     n/a   
      bfs_gap_inputs.GAP/GAP-road_20202566     n/a   
      bfs_gap_inputs.GAP/GAP-road_21372803     n/a   
      bfs_gap_inputs.GAP/GAP-road_2898009      n/a   
      bfs_gap_inputs.GAP/GAP-road_8491277      n/a   
      bfs_gap_inputs.GAP/GAP-road_18798317     n/a   
      bfs_gap_inputs.GAP/GAP-road_23757560     n/a   
      bfs_gap_inputs.GAP/GAP-road_17161819     n/a   
      bfs_gap_inputs.GAP/GAP-road_23180739     n/a   
      bfs_gap_inputs.GAP/GAP-road_10997085     n/a   
      bfs_gap_inputs.GAP/GAP-road_3730630      n/a   
      bfs_gap_inputs.GAP/GAP-road_1079068      n/a   
      bfs_gap_inputs.GAP/GAP-road_15426822     n/a   
      bfs_gap_inputs.GAP/GAP-road_12190925     n/a   
      bfs_gap_inputs.GAP/GAP-road_1155218      n/a   
      bfs_gap_inputs.GAP/GAP-road_10693488     n/a   
      bfs_gap_inputs.GAP/GAP-road_14434835     n/a   
      bfs_gap_inputs.GAP/GAP-road_19963339     n/a   
      bfs_gap_inputs.GAP/GAP-road_3486185      n/a   
      bfs_gap_inputs.GAP/GAP-road_18383269     n/a   
      bfs_gap_inputs.GAP/GAP-road_20269908     n/a   
      bfs_gap_inputs.GAP/GAP-road_12370764     n/a   
      bfs_gap_inputs.GAP/GAP-road_7843140      n/a   
    bfs_gap_inputs.GAP/GAP-twitter_12441072    n/a   
    bfs_gap_inputs.GAP/GAP-twitter_54488257    n/a   
    bfs_gap_inputs.GAP/GAP-twitter_25451915    n/a   
    bfs_gap_inputs.GAP/GAP-twitter_57714473    n/a   
    bfs_gap_inputs.GAP/GAP-twitter_14839494    n/a   
    bfs_gap_inputs.GAP/GAP-twitter_32081104    n/a   
    bfs_gap_inputs.GAP/GAP-twitter_52957357    n/a   
    bfs_gap_inputs.GAP/GAP-twitter_50444380    n/a   
    bfs_gap_inputs.GAP/GAP-twitter_49590701    n/a   
    bfs_gap_inputs.GAP/GAP-twitter_20127816    n/a   
    bfs_gap_inputs.GAP/GAP-twitter_34939333    n/a   
    bfs_gap_inputs.GAP/GAP-twitter_48251001    n/a   
    bfs_gap_inputs.GAP/GAP-twitter_19524253    n/a   
    bfs_gap_inputs.GAP/GAP-twitter_43676726    n/a   
    bfs_gap_inputs.GAP/GAP-twitter_33055508    n/a   
    bfs_gap_inputs.GAP/GAP-twitter_15244687    n/a   
    bfs_gap_inputs.GAP/GAP-twitter_24946738    n/a   
     bfs_gap_inputs.GAP/GAP-twitter_6479472    n/a   
    bfs_gap_inputs.GAP/GAP-twitter_26077682    n/a   
    bfs_gap_inputs.GAP/GAP-twitter_22023875    n/a   
    bfs_gap_inputs.GAP/GAP-twitter_22081915    n/a   
    bfs_gap_inputs.GAP/GAP-twitter_40034162    n/a   
    bfs_gap_inputs.GAP/GAP-twitter_49496014    n/a   
    bfs_gap_inputs.GAP/GAP-twitter_42847507    n/a   
    bfs_gap_inputs.GAP/GAP-twitter_52409557    n/a   
    bfs_gap_inputs.GAP/GAP-twitter_55445388    n/a   
    bfs_gap_inputs.GAP/GAP-twitter_22028097    n/a   
    bfs_gap_inputs.GAP/GAP-twitter_48766648    n/a   
    bfs_gap_inputs.GAP/GAP-twitter_44521241    n/a   
    bfs_gap_inputs.GAP/GAP-twitter_60135542    n/a   
    bfs_gap_inputs.GAP/GAP-twitter_28528671    n/a   
     bfs_gap_inputs.GAP/GAP-twitter_9678012    n/a   
    bfs_gap_inputs.GAP/GAP-twitter_40020306    n/a   
    bfs_gap_inputs.GAP/GAP-twitter_31625735    n/a   
    bfs_gap_inputs.GAP/GAP-twitter_37446892    n/a   
    bfs_gap_inputs.GAP/GAP-twitter_51788952    n/a   
    bfs_gap_inputs.GAP/GAP-twitter_52584255    n/a   
    bfs_gap_inputs.GAP/GAP-twitter_20346696    n/a   
    bfs_gap_inputs.GAP/GAP-twitter_48387909    n/a   
    bfs_gap_inputs.GAP/GAP-twitter_37337427    n/a   
    bfs_gap_inputs.GAP/GAP-twitter_50501084   failed 
    bfs_gap_inputs.GAP/GAP-twitter_30130061    n/a   
    bfs_gap_inputs.GAP/GAP-twitter_41185893    n/a   
    bfs_gap_inputs.GAP/GAP-twitter_56495703    n/a   
    bfs_gap_inputs.GAP/GAP-twitter_45663305    n/a   
    bfs_gap_inputs.GAP/GAP-twitter_33359460    n/a   
    bfs_gap_inputs.GAP/GAP-twitter_48143058    n/a   
    bfs_gap_inputs.GAP/GAP-twitter_33291513    n/a   
    bfs_gap_inputs.GAP/GAP-twitter_53461445    n/a   
    bfs_gap_inputs.GAP/GAP-twitter_29340610    n/a   
    bfs_gap_inputs.GAP/GAP-twitter_34148498    n/a   
    bfs_gap_inputs.GAP/GAP-twitter_49171806    n/a   
    bfs_gap_inputs.GAP/GAP-twitter_35550696    n/a   
    bfs_gap_inputs.GAP/GAP-twitter_14521507    n/a   
    bfs_gap_inputs.GAP/GAP-twitter_51633218    n/a   
    bfs_gap_inputs.GAP/GAP-twitter_46823382    n/a   
    bfs_gap_inputs.GAP/GAP-twitter_19396273    n/a   
    bfs_gap_inputs.GAP/GAP-twitter_19871750    n/a   
    bfs_gap_inputs.GAP/GAP-twitter_36862677    n/a   
    bfs_gap_inputs.GAP/GAP-twitter_49539126    n/a   
    bfs_gap_inputs.GAP/GAP-twitter_34016452    n/a   
    bfs_gap_inputs.GAP/GAP-twitter_36567395    n/a   
    bfs_gap_inputs.GAP/GAP-twitter_55487793    n/a   
    bfs_gap_inputs.GAP/GAP-twitter_14391370    n/a   
      bfs_gap_inputs.GAP/GAP-web_10219452      n/a   
      bfs_gap_inputs.GAP/GAP-web_44758211      n/a   
       bfs_gap_inputs.GAP/GAP-web_890671       n/a   
      bfs_gap_inputs.GAP/GAP-web_13843756      n/a   
      bfs_gap_inputs.GAP/GAP-web_14168062      n/a   
      bfs_gap_inputs.GAP/GAP-web_20906930      n/a   
      bfs_gap_inputs.GAP/GAP-web_12189584      n/a   
      bfs_gap_inputs.GAP/GAP-web_26352335      n/a   
      bfs_gap_inputs.GAP/GAP-web_43500686      n/a   
       bfs_gap_inputs.GAP/GAP-web_8987024      n/a   
       bfs_gap_inputs.GAP/GAP-web_5699762      n/a   
      bfs_gap_inputs.GAP/GAP-web_41436455      n/a   
       bfs_gap_inputs.GAP/GAP-web_5030727      n/a   
      bfs_gap_inputs.GAP/GAP-web_40735218      n/a   
      bfs_gap_inputs.GAP/GAP-web_16533563      n/a   
      bfs_gap_inputs.GAP/GAP-web_28700166      n/a   
        bfs_gap_inputs.GAP/GAP-web_64711       n/a   
      bfs_gap_inputs.GAP/GAP-web_39634750      n/a   
      bfs_gap_inputs.GAP/GAP-web_16037779      n/a   
      bfs_gap_inputs.GAP/GAP-web_27152739      n/a   
      bfs_gap_inputs.GAP/GAP-web_16404061      n/a   
      bfs_gap_inputs.GAP/GAP-web_20491963      n/a   
       bfs_gap_inputs.GAP/GAP-web_5322423      n/a   
      bfs_gap_inputs.GAP/GAP-web_21420953      n/a   
      bfs_gap_inputs.GAP/GAP-web_26622109      n/a   
       bfs_gap_inputs.GAP/GAP-web_5882875      n/a   
      bfs_gap_inputs.GAP/GAP-web_18091040      n/a   
      bfs_gap_inputs.GAP/GAP-web_10665896      n/a   
      bfs_gap_inputs.GAP/GAP-web_18634422      n/a   
      bfs_gap_inputs.GAP/GAP-web_18138715      n/a   
       bfs_gap_inputs.GAP/GAP-web_2355535      n/a   
      bfs_gap_inputs.GAP/GAP-web_32885205      n/a   
      bfs_gap_inputs.GAP/GAP-web_40657440      n/a   
      bfs_gap_inputs.GAP/GAP-web_35196167      n/a   
      bfs_gap_inputs.GAP/GAP-web_45544426      n/a   
       bfs_gap_inputs.GAP/GAP-web_6175519      n/a   
      bfs_gap_inputs.GAP/GAP-web_40058318      n/a   
      bfs_gap_inputs.GAP/GAP-web_50626230      n/a   
      bfs_gap_inputs.GAP/GAP-web_36571019      n/a   
      bfs_gap_inputs.GAP/GAP-web_49397052      n/a   
      bfs_gap_inputs.GAP/GAP-web_23434265     failed 
       bfs_gap_inputs.GAP/GAP-web_2299444      n/a   
      bfs_gap_inputs.GAP/GAP-web_32873823      n/a   
      bfs_gap_inputs.GAP/GAP-web_25978282      n/a   
       bfs_gap_inputs.GAP/GAP-web_2461715      n/a   
      bfs_gap_inputs.GAP/GAP-web_22787314      n/a   
      bfs_gap_inputs.GAP/GAP-web_30759947      n/a   
       bfs_gap_inputs.GAP/GAP-web_7428894      n/a   
      bfs_gap_inputs.GAP/GAP-web_39173870      n/a   
      bfs_gap_inputs.GAP/GAP-web_43194209      n/a   
      bfs_gap_inputs.GAP/GAP-web_26361509      n/a   
      bfs_gap_inputs.GAP/GAP-web_39747211      n/a   
      bfs_gap_inputs.GAP/GAP-web_30670029      n/a   
      bfs_gap_inputs.GAP/GAP-web_41483033      n/a   
       bfs_gap_inputs.GAP/GAP-web_9358666      n/a   
       bfs_gap_inputs.GAP/GAP-web_9945008      n/a   
       bfs_gap_inputs.GAP/GAP-web_3355244      n/a   
      bfs_gap_inputs.GAP/GAP-web_33831269      n/a   
      bfs_gap_inputs.GAP/GAP-web_45124744      n/a   
      bfs_gap_inputs.GAP/GAP-web_16137877      n/a   
      bfs_gap_inputs.GAP/GAP-web_11235448      n/a   
      bfs_gap_inputs.GAP/GAP-web_37509144      n/a   
      bfs_gap_inputs.GAP/GAP-web_27402414      n/a   
      bfs_gap_inputs.GAP/GAP-web_39546083      n/a   
      bfs_gap_inputs.GAP/GAP-kron_2338012      n/a   
      bfs_gap_inputs.GAP/GAP-kron_31997659     n/a   
      bfs_gap_inputs.GAP/GAP-kron_23590940     n/a   
      bfs_gap_inputs.GAP/GAP-kron_43400604     n/a   
      bfs_gap_inputs.GAP/GAP-kron_75337937     n/a   
       bfs_gap_inputs.GAP/GAP-kron_169867      n/a   
     bfs_gap_inputs.GAP/GAP-kron_104041220     n/a   
      bfs_gap_inputs.GAP/GAP-kron_94177942     n/a   
      bfs_gap_inputs.GAP/GAP-kron_32871357     n/a   
      bfs_gap_inputs.GAP/GAP-kron_56230002     n/a   
      bfs_gap_inputs.GAP/GAP-kron_69883037     n/a   
      bfs_gap_inputs.GAP/GAP-kron_9346345      n/a   
      bfs_gap_inputs.GAP/GAP-kron_48915358     n/a   
     bfs_gap_inputs.GAP/GAP-kron_122571173     n/a   
      bfs_gap_inputs.GAP/GAP-kron_6183279      n/a   
      bfs_gap_inputs.GAP/GAP-kron_86323663     n/a   
     bfs_gap_inputs.GAP/GAP-kron_106725780     n/a   
      bfs_gap_inputs.GAP/GAP-kron_92389938     n/a   
      bfs_gap_inputs.GAP/GAP-kron_16210738     n/a   
      bfs_gap_inputs.GAP/GAP-kron_59816700     n/a   
     bfs_gap_inputs.GAP/GAP-kron_111669929     n/a   
     bfs_gap_inputs.GAP/GAP-kron_102831411     n/a   
     bfs_gap_inputs.GAP/GAP-kron_113384800     n/a   
      bfs_gap_inputs.GAP/GAP-kron_43872564     n/a   
      bfs_gap_inputs.GAP/GAP-kron_80508827     n/a   
      bfs_gap_inputs.GAP/GAP-kron_26105648     n/a   
      bfs_gap_inputs.GAP/GAP-kron_8807516      n/a   
     bfs_gap_inputs.GAP/GAP-kron_118452455     n/a   
     bfs_gap_inputs.GAP/GAP-kron_121818859     n/a   
      bfs_gap_inputs.GAP/GAP-kron_42361928     n/a   
      bfs_gap_inputs.GAP/GAP-kron_29493053     n/a   
      bfs_gap_inputs.GAP/GAP-kron_98461503     n/a   
      bfs_gap_inputs.GAP/GAP-kron_71931337     n/a   
     bfs_gap_inputs.GAP/GAP-kron_103808468     n/a   
      bfs_gap_inputs.GAP/GAP-kron_4092345      n/a   
     bfs_gap_inputs.GAP/GAP-kron_115276241     n/a   
      bfs_gap_inputs.GAP/GAP-kron_4649343      n/a   
      bfs_gap_inputs.GAP/GAP-kron_76656189     n/a   
      bfs_gap_inputs.GAP/GAP-kron_31312001     n/a   
     bfs_gap_inputs.GAP/GAP-kron_111334127     n/a   
     bfs_gap_inputs.GAP/GAP-kron_100962918    failed 
      bfs_gap_inputs.GAP/GAP-kron_41823215     n/a   
      bfs_gap_inputs.GAP/GAP-kron_22631240     n/a   
      bfs_gap_inputs.GAP/GAP-kron_42848461     n/a   
      bfs_gap_inputs.GAP/GAP-kron_79485148     n/a   
     bfs_gap_inputs.GAP/GAP-kron_106818742     n/a   
      bfs_gap_inputs.GAP/GAP-kron_73347974     n/a   
      bfs_gap_inputs.GAP/GAP-kron_78848445     n/a   
     bfs_gap_inputs.GAP/GAP-kron_109920510     n/a   
     bfs_gap_inputs.GAP/GAP-kron_121492133     n/a   
     bfs_gap_inputs.GAP/GAP-kron_101037296     n/a   
      bfs_gap_inputs.GAP/GAP-kron_15438600     n/a   
      bfs_gap_inputs.GAP/GAP-kron_4584784      n/a   
     bfs_gap_inputs.GAP/GAP-kron_124503845     n/a   
      bfs_gap_inputs.GAP/GAP-kron_87241743     n/a   
     bfs_gap_inputs.GAP/GAP-kron_108297008     n/a   
      bfs_gap_inputs.GAP/GAP-kron_33955082     n/a   
      bfs_gap_inputs.GAP/GAP-kron_79934823     n/a   
      bfs_gap_inputs.GAP/GAP-kron_8608481      n/a   
      bfs_gap_inputs.GAP/GAP-kron_82435063     n/a   
      bfs_gap_inputs.GAP/GAP-kron_46579271     n/a   
       bfs_gap_inputs.GAP/GAP-kron_515421      n/a   
     bfs_gap_inputs.GAP/GAP-kron_121530467     n/a   
     bfs_gap_inputs.GAP/GAP-kron_127978736     n/a   
     bfs_gap_inputs.GAP/GAP-urand_27691419     n/a   
     bfs_gap_inputs.GAP/GAP-urand_121280314    n/a   
      bfs_gap_inputs.GAP/GAP-urand_2413431     n/a   
     bfs_gap_inputs.GAP/GAP-urand_37512113     n/a   
     bfs_gap_inputs.GAP/GAP-urand_38390877     n/a   
     bfs_gap_inputs.GAP/GAP-urand_56651037     n/a   
     bfs_gap_inputs.GAP/GAP-urand_128461248    n/a   
     bfs_gap_inputs.GAP/GAP-urand_33029842     n/a   
     bfs_gap_inputs.GAP/GAP-urand_71406328     n/a   
     bfs_gap_inputs.GAP/GAP-urand_117872827    n/a   
     bfs_gap_inputs.GAP/GAP-urand_24351938     n/a   
     bfs_gap_inputs.GAP/GAP-urand_15444519     n/a   
     bfs_gap_inputs.GAP/GAP-urand_127526281    n/a   
     bfs_gap_inputs.GAP/GAP-urand_112279428    n/a   
     bfs_gap_inputs.GAP/GAP-urand_13631649     n/a   
     bfs_gap_inputs.GAP/GAP-urand_110379302    n/a   
     bfs_gap_inputs.GAP/GAP-urand_44800623     n/a   
     bfs_gap_inputs.GAP/GAP-urand_77768193     n/a   
      bfs_gap_inputs.GAP/GAP-urand_175347      n/a   
     bfs_gap_inputs.GAP/GAP-urand_107397389    n/a   
     bfs_gap_inputs.GAP/GAP-urand_43457209     n/a   
     bfs_gap_inputs.GAP/GAP-urand_97215940     n/a   
     bfs_gap_inputs.GAP/GAP-urand_73575165     n/a   
     bfs_gap_inputs.GAP/GAP-urand_44449715     n/a   
     bfs_gap_inputs.GAP/GAP-urand_33931724     n/a   
     bfs_gap_inputs.GAP/GAP-urand_55526610     n/a   
     bfs_gap_inputs.GAP/GAP-urand_14422051     n/a   
     bfs_gap_inputs.GAP/GAP-urand_58043873     n/a   
     bfs_gap_inputs.GAP/GAP-urand_72137329     n/a   
      bfs_gap_inputs.GAP/GAP-urand_9647840     n/a   
     bfs_gap_inputs.GAP/GAP-urand_15940695     n/a   
     bfs_gap_inputs.GAP/GAP-urand_14209952     n/a   
     bfs_gap_inputs.GAP/GAP-urand_49020883     n/a   
     bfs_gap_inputs.GAP/GAP-urand_28901138     n/a   
     bfs_gap_inputs.GAP/GAP-urand_50493273     n/a   
     bfs_gap_inputs.GAP/GAP-urand_49150069     n/a   
     bfs_gap_inputs.GAP/GAP-urand_126525082    n/a   
      bfs_gap_inputs.GAP/GAP-urand_6382740     n/a   
     bfs_gap_inputs.GAP/GAP-urand_89108297     n/a   
      bfs_gap_inputs.GAP/GAP-urand_9239735     n/a   
     bfs_gap_inputs.GAP/GAP-urand_110168548   failed 
     bfs_gap_inputs.GAP/GAP-urand_95370259     n/a   
     bfs_gap_inputs.GAP/GAP-urand_116653530    n/a   
     bfs_gap_inputs.GAP/GAP-urand_123410703    n/a   
     bfs_gap_inputs.GAP/GAP-urand_16733665     n/a   
     bfs_gap_inputs.GAP/GAP-urand_49030282     n/a   
     bfs_gap_inputs.GAP/GAP-urand_108545121    n/a   
     bfs_gap_inputs.GAP/GAP-urand_99095665     n/a   
     bfs_gap_inputs.GAP/GAP-urand_133850077    n/a   
     bfs_gap_inputs.GAP/GAP-urand_63499301     n/a   
     bfs_gap_inputs.GAP/GAP-urand_21541382     n/a   
      bfs_gap_inputs.GAP/GAP-urand_6230751     n/a   
     bfs_gap_inputs.GAP/GAP-urand_89077456     n/a   
     bfs_gap_inputs.GAP/GAP-urand_70392765     n/a   
      bfs_gap_inputs.GAP/GAP-urand_6670455     n/a   
     bfs_gap_inputs.GAP/GAP-urand_61746271     n/a   
     bfs_gap_inputs.GAP/GAP-urand_83349535     n/a   
     bfs_gap_inputs.GAP/GAP-urand_115272184    n/a   
     bfs_gap_inputs.GAP/GAP-urand_20129908     n/a   
     bfs_gap_inputs.GAP/GAP-urand_106148553    n/a   
     bfs_gap_inputs.GAP/GAP-urand_117042375    n/a   
     bfs_gap_inputs.GAP/GAP-urand_71431187     n/a   
     bfs_gap_inputs.GAP/GAP-urand_45287808     n/a   
     bfs_gap_inputs.GAP/GAP-urand_107702120    n/a   
   ========================================= ========
   For parameters: bfs_gap_inputs.GAP/GAP-road_19079469
   INFO root: Dataset suitesparse_matrix.GAP/GAP-road manifest metadata is stale.
   INFO root: Dataset suitesparse_matrix.GAP/GAP-road regenerated.
   Traceback (most recent call last):
     File "/storage/scratch1/7/wahrens6/SparseArrayProgrammingSuite/competition/run_13072363/task_1/env/chunk-1/c6e6c30cd4da42ee650d557ff6858c92/lib/python3.12/site-packages/asv_runner/server.py", line 179, in _run_server
       _run(run_args)
     File "/storage/scratch1/7/wahrens6/SparseArrayProgrammingSuite/competition/run_13072363/task_1/env/chunk-1/c6e6c30cd4da42ee650d557ff6858c92/lib/python3.12/site-packages/asv_runner/run.py", line 73, in _run
       result = benchmark.do_run()
                ^^^^^^^^^^^^^^^^^^
     File "/storage/scratch1/7/wahrens6/SparseArrayProgrammingSuite/competition/run_13072363/task_1/env/chunk-1/c6e6c30cd4da42ee650d557ff6858c92/lib/python3.12/site-packages/asv_runner/benchmarks/_base.py", line 758, in do_run
       return self.run(*self._build_params())
              ^^^^^^^^^^^^^^^^^^^^^^^^^^^^^^^
     File "/storage/scratch1/7/wahrens6/SparseArrayProgrammingSuite/competition/run_13072363/task_1/env/chunk-1/c6e6c30cd4da42ee650d557ff6858c92/lib/python3.12/site-packages/asv_runner/benchmarks/time.py", line 235, in run
       samples, number = self.benchmark_timing(
                         ^^^^^^^^^^^^^^^^^^^^^^
     File "/storage/scratch1/7/wahrens6/SparseArrayProgrammingSuite/competition/run_13072363/task_1/env/chunk-1/c6e6c30cd4da42ee650d557ff6858c92/lib/python3.12/site-packages/asv_runner/benchmarks/time.py", line 357, in benchmark_timing
       timing = timer.timeit(number)
                ^^^^^^^^^^^^^^^^^^^^
     File "/storage/pace-apps/spack/packages/linux-rhel9-x86_64_v3/gcc-11.3.1/python-3.12.5-5sase6atfv2x5tf7dy5x5sqfzyguhsia/lib/python3.12/timeit.py", line 180, in timeit
       timing = self.inner(it, self.timer)
                ^^^^^^^^^^^^^^^^^^^^^^^^^^
     File "<timeit-src>", line 6, in inner
     File "/storage/scratch1/7/wahrens6/SparseArrayProgrammingSuite/competition/run_13072363/task_1/env/chunk-1/c6e6c30cd4da42ee650d557ff6858c92/lib/python3.12/site-packages/asv_runner/benchmarks/time.py", line 130, in func
       self.func(*param)
     File "/storage/scratch1/7/wahrens6/SparseArrayProgrammingSuite/competition/run_13072363/task_1/env/chunk-1/c6e6c30cd4da42ee650d557ff6858c92/lib/python3.12/site-packages/saps/benchmark.py", line 360, in _time_run
       self.run(param)
     File "/storage/scratch1/7/wahrens6/SparseArrayProgrammingSuite/competition/run_13072363/task_1/env/chunk-1/c6e6c30cd4da42ee650d557ff6858c92/lib/python3.12/site-packages/saps/benchmark.py", line 432, in run
       input = [xp.from_binsparse(d) for d in self._input]
                ^^^^^^^^^^^^^^^^^^^^
     File "/storage/scratch1/7/wahrens6/SparseArrayProgrammingSuite/frameworks/saps_numpy.py", line 33, in from_binsparse
       return np.asarray(to_sparse(array).todense())
                         ^^^^^^^^^^^^^^^^^^^^^^^^^^
     File "/storage/scratch1/7/wahrens6/SparseArrayProgrammingSuite/competition/run_13072363/task_1/env/chunk-1/c6e6c30cd4da42ee650d557ff6858c92/lib/python3.12/site-packages/sparse/numba_backend/_coo/core.py", line 410, in todense
       x = np.full(self.shape, self.fill_value, self.dtype)
           ^^^^^^^^^^^^^^^^^^^^^^^^^^^^^^^^^^^^^^^^^^^^^^^^
     File "/storage/scratch1/7/wahrens6/SparseArrayProgrammingSuite/competition/run_13072363/task_1/env/chunk-1/c6e6c30cd4da42ee650d557ff6858c92/lib/python3.12/site-packages/numpy/_core/numeric.py", line 386, in full
       a = empty(shape, dtype, order, device=device)
           ^^^^^^^^^^^^^^^^^^^^^^^^^^^^^^^^^^^^^^^^^
   numpy._core._exceptions._ArrayMemoryError: Unable to allocate 4.07 PiB for an array with shape (23947347, 23947347) and data type int64
   
   For parameters: bfs_gap_inputs.GAP/GAP-twitter_50501084
   INFO root: Dataset suitesparse_matrix.GAP/GAP-twitter manifest metadata is stale.
   
   GAP-twitter:   0%|          | 0/9469180207 [00:00<?, ?B/s]
   GAP-twitter:   0%|          | 294912/9469180207 [00:00<58:03, 2718542.83B/s]
   GAP-twitter:   0%|          | 1294336/9469180207 [00:00<23:03, 6840963.50B/s]
   GAP-twitter:   0%|          | 2539520/9469180207 [00:00<17:03, 9249614.75B/s]
   GAP-twitter:   0%|          | 4014080/9469180207 [00:00<13:53, 11359622.73B/s]
   GAP-twitter:   0%|          | 5357568/9469180207 [00:00<13:02, 12091425.88B/s]
   GAP-twitter:   0%|          | 6881280/9469180207 [00:00<12:08, 12986575.26B/s]
   GAP-twitter:   0%|          | 8454144/9469180207 [00:00<11:22, 13862801.39B/s]
   GAP-twitter:   0%|          | 10076160/9469180207 [00:00<10:50, 14550593.11B/s]
   GAP-twitter:   0%|          | 11763712/9469180207 [00:00<10:20, 15237230.36B/s]
   GAP-twitter:   0%|          | 13500416/9469180207 [00:01<09:56, 15843596.60B/s]
   GAP-twitter:   0%|          | 15204352/9469180207 [00:01<09:43, 16200306.42B/s]
   GAP-twitter:   0%|          | 16908288/9469180207 [00:01<09:35, 16412878.14B/s]
   GAP-twitter:   0%|          | 18579456/9469180207 [00:01<09:33, 16486901.46B/s]
   GAP-twitter:   0%|          | 20299776/9469180207 [00:01<09:26, 16670853.32B/s]
   GAP-twitter:   0%|          | 22052864/9469180207 [00:01<09:18, 16918625.34B/s]
   GAP-twitter:   0%|          | 23789568/9469180207 [00:01<09:15, 17013382.69B/s]
   GAP-twitter:   0%|          | 25526272/9469180207 [00:01<09:11, 17110530.75B/s]
   GAP-twitter:   0%|          | 27246592/9469180207 [00:01<09:11, 17114679.25B/s]
   GAP-twitter:   0%|          | 28983296/9469180207 [00:01<09:10, 17163367.39B/s]
   GAP-twitter:   0%|          | 30736384/9469180207 [00:02<09:06, 17270224.90B/s]
   GAP-twitter:   0%|          | 32505856/9469180207 [00:02<09:02, 17388308.21B/s]
   GAP-twitter:   0%|          | 34258944/9469180207 [00:02<09:03, 17353284.18B/s]
   GAP-twitter:   0%|          | 36012032/9469180207 [00:02<09:02, 17383892.25B/s]
   GAP-twitter:   0%|          | 37765120/9469180207 [00:02<09:05, 17293696.14B/s]
   GAP-twitter:   0%|          | 39501824/9469180207 [00:02<09:04, 17307813.95B/s]
   GAP-twitter:   0%|          | 41254912/9469180207 [00:02<09:03, 17330878.14B/s]
   GAP-twitter:   0%|          | 42991616/9469180207 [00:02<09:03, 17335578.12B/s]
   GAP-twitter:   0%|          | 44728320/9469180207 [00:02<09:03, 17334438.35B/s]
   GAP-twitter:   0%|          | 46497792/9469180207 [00:02<09:00, 17417715.00B/s]
   GAP-twitter:   1%|          | 48250880/9469180207 [00:03<09:02, 17357720.52B/s]
   GAP-twitter:   1%|          | 50020352/9469180207 [00:03<08:59, 17446220.31B/s]
   GAP-twitter:   1%|          | 51773440/9469180207 [00:03<09:01, 17385037.74B/s]
   GAP-twitter:   1%|          | 53526528/9469180207 [00:03<09:04, 17305942.01B/s]
   GAP-twitter:   1%|          | 55263232/9469180207 [00:03<09:07, 17199047.97B/s]
   GAP-twitter:   1%|          | 56983552/9469180207 [00:03<09:18, 16859013.59B/s]
   GAP-twitter:   1%|          | 58671104/9469180207 [00:03<09:24, 16681459.57B/s]
   GAP-twitter:   1%|          | 60391424/9469180207 [00:03<09:19, 16830945.19B/s]
   GAP-twitter:   1%|          | 62095360/9469180207 [00:03<09:18, 16851533.75B/s]
   GAP-twitter:   1%|          | 63848448/9469180207 [00:03<09:11, 17047761.67B/s]
   GAP-twitter:   1%|          | 65568768/9469180207 [00:04<09:15, 16924963.03B/s]
   GAP-twitter:   1%|          | 67272704/9469180207 [00:04<09:21, 16751160.27B/s]
   GAP-twitter:   1%|          | 68960256/9469180207 [00:04<09:25, 16635751.60B/s]
   GAP-twitter:   1%|          | 70631424/9469180207 [00:04<09:56, 15764673.88B/s]
   GAP-twitter:   1%|          | 72269824/9469180207 [00:04<09:50, 15925506.53B/s]
   GAP-twitter:   1%|          | 73957376/9469180207 [00:04<09:41, 16158105.73B/s]
   GAP-twitter:   1%|          | 75579392/9469180207 [00:04<10:20, 15143873.79B/s]
   GAP-twitter:   1%|          | 77266944/9469180207 [00:04<10:02, 15581302.59B/s]
   GAP-twitter:   1%|          | 78839808/9469180207 [00:04<10:35, 14780812.14B/s]
   GAP-twitter:   1%|          | 80494592/9469180207 [00:05<10:16, 15237317.42B/s]
   GAP-twitter:   1%|          | 82051072/9469180207 [00:05<10:46, 14518800.59B/s]
   GAP-twitter:   1%|          | 83525632/9469180207 [00:05<10:49, 14451890.20B/s]
   GAP-twitter:   1%|          | 85180416/9469180207 [00:05<10:24, 15018504.41B/s]
   GAP-twitter:   1%|          | 86704128/9469180207 [00:05<10:58, 14253921.84B/s]
   GAP-twitter:   1%|          | 88408064/9469180207 [00:05<10:25, 15006933.01B/s]
   GAP-twitter:   1%|          | 89980928/9469180207 [00:05<10:18, 15175968.94B/s]
   GAP-twitter:   1%|          | 91521024/9469180207 [00:05<11:01, 14175343.52B/s]
   GAP-twitter:   1%|          | 93044736/9469180207 [00:05<10:49, 14442185.42B/s]
   GAP-twitter:   1%|          | 94519296/9469180207 [00:06<11:19, 13802320.21B/s]
   GAP-twitter:   1%|          | 96174080/9469180207 [00:06<10:44, 14547026.06B/s]
   GAP-twitter:   1%|          | 97681408/9469180207 [00:06<10:38, 14671576.85B/s]
   GAP-twitter:   1%|          | 99172352/9469180207 [00:06<11:22, 13722760.25B/s]
   GAP-twitter:   1%|          | 100679680/9469180207 [00:06<11:08, 14005296.79B/s]
   GAP-twitter:   1%|          | 102105088/9469180207 [00:06<11:39, 13396515.70B/s]
   GAP-twitter:   1%|          | 103727104/9469180207 [00:06<11:02, 14141319.45B/s]
   GAP-twitter:   1%|          | 105365504/9469180207 [00:06<10:34, 14751155.89B/s]
   GAP-twitter:   1%|          | 106856448/9469180207 [00:06<11:07, 14032322.87B/s]
   GAP-twitter:   1%|          | 108527616/9469180207 [00:06<10:33, 14778595.09B/s]
   GAP-twitter:   1%|          | 110051328/9469180207 [00:07<10:58, 14205173.60B/s]
   GAP-twitter:   1%|          | 111722496/9469180207 [00:07<10:28, 14885551.20B/s]
   GAP-twitter:   1%|          | 113393664/9469180207 [00:07<10:07, 15406949.23B/s]
   GAP-twitter:   1%|          | 114950144/9469180207 [00:07<10:38, 14644960.96B/s]
   GAP-twitter:   1%|          | 116523008/9469180207 [00:07<10:25, 14944214.02B/s]
   GAP-twitter:   1%|          | 118063104/9469180207 [00:07<11:07, 13999301.62B/s]
   GAP-twitter:   1%|▏         | 119685120/9469180207 [00:07<10:40, 14588234.46B/s]
   GAP-twitter:   1%|▏         | 121290752/9469180207 [00:07<10:23, 14994089.23B/s]
   GAP-twitter:   1%|▏         | 122814464/9469180207 [00:07<10:58, 14184903.33B/s]
   GAP-twitter:   1%|▏         | 124387328/9469180207 [00:08<10:39, 14601426.00B/s]
   GAP-twitter:   1%|▏         | 125927424/9469180207 [00:08<10:30, 14809098.77B/s]
   GAP-twitter:   1%|▏         | 127434752/9469180207 [00:08<11:10, 13933564.49B/s]
   GAP-twitter:   1%|▏         | 129122304/9469180207 [00:08<10:34, 14715197.41B/s]
   GAP-twitter:   1%|▏         | 130613248/9469180207 [00:08<11:06, 14004505.63B/s]
   GAP-twitter:   1%|▏         | 132300800/9469180207 [00:08<10:31, 14775993.26B/s]
   GAP-twitter:   1%|▏         | 133922816/9469180207 [00:08<10:15, 15166799.70B/s]
   GAP-twitter:   1%|▏         | 135462912/9469180207 [00:08<10:52, 14313973.44B/s]
   GAP-twitter:   1%|▏         | 137117696/9469180207 [00:08<10:25, 14920130.85B/s]
   GAP-twitter:   1%|▏         | 138641408/9469180207 [00:09<10:58, 14165122.87B/s]
   GAP-twitter:   1%|▏         | 140328960/9469180207 [00:09<10:28, 14854554.40B/s]
   GAP-twitter:   1%|▏         | 141950976/9469180207 [00:09<10:12, 15239397.85B/s]
   GAP-twitter:   2%|▏         | 143491072/9469180207 [00:09<10:54, 14242237.34B/s]
   GAP-twitter:   2%|▏         | 145113088/9469180207 [00:09<10:30, 14784950.93B/s]
   GAP-twitter:   2%|▏         | 146620416/9469180207 [00:09<11:08, 13954364.57B/s]
   GAP-twitter:   2%|▏         | 148209664/9469180207 [00:09<10:43, 14476721.92B/s]
   GAP-twitter:   2%|▏         | 149798912/9469180207 [00:09<10:26, 14867522.70B/s]
   GAP-twitter:   2%|▏         | 151306240/9469180207 [00:09<11:06, 13989993.14B/s]
   GAP-twitter:   2%|▏         | 153026560/9469180207 [00:10<10:27, 14846239.83B/s]
   GAP-twitter:   2%|▏         | 154533888/9469180207 [00:10<11:15, 13783091.73B/s]
   GAP-twitter:   2%|▏         | 156139520/9469180207 [00:10<10:47, 14393874.25B/s]
   GAP-twitter:   2%|▏         | 157794304/9469180207 [00:10<10:22, 14967017.17B/s]
   GAP-twitter:   2%|▏         | 159318016/9469180207 [00:10<11:04, 14011269.70B/s]
   GAP-twitter:   2%|▏         | 160989184/9469180207 [00:10<10:31, 14738511.04B/s]
   GAP-twitter:   2%|▏         | 162496512/9469180207 [00:10<11:02, 14037367.16B/s]
   GAP-twitter:   2%|▏         | 164200448/9469180207 [00:10<10:26, 14844860.79B/s]
   GAP-twitter:   2%|▏         | 165822464/9469180207 [00:10<10:11, 15207841.74B/s]
   GAP-twitter:   2%|▏         | 167362560/9469180207 [00:11<10:46, 14377844.61B/s]
   GAP-twitter:   2%|▏         | 169033728/9469180207 [00:11<10:19, 15009567.68B/s]
   GAP-twitter:   2%|▏         | 170557440/9469180207 [00:11<10:53, 14238306.81B/s]
   GAP-twitter:   2%|▏         | 172195840/9469180207 [00:11<10:27, 14825854.43B/s]
   GAP-twitter:   2%|▏         | 173834240/9469180207 [00:11<10:09, 15257450.66B/s]
   GAP-twitter:   2%|▏         | 175390720/9469180207 [00:11<10:43, 14436604.53B/s]
   GAP-twitter:   2%|▏         | 177078272/9469180207 [00:11<10:14, 15113472.70B/s]
   GAP-twitter:   2%|▏         | 178618368/9469180207 [00:11<10:48, 14316604.10B/s]
   GAP-twitter:   2%|▏         | 180289536/9469180207 [00:11<10:21, 14944325.02B/s]
   GAP-twitter:   2%|▏         | 182009856/9469180207 [00:11<09:56, 15578841.12B/s]
   GAP-twitter:   2%|▏         | 183599104/9469180207 [00:12<10:36, 14588682.88B/s]
   GAP-twitter:   2%|▏         | 185188352/9469180207 [00:12<10:21, 14938507.61B/s]
   GAP-twitter:   2%|▏         | 186712064/9469180207 [00:12<11:05, 13943962.04B/s]
   GAP-twitter:   2%|▏         | 188350464/9469180207 [00:12<10:35, 14605699.44B/s]
   GAP-twitter:   2%|▏         | 190021632/9469180207 [00:12<10:11, 15170883.68B/s]
   GAP-twitter:   2%|▏         | 191561728/9469180207 [00:12<10:48, 14300773.03B/s]
   GAP-twitter:   2%|▏         | 193298432/9469180207 [00:12<10:13, 15113815.93B/s]
   GAP-twitter:   2%|▏         | 194838528/9469180207 [00:12<10:49, 14284787.64B/s]
   GAP-twitter:   2%|▏         | 196476928/9469180207 [00:13<10:25, 14831791.12B/s]
   GAP-twitter:   2%|▏         | 198197248/9469180207 [00:13<09:58, 15484361.89B/s]
   GAP-twitter:   2%|▏         | 199770112/9469180207 [00:13<10:32, 14653494.03B/s]
   GAP-twitter:   2%|▏         | 201441280/9469180207 [00:13<10:09, 15196667.26B/s]
   GAP-twitter:   2%|▏         | 202981376/9469180207 [00:13<10:46, 14337548.55B/s]
   GAP-twitter:   2%|▏         | 204570624/9469180207 [00:13<10:28, 14751374.68B/s]
   GAP-twitter:   2%|▏         | 206143488/9469180207 [00:13<10:16, 15020238.77B/s]
   GAP-twitter:   2%|▏         | 207667200/9469180207 [00:13<10:52, 14188155.44B/s]
   GAP-twitter:   2%|▏         | 209289216/9469180207 [00:13<10:29, 14718599.22B/s]
   GAP-twitter:   2%|▏         | 210780160/9469180207 [00:13<11:03, 13961482.92B/s]
   GAP-twitter:   2%|▏         | 212467712/9469180207 [00:14<10:28, 14732237.23B/s]
   GAP-twitter:   2%|▏         | 214073344/9469180207 [00:14<10:13, 15084826.07B/s]
   GAP-twitter:   2%|▏         | 215597056/9469180207 [00:14<10:46, 14324048.82B/s]
   GAP-twitter:   2%|▏         | 217235456/9469180207 [00:14<10:22, 14864175.85B/s]
   GAP-twitter:   2%|▏         | 218742784/9469180207 [00:14<10:53, 14147757.41B/s]
   GAP-twitter:   2%|▏         | 220413952/9469180207 [00:14<10:22, 14847987.61B/s]
   GAP-twitter:   2%|▏         | 222085120/9469180207 [00:14<10:02, 15351162.75B/s]
   GAP-twitter:   2%|▏         | 223641600/9469180207 [00:14<10:43, 14362060.82B/s]
   GAP-twitter:   2%|▏         | 225263616/9469180207 [00:14<10:22, 14851608.11B/s]
   GAP-twitter:   2%|▏         | 226770944/9469180207 [00:15<10:55, 14104960.85B/s]
   GAP-twitter:   2%|▏         | 228343808/9469180207 [00:15<10:34, 14554637.59B/s]
   GAP-twitter:   2%|▏         | 229900288/9469180207 [00:15<10:23, 14813527.44B/s]
   GAP-twitter:   2%|▏         | 231407616/9469180207 [00:15<11:01, 13966992.35B/s]
   GAP-twitter:   2%|▏         | 233062400/9469180207 [00:15<10:29, 14674003.85B/s]
   GAP-twitter:   2%|▏         | 234553344/9469180207 [00:15<11:04, 13905812.79B/s]
   GAP-twitter:   2%|▏         | 236191744/9469180207 [00:15<10:33, 14569784.23B/s]
   GAP-twitter:   3%|▎         | 237797376/9469180207 [00:15<10:17, 14957102.55B/s]
   GAP-twitter:   3%|▎         | 239321088/9469180207 [00:15<10:56, 14062950.17B/s]
   GAP-twitter:   3%|▎         | 240943104/9469180207 [00:16<10:29, 14660808.79B/s]
   GAP-twitter:   3%|▎         | 242548736/9469180207 [00:16<10:13, 15031094.67B/s]
   GAP-twitter:   3%|▎         | 244072448/9469180207 [00:16<11:05, 13857503.61B/s]
   GAP-twitter:   3%|▎         | 245661696/9469180207 [00:16<10:39, 14413982.69B/s]
   GAP-twitter:   3%|▎         | 247136256/9469180207 [00:16<11:05, 13866797.31B/s]
   GAP-twitter:   3%|▎         | 248741888/9469180207 [00:16<10:37, 14470661.09B/s]
   GAP-twitter:   3%|▎         | 250396672/9469180207 [00:16<10:12, 15059684.73B/s]
   GAP-twitter:   3%|▎         | 251920384/9469180207 [00:16<10:48, 14214035.68B/s]
   GAP-twitter:   3%|▎         | 253427712/9469180207 [00:16<10:39, 14415084.22B/s]
   GAP-twitter:   3%|▎         | 254885888/9469180207 [00:17<11:16, 13610713.59B/s]
   GAP-twitter:   3%|▎         | 256557056/9469180207 [00:17<10:37, 14441577.26B/s]
   GAP-twitter:   3%|▎         | 258162688/9469180207 [00:17<10:19, 14880038.67B/s]
   GAP-twitter:   3%|▎         | 259670016/9469180207 [00:17<10:46, 14239212.47B/s]
   GAP-twitter:   3%|▎         | 261275648/9469180207 [00:17<10:24, 14748716.73B/s]
   GAP-twitter:   3%|▎         | 262766592/9469180207 [00:17<11:01, 13911798.77B/s]
   GAP-twitter:   3%|▎         | 264437760/9469180207 [00:17<10:27, 14657547.69B/s]
   GAP-twitter:   3%|▎         | 266027008/9469180207 [00:17<10:13, 14993779.87B/s]
   GAP-twitter:   3%|▎         | 267550720/9469180207 [00:17<10:45, 14249272.63B/s]
   GAP-twitter:   3%|▎         | 269221888/9469180207 [00:18<10:16, 14911213.64B/s]
   GAP-twitter:   3%|▎         | 270778368/9469180207 [00:18<10:37, 14427114.69B/s]
   GAP-twitter:   3%|▎         | 272482304/9469180207 [00:18<10:08, 15118929.61B/s]
   GAP-twitter:   3%|▎         | 274120704/9469180207 [00:18<09:54, 15463868.74B/s]
   GAP-twitter:   3%|▎         | 275693568/9469180207 [00:18<10:31, 14569011.71B/s]
   GAP-twitter:   3%|▎         | 277299200/9469180207 [00:18<10:14, 14949304.50B/s]
   GAP-twitter:   3%|▎         | 278986752/9469180207 [00:18<09:54, 15459183.75B/s]
   GAP-twitter:   3%|▎         | 280559616/9469180207 [00:18<10:31, 14551398.43B/s]
   GAP-twitter:   3%|▎         | 282165248/9469180207 [00:18<10:13, 14969157.21B/s]
   GAP-twitter:   3%|▎         | 283688960/9469180207 [00:18<10:48, 14169337.05B/s]
   GAP-twitter:   3%|▎         | 285327360/9469180207 [00:19<10:22, 14747230.74B/s]
   GAP-twitter:   3%|▎         | 287047680/9469180207 [00:19<09:56, 15398130.03B/s]
   GAP-twitter:   3%|▎         | 288604160/9469180207 [00:19<10:35, 14451699.93B/s]
   GAP-twitter:   3%|▎         | 290258944/9469180207 [00:19<10:11, 14999665.39B/s]
   GAP-twitter:   3%|▎         | 291782656/9469180207 [00:19<10:38, 14363767.11B/s]
   GAP-twitter:   3%|▎         | 293388288/9469180207 [00:19<10:19, 14810327.71B/s]
   GAP-twitter:   3%|▎         | 295075840/9469180207 [00:19<09:57, 15366402.94B/s]
   GAP-twitter:   3%|▎         | 296632320/9469180207 [00:19<10:23, 14722732.54B/s]
   GAP-twitter:   3%|▎         | 298319872/9469180207 [00:19<09:58, 15310313.29B/s]
   GAP-twitter:   3%|▎         | 299876352/9469180207 [00:20<10:27, 14602210.72B/s]
   GAP-twitter:   3%|▎         | 301531136/9469180207 [00:20<10:05, 15144377.38B/s]
   GAP-twitter:   3%|▎         | 303251456/9469180207 [00:20<09:42, 15728741.80B/s]
   GAP-twitter:   3%|▎         | 304840704/9469180207 [00:20<10:27, 14605683.03B/s]
   GAP-twitter:   3%|▎         | 306429952/9469180207 [00:20<10:13, 14934099.56B/s]
   GAP-twitter:   3%|▎         | 307953664/9469180207 [00:20<10:51, 14051504.82B/s]
   GAP-twitter:   3%|▎         | 309460992/9469180207 [00:20<10:39, 14322884.80B/s]
   GAP-twitter:   3%|▎         | 311033856/9469180207 [00:20<10:23, 14682965.65B/s]
   GAP-twitter:   3%|▎         | 312524800/9469180207 [00:20<11:07, 13723086.25B/s]
   GAP-twitter:   3%|▎         | 314048512/9469180207 [00:21<10:49, 14105806.48B/s]
   GAP-twitter:   3%|▎         | 315490304/9469180207 [00:21<11:18, 13483552.15B/s]
   GAP-twitter:   3%|▎         | 317128704/9469180207 [00:21<10:42, 14248340.20B/s]
   GAP-twitter:   3%|▎         | 318750720/9469180207 [00:21<10:19, 14769532.40B/s]
   GAP-twitter:   3%|▎         | 320258048/9469180207 [00:21<10:52, 14020903.25B/s]
   GAP-twitter:   3%|▎         | 321863680/9469180207 [00:21<10:28, 14550860.50B/s]
   GAP-twitter:   3%|▎         | 323420160/9469180207 [00:21<11:06, 13722006.76B/s]
   GAP-twitter:   3%|▎         | 325042176/9469180207 [00:21<10:35, 14393413.70B/s]
   GAP-twitter:   3%|▎         | 326598656/9469180207 [00:21<10:22, 14683417.62B/s]
   GAP-twitter:   3%|▎         | 328089600/9469180207 [00:22<11:07, 13695367.75B/s]
   GAP-twitter:   3%|▎         | 329728000/9469180207 [00:22<10:34, 14396858.54B/s]
   GAP-twitter:   3%|▎         | 331366400/9469180207 [00:22<10:17, 14804381.86B/s]
   GAP-twitter:   4%|▎         | 332873728/9469180207 [00:22<10:43, 14208050.24B/s]
   GAP-twitter:   4%|▎         | 334413824/9469180207 [00:22<10:28, 14539282.98B/s]
   GAP-twitter:   4%|▎         | 335888384/9469180207 [00:22<11:12, 13571469.34B/s]
   GAP-twitter:   4%|▎         | 337510400/9469180207 [00:22<10:39, 14282374.59B/s]
   GAP-twitter:   4%|▎         | 339148800/9469180207 [00:22<10:14, 14860681.27B/s]
   GAP-twitter:   4%|▎         | 340656128/9469180207 [00:22<10:56, 13898712.44B/s]
   GAP-twitter:   4%|▎         | 342179840/9469180207 [00:23<10:39, 14262390.20B/s]
   GAP-twitter:   4%|▎         | 343638016/9469180207 [00:23<10:37, 14321503.14B/s]
   GAP-twitter:   4%|▎         | 345096192/9469180207 [00:23<11:27, 13268515.44B/s]
   GAP-twitter:   4%|▎         | 346554368/9469180207 [00:23<11:10, 13600988.63B/s]
   GAP-twitter:   4%|▎         | 347947008/9469180207 [00:23<11:36, 13089386.97B/s]
   GAP-twitter:   4%|▎         | 349405184/9469180207 [00:23<11:16, 13479701.99B/s]
   GAP-twitter:   4%|▎         | 350781440/9469180207 [00:23<11:17, 13449638.77B/s]
   GAP-twitter:   4%|▎         | 352141312/9469180207 [00:23<11:59, 12673559.88B/s]
   GAP-twitter:   4%|▎         | 353697792/9469180207 [00:23<11:16, 13476266.37B/s]
   GAP-twitter:   4%|▍         | 355336192/9469180207 [00:23<10:37, 14300215.38B/s]
   GAP-twitter:   4%|▍         | 356794368/9469180207 [00:24<11:06, 13663335.17B/s]
   GAP-twitter:   4%|▍         | 358334464/9469180207 [00:24<10:43, 14151502.17B/s]
   GAP-twitter:   4%|▍         | 359907328/9469180207 [00:24<10:24, 14586086.13B/s]
   GAP-twitter:   4%|▍         | 361381888/9469180207 [00:24<11:13, 13514321.66B/s]
   GAP-twitter:   4%|▍         | 362856448/9469180207 [00:24<10:59, 13817152.18B/s]
   GAP-twitter:   4%|▍         | 364265472/9469180207 [00:24<11:25, 13281628.17B/s]
   GAP-twitter:   4%|▍         | 365854720/9469180207 [00:24<10:50, 14003914.32B/s]
   GAP-twitter:   4%|▍         | 367427584/9469180207 [00:24<10:29, 14456997.51B/s]
   GAP-twitter:   4%|▍         | 368902144/9469180207 [00:24<10:56, 13855977.02B/s]
   GAP-twitter:   4%|▍         | 370442240/9469180207 [00:25<10:37, 14274158.26B/s]
   GAP-twitter:   4%|▍         | 371884032/9469180207 [00:25<10:36, 14294076.67B/s]
   GAP-twitter:   4%|▍         | 373325824/9469180207 [00:25<11:37, 13035412.38B/s]
   GAP-twitter:   4%|▍         | 374800384/9469180207 [00:25<11:14, 13485935.94B/s]
   GAP-twitter:   4%|▍         | 376176640/9469180207 [00:25<11:30, 13176186.73B/s]
   GAP-twitter:   4%|▍         | 377651200/9469180207 [00:25<11:09, 13580703.40B/s]
   GAP-twitter:   4%|▍         | 379322368/9469180207 [00:25<10:28, 14473772.25B/s]
   GAP-twitter:   4%|▍         | 380796928/9469180207 [00:25<10:59, 13786671.23B/s]
   GAP-twitter:   4%|▍         | 382386176/9469180207 [00:25<10:32, 14359938.55B/s]
   GAP-twitter:   4%|▍         | 383942656/9469180207 [00:26<10:17, 14703129.20B/s]
   GAP-twitter:   4%|▍         | 385433600/9469180207 [00:26<10:55, 13850303.13B/s]
   GAP-twitter:   4%|▍         | 387022848/9469180207 [00:26<10:29, 14421659.89B/s]
   GAP-twitter:   4%|▍         | 388481024/9469180207 [00:26<11:13, 13483728.62B/s]
   GAP-twitter:   4%|▍         | 389988352/9469180207 [00:26<10:52, 13917894.09B/s]
   GAP-twitter:   4%|▍         | 391495680/9469180207 [00:26<10:39, 14199278.21B/s]
   GAP-twitter:   4%|▍         | 392937472/9469180207 [00:26<11:21, 13322467.63B/s]
   GAP-twitter:   4%|▍         | 394412032/9469180207 [00:26<11:02, 13687750.59B/s]
   GAP-twitter:   4%|▍         | 395919360/9469180207 [00:26<10:44, 14072137.62B/s]
   GAP-twitter:   4%|▍         | 397344768/9469180207 [00:27<11:13, 13462563.64B/s]
   GAP-twitter:   4%|▍         | 398983168/9469180207 [00:27<10:35, 14270817.20B/s]
   GAP-twitter:   4%|▍         | 400424960/9469180207 [00:27<11:27, 13188643.16B/s]
   GAP-twitter:   4%|▍         | 401981440/9469180207 [00:27<10:57, 13794258.67B/s]
   GAP-twitter:   4%|▍         | 403554304/9469180207 [00:27<10:32, 14327849.86B/s]
   GAP-twitter:   4%|▍         | 405012480/9469180207 [00:27<11:27, 13179301.31B/s]
   GAP-twitter:   4%|▍         | 406585344/9469180207 [00:27<10:53, 13866008.34B/s]
   GAP-twitter:   4%|▍         | 408076288/9469180207 [00:27<11:19, 13338801.15B/s]
   GAP-twitter:   4%|▍         | 409714688/9469180207 [00:27<10:40, 14151474.75B/s]
   GAP-twitter:   4%|▍         | 411205632/9469180207 [00:28<10:30, 14359179.81B/s]
   GAP-twitter:   4%|▍         | 412663808/9469180207 [00:28<11:08, 13550221.12B/s]
   GAP-twitter:   4%|▍         | 414253056/9469180207 [00:28<10:38, 14171729.97B/s]
   GAP-twitter:   4%|▍         | 415891456/9469180207 [00:28<10:12, 14789354.23B/s]
   GAP-twitter:   4%|▍         | 417398784/9469180207 [00:28<10:46, 13991884.04B/s]
   GAP-twitter:   4%|▍         | 418938880/9469180207 [00:28<10:30, 14344304.19B/s]
   GAP-twitter:   4%|▍         | 420397056/9469180207 [00:28<10:27, 14411144.17B/s]
   GAP-twitter:   4%|▍         | 421855232/9469180207 [00:28<11:12, 13445384.75B/s]
   GAP-twitter:   4%|▍         | 423460864/9469180207 [00:28<10:38, 14166745.52B/s]
   GAP-twitter:   4%|▍         | 424902656/9469180207 [00:29<11:03, 13631899.71B/s]
   GAP-twitter:   5%|▍         | 426508288/9469180207 [00:29<10:33, 14282114.09B/s]
   GAP-twitter:   5%|▍         | 428113920/9469180207 [00:29<10:13, 14744536.95B/s]
   GAP-twitter:   5%|▍         | 429604864/9469180207 [00:29<10:46, 13991053.97B/s]
   GAP-twitter:   5%|▍         | 431177728/9469180207 [00:29<10:25, 14456542.39B/s]
   GAP-twitter:   5%|▍         | 432652288/9469180207 [00:29<10:58, 13713283.99B/s]
   GAP-twitter:   5%|▍         | 434192384/9469180207 [00:29<10:37, 14164312.71B/s]
   GAP-twitter:   5%|▍         | 435748864/9469180207 [00:29<10:21, 14541429.98B/s]
   GAP-twitter:   5%|▍         | 437223424/9469180207 [00:29<10:56, 13753669.36B/s]
   GAP-twitter:   5%|▍         | 438894592/9469180207 [00:29<10:20, 14545066.59B/s]
   GAP-twitter:   5%|▍         | 440516608/9469180207 [00:30<10:01, 15014712.42B/s]
   GAP-twitter:   5%|▍         | 442040320/9469180207 [00:30<10:44, 14013864.49B/s]
   GAP-twitter:   5%|▍         | 443629568/9469180207 [00:30<10:21, 14529915.95B/s]
   GAP-twitter:   5%|▍         | 445104128/9469180207 [00:30<10:46, 13952363.85B/s]
   GAP-twitter:   5%|▍         | 446758912/9469180207 [00:30<10:16, 14633401.77B/s]
   GAP-twitter:   5%|▍         | 448331776/9469180207 [00:30<10:04, 14925990.02B/s]
   GAP-twitter:   5%|▍         | 449839104/9469180207 [00:30<10:15, 14659268.41B/s]
   GAP-twitter:   5%|▍         | 451477504/9469180207 [00:30<09:55, 15134372.96B/s]
   GAP-twitter:   5%|▍         | 453001216/9469180207 [00:30<10:00, 15005892.90B/s]
   GAP-twitter:   5%|▍         | 454508544/9469180207 [00:31<10:30, 14303880.71B/s]
   GAP-twitter:   5%|▍         | 456097792/9469180207 [00:31<10:12, 14715181.36B/s]
   GAP-twitter:   5%|▍         | 457588736/9469180207 [00:31<10:47, 13927356.59B/s]
   GAP-twitter:   5%|▍         | 459227136/9469180207 [00:31<10:18, 14577581.20B/s]
   GAP-twitter:   5%|▍         | 460718080/9469180207 [00:31<10:14, 14655618.63B/s]
   GAP-twitter:   5%|▍         | 462209024/9469180207 [00:31<11:12, 13389580.13B/s]
   GAP-twitter:   5%|▍         | 463601664/9469180207 [00:31<11:05, 13530044.44B/s]
   GAP-twitter:   5%|▍         | 465076224/9469180207 [00:31<11:32, 13001307.57B/s]
   GAP-twitter:   5%|▍         | 466649088/9469180207 [00:31<10:55, 13725267.02B/s]
   GAP-twitter:   5%|▍         | 468238336/9469180207 [00:32<10:28, 14316251.98B/s]
   GAP-twitter:   5%|▍         | 469696512/9469180207 [00:32<11:00, 13628326.77B/s]
   GAP-twitter:   5%|▍         | 471318528/9469180207 [00:32<10:28, 14316217.16B/s]
   GAP-twitter:   5%|▍         | 472907776/9469180207 [00:32<10:09, 14752744.15B/s]
   GAP-twitter:   5%|▌         | 474398720/9469180207 [00:32<10:52, 13790978.70B/s]
   GAP-twitter:   5%|▌         | 475906048/9469180207 [00:32<10:36, 14123889.56B/s]
   GAP-twitter:   5%|▌         | 477347840/9469180207 [00:32<11:11, 13386772.77B/s]
   GAP-twitter:   5%|▌         | 478904320/9469180207 [00:32<10:44, 13952437.37B/s]
   GAP-twitter:   5%|▌         | 480444416/9469180207 [00:32<10:26, 14340135.28B/s]
   GAP-twitter:   5%|▌         | 481902592/9469180207 [00:33<11:06, 13491054.79B/s]
   GAP-twitter:   5%|▌         | 483508224/9469180207 [00:33<10:32, 14198763.26B/s]
   GAP-twitter:   5%|▌         | 484950016/9469180207 [00:33<11:17, 13254213.70B/s]
   GAP-twitter:   5%|▌         | 486522880/9469180207 [00:33<10:45, 13913023.21B/s]
   GAP-twitter:   5%|▌         | 488079360/9469180207 [00:33<10:25, 14362466.92B/s]
   GAP-twitter:   5%|▌         | 489537536/9469180207 [00:33<10:58, 13635680.51B/s]
   GAP-twitter:   5%|▌         | 491143168/9469180207 [00:33<10:27, 14300037.08B/s]
   GAP-twitter:   5%|▌         | 492699648/9469180207 [00:33<10:13, 14635867.01B/s]
   GAP-twitter:   5%|▌         | 494190592/9469180207 [00:33<10:43, 13936601.69B/s]
   GAP-twitter:   5%|▌         | 495763456/9469180207 [00:33<10:21, 14437561.03B/s]
   GAP-twitter:   5%|▌         | 497221632/9469180207 [00:34<10:52, 13749321.04B/s]
   GAP-twitter:   5%|▌         | 498778112/9469180207 [00:34<10:29, 14241732.67B/s]
   GAP-twitter:   5%|▌         | 500400128/9469180207 [00:34<10:06, 14776480.10B/s]
   GAP-twitter:   5%|▌         | 501891072/9469180207 [00:34<10:36, 14084814.18B/s]
   GAP-twitter:   5%|▌         | 503463936/9469180207 [00:34<10:16, 14532506.47B/s]
   GAP-twitter:   5%|▌         | 504938496/9469180207 [00:34<10:54, 13693542.81B/s]
   GAP-twitter:   5%|▌         | 506609664/9469180207 [00:34<10:17, 14519165.01B/s]
   GAP-twitter:   5%|▌         | 508280832/9469180207 [00:34<09:52, 15116906.68B/s]
   GAP-twitter:   5%|▌         | 509820928/9469180207 [00:34<09:52, 15128929.05B/s]
   GAP-twitter:   5%|▌         | 511475712/9469180207 [00:35<09:37, 15509600.51B/s]
   GAP-twitter:   5%|▌         | 513114112/9469180207 [00:35<09:29, 15731907.02B/s]
   GAP-twitter:   5%|▌         | 514703360/9469180207 [00:35<10:11, 14635547.39B/s]
   GAP-twitter:   5%|▌         | 516390912/9469180207 [00:35<09:47, 15236685.52B/s]
   GAP-twitter:   5%|▌         | 517947392/9469180207 [00:35<10:16, 14523012.83B/s]
   GAP-twitter:   5%|▌         | 519585792/9469180207 [00:35<09:55, 15021274.02B/s]
   GAP-twitter:   6%|▌         | 521191424/9469180207 [00:35<09:45, 15289541.26B/s]
   GAP-twitter:   6%|▌         | 522747904/9469180207 [00:35<10:23, 14343401.20B/s]
   GAP-twitter:   6%|▌         | 524402688/9469180207 [00:35<09:58, 14943310.20B/s]
   GAP-twitter:   6%|▌         | 525926400/9469180207 [00:36<10:38, 14001652.07B/s]
   GAP-twitter:   6%|▌         | 527482880/9469180207 [00:36<10:20, 14411352.49B/s]
   GAP-twitter:   6%|▌         | 529022976/9469180207 [00:36<10:09, 14678320.95B/s]
   GAP-twitter:   6%|▌         | 530513920/9469180207 [00:36<10:39, 13967476.50B/s]
   GAP-twitter:   6%|▌         | 532004864/9469180207 [00:36<10:28, 14214796.11B/s]
   GAP-twitter:   6%|▌         | 533446656/9469180207 [00:36<11:13, 13274982.56B/s]
   GAP-twitter:   6%|▌         | 535035904/9469180207 [00:36<10:39, 13961892.40B/s]
   GAP-twitter:   6%|▌         | 536559616/9469180207 [00:36<10:23, 14316508.64B/s]
   GAP-twitter:   6%|▌         | 538017792/9469180207 [00:36<11:05, 13420853.61B/s]
   GAP-twitter:   6%|▌         | 539508736/9469180207 [00:37<10:46, 13808306.49B/s]
   GAP-twitter:   6%|▌         | 541081600/9469180207 [00:37<10:27, 14216809.71B/s]
   GAP-twitter:   6%|▌         | 542523392/9469180207 [00:37<10:54, 13633574.99B/s]
   GAP-twitter:   6%|▌         | 544063488/9469180207 [00:37<10:32, 14110054.53B/s]
   GAP-twitter:   6%|▌         | 545488896/9469180207 [00:37<11:03, 13450234.29B/s]
   GAP-twitter:   6%|▌         | 547061760/9469180207 [00:37<10:34, 14053962.22B/s]
   GAP-twitter:   6%|▌         | 548536320/9469180207 [00:37<10:27, 14227476.85B/s]
   GAP-twitter:   6%|▌         | 549978112/9469180207 [00:37<11:02, 13463769.58B/s]
   GAP-twitter:   6%|▌         | 551534592/9469180207 [00:37<10:35, 14026969.53B/s]
   GAP-twitter:   6%|▌         | 553123840/9469180207 [00:37<10:12, 14558637.65B/s]
   GAP-twitter:   6%|▌         | 554598400/9469180207 [00:38<10:40, 13914844.82B/s]
   GAP-twitter:   6%|▌         | 556056576/9469180207 [00:38<10:33, 14069482.05B/s]
   GAP-twitter:   6%|▌         | 557481984/9469180207 [00:38<11:06, 13366552.45B/s]
   GAP-twitter:   6%|▌         | 559005696/9469180207 [00:38<10:41, 13879958.11B/s]
   GAP-twitter:   6%|▌         | 560578560/9469180207 [00:38<10:19, 14372452.39B/s]
   GAP-twitter:   6%|▌         | 562036736/9469180207 [00:38<10:58, 13516181.37B/s]
   GAP-twitter:   6%|▌         | 563675136/9469180207 [00:38<10:23, 14285858.41B/s]
   GAP-twitter:   6%|▌         | 565231616/9469180207 [00:38<10:09, 14615820.63B/s]
   GAP-twitter:   6%|▌         | 566722560/9469180207 [00:38<10:40, 13908766.27B/s]
   GAP-twitter:   6%|▌         | 568197120/9469180207 [00:39<10:31, 14104701.19B/s]
   GAP-twitter:   6%|▌         | 569622528/9469180207 [00:39<11:11, 13248156.30B/s]
   GAP-twitter:   6%|▌         | 571146240/9469180207 [00:39<10:45, 13786737.91B/s]
   GAP-twitter:   6%|▌         | 572751872/9469180207 [00:39<10:18, 14391944.62B/s]
   GAP-twitter:   6%|▌         | 574210048/9469180207 [00:39<10:54, 13589438.14B/s]
   GAP-twitter:   6%|▌         | 575815680/9469180207 [00:39<10:23, 14271557.42B/s]
   GAP-twitter:   6%|▌         | 577372160/9469180207 [00:39<10:08, 14621343.19B/s]
   GAP-twitter:   6%|▌         | 578863104/9469180207 [00:39<10:46, 13757901.29B/s]
   GAP-twitter:   6%|▌         | 580468736/9469180207 [00:39<10:18, 14378723.96B/s]
   GAP-twitter:   6%|▌         | 581926912/9469180207 [00:40<10:52, 13627254.00B/s]
   GAP-twitter:   6%|▌         | 583532544/9469180207 [00:40<10:22, 14281371.05B/s]
   GAP-twitter:   6%|▌         | 585105408/9469180207 [00:40<10:06, 14660096.65B/s]
   GAP-twitter:   6%|▌         | 586596352/9469180207 [00:40<10:44, 13779759.92B/s]
   GAP-twitter:   6%|▌         | 588169216/9469180207 [00:40<10:21, 14286462.46B/s]
   GAP-twitter:   6%|▌         | 589692928/9469180207 [00:40<10:59, 13458928.14B/s]
   GAP-twitter:   6%|▌         | 591265792/9469180207 [00:40<10:31, 14048516.41B/s]
   GAP-twitter:   6%|▋         | 592871424/9469180207 [00:40<10:08, 14589024.15B/s]
   GAP-twitter:   6%|▋         | 594362368/9469180207 [00:40<10:46, 13721568.03B/s]
   GAP-twitter:   6%|▋         | 595886080/9469180207 [00:41<10:30, 14074528.66B/s]
   GAP-twitter:   6%|▋         | 597458944/9469180207 [00:41<10:12, 14492346.38B/s]
   GAP-twitter:   6%|▋         | 598933504/9469180207 [00:41<10:48, 13683547.43B/s]
   GAP-twitter:   6%|▋         | 600555520/9469180207 [00:41<10:17, 14353511.80B/s]
   GAP-twitter:   6%|▋         | 602013696/9469180207 [00:41<10:52, 13594889.79B/s]
   GAP-twitter:   6%|▋         | 603586560/9469180207 [00:41<10:25, 14168520.67B/s]
   GAP-twitter:   6%|▋         | 605175808/9469180207 [00:41<10:06, 14624712.58B/s]
   GAP-twitter:   6%|▋         | 606666752/9469180207 [00:41<10:41, 13816588.16B/s]
   GAP-twitter:   6%|▋         | 608305152/9469180207 [00:41<10:11, 14493624.37B/s]
   GAP-twitter:   6%|▋         | 609779712/9469180207 [00:42<10:50, 13627995.78B/s]
   GAP-twitter:   6%|▋         | 611336192/9469180207 [00:42<10:26, 14129233.27B/s]
   GAP-twitter:   6%|▋         | 612925440/9469180207 [00:42<10:07, 14586369.76B/s]
   GAP-twitter:   6%|▋         | 614400000/9469180207 [00:42<10:32, 14008903.90B/s]
   GAP-twitter:   7%|▋         | 616022016/9469180207 [00:42<10:06, 14602967.55B/s]
   GAP-twitter:   7%|▋         | 617627648/9469180207 [00:42<09:49, 15005757.32B/s]
   GAP-twitter:   7%|▋         | 619151360/9469180207 [00:42<10:33, 13961332.27B/s]
   GAP-twitter:   7%|▋         | 620756992/9469180207 [00:42<10:09, 14515731.89B/s]
   GAP-twitter:   7%|▋         | 622231552/9469180207 [00:42<10:41, 13781238.13B/s]
   GAP-twitter:   7%|▋         | 623869952/9469180207 [00:43<10:10, 14495714.47B/s]
   GAP-twitter:   7%|▋         | 625541120/9469180207 [00:43<09:44, 15121803.22B/s]
   GAP-twitter:   7%|▋         | 627081216/9469180207 [00:43<10:20, 14260452.94B/s]
   GAP-twitter:   7%|▋         | 628736000/9469180207 [00:43<09:54, 14880816.88B/s]
   GAP-twitter:   7%|▋         | 630243328/9469180207 [00:43<10:26, 14114836.86B/s]
   GAP-twitter:   7%|▋         | 631898112/9469180207 [00:43<09:59, 14748423.27B/s]
   GAP-twitter:   7%|▋         | 633470976/9469180207 [00:43<09:48, 15017111.57B/s]
   GAP-twitter:   7%|▋         | 634994688/9469180207 [00:43<10:24, 14149357.05B/s]
   GAP-twitter:   7%|▋         | 636633088/9469180207 [00:43<09:59, 14740869.98B/s]
   GAP-twitter:   7%|▋         | 638140416/9469180207 [00:44<10:30, 14015459.92B/s]
   GAP-twitter:   7%|▋         | 639696896/9469180207 [00:44<10:12, 14426568.84B/s]
   GAP-twitter:   7%|▋         | 641253376/9469180207 [00:44<09:58, 14738537.50B/s]
   GAP-twitter:   7%|▋         | 642744320/9469180207 [00:44<10:32, 13955847.27B/s]
   GAP-twitter:   7%|▋         | 644399104/9469180207 [00:44<10:01, 14665700.60B/s]
   GAP-twitter:   7%|▋         | 645890048/9469180207 [00:44<10:23, 14148037.69B/s]
   GAP-twitter:   7%|▋         | 647528448/9469180207 [00:44<09:58, 14742730.31B/s]
   GAP-twitter:   7%|▋         | 649101312/9469180207 [00:44<09:48, 14987020.02B/s]
   GAP-twitter:   7%|▋         | 650625024/9469180207 [00:44<10:31, 13954826.86B/s]
   GAP-twitter:   7%|▋         | 652197888/9469180207 [00:44<10:10, 14433004.43B/s]
   GAP-twitter:   7%|▋         | 653770752/9469180207 [00:45<10:35, 13874178.12B/s]
   GAP-twitter:   7%|▋         | 655310848/9469180207 [00:45<10:17, 14268012.01B/s]
   GAP-twitter:   7%|▋         | 656900096/9469180207 [00:45<09:59, 14699544.04B/s]
   GAP-twitter:   7%|▋         | 658391040/9469180207 [00:45<10:28, 14020180.44B/s]
   GAP-twitter:   7%|▋         | 659816448/9469180207 [00:45<10:26, 14058522.43B/s]
   GAP-twitter:   7%|▋         | 661307392/9469180207 [00:45<10:17, 14269595.32B/s]
   GAP-twitter:   7%|▋         | 662749184/9469180207 [00:45<10:59, 13345252.57B/s]
   GAP-twitter:   7%|▋         | 664240128/9469180207 [00:45<10:40, 13752840.97B/s]
   GAP-twitter:   7%|▋         | 665747456/9469180207 [00:45<10:24, 14100731.00B/s]
   GAP-twitter:   7%|▋         | 667172864/9469180207 [00:46<11:16, 13004227.36B/s]
   GAP-twitter:   7%|▋         | 668647424/9469180207 [00:46<10:53, 13470866.50B/s]
   GAP-twitter:   7%|▋         | 670023680/9469180207 [00:46<11:27, 12801388.05B/s]
   GAP-twitter:   7%|▋         | 671481856/9469180207 [00:46<11:03, 13263458.66B/s]
   GAP-twitter:   7%|▋         | 672940032/9469180207 [00:46<10:47, 13589203.22B/s]
   GAP-twitter:   7%|▋         | 674316288/9469180207 [00:46<11:31, 12724953.97B/s]
   GAP-twitter:   7%|▋         | 675774464/9469180207 [00:46<11:04, 13236590.31B/s]
   GAP-twitter:   7%|▋         | 677281792/9469180207 [00:46<10:41, 13714687.89B/s]
   GAP-twitter:   7%|▋         | 678674432/9469180207 [00:46<11:25, 12822064.10B/s]
   GAP-twitter:   7%|▋         | 680050688/9469180207 [00:47<11:12, 13075745.42B/s]
   GAP-twitter:   7%|▋         | 681508864/9469180207 [00:47<10:51, 13481357.25B/s]
   GAP-twitter:   7%|▋         | 682885120/9469180207 [00:47<11:21, 12883833.55B/s]
   GAP-twitter:   7%|▋         | 684310528/9469180207 [00:47<11:04, 13229735.89B/s]
   GAP-twitter:   7%|▋         | 685785088/9469180207 [00:47<10:44, 13635222.84B/s]
   GAP-twitter:   7%|▋         | 687161344/9469180207 [00:47<11:31, 12696766.14B/s]
   GAP-twitter:   7%|▋         | 688635904/9469180207 [00:47<11:02, 13252637.53B/s]
   GAP-twitter:   7%|▋         | 689979392/9469180207 [00:47<11:40, 12539564.72B/s]
   GAP-twitter:   7%|▋         | 691322880/9469180207 [00:47<11:26, 12785688.00B/s]
   GAP-twitter:   7%|▋         | 692813824/9469180207 [00:48<10:57, 13355931.55B/s]
   GAP-twitter:   7%|▋         | 694173696/9469180207 [00:48<11:39, 12541242.64B/s]
   GAP-twitter:   7%|▋         | 695566336/9469180207 [00:48<11:19, 12915914.30B/s]
   GAP-twitter:   7%|▋         | 696909824/9469180207 [00:48<11:13, 13022054.71B/s]
   GAP-twitter:   7%|▋         | 698236928/9469180207 [00:48<11:28, 12738197.67B/s]
   GAP-twitter:   7%|▋         | 699727872/9469180207 [00:48<10:56, 13349680.51B/s]
   GAP-twitter:   7%|▋         | 701235200/9469180207 [00:48<10:34, 13822071.36B/s]
   GAP-twitter:   7%|▋         | 702627840/9469180207 [00:48<11:18, 12927281.51B/s]
   GAP-twitter:   7%|▋         | 704151552/9469180207 [00:48<10:46, 13563085.56B/s]
   GAP-twitter:   7%|▋         | 705626112/9469180207 [00:48<10:31, 13872836.23B/s]
   GAP-twitter:   7%|▋         | 707035136/9469180207 [00:49<11:11, 13051832.88B/s]
   GAP-twitter:   7%|▋         | 708542464/9469180207 [00:49<10:44, 13590963.38B/s]
   GAP-twitter:   7%|▋         | 709967872/9469180207 [00:49<11:21, 12848519.25B/s]
   GAP-twitter:   8%|▊         | 711409664/9469180207 [00:49<10:59, 13276244.08B/s]
   GAP-twitter:   8%|▊         | 712802304/9469180207 [00:49<10:53, 13405579.98B/s]
   GAP-twitter:   8%|▊         | 714162176/9469180207 [00:49<11:32, 12638895.51B/s]
   GAP-twitter:   8%|▊         | 715620352/9469180207 [00:49<11:04, 13172468.31B/s]
   GAP-twitter:   8%|▊         | 717127680/9469180207 [00:49<10:40, 13668249.92B/s]
   GAP-twitter:   8%|▊         | 718520320/9469180207 [00:49<11:18, 12902200.75B/s]
   GAP-twitter:   8%|▊         | 719863808/9469180207 [00:50<11:11, 13027318.43B/s]
   GAP-twitter:   8%|▊         | 721387520/9469180207 [00:50<10:42, 13612142.81B/s]
   GAP-twitter:   8%|▊         | 722763776/9469180207 [00:50<11:17, 12904120.67B/s]
   GAP-twitter:   8%|▊         | 724303872/9469180207 [00:50<10:43, 13581532.02B/s]
   GAP-twitter:   8%|▊         | 725794816/9469180207 [00:50<10:28, 13917872.51B/s]
   GAP-twitter:   8%|▊         | 727203840/9469180207 [00:50<11:09, 13064495.58B/s]
   GAP-twitter:   8%|▊         | 728711168/9469180207 [00:50<10:43, 13575537.33B/s]
   GAP-twitter:   8%|▊         | 730087424/9469180207 [00:50<11:26, 12732512.49B/s]
   GAP-twitter:   8%|▊         | 731611136/9469180207 [00:50<10:51, 13403074.00B/s]
   GAP-twitter:   8%|▊         | 733085696/9469180207 [00:51<10:35, 13741752.29B/s]
   GAP-twitter:   8%|▊         | 734478336/9469180207 [00:51<10:49, 13455104.86B/s]
   GAP-twitter:   8%|▊         | 735952896/9469180207 [00:51<10:33, 13790696.45B/s]
   GAP-twitter:   8%|▊         | 737427456/9469180207 [00:51<10:22, 14034704.56B/s]
   GAP-twitter:   8%|▊         | 738852864/9469180207 [00:51<11:07, 13078492.81B/s]
   GAP-twitter:   8%|▊         | 740376576/9469180207 [00:51<10:39, 13647938.78B/s]
   GAP-twitter:   8%|▊         | 741769216/9469180207 [00:51<10:38, 13662435.65B/s]
   GAP-twitter:   8%|▊         | 743161856/9469180207 [00:51<11:12, 12974839.18B/s]
   GAP-twitter:   8%|▊         | 744554496/9469180207 [00:51<10:59, 13237388.69B/s]
   GAP-twitter:   8%|▊         | 745996288/9469180207 [00:52<10:42, 13566426.42B/s]
   GAP-twitter:   8%|▊         | 747372544/9469180207 [00:52<11:22, 12785982.81B/s]
   GAP-twitter:   8%|▊         | 748847104/9469180207 [00:52<10:54, 13328149.04B/s]
   GAP-twitter:   8%|▊         | 750272512/9469180207 [00:52<11:34, 12562953.80B/s]
   GAP-twitter:   8%|▊         | 751763456/9469180207 [00:52<11:00, 13198008.30B/s]
   GAP-twitter:   8%|▊         | 753205248/9469180207 [00:52<10:44, 13530223.45B/s]
   GAP-twitter:   8%|▊         | 754581504/9469180207 [00:52<11:13, 12931566.93B/s]
   GAP-twitter:   8%|▊         | 756039680/9469180207 [00:52<10:51, 13374159.41B/s]
   GAP-twitter:   8%|▊         | 757530624/9469180207 [00:52<10:31, 13796746.34B/s]
   GAP-twitter:   8%|▊         | 758923264/9469180207 [00:53<11:08, 13026864.23B/s]
   GAP-twitter:   8%|▊         | 760414208/9469180207 [00:53<10:43, 13522986.29B/s]
   GAP-twitter:   8%|▊         | 761872384/9469180207 [00:53<10:30, 13817142.06B/s]
   GAP-twitter:   8%|▊         | 763281408/9469180207 [00:53<11:19, 12820445.02B/s]
   GAP-twitter:   8%|▊         | 764755968/9469180207 [00:53<10:53, 13310013.46B/s]
   GAP-twitter:   8%|▊         | 766279680/9469180207 [00:53<10:29, 13827904.08B/s]
   GAP-twitter:   8%|▊         | 767688704/9469180207 [00:53<11:07, 13031113.81B/s]
   GAP-twitter:   8%|▊         | 769048576/9469180207 [00:53<11:01, 13160818.35B/s]
   GAP-twitter:   8%|▊         | 770392064/9469180207 [00:53<11:24, 12710482.02B/s]
   GAP-twitter:   8%|▊         | 771850240/9469180207 [00:53<10:57, 13225195.91B/s]
   GAP-twitter:   8%|▊         | 773275648/9469180207 [00:54<10:43, 13515466.32B/s]
   GAP-twitter:   8%|▊         | 774651904/9469180207 [00:54<11:22, 12745103.51B/s]
   GAP-twitter:   8%|▊         | 776192000/9469180207 [00:54<10:46, 13456184.15B/s]
   GAP-twitter:   8%|▊         | 777699328/9469180207 [00:54<10:24, 13916334.97B/s]
   GAP-twitter:   8%|▊         | 779108352/9469180207 [00:54<11:13, 12906376.03B/s]
   GAP-twitter:   8%|▊         | 780599296/9469180207 [00:54<10:45, 13454682.49B/s]
   GAP-twitter:   8%|▊         | 782155776/9469180207 [00:54<10:19, 14014802.99B/s]
   GAP-twitter:   8%|▊         | 783581184/9469180207 [00:54<11:06, 13040967.96B/s]
   GAP-twitter:   8%|▊         | 785055744/9469180207 [00:54<10:43, 13489114.13B/s]
   GAP-twitter:   8%|▊         | 786432000/9469180207 [00:55<11:17, 12810952.11B/s]
   GAP-twitter:   8%|▊         | 787890176/9469180207 [00:55<10:53, 13277332.27B/s]
   GAP-twitter:   8%|▊         | 789381120/9469180207 [00:55<10:31, 13735893.18B/s]
   GAP-twitter:   8%|▊         | 790773760/9469180207 [00:55<11:13, 12879932.23B/s]
   GAP-twitter:   8%|▊         | 792133632/9469180207 [00:55<11:03, 13077688.71B/s]
   GAP-twitter:   8%|▊         | 793608192/9469180207 [00:55<10:41, 13524436.29B/s]
   GAP-twitter:   8%|▊         | 794984448/9469180207 [00:55<11:16, 12825029.79B/s]
   GAP-twitter:   8%|▊         | 796295168/9469180207 [00:55<11:16, 12829632.14B/s]
   GAP-twitter:   8%|▊         | 797622272/9469180207 [00:55<11:10, 12935327.02B/s]
   GAP-twitter:   8%|▊         | 798932992/9469180207 [00:56<11:35, 12466030.28B/s]
   GAP-twitter:   8%|▊         | 800473088/9469180207 [00:56<10:52, 13291446.35B/s]
   GAP-twitter:   8%|▊         | 801964032/9469180207 [00:56<10:30, 13738042.29B/s]
   GAP-twitter:   8%|▊         | 803356672/9469180207 [00:56<11:08, 12972430.84B/s]
   GAP-twitter:   8%|▊         | 804749312/9469180207 [00:56<10:54, 13235552.37B/s]
   GAP-twitter:   9%|▊         | 806092800/9469180207 [00:56<10:57, 13167355.86B/s]
   GAP-twitter:   9%|▊         | 807419904/9469180207 [00:56<11:25, 12637093.13B/s]
   GAP-twitter:   9%|▊         | 808943616/9469180207 [00:56<10:49, 13336648.57B/s]
   GAP-twitter:   9%|▊         | 810287104/9469180207 [00:56<11:22, 12691200.70B/s]
   GAP-twitter:   9%|▊         | 811646976/9469180207 [00:57<16:34, 8704234.30B/s] 
   GAP-twitter:   9%|▊         | 813465600/9469180207 [00:57<13:29, 10698544.09B/s]
   GAP-twitter:   9%|▊         | 814743552/9469180207 [00:57<16:40, 8647387.28B/s] 
   GAP-twitter:   9%|▊         | 816234496/9469180207 [00:57<14:41, 9813630.43B/s]
   GAP-twitter:   9%|▊         | 817659904/9469180207 [00:57<13:22, 10780711.15B/s]
   GAP-twitter:   9%|▊         | 819101696/9469180207 [00:57<12:22, 11657254.43B/s]
   GAP-twitter:   9%|▊         | 820445184/9469180207 [00:57<11:53, 12113086.86B/s]
   GAP-twitter:   9%|▊         | 821952512/9469180207 [00:58<11:11, 12874906.60B/s]
   GAP-twitter:   9%|▊         | 823394304/9469180207 [00:58<10:50, 13285910.64B/s]
   GAP-twitter:   9%|▊         | 824786944/9469180207 [00:58<10:52, 13240314.56B/s]
   
   asv: benchmark timed out (timeout 60s)
   
   For parameters: bfs_gap_inputs.GAP/GAP-web_23434265
   INFO root: Dataset suitesparse_matrix.GAP/GAP-web manifest metadata is stale.
   
   GAP-web:   0%|          | 0/8300343137 [00:00<?, ?B/s]
   GAP-web:   0%|          | 262144/8300343137 [00:00<53:13, 2599164.65B/s]
   GAP-web:   0%|          | 1376256/8300343137 [00:00<18:13, 7589399.90B/s]
   GAP-web:   0%|          | 2621440/8300343137 [00:00<14:10, 9759137.28B/s]
   GAP-web:   0%|          | 4030464/8300343137 [00:00<12:04, 11455432.48B/s]
   GAP-web:   0%|          | 5373952/8300343137 [00:00<11:26, 12085007.90B/s]
   GAP-web:   0%|          | 6946816/8300343137 [00:00<10:25, 13269022.56B/s]
   GAP-web:   0%|          | 8404992/8300343137 [00:00<10:05, 13692397.84B/s]
   GAP-web:   0%|          | 10043392/8300343137 [00:00<09:31, 14512352.82B/s]
   GAP-web:   0%|          | 11763712/8300343137 [00:00<09:01, 15303665.90B/s]
   GAP-web:   0%|          | 13402112/8300343137 [00:01<08:51, 15592397.72B/s]
   GAP-web:   0%|          | 15106048/8300343137 [00:01<08:37, 16012521.15B/s]
   GAP-web:   0%|          | 16793600/8300343137 [00:01<08:31, 16192969.42B/s]
   GAP-web:   0%|          | 18530304/8300343137 [00:01<08:21, 16523691.61B/s]
   GAP-web:   0%|          | 20185088/8300343137 [00:01<08:28, 16286329.60B/s]
   GAP-web:   0%|          | 21823488/8300343137 [00:01<08:34, 16086926.52B/s]
   GAP-web:   0%|          | 23527424/8300343137 [00:01<08:27, 16317203.09B/s]
   GAP-web:   0%|          | 25165824/8300343137 [00:01<08:42, 15848817.22B/s]
   GAP-web:   0%|          | 26755072/8300343137 [00:01<08:44, 15761901.82B/s]
   GAP-web:   0%|          | 28344320/8300343137 [00:01<08:53, 15519483.71B/s]
   GAP-web:   0%|          | 29900800/8300343137 [00:02<09:01, 15266856.13B/s]
   GAP-web:   0%|          | 31506432/8300343137 [00:02<08:55, 15454336.40B/s]
   GAP-web:   0%|          | 33095680/8300343137 [00:02<08:52, 15534650.47B/s]
   GAP-web:   0%|          | 34652160/8300343137 [00:02<09:07, 15094328.80B/s]
   GAP-web:   0%|          | 36175872/8300343137 [00:02<09:25, 14606176.48B/s]
   GAP-web:   0%|          | 37683200/8300343137 [00:02<09:20, 14733143.34B/s]
   GAP-web:   0%|          | 39190528/8300343137 [00:02<09:17, 14808124.27B/s]
   GAP-web:   0%|          | 40812544/8300343137 [00:02<09:02, 15214308.77B/s]
   GAP-web:   1%|          | 42352640/8300343137 [00:02<09:07, 15090207.61B/s]
   GAP-web:   1%|          | 43876352/8300343137 [00:02<09:21, 14693966.44B/s]
   GAP-web:   1%|          | 45350912/8300343137 [00:03<09:30, 14479344.25B/s]
   GAP-web:   1%|          | 46809088/8300343137 [00:03<09:40, 14210360.26B/s]
   GAP-web:   1%|          | 48250880/8300343137 [00:03<09:40, 14217369.45B/s]
   GAP-web:   1%|          | 49676288/8300343137 [00:03<09:47, 14054577.21B/s]
   GAP-web:   1%|          | 51085312/8300343137 [00:03<09:55, 13845402.05B/s]
   GAP-web:   1%|          | 52510720/8300343137 [00:03<09:52, 13930677.57B/s]
   GAP-web:   1%|          | 53919744/8300343137 [00:03<09:59, 13761243.13B/s]
   GAP-web:   1%|          | 55328768/8300343137 [00:03<09:56, 13825746.63B/s]
   GAP-web:   1%|          | 56754176/8300343137 [00:03<09:52, 13917416.56B/s]
   GAP-web:   1%|          | 58146816/8300343137 [00:04<09:56, 13817939.73B/s]
   GAP-web:   1%|          | 59670528/8300343137 [00:04<09:40, 14195544.87B/s]
   GAP-web:   1%|          | 61177856/8300343137 [00:04<09:30, 14433382.72B/s]
   GAP-web:   1%|          | 62636032/8300343137 [00:04<09:29, 14473128.85B/s]
   GAP-web:   1%|          | 64176128/8300343137 [00:04<09:18, 14748236.82B/s]
   GAP-web:   1%|          | 65667072/8300343137 [00:04<09:26, 14537924.16B/s]
   GAP-web:   1%|          | 67223552/8300343137 [00:04<09:14, 14834675.34B/s]
   GAP-web:   1%|          | 68780032/8300343137 [00:04<09:07, 15027402.62B/s]
   GAP-web:   1%|          | 70287360/8300343137 [00:04<09:32, 14385262.68B/s]
   GAP-web:   1%|          | 71909376/8300343137 [00:04<09:12, 14890790.55B/s]
   GAP-web:   1%|          | 73580544/8300343137 [00:05<08:54, 15382031.60B/s]
   GAP-web:   1%|          | 75137024/8300343137 [00:05<09:09, 14969789.99B/s]
   GAP-web:   1%|          | 76709888/8300343137 [00:05<09:02, 15148812.63B/s]
   GAP-web:   1%|          | 78233600/8300343137 [00:05<09:29, 14440474.68B/s]
   GAP-web:   1%|          | 79773696/8300343137 [00:05<09:19, 14705202.45B/s]
   GAP-web:   1%|          | 81264640/8300343137 [00:05<09:24, 14567795.03B/s]
   GAP-web:   1%|          | 82739200/8300343137 [00:05<10:01, 13661015.70B/s]
   GAP-web:   1%|          | 84295680/8300343137 [00:05<09:40, 14148685.18B/s]
   GAP-web:   1%|          | 85819392/8300343137 [00:05<10:03, 13615901.15B/s]
   GAP-web:   1%|          | 87359488/8300343137 [00:06<09:43, 14083038.11B/s]
   GAP-web:   1%|          | 88784896/8300343137 [00:06<10:01, 13651619.06B/s]
   GAP-web:   1%|          | 90161152/8300343137 [00:06<11:01, 12410833.14B/s]
   GAP-web:   1%|          | 91586560/8300343137 [00:06<10:37, 12871032.02B/s]
   GAP-web:   1%|          | 93028352/8300343137 [00:06<10:18, 13274437.62B/s]
   GAP-web:   1%|          | 94388224/8300343137 [00:06<11:09, 12250469.41B/s]
   GAP-web:   1%|          | 95846400/8300343137 [00:06<10:37, 12865190.59B/s]
   GAP-web:   1%|          | 97550336/8300343137 [00:06<09:45, 13998219.84B/s]
   GAP-web:   1%|          | 98992128/8300343137 [00:06<10:03, 13583053.09B/s]
   GAP-web:   1%|          | 100679680/8300343137 [00:07<09:29, 14406317.49B/s]
   GAP-web:   1%|          | 102154240/8300343137 [00:07<10:03, 13574547.04B/s]
   GAP-web:   1%|▏         | 103825408/8300343137 [00:07<09:28, 14421921.57B/s]
   GAP-web:   1%|▏         | 105414656/8300343137 [00:07<09:13, 14818175.05B/s]
   GAP-web:   1%|▏         | 106921984/8300343137 [00:07<09:58, 13697398.04B/s]
   GAP-web:   1%|▏         | 108609536/8300343137 [00:07<09:23, 14544799.16B/s]
   GAP-web:   1%|▏         | 110100480/8300343137 [00:07<09:42, 14057434.77B/s]
   GAP-web:   1%|▏         | 111771648/8300343137 [00:07<09:14, 14768725.32B/s]
   GAP-web:   1%|▏         | 113442816/8300343137 [00:07<08:55, 15298825.68B/s]
   GAP-web:   1%|▏         | 114999296/8300343137 [00:08<09:19, 14623153.10B/s]
   GAP-web:   1%|▏         | 116637696/8300343137 [00:08<09:01, 15110444.64B/s]
   GAP-web:   1%|▏         | 118177792/8300343137 [00:08<09:27, 14425107.33B/s]
   GAP-web:   1%|▏         | 119865344/8300343137 [00:08<09:01, 15093467.65B/s]
   GAP-web:   1%|▏         | 121520128/8300343137 [00:08<08:48, 15481910.22B/s]
   GAP-web:   1%|▏         | 123092992/8300343137 [00:08<09:16, 14695645.71B/s]
   GAP-web:   2%|▏         | 124796928/8300343137 [00:08<08:53, 15335343.22B/s]
   GAP-web:   2%|▏         | 126353408/8300343137 [00:08<09:17, 14657949.73B/s]
   GAP-web:   2%|▏         | 127909888/8300343137 [00:08<09:08, 14908810.74B/s]
   GAP-web:   2%|▏         | 129515520/8300343137 [00:08<08:56, 15232632.26B/s]
   GAP-web:   2%|▏         | 131055616/8300343137 [00:09<09:28, 14374562.83B/s]
   GAP-web:   2%|▏         | 132743168/8300343137 [00:09<09:02, 15048833.01B/s]
   GAP-web:   2%|▏         | 134266880/8300343137 [00:09<09:36, 14163448.97B/s]
   GAP-web:   2%|▏         | 135757824/8300343137 [00:09<09:28, 14358714.77B/s]
   GAP-web:   2%|▏         | 137216000/8300343137 [00:09<09:35, 14182657.01B/s]
   GAP-web:   2%|▏         | 138657792/8300343137 [00:09<10:12, 13322823.44B/s]
   GAP-web:   2%|▏         | 140132352/8300343137 [00:09<09:55, 13696374.86B/s]
   GAP-web:   2%|▏         | 141524992/8300343137 [00:09<09:58, 13639881.89B/s]
   GAP-web:   2%|▏         | 142901248/8300343137 [00:10<11:19, 12003864.37B/s]
   GAP-web:   2%|▏         | 144146432/8300343137 [00:10<11:37, 11699137.11B/s]
   GAP-web:   2%|▏         | 145588224/8300343137 [00:10<10:57, 12395680.08B/s]
   GAP-web:   2%|▏         | 146866176/8300343137 [00:10<11:14, 12091526.56B/s]
   GAP-web:   2%|▏         | 148422656/8300343137 [00:10<10:26, 13021186.35B/s]
   GAP-web:   2%|▏         | 149749760/8300343137 [00:10<10:43, 12656574.56B/s]
   GAP-web:   2%|▏         | 151044096/8300343137 [00:10<10:48, 12572540.95B/s]
   GAP-web:   2%|▏         | 152322048/8300343137 [00:10<11:27, 11859309.32B/s]
   GAP-web:   2%|▏         | 153534464/8300343137 [00:10<12:08, 11186228.64B/s]
   GAP-web:   2%|▏         | 154681344/8300343137 [00:11<12:16, 11063761.32B/s]
   GAP-web:   2%|▏         | 156041216/8300343137 [00:11<11:33, 11738712.95B/s]
   GAP-web:   2%|▏         | 157483008/8300343137 [00:11<10:53, 12461566.19B/s]
   GAP-web:   2%|▏         | 158744576/8300343137 [00:11<11:14, 12067610.86B/s]
   GAP-web:   2%|▏         | 160137216/8300343137 [00:11<10:47, 12580257.38B/s]
   GAP-web:   2%|▏         | 161529856/8300343137 [00:11<10:27, 12961890.87B/s]
   GAP-web:   2%|▏         | 162840576/8300343137 [00:11<10:53, 12454389.52B/s]
   GAP-web:   2%|▏         | 164265984/8300343137 [00:11<10:27, 12955888.35B/s]
   GAP-web:   2%|▏         | 165576704/8300343137 [00:11<11:01, 12299305.01B/s]
   GAP-web:   2%|▏         | 167100416/8300343137 [00:11<10:20, 13114795.82B/s]
   GAP-web:   2%|▏         | 168476672/8300343137 [00:12<10:13, 13260151.55B/s]
   GAP-web:   2%|▏         | 169820160/8300343137 [00:12<10:37, 12758759.78B/s]
   GAP-web:   2%|▏         | 171212800/8300343137 [00:12<10:21, 13087101.63B/s]
   GAP-web:   2%|▏         | 172621824/8300343137 [00:12<10:07, 13376282.61B/s]
   GAP-web:   2%|▏         | 173981696/8300343137 [00:12<10:40, 12694954.41B/s]
   GAP-web:   2%|▏         | 175521792/8300343137 [00:12<10:03, 13457929.44B/s]
   GAP-web:   2%|▏         | 177078272/8300343137 [00:12<09:38, 14042616.15B/s]
   GAP-web:   2%|▏         | 178503680/8300343137 [00:12<10:14, 13218621.42B/s]
   GAP-web:   2%|▏         | 180043776/8300343137 [00:12<09:47, 13813967.01B/s]
   GAP-web:   2%|▏         | 181583872/8300343137 [00:13<09:30, 14224890.99B/s]
   GAP-web:   2%|▏         | 183025664/8300343137 [00:13<09:50, 13752384.97B/s]
   GAP-web:   2%|▏         | 184565760/8300343137 [00:13<09:35, 14092688.54B/s]
   GAP-web:   2%|▏         | 185991168/8300343137 [00:13<10:11, 13275373.39B/s]
   GAP-web:   2%|▏         | 187498496/8300343137 [00:13<09:48, 13774450.04B/s]
   GAP-web:   2%|▏         | 189120512/8300343137 [00:13<09:20, 14467661.24B/s]
   GAP-web:   2%|▏         | 190595072/8300343137 [00:13<09:46, 13820680.37B/s]
   GAP-web:   2%|▏         | 192184320/8300343137 [00:13<09:23, 14395029.04B/s]
   GAP-web:   2%|▏         | 193675264/8300343137 [00:13<09:47, 13787187.47B/s]
   GAP-web:   2%|▏         | 195280896/8300343137 [00:13<09:23, 14394945.98B/s]
   GAP-web:   2%|▏         | 196870144/8300343137 [00:14<09:07, 14800884.85B/s]
   GAP-web:   2%|▏         | 198377472/8300343137 [00:14<09:41, 13930537.19B/s]
   GAP-web:   2%|▏         | 199852032/8300343137 [00:14<09:32, 14143140.32B/s]
   GAP-web:   2%|▏         | 201293824/8300343137 [00:14<09:30, 14208185.45B/s]
   GAP-web:   2%|▏         | 202735616/8300343137 [00:14<10:00, 13480537.75B/s]
   GAP-web:   2%|▏         | 204423168/8300343137 [00:14<09:21, 14405772.04B/s]
   GAP-web:   2%|▏         | 205979648/8300343137 [00:14<09:37, 14020103.86B/s]
   GAP-web:   3%|▎         | 207568896/8300343137 [00:14<09:16, 14533444.70B/s]
   GAP-web:   3%|▎         | 209305600/8300343137 [00:14<08:47, 15340099.39B/s]
   GAP-web:   3%|▎         | 210862080/8300343137 [00:15<09:19, 14459668.39B/s]
   GAP-web:   3%|▎         | 212631552/8300343137 [00:15<08:46, 15359932.73B/s]
   GAP-web:   3%|▎         | 214188032/8300343137 [00:15<09:12, 14622730.49B/s]
   GAP-web:   3%|▎         | 215793664/8300343137 [00:15<08:58, 15008934.56B/s]
   GAP-web:   3%|▎         | 217579520/8300343137 [00:15<08:31, 15808487.80B/s]
   GAP-web:   3%|▎         | 219185152/8300343137 [00:15<08:48, 15299254.33B/s]
   GAP-web:   3%|▎         | 221003776/8300343137 [00:15<08:21, 16095665.20B/s]
   GAP-web:   3%|▎         | 222691328/8300343137 [00:15<08:16, 16275640.96B/s]
   GAP-web:   3%|▎         | 224329728/8300343137 [00:15<08:40, 15507204.88B/s]
   GAP-web:   3%|▎         | 225984512/8300343137 [00:16<08:31, 15795340.98B/s]
   GAP-web:   3%|▎         | 227590144/8300343137 [00:16<09:00, 14947489.51B/s]
   GAP-web:   3%|▎         | 229212160/8300343137 [00:16<08:47, 15291274.27B/s]
   GAP-web:   3%|▎         | 230834176/8300343137 [00:16<08:39, 15531268.04B/s]
   GAP-web:   3%|▎         | 232407040/8300343137 [00:16<09:22, 14336255.41B/s]
   GAP-web:   3%|▎         | 234061824/8300343137 [00:16<09:00, 14918996.18B/s]
   GAP-web:   3%|▎         | 235700224/8300343137 [00:16<08:47, 15286810.88B/s]
   GAP-web:   3%|▎         | 237256704/8300343137 [00:16<09:19, 14411830.64B/s]
   GAP-web:   3%|▎         | 238895104/8300343137 [00:16<08:59, 14951543.85B/s]
   GAP-web:   3%|▎         | 240582656/8300343137 [00:17<08:40, 15484511.82B/s]
   GAP-web:   3%|▎         | 242155520/8300343137 [00:17<09:24, 14269152.53B/s]
   GAP-web:   3%|▎         | 243826688/8300343137 [00:17<08:59, 14921744.64B/s]
   GAP-web:   3%|▎         | 245350400/8300343137 [00:17<09:33, 14045887.39B/s]
   GAP-web:   3%|▎         | 246972416/8300343137 [00:17<09:10, 14631426.45B/s]
   GAP-web:   3%|▎         | 248578048/8300343137 [00:17<08:56, 15002696.11B/s]
   GAP-web:   3%|▎         | 250101760/8300343137 [00:17<09:17, 14438239.67B/s]
   GAP-web:   3%|▎         | 251674624/8300343137 [00:17<09:09, 14643060.66B/s]
   GAP-web:   3%|▎         | 253165568/8300343137 [00:17<09:39, 13890498.16B/s]
   GAP-web:   3%|▎         | 254574592/8300343137 [00:18<09:47, 13688742.69B/s]
   GAP-web:   3%|▎         | 256114688/8300343137 [00:18<09:28, 14153469.93B/s]
   GAP-web:   3%|▎         | 257540096/8300343137 [00:18<09:46, 13708128.17B/s]
   GAP-web:   3%|▎         | 259227648/8300343137 [00:18<09:11, 14571782.41B/s]
   GAP-web:   3%|▎         | 260718592/8300343137 [00:18<09:40, 13860448.52B/s]
   GAP-web:   3%|▎         | 262209536/8300343137 [00:18<09:29, 14126143.45B/s]
   GAP-web:   3%|▎         | 263700480/8300343137 [00:18<09:22, 14295225.73B/s]
   GAP-web:   3%|▎         | 265142272/8300343137 [00:18<09:53, 13546953.67B/s]
   GAP-web:   3%|▎         | 266731520/8300343137 [00:18<09:26, 14187308.09B/s]
   GAP-web:   3%|▎         | 268255232/8300343137 [00:18<09:14, 14484395.88B/s]
   GAP-web:   3%|▎         | 269729792/8300343137 [00:19<09:40, 13838817.78B/s]
   GAP-web:   3%|▎         | 271253504/8300343137 [00:19<09:25, 14198102.27B/s]
   GAP-web:   3%|▎         | 272809984/8300343137 [00:19<09:52, 13545926.39B/s]
   GAP-web:   3%|▎         | 274399232/8300343137 [00:19<09:26, 14168765.49B/s]
   GAP-web:   3%|▎         | 275939328/8300343137 [00:19<09:14, 14469954.91B/s]
   GAP-web:   3%|▎         | 277413888/8300343137 [00:19<09:45, 13707120.65B/s]
   GAP-web:   3%|▎         | 279035904/8300343137 [00:19<09:17, 14396026.82B/s]
   GAP-web:   3%|▎         | 280494080/8300343137 [00:19<09:21, 14275061.81B/s]
   GAP-web:   3%|▎         | 281935872/8300343137 [00:19<09:47, 13654912.64B/s]
   GAP-web:   3%|▎         | 283443200/8300343137 [00:20<09:31, 14038294.23B/s]
   GAP-web:   3%|▎         | 284868608/8300343137 [00:20<09:48, 13630861.37B/s]
   GAP-web:   3%|▎         | 286359552/8300343137 [00:20<09:32, 13987137.95B/s]
   GAP-web:   3%|▎         | 287817728/8300343137 [00:20<09:26, 14143115.64B/s]
   GAP-web:   3%|▎         | 289243136/8300343137 [00:20<10:01, 13319216.88B/s]
   GAP-web:   4%|▎         | 290848768/8300343137 [00:20<09:28, 14086896.61B/s]
   GAP-web:   4%|▎         | 292438016/8300343137 [00:20<09:09, 14569831.91B/s]
   GAP-web:   4%|▎         | 293912576/8300343137 [00:20<09:38, 13835874.27B/s]
   GAP-web:   4%|▎         | 295501824/8300343137 [00:20<09:15, 14411470.16B/s]
   GAP-web:   4%|▎         | 297091072/8300343137 [00:21<09:00, 14806486.10B/s]
   GAP-web:   4%|▎         | 298598400/8300343137 [00:21<09:33, 13942659.41B/s]
   GAP-web:   4%|▎         | 300154880/8300343137 [00:21<09:17, 14356569.76B/s]
   GAP-web:   4%|▎         | 301613056/8300343137 [00:21<09:49, 13568746.66B/s]
   GAP-web:   4%|▎         | 303185920/8300343137 [00:21<09:25, 14148513.67B/s]
   GAP-web:   4%|▎         | 304726016/8300343137 [00:21<09:12, 14476131.05B/s]
   GAP-web:   4%|▎         | 306200576/8300343137 [00:21<09:45, 13643114.41B/s]
   GAP-web:   4%|▎         | 307789824/8300343137 [00:21<09:20, 14257074.68B/s]
   GAP-web:   4%|▎         | 309379072/8300343137 [00:21<09:03, 14713632.02B/s]
   GAP-web:   4%|▎         | 310870016/8300343137 [00:22<09:36, 13855949.42B/s]
   GAP-web:   4%|▍         | 312426496/8300343137 [00:22<09:18, 14309930.18B/s]
   GAP-web:   4%|▍         | 313884672/8300343137 [00:22<09:46, 13620614.31B/s]
   GAP-web:   4%|▍         | 315392000/8300343137 [00:22<09:29, 14023167.77B/s]
   GAP-web:   4%|▍         | 316932096/8300343137 [00:22<09:15, 14376739.60B/s]
   GAP-web:   4%|▍         | 318390272/8300343137 [00:22<09:42, 13709328.02B/s]
   GAP-web:   4%|▍         | 319995904/8300343137 [00:22<09:16, 14332246.95B/s]
   GAP-web:   4%|▍         | 321454080/8300343137 [00:22<09:39, 13760783.94B/s]
   GAP-web:   4%|▍         | 323043328/8300343137 [00:22<09:16, 14338236.40B/s]
   GAP-web:   4%|▍         | 324730880/8300343137 [00:22<08:50, 15031193.02B/s]
   GAP-web:   4%|▍         | 326254592/8300343137 [00:23<09:36, 13825745.51B/s]
   GAP-web:   4%|▍         | 327892992/8300343137 [00:23<09:09, 14510894.26B/s]
   GAP-web:   4%|▍         | 329416704/8300343137 [00:23<09:32, 13923334.50B/s]
   GAP-web:   4%|▍         | 331038720/8300343137 [00:23<09:07, 14545478.54B/s]
   GAP-web:   4%|▍         | 332857344/8300343137 [00:23<08:31, 15569232.01B/s]
   GAP-web:   4%|▍         | 334446592/8300343137 [00:23<08:39, 15346019.96B/s]
   GAP-web:   4%|▍         | 336281600/8300343137 [00:23<08:11, 16200007.70B/s]
   GAP-web:   4%|▍         | 337920000/8300343137 [00:23<08:51, 14993432.98B/s]
   GAP-web:   4%|▍         | 339460096/8300343137 [00:23<09:18, 14255955.07B/s]
   GAP-web:   4%|▍         | 340918272/8300343137 [00:24<09:20, 14200215.49B/s]
   GAP-web:   4%|▍         | 342360064/8300343137 [00:24<09:51, 13449689.89B/s]
   GAP-web:   4%|▍         | 343736320/8300343137 [00:24<09:48, 13524317.19B/s]
   GAP-web:   4%|▍         | 345309184/8300343137 [00:24<09:23, 14119921.96B/s]
   GAP-web:   4%|▍         | 346734592/8300343137 [00:24<09:37, 13782104.85B/s]
   GAP-web:   4%|▍         | 348389376/8300343137 [00:24<09:06, 14542152.20B/s]
   GAP-web:   4%|▍         | 349863936/8300343137 [00:24<09:33, 13870715.98B/s]
   GAP-web:   4%|▍         | 351420416/8300343137 [00:24<09:14, 14329880.78B/s]
   GAP-web:   4%|▍         | 352878592/8300343137 [00:24<09:12, 14394063.30B/s]
   GAP-web:   4%|▍         | 354336768/8300343137 [00:25<10:13, 12946923.27B/s]
   GAP-web:   4%|▍         | 355942400/8300343137 [00:25<09:36, 13770164.16B/s]
   GAP-web:   4%|▍         | 357515264/8300343137 [00:25<09:54, 13368272.99B/s]
   GAP-web:   4%|▍         | 359301120/8300343137 [00:25<09:05, 14555971.39B/s]
   GAP-web:   4%|▍         | 361086976/8300343137 [00:25<08:33, 15474927.61B/s]
   GAP-web:   4%|▍         | 362676224/8300343137 [00:25<08:52, 14914724.79B/s]
   GAP-web:   4%|▍         | 364412928/8300343137 [00:25<08:29, 15569658.17B/s]
   GAP-web:   4%|▍         | 366002176/8300343137 [00:25<09:01, 14647586.79B/s]
   GAP-web:   4%|▍         | 367542272/8300343137 [00:25<08:54, 14829631.87B/s]
   GAP-web:   4%|▍         | 369115136/8300343137 [00:26<08:46, 15057362.62B/s]
   GAP-web:   4%|▍         | 370638848/8300343137 [00:26<09:09, 14425381.60B/s]
   GAP-web:   4%|▍         | 372342784/8300343137 [00:26<08:43, 15154731.49B/s]
   GAP-web:   5%|▍         | 373882880/8300343137 [00:26<09:00, 14674991.91B/s]
   GAP-web:   5%|▍         | 375717888/8300343137 [00:26<08:25, 15677195.66B/s]
   GAP-web:   5%|▍         | 377438208/8300343137 [00:26<08:12, 16091174.85B/s]
   GAP-web:   5%|▍         | 379060224/8300343137 [00:26<08:39, 15258382.76B/s]
   GAP-web:   5%|▍         | 380649472/8300343137 [00:26<08:33, 15430832.19B/s]
   GAP-web:   5%|▍         | 382205952/8300343137 [00:26<09:03, 14575296.38B/s]
   GAP-web:   5%|▍         | 383909888/8300343137 [00:27<08:38, 15258725.19B/s]
   GAP-web:   5%|▍         | 385531904/8300343137 [00:27<08:29, 15522873.09B/s]
   GAP-web:   5%|▍         | 387104768/8300343137 [00:27<08:54, 14794701.66B/s]
   GAP-web:   5%|▍         | 388743168/8300343137 [00:27<08:39, 15218478.11B/s]
   GAP-web:   5%|▍         | 390283264/8300343137 [00:27<09:04, 14533058.60B/s]
   GAP-web:   5%|▍         | 391905280/8300343137 [00:27<08:48, 14974894.44B/s]
   GAP-web:   5%|▍         | 393625600/8300343137 [00:27<08:27, 15566538.94B/s]
   GAP-web:   5%|▍         | 395198464/8300343137 [00:27<08:51, 14884007.92B/s]
   GAP-web:   5%|▍         | 397000704/8300343137 [00:27<08:22, 15728284.06B/s]
   GAP-web:   5%|▍         | 398589952/8300343137 [00:27<08:51, 14878555.20B/s]
   GAP-web:   5%|▍         | 400097280/8300343137 [00:28<09:03, 14544023.05B/s]
   GAP-web:   5%|▍         | 401571840/8300343137 [00:28<09:01, 14573897.57B/s]
   GAP-web:   5%|▍         | 403046400/8300343137 [00:28<09:37, 13673021.24B/s]
   GAP-web:   5%|▍         | 404537344/8300343137 [00:28<09:23, 14008541.50B/s]
   GAP-web:   5%|▍         | 406028288/8300343137 [00:28<09:13, 14262100.26B/s]
   GAP-web:   5%|▍         | 407470080/8300343137 [00:28<10:11, 12912768.66B/s]
   GAP-web:   5%|▍         | 408829952/8300343137 [00:28<10:03, 13074907.02B/s]
   GAP-web:   5%|▍         | 410173440/8300343137 [00:28<10:03, 13084799.26B/s]
   GAP-web:   5%|▍         | 411500544/8300343137 [00:28<10:37, 12379797.24B/s]
   GAP-web:   5%|▍         | 412942336/8300343137 [00:29<10:10, 12928745.73B/s]
   GAP-web:   5%|▍         | 414351360/8300343137 [00:29<09:55, 13237862.14B/s]
   GAP-web:   5%|▌         | 415694848/8300343137 [00:29<10:20, 12709274.88B/s]
   GAP-web:   5%|▌         | 417136640/8300343137 [00:29<09:57, 13186097.36B/s]
   GAP-web:   5%|▌         | 418480128/8300343137 [00:29<09:56, 13208725.80B/s]
   GAP-web:   5%|▌         | 419823616/8300343137 [00:29<09:59, 13142623.13B/s]
   GAP-web:   5%|▌         | 421216256/8300343137 [00:29<09:51, 13327869.88B/s]
   GAP-web:   5%|▌         | 422559744/8300343137 [00:29<09:51, 13317294.23B/s]
   GAP-web:   5%|▌         | 423903232/8300343137 [00:29<10:16, 12774108.85B/s]
   GAP-web:   5%|▌         | 425443328/8300343137 [00:30<09:43, 13496534.07B/s]
   GAP-web:   5%|▌         | 426835968/8300343137 [00:30<10:12, 12856902.19B/s]
   GAP-web:   5%|▌         | 428195840/8300343137 [00:30<10:03, 13042921.58B/s]
   GAP-web:   5%|▌         | 429703168/8300343137 [00:30<09:39, 13579724.97B/s]
   GAP-web:   5%|▌         | 431079424/8300343137 [00:30<10:15, 12784351.14B/s]
   GAP-web:   5%|▌         | 432537600/8300343137 [00:30<09:52, 13279393.25B/s]
   GAP-web:   5%|▌         | 434159616/8300343137 [00:30<09:17, 14115448.78B/s]
   GAP-web:   5%|▌         | 435585024/8300343137 [00:30<09:29, 13802342.21B/s]
   GAP-web:   5%|▌         | 436977664/8300343137 [00:30<09:36, 13640936.02B/s]
   GAP-web:   5%|▌         | 438452224/8300343137 [00:30<09:23, 13944502.36B/s]
   GAP-web:   5%|▌         | 439861248/8300343137 [00:31<09:53, 13247687.22B/s]
   GAP-web:   5%|▌         | 441565184/8300343137 [00:31<09:09, 14302853.40B/s]
   GAP-web:   5%|▌         | 443252736/8300343137 [00:31<08:42, 15039981.30B/s]
   GAP-web:   5%|▌         | 444776448/8300343137 [00:31<09:04, 14438144.07B/s]
   GAP-web:   5%|▌         | 446316544/8300343137 [00:31<08:54, 14697955.84B/s]
   GAP-web:   5%|▌         | 447807488/8300343137 [00:31<09:22, 13951924.11B/s]
   GAP-web:   5%|▌         | 449331200/8300343137 [00:31<09:08, 14311849.48B/s]
   GAP-web:   5%|▌         | 450920448/8300343137 [00:31<08:52, 14738848.56B/s]
   GAP-web:   5%|▌         | 452411392/8300343137 [00:31<09:06, 14349220.20B/s]
   GAP-web:   5%|▌         | 454164480/8300343137 [00:32<08:34, 15254411.18B/s]
   GAP-web:   5%|▌         | 455704576/8300343137 [00:32<09:38, 13560003.22B/s]
   GAP-web:   6%|▌         | 457113600/8300343137 [00:32<09:40, 13506644.56B/s]
   GAP-web:   6%|▌         | 458506240/8300343137 [00:32<09:36, 13598143.46B/s]
   GAP-web:   6%|▌         | 459898880/8300343137 [00:32<10:13, 12783396.71B/s]
   GAP-web:   6%|▌         | 461389824/8300343137 [00:32<09:49, 13300967.29B/s]
   GAP-web:   6%|▌         | 462897152/8300343137 [00:32<09:28, 13795371.48B/s]
   GAP-web:   6%|▌         | 464437248/8300343137 [00:32<09:09, 14250523.86B/s]
   GAP-web:   6%|▌         | 465879040/8300343137 [00:32<09:29, 13764479.88B/s]
   GAP-web:   6%|▌         | 467271680/8300343137 [00:33<09:32, 13694050.12B/s]
   GAP-web:   6%|▌         | 468893696/8300343137 [00:33<09:03, 14400559.94B/s]
   GAP-web:   6%|▌         | 470351872/8300343137 [00:33<09:28, 13778563.04B/s]
   GAP-web:   6%|▌         | 471810048/8300343137 [00:33<09:19, 13991618.38B/s]
   GAP-web:   6%|▌         | 473219072/8300343137 [00:33<09:50, 13264900.92B/s]
   GAP-web:   6%|▌         | 474742784/8300343137 [00:33<09:27, 13790105.73B/s]
   GAP-web:   6%|▌         | 476282880/8300343137 [00:33<09:09, 14237625.28B/s]
   GAP-web:   6%|▌         | 477724672/8300343137 [00:33<09:34, 13614460.73B/s]
   GAP-web:   6%|▌         | 479264768/8300343137 [00:33<09:15, 14088515.78B/s]
   GAP-web:   6%|▌         | 480870400/8300343137 [00:34<08:54, 14641439.97B/s]
   GAP-web:   6%|▌         | 482344960/8300343137 [00:34<09:37, 13540369.12B/s]
   GAP-web:   6%|▌         | 483819520/8300343137 [00:34<09:24, 13845327.62B/s]
   GAP-web:   6%|▌         | 485474304/8300343137 [00:34<08:56, 14577345.97B/s]
   GAP-web:   6%|▌         | 486948864/8300343137 [00:34<09:25, 13815094.53B/s]
   GAP-web:   6%|▌         | 488505344/8300343137 [00:34<09:06, 14289548.72B/s]
   GAP-web:   6%|▌         | 489996288/8300343137 [00:34<09:00, 14438227.23B/s]
   GAP-web:   6%|▌         | 491454464/8300343137 [00:34<09:42, 13405415.77B/s]
   GAP-web:   6%|▌         | 492994560/8300343137 [00:34<09:21, 13913898.44B/s]
   GAP-web:   6%|▌         | 494419968/8300343137 [00:35<09:47, 13286532.97B/s]
   GAP-web:   6%|▌         | 495927296/8300343137 [00:35<09:27, 13755473.72B/s]
   GAP-web:   6%|▌         | 497434624/8300343137 [00:35<09:12, 14113638.47B/s]
   GAP-web:   6%|▌         | 498860032/8300343137 [00:35<09:43, 13373471.22B/s]
   GAP-web:   6%|▌         | 500236288/8300343137 [00:35<09:40, 13446707.34B/s]
   GAP-web:   6%|▌         | 501596160/8300343137 [00:35<09:47, 13282213.36B/s]
   GAP-web:   6%|▌         | 502939648/8300343137 [00:35<10:28, 12412798.22B/s]
   GAP-web:   6%|▌         | 504266752/8300343137 [00:35<10:16, 12638251.47B/s]
   GAP-web:   6%|▌         | 505593856/8300343137 [00:35<10:09, 12791236.88B/s]
   GAP-web:   6%|▌         | 506888192/8300343137 [00:35<10:53, 11922469.55B/s]
   GAP-web:   6%|▌         | 508182528/8300343137 [00:36<10:41, 12150662.74B/s]
   GAP-web:   6%|▌         | 509411328/8300343137 [00:36<10:39, 12175207.39B/s]
   GAP-web:   6%|▌         | 510640128/8300343137 [00:36<11:21, 11429462.50B/s]
   GAP-web:   6%|▌         | 511918080/8300343137 [00:36<11:01, 11770581.82B/s]
   GAP-web:   6%|▌         | 513179648/8300343137 [00:36<10:49, 11995728.99B/s]
   GAP-web:   6%|▌         | 514392064/8300343137 [00:36<11:00, 11792098.97B/s]
   GAP-web:   6%|▌         | 515670016/8300343137 [00:36<10:46, 12050347.10B/s]
   GAP-web:   6%|▌         | 516882432/8300343137 [00:36<10:46, 12046812.51B/s]
   GAP-web:   6%|▌         | 518193152/8300343137 [00:36<10:29, 12355811.74B/s]
   GAP-web:   6%|▋         | 519438336/8300343137 [00:37<11:01, 11768024.75B/s]
   GAP-web:   6%|▋         | 520912896/8300343137 [00:37<10:17, 12608420.85B/s]
   GAP-web:   6%|▋         | 522371072/8300343137 [00:37<10:31, 12308742.25B/s]
   GAP-web:   6%|▋         | 523862016/8300343137 [00:37<09:57, 13015759.76B/s]
   GAP-web:   6%|▋         | 525221888/8300343137 [00:37<09:50, 13158260.59B/s]
   GAP-web:   6%|▋         | 526548992/8300343137 [00:37<10:35, 12233135.77B/s]
   GAP-web:   6%|▋         | 527925248/8300343137 [00:37<10:14, 12647585.86B/s]
   GAP-web:   6%|▋         | 529383424/8300343137 [00:37<09:50, 13163960.59B/s]
   GAP-web:   6%|▋         | 530726912/8300343137 [00:37<10:46, 12022807.90B/s]
   GAP-web:   6%|▋         | 532070400/8300343137 [00:38<10:27, 12372962.06B/s]
   GAP-web:   6%|▋         | 533413888/8300343137 [00:38<10:14, 12645182.39B/s]
   GAP-web:   6%|▋         | 534708224/8300343137 [00:38<10:17, 12575531.09B/s]
   GAP-web:   6%|▋         | 536035328/8300343137 [00:38<10:08, 12763270.44B/s]
   GAP-web:   6%|▋         | 537395200/8300343137 [00:38<09:57, 12986277.85B/s]
   GAP-web:   6%|▋         | 538705920/8300343137 [00:38<09:57, 12990075.76B/s]
   GAP-web:   7%|▋         | 540016640/8300343137 [00:38<10:35, 12204642.51B/s]
   GAP-web:   7%|▋         | 541392896/8300343137 [00:38<10:15, 12605936.21B/s]
   GAP-web:   7%|▋         | 542703616/8300343137 [00:38<10:09, 12734026.11B/s]
   GAP-web:   7%|▋         | 543997952/8300343137 [00:38<10:13, 12638251.04B/s]
   GAP-web:   7%|▋         | 545325056/8300343137 [00:39<10:06, 12796743.09B/s]
   GAP-web:   7%|▋         | 546684928/8300343137 [00:39<09:56, 12992874.37B/s]
   GAP-web:   7%|▋         | 547995648/8300343137 [00:39<10:32, 12253956.53B/s]
   GAP-web:   7%|▋         | 549273600/8300343137 [00:39<10:27, 12356477.48B/s]
   GAP-web:   7%|▋         | 550518784/8300343137 [00:39<13:41, 9428603.83B/s] 
   GAP-web:   7%|▋         | 551632896/8300343137 [00:39<13:09, 9811668.30B/s]
   GAP-web:   7%|▋         | 552779776/8300343137 [00:39<12:38, 10218139.77B/s]
   GAP-web:   7%|▋         | 553959424/8300343137 [00:39<12:09, 10623799.10B/s]
   GAP-web:   7%|▋         | 555286528/8300343137 [00:40<11:23, 11329688.91B/s]
   GAP-web:   7%|▋         | 556564480/8300343137 [00:40<11:00, 11722587.97B/s]
   GAP-web:   7%|▋         | 557924352/8300343137 [00:40<10:31, 12253657.90B/s]
   GAP-web:   7%|▋         | 559185920/8300343137 [00:40<11:09, 11565975.04B/s]
   GAP-web:   7%|▋         | 560513024/8300343137 [00:40<10:43, 12029163.01B/s]
   GAP-web:   7%|▋         | 561856512/8300343137 [00:40<10:25, 12377646.62B/s]
   GAP-web:   7%|▋         | 563118080/8300343137 [00:40<10:56, 11793002.88B/s]
   GAP-web:   7%|▋         | 564445184/8300343137 [00:40<10:34, 12184132.84B/s]
   GAP-web:   7%|▋         | 565919744/8300343137 [00:40<10:00, 12884407.50B/s]
   GAP-web:   7%|▋         | 567230464/8300343137 [00:40<10:22, 12425137.66B/s]
   GAP-web:   7%|▋         | 568737792/8300343137 [00:41<09:48, 13139642.49B/s]
   GAP-web:   7%|▋         | 570097664/8300343137 [00:41<09:43, 13258443.92B/s]
   GAP-web:   7%|▋         | 571441152/8300343137 [00:41<10:20, 12463953.32B/s]
   GAP-web:   7%|▋         | 572751872/8300343137 [00:41<10:11, 12629427.07B/s]
   GAP-web:   7%|▋         | 574111744/8300343137 [00:41<10:00, 12862546.43B/s]
   GAP-web:   7%|▋         | 575422464/8300343137 [00:41<10:29, 12272410.74B/s]
   GAP-web:   7%|▋         | 576716800/8300343137 [00:41<10:20, 12446822.78B/s]
   GAP-web:   7%|▋         | 578125824/8300343137 [00:41<09:57, 12915059.48B/s]
   GAP-web:   7%|▋         | 579436544/8300343137 [00:41<10:41, 12031428.80B/s]
   GAP-web:   7%|▋         | 580796416/8300343137 [00:42<10:20, 12442541.96B/s]
   GAP-web:   7%|▋         | 582205440/8300343137 [00:42<09:57, 12909696.65B/s]
   GAP-web:   7%|▋         | 583516160/8300343137 [00:42<10:34, 12158477.88B/s]
   GAP-web:   7%|▋         | 584908800/8300343137 [00:42<10:11, 12612045.62B/s]
   GAP-web:   7%|▋         | 586186752/8300343137 [00:42<10:21, 12421159.39B/s]
   GAP-web:   7%|▋         | 587448320/8300343137 [00:42<10:53, 11802250.52B/s]
   GAP-web:   7%|▋         | 588840960/8300343137 [00:42<10:23, 12360765.50B/s]
   GAP-web:   7%|▋         | 590102528/8300343137 [00:42<10:24, 12347267.77B/s]
   GAP-web:   7%|▋         | 591347712/8300343137 [00:42<11:09, 11511801.13B/s]
   GAP-web:   7%|▋         | 592838656/8300343137 [00:43<10:19, 12433515.14B/s]
   GAP-web:   7%|▋         | 594100224/8300343137 [00:43<10:18, 12454759.54B/s]
   GAP-web:   7%|▋         | 595361792/8300343137 [00:43<10:54, 11771197.54B/s]
   GAP-web:   7%|▋         | 596557824/8300343137 [00:43<10:52, 11810167.64B/s]
   GAP-web:   7%|▋         | 597753856/8300343137 [00:43<11:09, 11506323.44B/s]
   GAP-web:   7%|▋         | 598917120/8300343137 [00:43<11:33, 11099906.99B/s]
   GAP-web:   7%|▋         | 600064000/8300343137 [00:43<11:29, 11161185.42B/s]
   GAP-web:   7%|▋         | 601358336/8300343137 [00:43<10:59, 11668625.05B/s]
   GAP-web:   7%|▋         | 602537984/8300343137 [00:43<11:55, 10752608.95B/s]
   GAP-web:   7%|▋         | 603832320/8300343137 [00:43<11:20, 11317783.87B/s]
   GAP-web:   7%|▋         | 605061120/8300343137 [00:44<11:04, 11589141.82B/s]
   GAP-web:   7%|▋         | 606273536/8300343137 [00:44<11:08, 11507755.77B/s]
   GAP-web:   7%|▋         | 607617024/8300343137 [00:44<10:39, 12036141.09B/s]
   GAP-web:   7%|▋         | 609042432/8300343137 [00:44<10:07, 12659692.41B/s]
   GAP-web:   7%|▋         | 610320384/8300343137 [00:44<10:22, 12355962.38B/s]
   GAP-web:   7%|▋         | 611565568/8300343137 [00:44<10:32, 12162467.50B/s]
   GAP-web:   7%|▋         | 613105664/8300343137 [00:44<09:46, 13096498.58B/s]
   GAP-web:   7%|▋         | 614432768/8300343137 [00:44<10:09, 12615998.12B/s]
   GAP-web:   7%|▋         | 615940096/8300343137 [00:44<09:38, 13284214.84B/s]
   GAP-web:   7%|▋         | 617463808/8300343137 [00:45<09:15, 13819098.60B/s]
   GAP-web:   7%|▋         | 618856448/8300343137 [00:45<09:42, 13192997.93B/s]
   GAP-web:   7%|▋         | 620347392/8300343137 [00:45<09:22, 13660641.86B/s]
   GAP-web:   7%|▋         | 621723648/8300343137 [00:45<09:23, 13630775.35B/s]
   GAP-web:   8%|▊         | 623099904/8300343137 [00:45<10:17, 12427568.49B/s]
   GAP-web:   8%|▊         | 624377856/8300343137 [00:45<10:43, 11927849.12B/s]
   GAP-web:   8%|▊         | 625672192/8300343137 [00:45<10:29, 12196598.60B/s]
   GAP-web:   8%|▊         | 626917376/8300343137 [00:45<10:56, 11682050.04B/s]
   GAP-web:   8%|▊         | 628113408/8300343137 [00:45<11:01, 11590995.30B/s]
   GAP-web:   8%|▊         | 629374976/8300343137 [00:46<10:46, 11867846.44B/s]
   GAP-web:   8%|▊         | 630571008/8300343137 [00:46<11:38, 10974589.56B/s]
   GAP-web:   8%|▊         | 631865344/8300343137 [00:46<11:08, 11471476.01B/s]
   GAP-web:   8%|▊         | 633241600/8300343137 [00:46<10:33, 12101689.20B/s]
   GAP-web:   8%|▊         | 634470400/8300343137 [00:46<11:22, 11233537.67B/s]
   GAP-web:   8%|▊         | 635699200/8300343137 [00:46<11:05, 11511919.76B/s]
   GAP-web:   8%|▊         | 636878848/8300343137 [00:46<11:02, 11566268.30B/s]
   GAP-web:   8%|▊         | 638058496/8300343137 [00:46<11:20, 11255219.75B/s]
   GAP-web:   8%|▊         | 639401984/8300343137 [00:46<10:47, 11826675.10B/s]
   GAP-web:   8%|▊         | 640778240/8300343137 [00:47<10:20, 12353518.90B/s]
   GAP-web:   8%|▊         | 642023424/8300343137 [00:47<10:52, 11737909.35B/s]
   GAP-web:   8%|▊         | 643334144/8300343137 [00:47<10:33, 12093407.44B/s]
   GAP-web:   8%|▊         | 644562944/8300343137 [00:47<10:42, 11911522.87B/s]
   GAP-web:   8%|▊         | 645775360/8300343137 [00:47<11:25, 11158377.02B/s]
   GAP-web:   8%|▊         | 646905856/8300343137 [00:47<11:34, 11017787.00B/s]
   GAP-web:   8%|▊         | 648085504/8300343137 [00:47<11:22, 11211294.12B/s]
   GAP-web:   8%|▊         | 649314304/8300343137 [00:47<11:04, 11514359.30B/s]
   GAP-web:   8%|▊         | 650477568/8300343137 [00:47<11:29, 11098695.17B/s]
   GAP-web:   8%|▊         | 651804672/8300343137 [00:47<10:53, 11710886.17B/s]
   GAP-web:   8%|▊         | 653164544/8300343137 [00:48<10:25, 12224369.81B/s]
   GAP-web:   8%|▊         | 654409728/8300343137 [00:48<10:53, 11698758.04B/s]
   GAP-web:   8%|▊         | 655753216/8300343137 [00:48<10:27, 12188350.85B/s]
   GAP-web:   8%|▊         | 657129472/8300343137 [00:48<10:04, 12641177.71B/s]
   GAP-web:   8%|▊         | 658407424/8300343137 [00:48<10:44, 11854950.72B/s]
   GAP-web:   8%|▊         | 659800064/8300343137 [00:48<10:16, 12397987.42B/s]
   GAP-web:   8%|▊         | 661209088/8300343137 [00:48<09:54, 12843938.49B/s]
   GAP-web:   8%|▊         | 662519808/8300343137 [00:48<10:30, 12110586.25B/s]
   GAP-web:   8%|▊         | 663896064/8300343137 [00:48<10:07, 12562969.33B/s]
   GAP-web:   8%|▊         | 665190400/8300343137 [00:49<10:04, 12628304.94B/s]
   GAP-web:   8%|▊         | 666468352/8300343137 [00:49<10:48, 11776732.23B/s]
   GAP-web:   8%|▊         | 667746304/8300343137 [00:49<10:33, 12046384.24B/s]
   GAP-web:   8%|▊         | 669007872/8300343137 [00:49<10:25, 12195746.10B/s]
   GAP-web:   8%|▊         | 670253056/8300343137 [00:49<11:10, 11375117.20B/s]
   GAP-web:   8%|▊         | 671563776/8300343137 [00:49<10:45, 11818828.73B/s]
   GAP-web:   8%|▊         | 672923648/8300343137 [00:49<10:21, 12282371.91B/s]
   GAP-web:   8%|▊         | 674234368/8300343137 [00:49<10:35, 12006124.66B/s]
   GAP-web:   8%|▊         | 675561472/8300343137 [00:49<10:18, 12335466.25B/s]
   GAP-web:   8%|▊         | 676970496/8300343137 [00:50<09:55, 12802349.68B/s]
   GAP-web:   8%|▊         | 678264832/8300343137 [00:50<10:35, 11985299.86B/s]
   GAP-web:   8%|▊         | 679673856/8300343137 [00:50<10:07, 12539548.05B/s]
   GAP-web:   8%|▊         | 680951808/8300343137 [00:50<10:13, 12415271.15B/s]
   GAP-web:   8%|▊         | 682213376/8300343137 [00:50<10:38, 11931726.89B/s]
   GAP-web:   8%|▊         | 683507712/8300343137 [00:50<10:24, 12202415.26B/s]
   GAP-web:   8%|▊         | 684851200/8300343137 [00:50<10:06, 12552851.83B/s]
   GAP-web:   8%|▊         | 686129152/8300343137 [00:50<10:44, 11810328.55B/s]
   GAP-web:   8%|▊         | 687587328/8300343137 [00:50<10:06, 12555296.67B/s]
   GAP-web:   8%|▊         | 689029120/8300343137 [00:50<09:41, 13083603.33B/s]
   GAP-web:   8%|▊         | 690356224/8300343137 [00:51<10:11, 12441088.88B/s]
   GAP-web:   8%|▊         | 691781632/8300343137 [00:51<09:48, 12928661.33B/s]
   GAP-web:   8%|▊         | 693190656/8300343137 [00:51<09:34, 13237317.75B/s]
   GAP-web:   8%|▊         | 694534144/8300343137 [00:51<10:06, 12547709.58B/s]
   GAP-web:   8%|▊         | 695894016/8300343137 [00:51<09:53, 12818010.23B/s]
   GAP-web:   8%|▊         | 697270272/8300343137 [00:51<09:41, 13065780.11B/s]
   GAP-web:   8%|▊         | 698597376/8300343137 [00:51<10:08, 12497160.66B/s]
   GAP-web:   8%|▊         | 699957248/8300343137 [00:51<09:54, 12789795.70B/s]
   GAP-web:   8%|▊         | 701366272/8300343137 [00:51<09:38, 13140797.00B/s]
   GAP-web:   8%|▊         | 702693376/8300343137 [00:52<10:07, 12511246.48B/s]
   GAP-web:   8%|▊         | 704053248/8300343137 [00:52<09:54, 12785125.92B/s]
   GAP-web:   8%|▊         | 705347584/8300343137 [00:52<09:54, 12785679.39B/s]
   GAP-web:   9%|▊         | 706641920/8300343137 [00:52<10:17, 12307418.67B/s]
   GAP-web:   9%|▊         | 708083712/8300343137 [00:52<09:49, 12888972.52B/s]
   GAP-web:   9%|▊         | 709492736/8300343137 [00:52<09:33, 13225063.12B/s]
   GAP-web:   9%|▊         | 710836224/8300343137 [00:52<10:14, 12341631.10B/s]
   GAP-web:   9%|▊         | 712343552/8300343137 [00:52<09:40, 13063534.49B/s]
   GAP-web:   9%|▊         | 713801728/8300343137 [00:52<09:22, 13478800.73B/s]
   GAP-web:   9%|▊         | 715177984/8300343137 [00:53<09:53, 12785544.31B/s]
   GAP-web:   9%|▊         | 716554240/8300343137 [00:53<09:41, 13033174.38B/s]
   GAP-web:   9%|▊         | 717979648/8300343137 [00:53<09:26, 13378764.57B/s]
   GAP-web:   9%|▊         | 719339520/8300343137 [00:53<09:56, 12706306.59B/s]
   GAP-web:   9%|▊         | 720814080/8300343137 [00:53<09:32, 13241408.70B/s]
   GAP-web:   9%|▊         | 722157568/8300343137 [00:53<09:51, 12815502.45B/s]
   GAP-web:   9%|▊         | 723533824/8300343137 [00:53<09:41, 13040680.71B/s]
   GAP-web:   9%|▊         | 724910080/8300343137 [00:53<09:32, 13226481.39B/s]
   GAP-web:   9%|▊         | 726253568/8300343137 [00:53<09:59, 12635639.45B/s]
   GAP-web:   9%|▉         | 727744512/8300343137 [00:53<09:30, 13263310.31B/s]
   GAP-web:   9%|▉         | 729153536/8300343137 [00:54<09:22, 13465733.55B/s]
   GAP-web:   9%|▉         | 730513408/8300343137 [00:54<09:56, 12682571.52B/s]
   GAP-web:   9%|▉         | 731906048/8300343137 [00:54<09:41, 13007834.53B/s]
   GAP-web:   9%|▉         | 733298688/8300343137 [00:54<09:31, 13246526.13B/s]
   GAP-web:   9%|▉         | 734642176/8300343137 [00:54<10:12, 12359422.26B/s]
   GAP-web:   9%|▉         | 736002048/8300343137 [00:54<09:57, 12663462.18B/s]
   GAP-web:   9%|▉         | 737296384/8300343137 [00:54<09:54, 12730754.61B/s]
   GAP-web:   9%|▉         | 738590720/8300343137 [00:54<10:20, 12186661.52B/s]
   GAP-web:   9%|▉         | 739885056/8300343137 [00:54<10:11, 12371880.49B/s]
   GAP-web:   9%|▉         | 741244928/8300343137 [00:55<09:55, 12683113.20B/s]
   GAP-web:   9%|▉         | 742522880/8300343137 [00:55<10:32, 11948719.29B/s]
   GAP-web:   9%|▉         | 743931904/8300343137 [00:55<10:02, 12548111.33B/s]
   GAP-web:   9%|▉         | 745422848/8300343137 [00:55<09:31, 13219419.94B/s]
   GAP-web:   9%|▉         | 746766336/8300343137 [00:55<10:19, 12202304.76B/s]
   GAP-web:   9%|▉         | 748142592/8300343137 [00:55<09:57, 12631400.48B/s]
   GAP-web:   9%|▉         | 749436928/8300343137 [00:55<10:01, 12546972.21B/s]
   GAP-web:   9%|▉         | 750714880/8300343137 [00:55<10:31, 11949130.22B/s]
   GAP-web:   9%|▉         | 752173056/8300343137 [00:55<09:55, 12680311.70B/s]
   GAP-web:   9%|▉         | 753549312/8300343137 [00:56<10:20, 12162699.18B/s]
   GAP-web:   9%|▉         | 754941952/8300343137 [00:56<09:56, 12647173.45B/s]
   GAP-web:   9%|▉         | 756236288/8300343137 [00:56<09:54, 12686358.13B/s]
   GAP-web:   9%|▉         | 757628928/8300343137 [00:56<10:19, 12179215.86B/s]
   GAP-web:   9%|▉         | 759005184/8300343137 [00:56<09:58, 12609597.50B/s]
   GAP-web:   9%|▉         | 760430592/8300343137 [00:56<09:37, 13057512.87B/s]
   GAP-web:   9%|▉         | 761757696/8300343137 [00:56<09:59, 12575550.75B/s]
   GAP-web:   9%|▉         | 763281408/8300343137 [00:56<09:26, 13309931.41B/s]
   
   asv: benchmark timed out (timeout 60s)
   
   For parameters: bfs_gap_inputs.GAP/GAP-kron_100962918
   INFO root: Dataset suitesparse_matrix.GAP/GAP-kron manifest metadata is stale.
   
   GAP-kron:   0%|          | 0/14570837178 [00:00<?, ?B/s]
   GAP-kron:   0%|          | 180224/14570837178 [00:00<2:21:57, 1710584.75B/s]
   GAP-kron:   0%|          | 671744/14570837178 [00:00<1:17:12, 3145389.11B/s]
   GAP-kron:   0%|          | 1163264/14570837178 [00:00<1:02:32, 3882890.23B/s]
   GAP-kron:   0%|          | 1671168/14570837178 [00:00<56:10, 4322418.18B/s]  
   GAP-kron:   0%|          | 2162688/14570837178 [00:00<53:57, 4499591.08B/s]
   GAP-kron:   0%|          | 2834432/14570837178 [00:00<47:46, 5081828.43B/s]
   GAP-kron:   0%|          | 3588096/14570837178 [00:00<44:03, 5511201.23B/s]
   GAP-kron:   0%|          | 4423680/14570837178 [00:00<38:15, 6344916.62B/s]
   GAP-kron:   0%|          | 5160960/14570837178 [00:00<37:48, 6420077.05B/s]
   GAP-kron:   0%|          | 6078464/14570837178 [00:01<33:36, 7221247.65B/s]
   GAP-kron:   0%|          | 6963200/14570837178 [00:01<31:32, 7694001.59B/s]
   GAP-kron:   0%|          | 7798784/14570837178 [00:01<30:51, 7863794.69B/s]
   GAP-kron:   0%|          | 8650752/14570837178 [00:01<30:08, 8050370.87B/s]
   GAP-kron:   0%|          | 9748480/14570837178 [00:01<28:14, 8593218.49B/s]
   GAP-kron:   0%|          | 10960896/14570837178 [00:01<26:48, 9052549.65B/s]
   GAP-kron:   0%|          | 12173312/14570837178 [00:01<24:29, 9908683.43B/s]
   GAP-kron:   0%|          | 13172736/14570837178 [00:01<24:53, 9745637.62B/s]
   GAP-kron:   0%|          | 14483456/14570837178 [00:01<22:42, 10686561.76B/s]
   GAP-kron:   0%|          | 15564800/14570837178 [00:02<23:36, 10276165.60B/s]
   GAP-kron:   0%|          | 16793600/14570837178 [00:02<22:24, 10821229.28B/s]
   GAP-kron:   0%|          | 18071552/14570837178 [00:02<21:18, 11382180.08B/s]
   GAP-kron:   0%|          | 19218432/14570837178 [00:02<21:54, 11069930.65B/s]
   GAP-kron:   0%|          | 20545536/14570837178 [00:02<20:44, 11691355.48B/s]
   GAP-kron:   0%|          | 21807104/14570837178 [00:02<20:18, 11944504.88B/s]
   GAP-kron:   0%|          | 23101440/14570837178 [00:02<19:51, 12208569.15B/s]
   GAP-kron:   0%|          | 24330240/14570837178 [00:02<20:03, 12084574.39B/s]
   GAP-kron:   0%|          | 25575424/14570837178 [00:02<19:55, 12163835.87B/s]
   GAP-kron:   0%|          | 26820608/14570837178 [00:02<19:50, 12216351.37B/s]
   GAP-kron:   0%|          | 28049408/14570837178 [00:03<19:52, 12190651.46B/s]
   GAP-kron:   0%|          | 29491200/14570837178 [00:03<18:55, 12805298.23B/s]
   GAP-kron:   0%|          | 31014912/14570837178 [00:03<17:56, 13502079.88B/s]
   GAP-kron:   0%|          | 32374784/14570837178 [00:03<18:15, 13274755.61B/s]
   GAP-kron:   0%|          | 33718272/14570837178 [00:03<18:31, 13078758.91B/s]
   GAP-kron:   0%|          | 35094528/14570837178 [00:03<18:16, 13258466.39B/s]
   GAP-kron:   0%|          | 36438016/14570837178 [00:03<18:22, 13185698.12B/s]
   GAP-kron:   0%|          | 38027264/14570837178 [00:03<17:20, 13972529.39B/s]
   GAP-kron:   0%|          | 39436288/14570837178 [00:03<17:29, 13851040.45B/s]
   GAP-kron:   0%|          | 40828928/14570837178 [00:03<17:33, 13798396.86B/s]
   GAP-kron:   0%|          | 42483712/14570837178 [00:04<16:34, 14602434.29B/s]
   GAP-kron:   0%|          | 43958272/14570837178 [00:04<16:52, 14343253.76B/s]
   GAP-kron:   0%|          | 45400064/14570837178 [00:04<16:55, 14306681.33B/s]
   GAP-kron:   0%|          | 47005696/14570837178 [00:04<16:22, 14779561.88B/s]
   GAP-kron:   0%|          | 48496640/14570837178 [00:04<16:41, 14499418.77B/s]
   GAP-kron:   0%|          | 50135040/14570837178 [00:04<16:05, 15036342.35B/s]
   GAP-kron:   0%|          | 51642368/14570837178 [00:04<16:09, 14982963.86B/s]
   GAP-kron:   0%|          | 53149696/14570837178 [00:04<16:12, 14935522.21B/s]
   GAP-kron:   0%|          | 54788096/14570837178 [00:04<15:45, 15345684.53B/s]
   GAP-kron:   0%|          | 56393728/14570837178 [00:04<15:34, 15536240.37B/s]
   GAP-kron:   0%|          | 57966592/14570837178 [00:05<15:32, 15569128.65B/s]
   GAP-kron:   0%|          | 59539456/14570837178 [00:05<15:38, 15469440.34B/s]
   GAP-kron:   0%|          | 61276160/14570837178 [00:05<15:07, 15992563.99B/s]
   GAP-kron:   0%|          | 62881792/14570837178 [00:05<15:16, 15834627.26B/s]
   GAP-kron:   0%|          | 64520192/14570837178 [00:05<15:09, 15957390.02B/s]
   GAP-kron:   0%|          | 66125824/14570837178 [00:05<15:10, 15924151.91B/s]
   GAP-kron:   0%|          | 67731456/14570837178 [00:05<15:25, 15666006.68B/s]
   GAP-kron:   0%|          | 69337088/14570837178 [00:05<15:22, 15726536.62B/s]
   GAP-kron:   0%|          | 70926336/14570837178 [00:05<15:36, 15474916.76B/s]
   GAP-kron:   0%|          | 72482816/14570837178 [00:06<15:41, 15395317.36B/s]
   GAP-kron:   1%|          | 74039296/14570837178 [00:06<15:39, 15423645.44B/s]
   GAP-kron:   1%|          | 75644928/14570837178 [00:06<15:29, 15596522.91B/s]
   GAP-kron:   1%|          | 77217792/14570837178 [00:06<15:30, 15583176.49B/s]
   GAP-kron:   1%|          | 78790656/14570837178 [00:06<16:27, 14678925.24B/s]
   GAP-kron:   1%|          | 80363520/14570837178 [00:06<16:10, 14937886.50B/s]
   GAP-kron:   1%|          | 81969152/14570837178 [00:06<15:53, 15196518.52B/s]
   GAP-kron:   1%|          | 83509248/14570837178 [00:06<16:45, 14404327.01B/s]
   GAP-kron:   1%|          | 85065728/14570837178 [00:06<16:23, 14722589.73B/s]
   GAP-kron:   1%|          | 86556672/14570837178 [00:06<17:31, 13769536.51B/s]
   GAP-kron:   1%|          | 88096768/14570837178 [00:07<17:04, 14135918.90B/s]
   GAP-kron:   1%|          | 89751552/14570837178 [00:07<16:18, 14797993.68B/s]
   GAP-kron:   1%|          | 91258880/14570837178 [00:07<17:00, 14189971.71B/s]
   GAP-kron:   1%|          | 92864512/14570837178 [00:07<16:26, 14673754.82B/s]
   GAP-kron:   1%|          | 94355456/14570837178 [00:07<17:08, 14077854.20B/s]
   GAP-kron:   1%|          | 95928320/14570837178 [00:07<16:36, 14530388.45B/s]
   GAP-kron:   1%|          | 97615872/14570837178 [00:07<15:52, 15199210.32B/s]
   GAP-kron:   1%|          | 99155968/14570837178 [00:07<16:39, 14477206.98B/s]
   GAP-kron:   1%|          | 100794368/14570837178 [00:07<16:04, 15001655.41B/s]
   GAP-kron:   1%|          | 102318080/14570837178 [00:08<17:00, 14183629.37B/s]
   GAP-kron:   1%|          | 103972864/14570837178 [00:08<16:16, 14814194.68B/s]
   GAP-kron:   1%|          | 105676800/14570837178 [00:08<15:36, 15440838.87B/s]
   GAP-kron:   1%|          | 107249664/14570837178 [00:08<16:24, 14691677.19B/s]
   GAP-kron:   1%|          | 108838912/14570837178 [00:08<16:03, 15006519.10B/s]
   GAP-kron:   1%|          | 110362624/14570837178 [00:08<16:59, 14181964.88B/s]
   GAP-kron:   1%|          | 112017408/14570837178 [00:08<16:18, 14776669.00B/s]
   GAP-kron:   1%|          | 113623040/14570837178 [00:08<15:55, 15133162.28B/s]
   GAP-kron:   1%|          | 115163136/14570837178 [00:08<16:45, 14375048.88B/s]
   GAP-kron:   1%|          | 116752384/14570837178 [00:09<16:17, 14788392.06B/s]
   GAP-kron:   1%|          | 118407168/14570837178 [00:09<15:46, 15266087.67B/s]
   GAP-kron:   1%|          | 119947264/14570837178 [00:09<16:38, 14471742.57B/s]
   GAP-kron:   1%|          | 121618432/14570837178 [00:09<16:00, 15048346.47B/s]
   GAP-kron:   1%|          | 123142144/14570837178 [00:09<16:52, 14274184.40B/s]
   GAP-kron:   1%|          | 124878848/14570837178 [00:09<15:56, 15109949.98B/s]
   GAP-kron:   1%|          | 126418944/14570837178 [00:09<16:40, 14438243.41B/s]
   GAP-kron:   1%|          | 128073728/14570837178 [00:09<16:03, 14982267.21B/s]
   GAP-kron:   1%|          | 129630208/14570837178 [00:09<15:55, 15119770.45B/s]
   GAP-kron:   1%|          | 131153920/14570837178 [00:10<16:57, 14192440.90B/s]
   GAP-kron:   1%|          | 132726784/14570837178 [00:10<16:29, 14596878.84B/s]
   GAP-kron:   1%|          | 134250496/14570837178 [00:10<16:16, 14778530.90B/s]
   GAP-kron:   1%|          | 135741440/14570837178 [00:10<16:52, 14251458.95B/s]
   GAP-kron:   1%|          | 137412608/14570837178 [00:10<16:06, 14932071.57B/s]
   GAP-kron:   1%|          | 138919936/14570837178 [00:10<17:01, 14125571.06B/s]
   GAP-kron:   1%|          | 140558336/14570837178 [00:10<16:19, 14737453.20B/s]
   GAP-kron:   1%|          | 142180352/14570837178 [00:10<15:53, 15128417.64B/s]
   GAP-kron:   1%|          | 143720448/14570837178 [00:10<16:36, 14472300.81B/s]
   GAP-kron:   1%|          | 145457152/14570837178 [00:10<15:45, 15252741.27B/s]
   GAP-kron:   1%|          | 146997248/14570837178 [00:11<16:38, 14449830.30B/s]
   GAP-kron:   1%|          | 148602880/14570837178 [00:11<16:08, 14894269.29B/s]
   GAP-kron:   1%|          | 150208512/14570837178 [00:11<15:48, 15204877.46B/s]
   GAP-kron:   1%|          | 151748608/14570837178 [00:11<16:25, 14626540.14B/s]
   GAP-kron:   1%|          | 153436160/14570837178 [00:11<15:44, 15262995.79B/s]
   GAP-kron:   1%|          | 154976256/14570837178 [00:11<16:27, 14591252.64B/s]
   GAP-kron:   1%|          | 156631040/14570837178 [00:11<15:53, 15123490.12B/s]
   GAP-kron:   1%|          | 158269440/14570837178 [00:11<15:34, 15414891.40B/s]
   GAP-kron:   1%|          | 159825920/14570837178 [00:11<16:26, 14609193.03B/s]
   GAP-kron:   1%|          | 161497088/14570837178 [00:12<15:48, 15193341.67B/s]
   GAP-kron:   1%|          | 163037184/14570837178 [00:12<16:32, 14520504.80B/s]
   GAP-kron:   1%|          | 164757504/14570837178 [00:12<15:46, 15221495.98B/s]
   GAP-kron:   1%|          | 166461440/14570837178 [00:12<15:16, 15711684.76B/s]
   GAP-kron:   1%|          | 168050688/14570837178 [00:12<15:58, 15031851.27B/s]
   GAP-kron:   1%|          | 169639936/14570837178 [00:12<15:43, 15258595.66B/s]
   GAP-kron:   1%|          | 171180032/14570837178 [00:12<16:32, 14504544.10B/s]
   GAP-kron:   1%|          | 172752896/14570837178 [00:12<16:09, 14845444.61B/s]
   GAP-kron:   1%|          | 174407680/14570837178 [00:12<15:39, 15325153.41B/s]
   GAP-kron:   1%|          | 175964160/14570837178 [00:13<16:30, 14536275.37B/s]
   GAP-kron:   1%|          | 177602560/14570837178 [00:13<15:56, 15045109.92B/s]
   GAP-kron:   1%|          | 179126272/14570837178 [00:13<16:46, 14296246.54B/s]
   GAP-kron:   1%|          | 180781056/14570837178 [00:13<16:04, 14920210.76B/s]
   GAP-kron:   1%|▏         | 182419456/14570837178 [00:13<15:38, 15332746.41B/s]
   GAP-kron:   1%|▏         | 183975936/14570837178 [00:13<16:30, 14522722.67B/s]
   GAP-kron:   1%|▏         | 185630720/14570837178 [00:13<15:55, 15049839.62B/s]
   GAP-kron:   1%|▏         | 187154432/14570837178 [00:13<17:02, 14069676.73B/s]
   GAP-kron:   1%|▏         | 188760064/14570837178 [00:13<16:31, 14509506.23B/s]
   GAP-kron:   1%|▏         | 190447616/14570837178 [00:14<15:49, 15146242.99B/s]
   GAP-kron:   1%|▏         | 191987712/14570837178 [00:14<16:41, 14353289.62B/s]
   GAP-kron:   1%|▏         | 193658880/14570837178 [00:14<15:59, 14980125.64B/s]
   GAP-kron:   1%|▏         | 195182592/14570837178 [00:14<16:42, 14337024.79B/s]
   GAP-kron:   1%|▏         | 196886528/14570837178 [00:14<15:53, 15079720.26B/s]
   GAP-kron:   1%|▏         | 198590464/14570837178 [00:14<15:22, 15584756.47B/s]
   GAP-kron:   1%|▏         | 200163328/14570837178 [00:14<16:09, 14829380.88B/s]
   GAP-kron:   1%|▏         | 201834496/14570837178 [00:14<15:36, 15341203.14B/s]
   GAP-kron:   1%|▏         | 203390976/14570837178 [00:14<16:29, 14515720.72B/s]
   GAP-kron:   1%|▏         | 205062144/14570837178 [00:14<15:51, 15094894.02B/s]
   GAP-kron:   1%|▏         | 206716928/14570837178 [00:15<15:26, 15502572.62B/s]
   GAP-kron:   1%|▏         | 208289792/14570837178 [00:15<16:38, 14388296.52B/s]
   GAP-kron:   1%|▏         | 209764352/14570837178 [00:15<16:36, 14412029.82B/s]
   GAP-kron:   1%|▏         | 211222528/14570837178 [00:15<16:55, 14133893.07B/s]
   GAP-kron:   1%|▏         | 212942848/14570837178 [00:15<15:58, 14983288.82B/s]
   GAP-kron:   1%|▏         | 214614016/14570837178 [00:15<15:28, 15456499.56B/s]
   GAP-kron:   1%|▏         | 216186880/14570837178 [00:15<16:16, 14701477.21B/s]
   GAP-kron:   1%|▏         | 217677824/14570837178 [00:15<16:16, 14701640.06B/s]
   GAP-kron:   2%|▏         | 219185152/14570837178 [00:15<16:11, 14776966.86B/s]
   GAP-kron:   2%|▏         | 220676096/14570837178 [00:16<17:09, 13933310.21B/s]
   GAP-kron:   2%|▏         | 222199808/14570837178 [00:16<16:44, 14280085.74B/s]
   GAP-kron:   2%|▏         | 223641600/14570837178 [00:16<17:26, 13703705.80B/s]
   GAP-kron:   2%|▏         | 225214464/14570837178 [00:16<16:47, 14242746.03B/s]
   GAP-kron:   2%|▏         | 226836480/14570837178 [00:16<16:11, 14768831.30B/s]
   GAP-kron:   2%|▏         | 228327424/14570837178 [00:16<17:10, 13924683.85B/s]
   GAP-kron:   2%|▏         | 229916672/14570837178 [00:16<16:33, 14441870.23B/s]
   GAP-kron:   2%|▏         | 231374848/14570837178 [00:16<17:28, 13682399.77B/s]
   GAP-kron:   2%|▏         | 233078784/14570837178 [00:16<16:23, 14577535.16B/s]
   GAP-kron:   2%|▏         | 234717184/14570837178 [00:17<15:50, 15080975.47B/s]
   GAP-kron:   2%|▏         | 236240896/14570837178 [00:17<16:50, 14192618.94B/s]
   GAP-kron:   2%|▏         | 237879296/14570837178 [00:17<16:09, 14785940.40B/s]
   GAP-kron:   2%|▏         | 239386624/14570837178 [00:17<16:57, 14078647.45B/s]
   GAP-kron:   2%|▏         | 240893952/14570837178 [00:17<16:38, 14350579.44B/s]
   GAP-kron:   2%|▏         | 242401280/14570837178 [00:17<16:24, 14552882.70B/s]
   GAP-kron:   2%|▏         | 243875840/14570837178 [00:17<17:44, 13459806.58B/s]
   GAP-kron:   2%|▏         | 245334016/14570837178 [00:17<17:21, 13760918.29B/s]
   GAP-kron:   2%|▏         | 246824960/14570837178 [00:17<16:59, 14049801.86B/s]
   GAP-kron:   2%|▏         | 248250368/14570837178 [00:18<17:39, 13518620.35B/s]
   GAP-kron:   2%|▏         | 249823232/14570837178 [00:18<16:54, 14116246.88B/s]
   GAP-kron:   2%|▏         | 251330560/14570837178 [00:18<17:23, 13724331.39B/s]
   GAP-kron:   2%|▏         | 252821504/14570837178 [00:18<17:00, 14023970.64B/s]
   GAP-kron:   2%|▏         | 254296064/14570837178 [00:18<16:49, 14184620.20B/s]
   GAP-kron:   2%|▏         | 255737856/14570837178 [00:18<17:31, 13618061.79B/s]
   GAP-kron:   2%|▏         | 257343488/14570837178 [00:18<16:43, 14269278.44B/s]
   GAP-kron:   2%|▏         | 258916352/14570837178 [00:18<16:14, 14685340.72B/s]
   GAP-kron:   2%|▏         | 260407296/14570837178 [00:18<17:31, 13610402.81B/s]
   GAP-kron:   2%|▏         | 262045696/14570837178 [00:18<16:37, 14342839.71B/s]
   GAP-kron:   2%|▏         | 263503872/14570837178 [00:19<17:09, 13899320.57B/s]
   GAP-kron:   2%|▏         | 265158656/14570837178 [00:19<16:18, 14613808.85B/s]
   GAP-kron:   2%|▏         | 266797056/14570837178 [00:19<15:48, 15080343.13B/s]
   GAP-kron:   2%|▏         | 268320768/14570837178 [00:19<16:49, 14170129.13B/s]
   GAP-kron:   2%|▏         | 269860864/14570837178 [00:19<16:28, 14474611.76B/s]
   GAP-kron:   2%|▏         | 271368192/14570837178 [00:19<17:07, 13911082.11B/s]
   GAP-kron:   2%|▏         | 272908288/14570837178 [00:19<16:39, 14303943.77B/s]
   GAP-kron:   2%|▏         | 274546688/14570837178 [00:19<16:01, 14869600.62B/s]
   GAP-kron:   2%|▏         | 276054016/14570837178 [00:19<16:57, 14047621.46B/s]
   GAP-kron:   2%|▏         | 277659648/14570837178 [00:20<16:20, 14574083.00B/s]
   GAP-kron:   2%|▏         | 279314432/14570837178 [00:20<15:44, 15135779.50B/s]
   GAP-kron:   2%|▏         | 280854528/14570837178 [00:20<16:35, 14353124.58B/s]
   GAP-kron:   2%|▏         | 282476544/14570837178 [00:20<16:01, 14867069.90B/s]
   GAP-kron:   2%|▏         | 283983872/14570837178 [00:20<16:43, 14236235.61B/s]
   GAP-kron:   2%|▏         | 285589504/14570837178 [00:20<16:11, 14711553.75B/s]
   GAP-kron:   2%|▏         | 287129600/14570837178 [00:20<15:58, 14906656.84B/s]
   GAP-kron:   2%|▏         | 288636928/14570837178 [00:20<16:44, 14216004.48B/s]
   GAP-kron:   2%|▏         | 290258944/14570837178 [00:20<16:06, 14770235.68B/s]
   GAP-kron:   2%|▏         | 291749888/14570837178 [00:21<16:50, 14126208.81B/s]
   GAP-kron:   2%|▏         | 293371904/14570837178 [00:21<16:13, 14673239.19B/s]
   GAP-kron:   2%|▏         | 294993920/14570837178 [00:21<15:46, 15075622.43B/s]
   GAP-kron:   2%|▏         | 296517632/14570837178 [00:21<16:38, 14290212.76B/s]
   GAP-kron:   2%|▏         | 298221568/14570837178 [00:21<15:50, 15021544.41B/s]
   GAP-kron:   2%|▏         | 299745280/14570837178 [00:21<16:21, 14537398.97B/s]
   GAP-kron:   2%|▏         | 301301760/14570837178 [00:21<16:05, 14785143.73B/s]
   GAP-kron:   2%|▏         | 302907392/14570837178 [00:21<15:44, 15112895.48B/s]
   GAP-kron:   2%|▏         | 304431104/14570837178 [00:21<16:16, 14605379.09B/s]
   GAP-kron:   2%|▏         | 306053120/14570837178 [00:21<15:47, 15056721.00B/s]
   GAP-kron:   2%|▏         | 307724288/14570837178 [00:22<15:20, 15493209.12B/s]
   GAP-kron:   2%|▏         | 309280768/14570837178 [00:22<16:12, 14671163.97B/s]
   GAP-kron:   2%|▏         | 311017472/14570837178 [00:22<15:25, 15410781.67B/s]
   GAP-kron:   2%|▏         | 312573952/14570837178 [00:22<16:17, 14581823.34B/s]
   GAP-kron:   2%|▏         | 314064896/14570837178 [00:22<16:12, 14652493.45B/s]
   GAP-kron:   2%|▏         | 315621376/14570837178 [00:22<15:56, 14904023.84B/s]
   GAP-kron:   2%|▏         | 317128704/14570837178 [00:22<16:49, 14113668.94B/s]
   GAP-kron:   2%|▏         | 318734336/14570837178 [00:22<16:14, 14625846.61B/s]
   GAP-kron:   2%|▏         | 320225280/14570837178 [00:22<16:59, 13982257.03B/s]
   GAP-kron:   2%|▏         | 321847296/14570837178 [00:23<16:18, 14563681.07B/s]
   GAP-kron:   2%|▏         | 323502080/14570837178 [00:23<15:42, 15109617.38B/s]
   GAP-kron:   2%|▏         | 325025792/14570837178 [00:23<16:20, 14534946.21B/s]
   GAP-kron:   2%|▏         | 326680576/14570837178 [00:23<15:43, 15098691.58B/s]
   GAP-kron:   2%|▏         | 328204288/14570837178 [00:23<16:22, 14502266.18B/s]
   GAP-kron:   2%|▏         | 329875456/14570837178 [00:23<15:42, 15110077.09B/s]
   GAP-kron:   2%|▏         | 331579392/14570837178 [00:23<15:11, 15623901.93B/s]
   GAP-kron:   2%|▏         | 333152256/14570837178 [00:23<16:03, 14779556.37B/s]
   GAP-kron:   2%|▏         | 334725120/14570837178 [00:23<15:48, 15003018.66B/s]
   GAP-kron:   2%|▏         | 336248832/14570837178 [00:24<16:41, 14212523.48B/s]
   GAP-kron:   2%|▏         | 337854464/14570837178 [00:24<16:07, 14714828.13B/s]
   GAP-kron:   2%|▏         | 339394560/14570837178 [00:24<15:55, 14890046.79B/s]
   GAP-kron:   2%|▏         | 340901888/14570837178 [00:24<16:42, 14197140.40B/s]
   GAP-kron:   2%|▏         | 342425600/14570837178 [00:24<16:22, 14487946.18B/s]
   GAP-kron:   2%|▏         | 343900160/14570837178 [00:24<17:23, 13637475.83B/s]
   GAP-kron:   2%|▏         | 345423872/14570837178 [00:24<16:50, 14075533.26B/s]
   GAP-kron:   2%|▏         | 346996736/14570837178 [00:24<16:19, 14514380.03B/s]
   GAP-kron:   2%|▏         | 348471296/14570837178 [00:24<16:56, 13993585.03B/s]
   GAP-kron:   2%|▏         | 350044160/14570837178 [00:25<16:22, 14470283.08B/s]
   GAP-kron:   2%|▏         | 351617024/14570837178 [00:25<15:59, 14822593.74B/s]
   GAP-kron:   2%|▏         | 353124352/14570837178 [00:25<16:44, 14153794.77B/s]
   GAP-kron:   2%|▏         | 354680832/14570837178 [00:25<16:19, 14518890.40B/s]
   GAP-kron:   2%|▏         | 356155392/14570837178 [00:25<17:11, 13785836.78B/s]
   GAP-kron:   2%|▏         | 357695488/14570837178 [00:25<16:39, 14214150.67B/s]
   GAP-kron:   2%|▏         | 359333888/14570837178 [00:25<16:01, 14784955.12B/s]
   GAP-kron:   2%|▏         | 360824832/14570837178 [00:25<16:45, 14132119.74B/s]
   GAP-kron:   2%|▏         | 362496000/14570837178 [00:25<15:58, 14817958.37B/s]
   GAP-kron:   2%|▏         | 364003328/14570837178 [00:25<17:01, 13904815.50B/s]
   GAP-kron:   3%|▎         | 365527040/14570837178 [00:26<16:36, 14262008.90B/s]
   GAP-kron:   3%|▎         | 367083520/14570837178 [00:26<16:11, 14623722.92B/s]
   GAP-kron:   3%|▎         | 368574464/14570837178 [00:26<16:56, 13977346.80B/s]
   GAP-kron:   3%|▎         | 370147328/14570837178 [00:26<16:21, 14466645.68B/s]
   GAP-kron:   3%|▎         | 371802112/14570837178 [00:26<15:44, 15040372.06B/s]
   GAP-kron:   3%|▎         | 373325824/14570837178 [00:26<16:33, 14295223.08B/s]
   GAP-kron:   3%|▎         | 374964224/14570837178 [00:26<15:55, 14857637.65B/s]
   GAP-kron:   3%|▎         | 376471552/14570837178 [00:26<17:04, 13860037.63B/s]
   GAP-kron:   3%|▎         | 378044416/14570837178 [00:26<16:27, 14370236.05B/s]
   GAP-kron:   3%|▎         | 379551744/14570837178 [00:27<16:14, 14568038.20B/s]
   GAP-kron:   3%|▎         | 381026304/14570837178 [00:27<17:01, 13893172.88B/s]
   GAP-kron:   3%|▎         | 382795776/14570837178 [00:27<15:48, 14956125.52B/s]
   GAP-kron:   3%|▎         | 384319488/14570837178 [00:27<16:39, 14191344.14B/s]
   GAP-kron:   3%|▎         | 386105344/14570837178 [00:27<15:34, 15176385.93B/s]
   GAP-kron:   3%|▎         | 387874816/14570837178 [00:27<14:52, 15882671.97B/s]
   GAP-kron:   3%|▎         | 389496832/14570837178 [00:27<15:33, 15194269.55B/s]
   GAP-kron:   3%|▎         | 391299072/14570837178 [00:27<14:47, 15980687.99B/s]
   GAP-kron:   3%|▎         | 392921088/14570837178 [00:27<15:30, 15230835.66B/s]
   GAP-kron:   3%|▎         | 394625024/14570837178 [00:28<15:02, 15699105.01B/s]
   GAP-kron:   3%|▎         | 396214272/14570837178 [00:28<15:38, 15100476.17B/s]
   GAP-kron:   3%|▎         | 398000128/14570837178 [00:28<14:52, 15871350.18B/s]
   GAP-kron:   3%|▎         | 399785984/14570837178 [00:28<14:23, 16413940.86B/s]
   GAP-kron:   3%|▎         | 401440768/14570837178 [00:28<15:12, 15535995.68B/s]
   GAP-kron:   3%|▎         | 403210240/14570837178 [00:28<14:37, 16137857.02B/s]
   GAP-kron:   3%|▎         | 404848640/14570837178 [00:28<15:27, 15272581.21B/s]
   GAP-kron:   3%|▎         | 406650880/14570837178 [00:28<14:45, 15999565.83B/s]
   GAP-kron:   3%|▎         | 408272896/14570837178 [00:28<15:26, 15282493.27B/s]
   GAP-kron:   3%|▎         | 410042368/14570837178 [00:29<14:48, 15942042.64B/s]
   GAP-kron:   3%|▎         | 411811840/14570837178 [00:29<14:22, 16407373.33B/s]
   GAP-kron:   3%|▎         | 413466624/14570837178 [00:29<15:08, 15583311.45B/s]
   GAP-kron:   3%|▎         | 415154176/14570837178 [00:29<14:48, 15941044.85B/s]
   GAP-kron:   3%|▎         | 416776192/14570837178 [00:29<15:18, 15415897.89B/s]
   GAP-kron:   3%|▎         | 418529280/14570837178 [00:29<14:44, 16000218.10B/s]
   GAP-kron:   3%|▎         | 420151296/14570837178 [00:29<15:21, 15363417.85B/s]
   GAP-kron:   3%|▎         | 421986304/14570837178 [00:29<14:34, 16179973.12B/s]
   GAP-kron:   3%|▎         | 423788544/14570837178 [00:29<14:07, 16691344.48B/s]
   GAP-kron:   3%|▎         | 425476096/14570837178 [00:29<14:52, 15844063.87B/s]
   GAP-kron:   3%|▎         | 427311104/14570837178 [00:30<14:15, 16535379.85B/s]
   GAP-kron:   3%|▎         | 428982272/14570837178 [00:30<14:57, 15755551.12B/s]
   GAP-kron:   3%|▎         | 430718976/14570837178 [00:30<14:33, 16186739.42B/s]
   GAP-kron:   3%|▎         | 432357376/14570837178 [00:30<15:22, 15329441.82B/s]
   GAP-kron:   3%|▎         | 434077696/14570837178 [00:30<14:52, 15837041.72B/s]
   GAP-kron:   3%|▎         | 435847168/14570837178 [00:30<14:25, 16336958.87B/s]
   GAP-kron:   3%|▎         | 437501952/14570837178 [00:30<15:22, 15321440.50B/s]
   GAP-kron:   3%|▎         | 439173120/14570837178 [00:30<15:01, 15675945.08B/s]
   GAP-kron:   3%|▎         | 440762368/14570837178 [00:30<15:40, 15023235.38B/s]
   GAP-kron:   3%|▎         | 442515456/14570837178 [00:31<14:59, 15700914.37B/s]
   GAP-kron:   3%|▎         | 444252160/14570837178 [00:31<14:54, 15795948.50B/s]
   GAP-kron:   3%|▎         | 446021632/14570837178 [00:31<14:26, 16299467.92B/s]
   GAP-kron:   3%|▎         | 447823872/14570837178 [00:31<14:02, 16757628.31B/s]
   GAP-kron:   3%|▎         | 449511424/14570837178 [00:31<14:49, 15872696.32B/s]
   GAP-kron:   3%|▎         | 451297280/14570837178 [00:31<14:20, 16402375.34B/s]
   GAP-kron:   3%|▎         | 452952064/14570837178 [00:31<15:14, 15439511.42B/s]
   GAP-kron:   3%|▎         | 454737920/14570837178 [00:31<14:38, 16067327.95B/s]
   GAP-kron:   3%|▎         | 456392704/14570837178 [00:31<14:33, 16149613.38B/s]
   GAP-kron:   3%|▎         | 458031104/14570837178 [00:32<14:39, 16051146.83B/s]
   GAP-kron:   3%|▎         | 459702272/14570837178 [00:32<14:28, 16238430.33B/s]
   GAP-kron:   3%|▎         | 461340672/14570837178 [00:32<14:59, 15685539.24B/s]
   GAP-kron:   3%|▎         | 463077376/14570837178 [00:32<14:32, 16162089.76B/s]
   GAP-kron:   3%|▎         | 464814080/14570837178 [00:32<14:16, 16474735.40B/s]
   GAP-kron:   3%|▎         | 466468864/14570837178 [00:32<15:12, 15451524.50B/s]
   GAP-kron:   3%|▎         | 468271104/14570837178 [00:32<14:34, 16132869.71B/s]
   GAP-kron:   3%|▎         | 469909504/14570837178 [00:32<15:13, 15430416.57B/s]
   GAP-kron:   3%|▎         | 471629824/14570837178 [00:32<14:47, 15889328.41B/s]
   GAP-kron:   3%|▎         | 473235456/14570837178 [00:33<15:34, 15080683.33B/s]
   GAP-kron:   3%|▎         | 475004928/14570837178 [00:33<14:52, 15801381.63B/s]
   GAP-kron:   3%|▎         | 476741632/14570837178 [00:33<14:29, 16216865.89B/s]
   GAP-kron:   3%|▎         | 478380032/14570837178 [00:33<15:10, 15477601.94B/s]
   GAP-kron:   3%|▎         | 480133120/14570837178 [00:33<14:39, 16026221.43B/s]
   GAP-kron:   3%|▎         | 481755136/14570837178 [00:33<15:24, 15235743.74B/s]
   GAP-kron:   3%|▎         | 483573760/14570837178 [00:33<14:37, 16048383.55B/s]
   GAP-kron:   3%|▎         | 485195776/14570837178 [00:33<15:17, 15355252.90B/s]
   GAP-kron:   3%|▎         | 486965248/14570837178 [00:33<14:40, 15990399.95B/s]
   GAP-kron:   3%|▎         | 488587264/14570837178 [00:33<14:43, 15936096.25B/s]
   GAP-kron:   3%|▎         | 490192896/14570837178 [00:34<15:21, 15275095.52B/s]
   GAP-kron:   3%|▎         | 492011520/14570837178 [00:34<14:36, 16070273.03B/s]
   GAP-kron:   3%|▎         | 493633536/14570837178 [00:34<15:16, 15362451.54B/s]
   GAP-kron:   3%|▎         | 495419392/14570837178 [00:34<14:36, 16054754.52B/s]
   GAP-kron:   3%|▎         | 497057792/14570837178 [00:34<14:31, 16144696.02B/s]
   GAP-kron:   3%|▎         | 498696192/14570837178 [00:34<15:28, 15162075.00B/s]
   GAP-kron:   3%|▎         | 500416512/14570837178 [00:34<14:55, 15711344.87B/s]
   GAP-kron:   3%|▎         | 502005760/14570837178 [00:34<15:30, 15125707.81B/s]
   GAP-kron:   3%|▎         | 503676928/14570837178 [00:34<15:03, 15567563.00B/s]
   GAP-kron:   3%|▎         | 505249792/14570837178 [00:35<15:48, 14826059.72B/s]
   GAP-kron:   3%|▎         | 506970112/14570837178 [00:35<15:08, 15479133.32B/s]
   GAP-kron:   3%|▎         | 508739584/14570837178 [00:35<14:34, 16087406.20B/s]
   GAP-kron:   4%|▎         | 510361600/14570837178 [00:35<15:17, 15331684.26B/s]
   GAP-kron:   4%|▎         | 512081920/14570837178 [00:35<14:49, 15811554.67B/s]
   GAP-kron:   4%|▎         | 513687552/14570837178 [00:35<15:23, 15225414.86B/s]
   GAP-kron:   4%|▎         | 515457024/14570837178 [00:35<14:45, 15874508.53B/s]
   GAP-kron:   4%|▎         | 517226496/14570837178 [00:35<14:18, 16376028.24B/s]
   GAP-kron:   4%|▎         | 518881280/14570837178 [00:35<15:01, 15589421.38B/s]
   GAP-kron:   4%|▎         | 520601600/14570837178 [00:36<14:37, 16006216.70B/s]
   GAP-kron:   4%|▎         | 522223616/14570837178 [00:36<15:21, 15245859.20B/s]
   GAP-kron:   4%|▎         | 524009472/14570837178 [00:36<14:41, 15928422.32B/s]
   GAP-kron:   4%|▎         | 525631488/14570837178 [00:36<15:20, 15256284.97B/s]
   GAP-kron:   4%|▎         | 527351808/14570837178 [00:36<14:49, 15794144.26B/s]
   GAP-kron:   4%|▎         | 529154048/14570837178 [00:36<14:16, 16401432.65B/s]
   GAP-kron:   4%|▎         | 530808832/14570837178 [00:36<14:53, 15718931.17B/s]
   GAP-kron:   4%|▎         | 532627456/14570837178 [00:36<14:16, 16382193.25B/s]
   GAP-kron:   4%|▎         | 534282240/14570837178 [00:36<14:57, 15645377.97B/s]
   GAP-kron:   4%|▎         | 536051712/14570837178 [00:36<14:25, 16207468.95B/s]
   GAP-kron:   4%|▎         | 537690112/14570837178 [00:37<15:11, 15394439.36B/s]
   GAP-kron:   4%|▎         | 539443200/14570837178 [00:37<14:38, 15978628.20B/s]
   GAP-kron:   4%|▎         | 541245440/14570837178 [00:37<14:09, 16517728.28B/s]
   GAP-kron:   4%|▎         | 542916608/14570837178 [00:37<14:51, 15732418.15B/s]
   GAP-kron:   4%|▎         | 544702464/14570837178 [00:37<14:19, 16318051.03B/s]
   GAP-kron:   4%|▎         | 546357248/14570837178 [00:37<15:03, 15519720.15B/s]
   GAP-kron:   4%|▍         | 548061184/14570837178 [00:37<14:40, 15927343.93B/s]
   GAP-kron:   4%|▍         | 549732352/14570837178 [00:37<14:29, 16126335.43B/s]
   GAP-kron:   4%|▍         | 551370752/14570837178 [00:37<14:38, 15966653.72B/s]
   GAP-kron:   4%|▍         | 553123840/14570837178 [00:38<14:14, 16407237.18B/s]
   GAP-kron:   4%|▍         | 554778624/14570837178 [00:38<14:56, 15635423.53B/s]
   GAP-kron:   4%|▍         | 556384256/14570837178 [00:38<14:50, 15740107.24B/s]
   GAP-kron:   4%|▍         | 557989888/14570837178 [00:38<15:30, 15052922.75B/s]
   GAP-kron:   4%|▍         | 559710208/14570837178 [00:38<14:56, 15623589.26B/s]
   GAP-kron:   4%|▍         | 561332224/14570837178 [00:38<14:48, 15768024.78B/s]
   GAP-kron:   4%|▍         | 562921472/14570837178 [00:38<15:37, 14947225.43B/s]
   GAP-kron:   4%|▍         | 564674560/14570837178 [00:38<14:56, 15628907.42B/s]
   GAP-kron:   4%|▍         | 566263808/14570837178 [00:38<15:36, 14956722.68B/s]
   GAP-kron:   4%|▍         | 567984128/14570837178 [00:39<15:00, 15550956.76B/s]
   GAP-kron:   4%|▍         | 569671680/14570837178 [00:39<14:40, 15897823.61B/s]
   GAP-kron:   4%|▍         | 571277312/14570837178 [00:39<15:20, 15200956.73B/s]
   GAP-kron:   4%|▍         | 572981248/14570837178 [00:39<14:52, 15689868.31B/s]
   GAP-kron:   4%|▍         | 574570496/14570837178 [00:39<15:25, 15121932.08B/s]
   GAP-kron:   4%|▍         | 576307200/14570837178 [00:39<14:51, 15689198.84B/s]
   GAP-kron:   4%|▍         | 578109440/14570837178 [00:39<14:16, 16337999.19B/s]
   GAP-kron:   4%|▍         | 579764224/14570837178 [00:39<15:00, 15539265.34B/s]
   GAP-kron:   4%|▍         | 581337088/14570837178 [00:39<15:10, 15360846.11B/s]
   GAP-kron:   4%|▍         | 582893568/14570837178 [00:39<15:39, 14896116.45B/s]
   GAP-kron:   4%|▍         | 584646656/14570837178 [00:40<14:56, 15595824.01B/s]
   GAP-kron:   4%|▍         | 586399744/14570837178 [00:40<14:26, 16132418.30B/s]
   GAP-kron:   4%|▍         | 588038144/14570837178 [00:40<15:14, 15291415.04B/s]
   GAP-kron:   4%|▍         | 589807616/14570837178 [00:40<14:37, 15937228.43B/s]
   GAP-kron:   4%|▍         | 591429632/14570837178 [00:40<15:10, 15358616.76B/s]
   GAP-kron:   4%|▍         | 593264640/14570837178 [00:40<14:23, 16195358.12B/s]
   GAP-kron:   4%|▍         | 594903040/14570837178 [00:40<14:56, 15595997.26B/s]
   GAP-kron:   4%|▍         | 596721664/14570837178 [00:40<14:16, 16309201.64B/s]
   GAP-kron:   4%|▍         | 598491136/14570837178 [00:40<13:57, 16687788.39B/s]
   GAP-kron:   4%|▍         | 600178688/14570837178 [00:41<14:50, 15695624.94B/s]
   GAP-kron:   4%|▍         | 601948160/14570837178 [00:41<14:21, 16222227.05B/s]
   GAP-kron:   4%|▍         | 603586560/14570837178 [00:41<25:38, 9080623.17B/s] 
   GAP-kron:   4%|▍         | 605143040/14570837178 [00:41<22:39, 10269104.10B/s]
   GAP-kron:   4%|▍         | 606732288/14570837178 [00:41<20:20, 11440718.73B/s]
   GAP-kron:   4%|▍         | 608403456/14570837178 [00:41<18:23, 12649399.56B/s]
   GAP-kron:   4%|▍         | 610222080/14570837178 [00:41<16:37, 13990027.84B/s]
   GAP-kron:   4%|▍         | 611827712/14570837178 [00:42<16:12, 14357591.07B/s]
   GAP-kron:   4%|▍         | 613531648/14570837178 [00:42<15:27, 15044013.59B/s]
   GAP-kron:   4%|▍         | 615153664/14570837178 [00:42<15:10, 15328586.41B/s]
   GAP-kron:   4%|▍         | 616775680/14570837178 [00:42<15:42, 14800780.14B/s]
   GAP-kron:   4%|▍         | 618577920/14570837178 [00:42<14:49, 15684281.08B/s]
   GAP-kron:   4%|▍         | 620199936/14570837178 [00:42<15:28, 15022356.19B/s]
   GAP-kron:   4%|▍         | 621985792/14570837178 [00:42<14:43, 15794688.43B/s]
   GAP-kron:   4%|▍         | 623656960/14570837178 [00:42<15:17, 15197802.90B/s]
   GAP-kron:   4%|▍         | 625475584/14570837178 [00:42<14:31, 15994296.56B/s]
   GAP-kron:   4%|▍         | 627277824/14570837178 [00:43<14:02, 16545925.03B/s]
   GAP-kron:   4%|▍         | 628965376/14570837178 [00:43<14:42, 15796288.30B/s]
   GAP-kron:   4%|▍         | 630734848/14570837178 [00:43<14:15, 16302822.94B/s]
   GAP-kron:   4%|▍         | 632389632/14570837178 [00:43<14:55, 15560482.08B/s]
   GAP-kron:   4%|▍         | 634159104/14570837178 [00:43<14:23, 16138594.52B/s]
   GAP-kron:   4%|▍         | 635797504/14570837178 [00:43<15:15, 15220060.19B/s]
   GAP-kron:   4%|▍         | 637648896/14570837178 [00:43<14:25, 16094004.46B/s]
   GAP-kron:   4%|▍         | 639467520/14570837178 [00:43<13:55, 16672078.18B/s]
   GAP-kron:   4%|▍         | 641155072/14570837178 [00:43<14:53, 15590376.53B/s]
   GAP-kron:   4%|▍         | 642809856/14570837178 [00:44<14:40, 15814428.91B/s]
   GAP-kron:   4%|▍         | 644415488/14570837178 [00:44<15:20, 15125546.98B/s]
   GAP-kron:   4%|▍         | 646152192/14570837178 [00:44<14:44, 15742723.43B/s]
   GAP-kron:   4%|▍         | 647757824/14570837178 [00:44<15:23, 15068823.05B/s]
   GAP-kron:   4%|▍         | 649478144/14570837178 [00:44<14:50, 15637505.34B/s]
   GAP-kron:   4%|▍         | 651100160/14570837178 [00:44<14:41, 15791738.15B/s]
   GAP-kron:   4%|▍         | 652705792/14570837178 [00:44<15:24, 15054580.73B/s]
   GAP-kron:   4%|▍         | 654426112/14570837178 [00:44<14:50, 15630928.66B/s]
   GAP-kron:   5%|▍         | 656015360/14570837178 [00:44<15:27, 14998152.78B/s]
   GAP-kron:   5%|▍         | 657752064/14570837178 [00:44<14:49, 15645173.94B/s]
   GAP-kron:   5%|▍         | 659521536/14570837178 [00:45<14:17, 16225509.96B/s]
   GAP-kron:   5%|▍         | 661159936/14570837178 [00:45<15:18, 15143273.72B/s]
   GAP-kron:   5%|▍         | 662863872/14570837178 [00:45<14:48, 15652447.54B/s]
   GAP-kron:   5%|▍         | 664453120/14570837178 [00:45<15:24, 15049773.28B/s]
   GAP-kron:   5%|▍         | 666140672/14570837178 [00:45<14:55, 15528510.10B/s]
   GAP-kron:   5%|▍         | 667713536/14570837178 [00:45<15:43, 14733358.86B/s]
   GAP-kron:   5%|▍         | 669466624/14570837178 [00:45<14:57, 15493200.51B/s]
   GAP-kron:   5%|▍         | 671105024/14570837178 [00:45<14:46, 15680528.45B/s]
   GAP-kron:   5%|▍         | 672694272/14570837178 [00:45<15:26, 15001538.62B/s]
   GAP-kron:   5%|▍         | 674398208/14570837178 [00:46<14:53, 15555846.34B/s]
   GAP-kron:   5%|▍         | 675971072/14570837178 [00:46<15:23, 15041251.84B/s]
   GAP-kron:   5%|▍         | 677740544/14570837178 [00:46<14:41, 15759083.95B/s]
   GAP-kron:   5%|▍         | 679493632/14570837178 [00:46<14:17, 16207457.59B/s]
   GAP-kron:   5%|▍         | 681132032/14570837178 [00:46<15:14, 15193176.81B/s]
   GAP-kron:   5%|▍         | 682704896/14570837178 [00:46<15:06, 15317595.02B/s]
   GAP-kron:   5%|▍         | 684261376/14570837178 [00:46<15:56, 14525036.46B/s]
   GAP-kron:   5%|▍         | 685998080/14570837178 [00:46<15:09, 15273042.64B/s]
   GAP-kron:   5%|▍         | 687652864/14570837178 [00:46<14:48, 15627568.35B/s]
   GAP-kron:   5%|▍         | 689242112/14570837178 [00:47<15:35, 14846273.19B/s]
   GAP-kron:   5%|▍         | 690929664/14570837178 [00:47<15:02, 15382369.21B/s]
   GAP-kron:   5%|▍         | 692486144/14570837178 [00:47<16:07, 14348291.11B/s]
   GAP-kron:   5%|▍         | 694108160/14570837178 [00:47<15:35, 14826505.74B/s]
   GAP-kron:   5%|▍         | 695648256/14570837178 [00:47<16:21, 14132808.82B/s]
   GAP-kron:   5%|▍         | 697286656/14570837178 [00:47<15:40, 14744136.90B/s]
   GAP-kron:   5%|▍         | 698974208/14570837178 [00:47<15:04, 15332244.24B/s]
   GAP-kron:   5%|▍         | 700530688/14570837178 [00:47<15:35, 14828093.52B/s]
   GAP-kron:   5%|▍         | 702169088/14570837178 [00:47<15:08, 15260132.35B/s]
   GAP-kron:   5%|▍         | 703709184/14570837178 [00:48<15:48, 14618454.53B/s]
   GAP-kron:   5%|▍         | 705445888/14570837178 [00:48<15:02, 15360157.30B/s]
   GAP-kron:   5%|▍         | 707149824/14570837178 [00:48<14:36, 15822460.08B/s]
   GAP-kron:   5%|▍         | 708755456/14570837178 [00:48<15:28, 14933549.28B/s]
   GAP-kron:   5%|▍         | 710508544/14570837178 [00:48<14:46, 15627076.45B/s]
   GAP-kron:   5%|▍         | 712097792/14570837178 [00:48<15:23, 15005266.23B/s]
   GAP-kron:   5%|▍         | 713834496/14570837178 [00:48<14:46, 15624291.25B/s]
   GAP-kron:   5%|▍         | 715423744/14570837178 [00:48<14:45, 15642197.32B/s]
   GAP-kron:   5%|▍         | 717012992/14570837178 [00:48<15:44, 14670624.27B/s]
   GAP-kron:   5%|▍         | 718700544/14570837178 [00:48<15:06, 15278541.28B/s]
   GAP-kron:   5%|▍         | 720257024/14570837178 [00:49<15:49, 14583099.07B/s]
   GAP-kron:   5%|▍         | 721895424/14570837178 [00:49<15:19, 15067097.22B/s]
   GAP-kron:   5%|▍         | 723582976/14570837178 [00:49<14:49, 15568671.55B/s]
   GAP-kron:   5%|▍         | 725155840/14570837178 [00:49<15:48, 14590567.34B/s]
   GAP-kron:   5%|▍         | 726859776/14570837178 [00:49<15:07, 15253972.33B/s]
   GAP-kron:   5%|▍         | 728416256/14570837178 [00:49<16:00, 14410990.19B/s]
   GAP-kron:   5%|▌         | 730152960/14570837178 [00:49<15:10, 15195758.56B/s]
   GAP-kron:   5%|▌         | 731693056/14570837178 [00:49<15:07, 15243290.67B/s]
   GAP-kron:   5%|▌         | 733233152/14570837178 [00:49<15:46, 14623493.50B/s]
   GAP-kron:   5%|▌         | 734806016/14570837178 [00:50<15:28, 14901044.79B/s]
   GAP-kron:   5%|▌         | 736313344/14570837178 [00:50<15:58, 14432793.20B/s]
   GAP-kron:   5%|▌         | 737984512/14570837178 [00:50<15:20, 15030244.41B/s]
   GAP-kron:   5%|▌         | 739524608/14570837178 [00:50<15:14, 15121466.69B/s]
   GAP-kron:   5%|▌         | 741048320/14570837178 [00:50<15:58, 14431460.81B/s]
   GAP-kron:   5%|▌         | 742653952/14570837178 [00:50<15:30, 14858002.28B/s]
   GAP-kron:   5%|▌         | 744161280/14570837178 [00:50<16:06, 14310346.99B/s]
   GAP-kron:   5%|▌         | 745799680/14570837178 [00:50<15:29, 14866661.52B/s]
   GAP-kron:   5%|▌         | 747470848/14570837178 [00:50<14:58, 15379109.92B/s]
   GAP-kron:   5%|▌         | 749027328/14570837178 [00:51<15:45, 14614432.80B/s]
   GAP-kron:   5%|▌         | 750632960/14570837178 [00:51<15:21, 15004304.33B/s]
   GAP-kron:   5%|▌         | 752156672/14570837178 [00:51<15:59, 14402925.02B/s]
   GAP-kron:   5%|▌         | 753795072/14570837178 [00:51<15:26, 14913733.48B/s]
   GAP-kron:   5%|▌         | 755482624/14570837178 [00:51<14:53, 15463823.90B/s]
   GAP-kron:   5%|▌         | 757055488/14570837178 [00:51<15:51, 14521623.50B/s]
   GAP-kron:   5%|▌         | 758792192/14570837178 [00:51<15:04, 15273732.85B/s]
   GAP-kron:   5%|▌         | 760348672/14570837178 [00:51<15:44, 14617882.34B/s]
   GAP-kron:   5%|▌         | 761937920/14570837178 [00:51<15:22, 14965338.87B/s]
   GAP-kron:   5%|▌         | 763592704/14570837178 [00:51<14:56, 15405145.76B/s]
   GAP-kron:   5%|▌         | 765149184/14570837178 [00:52<15:49, 14535611.60B/s]
   GAP-kron:   5%|▌         | 766885888/14570837178 [00:52<15:03, 15286602.97B/s]
   GAP-kron:   5%|▌         | 768442368/14570837178 [00:52<15:55, 14438780.06B/s]
   GAP-kron:   5%|▌         | 770179072/14570837178 [00:52<15:07, 15212163.99B/s]
   GAP-kron:   5%|▌         | 771768320/14570837178 [00:52<15:02, 15289225.29B/s]
   GAP-kron:   5%|▌         | 773324800/14570837178 [00:52<15:48, 14545663.32B/s]
   GAP-kron:   5%|▌         | 775045120/14570837178 [00:52<15:04, 15246942.73B/s]
   GAP-kron:   5%|▌         | 776585216/14570837178 [00:52<16:01, 14350738.16B/s]
   GAP-kron:   5%|▌         | 778141696/14570837178 [00:52<15:40, 14663085.59B/s]
   GAP-kron:   5%|▌         | 779698176/14570837178 [00:53<15:26, 14880933.22B/s]
   GAP-kron:   5%|▌         | 781205504/14570837178 [00:53<16:14, 14153422.66B/s]
   GAP-kron:   5%|▌         | 782663680/14570837178 [00:53<16:07, 14249222.40B/s]
   GAP-kron:   5%|▌         | 784252928/14570837178 [00:53<15:37, 14707104.30B/s]
   GAP-kron:   5%|▌         | 785743872/14570837178 [00:53<16:40, 13772631.66B/s]
   GAP-kron:   5%|▌         | 787431424/14570837178 [00:53<15:43, 14602968.72B/s]
   GAP-kron:   5%|▌         | 788922368/14570837178 [00:53<16:23, 14019245.41B/s]
   GAP-kron:   5%|▌         | 790462464/14570837178 [00:53<16:00, 14347918.51B/s]
   GAP-kron:   5%|▌         | 792100864/14570837178 [00:53<15:26, 14876697.84B/s]
   GAP-kron:   5%|▌         | 793608192/14570837178 [00:54<15:59, 14359038.50B/s]
   GAP-kron:   5%|▌         | 795344896/14570837178 [00:54<15:07, 15183118.54B/s]
   GAP-kron:   5%|▌         | 796884992/14570837178 [00:54<15:46, 14552509.38B/s]
   GAP-kron:   5%|▌         | 798556160/14570837178 [00:54<15:08, 15152724.98B/s]
   GAP-kron:   5%|▌         | 800260096/14570837178 [00:54<14:39, 15663309.17B/s]
   GAP-kron:   6%|▌         | 801849344/14570837178 [00:54<15:18, 14992886.72B/s]
   GAP-kron:   6%|▌         | 803536896/14570837178 [00:54<14:47, 15512999.76B/s]
   GAP-kron:   6%|▌         | 805109760/14570837178 [00:54<15:26, 14864702.87B/s]
   GAP-kron:   6%|▌         | 806846464/14570837178 [00:54<14:46, 15531583.75B/s]
   GAP-kron:   6%|▌         | 808419328/14570837178 [00:55<14:47, 15515599.56B/s]
   GAP-kron:   6%|▌         | 809992192/14570837178 [00:55<15:42, 14597856.93B/s]
   GAP-kron:   6%|▌         | 811597824/14570837178 [00:55<15:17, 14996912.13B/s]
   GAP-kron:   6%|▌         | 813121536/14570837178 [00:55<16:25, 13966605.91B/s]
   GAP-kron:   6%|▌         | 814612480/14570837178 [00:55<16:07, 14220072.89B/s]
   GAP-kron:   6%|▌         | 816349184/14570837178 [00:55<15:12, 15073012.15B/s]
   GAP-kron:   6%|▌         | 817889280/14570837178 [00:55<15:52, 14434965.09B/s]
   GAP-kron:   6%|▌         | 819511296/14570837178 [00:55<15:22, 14903057.78B/s]
   GAP-kron:   6%|▌         | 821018624/14570837178 [00:55<16:20, 14021536.41B/s]
   GAP-kron:   6%|▌         | 822689792/14570837178 [00:56<15:33, 14726795.92B/s]
   GAP-kron:   6%|▌         | 824262656/14570837178 [00:56<15:16, 15001672.54B/s]
   GAP-kron:   6%|▌         | 825786368/14570837178 [00:56<15:52, 14430460.60B/s]
   GAP-kron:   6%|▌         | 827326464/14570837178 [00:56<15:36, 14670078.94B/s]
   GAP-kron:   6%|▌         | 828915712/14570837178 [00:56<16:00, 14302583.64B/s]
   GAP-kron:   6%|▌         | 830652416/14570837178 [00:56<15:07, 15140274.66B/s]
   GAP-kron:   6%|▌         | 832323584/14570837178 [00:56<14:41, 15581061.32B/s]
   GAP-kron:   6%|▌         | 833896448/14570837178 [00:56<15:25, 14839667.53B/s]
   
   asv: benchmark timed out (timeout 60s)
   
   For parameters: bfs_gap_inputs.GAP/GAP-urand_110168548
   INFO root: Dataset suitesparse_matrix.GAP/GAP-urand manifest metadata is stale.
   
   GAP-urand:   0%|          | 0/16766984746 [00:00<?, ?B/s]
   GAP-urand:   0%|          | 245760/16766984746 [00:00<2:13:08, 2098748.95B/s]
   GAP-urand:   0%|          | 786432/16766984746 [00:00<1:13:35, 3796896.33B/s]
   GAP-urand:   0%|          | 1392640/16766984746 [00:00<1:00:39, 4607066.42B/s]
   GAP-urand:   0%|          | 2113536/16766984746 [00:00<53:05, 5262557.59B/s]  
   GAP-urand:   0%|          | 2916352/16766984746 [00:00<45:13, 6177911.73B/s]
   GAP-urand:   0%|          | 3571712/16766984746 [00:00<46:11, 6048757.97B/s]
   GAP-urand:   0%|          | 4423680/16766984746 [00:00<41:05, 6797825.48B/s]
   GAP-urand:   0%|          | 5308416/16766984746 [00:00<37:38, 7420541.48B/s]
   GAP-urand:   0%|          | 6225920/16766984746 [00:00<35:12, 7932596.35B/s]
   GAP-urand:   0%|          | 7192576/16766984746 [00:01<33:06, 8437879.46B/s]
   GAP-urand:   0%|          | 8159232/16766984746 [00:01<31:43, 8805240.76B/s]
   GAP-urand:   0%|          | 9322496/16766984746 [00:01<29:45, 9387688.27B/s]
   GAP-urand:   0%|          | 10665984/16766984746 [00:01<26:28, 10547638.34B/s]
   GAP-urand:   0%|          | 11730944/16766984746 [00:01<26:26, 10561125.28B/s]
   GAP-urand:   0%|          | 13090816/16766984746 [00:01<24:25, 11429533.47B/s]
   GAP-urand:   0%|          | 14254080/16766984746 [00:01<24:20, 11473091.46B/s]
   GAP-urand:   0%|          | 15728640/16766984746 [00:01<22:28, 12419995.32B/s]
   GAP-urand:   0%|          | 17235968/16766984746 [00:01<21:11, 13177579.72B/s]
   GAP-urand:   0%|          | 18677760/16766984746 [00:01<20:37, 13531102.56B/s]
   GAP-urand:   0%|          | 20217856/16766984746 [00:02<19:50, 14065134.81B/s]
   GAP-urand:   0%|          | 21757952/16766984746 [00:02<19:18, 14451736.74B/s]
   GAP-urand:   0%|          | 23429120/16766984746 [00:02<18:27, 15123734.48B/s]
   GAP-urand:   0%|          | 25182208/16766984746 [00:02<17:46, 15705130.09B/s]
   GAP-urand:   0%|          | 26935296/16766984746 [00:02<17:12, 16218599.23B/s]
   GAP-urand:   0%|          | 28557312/16766984746 [00:02<17:28, 15961387.96B/s]
   GAP-urand:   0%|          | 30162944/16766984746 [00:02<17:33, 15886313.98B/s]
   GAP-urand:   0%|          | 31752192/16766984746 [00:02<17:34, 15866816.92B/s]
   GAP-urand:   0%|          | 33521664/16766984746 [00:02<17:01, 16378705.20B/s]
   GAP-urand:   0%|          | 35307520/16766984746 [00:02<16:36, 16795084.19B/s]
   GAP-urand:   0%|          | 37076992/16766984746 [00:03<16:21, 17041491.19B/s]
   GAP-urand:   0%|          | 38879232/16766984746 [00:03<16:05, 17326979.03B/s]
   GAP-urand:   0%|          | 40648704/16766984746 [00:03<16:01, 17397573.79B/s]
   GAP-urand:   0%|          | 42401792/16766984746 [00:03<16:02, 17377930.18B/s]
   GAP-urand:   0%|          | 44204032/16766984746 [00:03<15:54, 17526407.31B/s]
   GAP-urand:   0%|          | 46006272/16766984746 [00:03<15:47, 17649494.88B/s]
   GAP-urand:   0%|          | 47808512/16766984746 [00:03<15:42, 17746610.27B/s]
   GAP-urand:   0%|          | 49594368/16766984746 [00:03<15:41, 17747862.82B/s]
   GAP-urand:   0%|          | 51380224/16766984746 [00:03<15:45, 17671092.84B/s]
   GAP-urand:   0%|          | 53149696/16766984746 [00:03<15:49, 17611816.03B/s]
   GAP-urand:   0%|          | 54919168/16766984746 [00:04<15:56, 17465077.92B/s]
   GAP-urand:   0%|          | 56672256/16766984746 [00:04<16:15, 17122644.71B/s]
   GAP-urand:   0%|          | 58392576/16766984746 [00:04<16:35, 16784216.63B/s]
   GAP-urand:   0%|          | 60080128/16766984746 [00:04<16:45, 16621363.28B/s]
   GAP-urand:   0%|          | 61751296/16766984746 [00:04<17:00, 16373329.54B/s]
   GAP-urand:   0%|          | 63406080/16766984746 [00:04<16:57, 16414628.50B/s]
   GAP-urand:   0%|          | 65060864/16766984746 [00:04<17:18, 16086135.62B/s]
   GAP-urand:   0%|          | 66732032/16766984746 [00:04<17:08, 16232447.39B/s]
   GAP-urand:   0%|          | 68370432/16766984746 [00:04<17:17, 16089410.05B/s]
   GAP-urand:   0%|          | 70041600/16766984746 [00:05<17:06, 16260469.31B/s]
   GAP-urand:   0%|          | 71712768/16766984746 [00:05<16:59, 16378534.59B/s]
   GAP-urand:   0%|          | 73367552/16766984746 [00:05<17:04, 16288874.36B/s]
   GAP-urand:   0%|          | 75005952/16766984746 [00:05<17:23, 16001686.70B/s]
   GAP-urand:   0%|          | 76611584/16766984746 [00:05<17:51, 15571331.38B/s]
   GAP-urand:   0%|          | 78217216/16766984746 [00:05<17:45, 15660957.87B/s]
   GAP-urand:   0%|          | 79790080/16766984746 [00:05<17:46, 15645208.87B/s]
   GAP-urand:   0%|          | 81362944/16766984746 [00:05<18:52, 14734852.60B/s]
   GAP-urand:   0%|          | 83050496/16766984746 [00:05<18:08, 15332389.88B/s]
   GAP-urand:   1%|          | 84606976/16766984746 [00:06<19:13, 14460940.30B/s]
   GAP-urand:   1%|          | 86196224/16766984746 [00:06<18:45, 14823295.71B/s]
   GAP-urand:   1%|          | 87703552/16766984746 [00:06<18:45, 14814146.46B/s]
   GAP-urand:   1%|          | 89210880/16766984746 [00:06<19:53, 13971538.46B/s]
   GAP-urand:   1%|          | 90734592/16766984746 [00:06<19:24, 14314588.03B/s]
   GAP-urand:   1%|          | 92192768/16766984746 [00:06<20:13, 13744159.50B/s]
   GAP-urand:   1%|          | 93765632/16766984746 [00:06<19:27, 14287162.54B/s]
   GAP-urand:   1%|          | 95436800/16766984746 [00:06<18:35, 14945728.64B/s]
   GAP-urand:   1%|          | 96944128/16766984746 [00:06<19:50, 14001169.32B/s]
   GAP-urand:   1%|          | 98582528/16766984746 [00:06<18:57, 14655916.61B/s]
   GAP-urand:   1%|          | 100073472/16766984746 [00:07<19:40, 14121506.46B/s]
   GAP-urand:   1%|          | 101761024/16766984746 [00:07<18:41, 14856382.81B/s]
   GAP-urand:   1%|          | 103464960/16766984746 [00:07<17:58, 15448926.82B/s]
   GAP-urand:   1%|          | 105037824/16766984746 [00:07<19:08, 14513144.75B/s]
   GAP-urand:   1%|          | 106659840/16766984746 [00:07<18:32, 14979131.73B/s]
   GAP-urand:   1%|          | 108183552/16766984746 [00:07<19:11, 14472038.00B/s]
   GAP-urand:   1%|          | 109969408/16766984746 [00:07<18:00, 15411029.97B/s]
   GAP-urand:   1%|          | 111640576/16766984746 [00:07<17:35, 15782158.84B/s]
   GAP-urand:   1%|          | 113246208/16766984746 [00:07<18:34, 14939614.48B/s]
   GAP-urand:   1%|          | 114966528/16766984746 [00:08<17:49, 15566814.66B/s]
   GAP-urand:   1%|          | 116539392/16766984746 [00:08<18:53, 14693172.71B/s]
   GAP-urand:   1%|          | 118194176/16766984746 [00:08<18:15, 15202001.65B/s]
   GAP-urand:   1%|          | 119881728/16766984746 [00:08<17:44, 15636855.87B/s]
   GAP-urand:   1%|          | 121470976/16766984746 [00:08<18:34, 14938202.26B/s]
   GAP-urand:   1%|          | 123027456/16766984746 [00:08<18:23, 15081340.52B/s]
   GAP-urand:   1%|          | 124551168/16766984746 [00:08<19:19, 14353786.99B/s]
   GAP-urand:   1%|          | 126173184/16766984746 [00:08<18:39, 14858856.10B/s]
   GAP-urand:   1%|          | 127795200/16766984746 [00:08<18:14, 15206467.93B/s]
   GAP-urand:   1%|          | 129335296/16766984746 [00:09<19:05, 14523481.28B/s]
   GAP-urand:   1%|          | 130891776/16766984746 [00:09<18:44, 14792158.89B/s]
   GAP-urand:   1%|          | 132382720/16766984746 [00:09<19:29, 14224315.47B/s]
   GAP-urand:   1%|          | 134070272/16766984746 [00:09<18:31, 14968038.87B/s]
   GAP-urand:   1%|          | 135774208/16766984746 [00:09<17:51, 15528565.09B/s]
   GAP-urand:   1%|          | 137347072/16766984746 [00:09<19:01, 14566188.81B/s]
   GAP-urand:   1%|          | 139018240/16766984746 [00:09<18:16, 15161017.37B/s]
   GAP-urand:   1%|          | 140558336/16766984746 [00:09<19:00, 14581292.37B/s]
   GAP-urand:   1%|          | 142278656/16766984746 [00:09<18:08, 15277555.46B/s]
   GAP-urand:   1%|          | 143933440/16766984746 [00:09<17:45, 15601765.20B/s]
   GAP-urand:   1%|          | 145506304/16766984746 [00:10<18:59, 14589943.35B/s]
   GAP-urand:   1%|          | 147177472/16766984746 [00:10<18:15, 15170509.80B/s]
   GAP-urand:   1%|          | 148717568/16766984746 [00:10<19:24, 14272989.06B/s]
   GAP-urand:   1%|          | 150323200/16766984746 [00:10<18:47, 14739832.74B/s]
   GAP-urand:   1%|          | 152059904/16766984746 [00:10<17:53, 15471761.84B/s]
   GAP-urand:   1%|          | 153632768/16766984746 [00:10<19:18, 14334809.51B/s]
   GAP-urand:   1%|          | 155271168/16766984746 [00:10<18:36, 14876122.47B/s]
   GAP-urand:   1%|          | 156876800/16766984746 [00:10<19:19, 14330987.72B/s]
   GAP-urand:   1%|          | 158498816/16766984746 [00:10<18:39, 14840474.35B/s]
   GAP-urand:   1%|          | 160251904/16766984746 [00:11<17:46, 15571022.86B/s]
   GAP-urand:   1%|          | 161841152/16766984746 [00:11<18:52, 14656446.33B/s]
   GAP-urand:   1%|          | 163545088/16766984746 [00:11<18:05, 15300661.38B/s]
   GAP-urand:   1%|          | 165101568/16766984746 [00:11<18:56, 14606816.21B/s]
   GAP-urand:   1%|          | 166821888/16766984746 [00:11<18:05, 15290470.84B/s]
   GAP-urand:   1%|          | 168591360/16766984746 [00:11<17:21, 15941112.62B/s]
   GAP-urand:   1%|          | 170213376/16766984746 [00:11<18:30, 14941723.92B/s]
   GAP-urand:   1%|          | 171851776/16766984746 [00:11<18:02, 15331348.10B/s]
   GAP-urand:   1%|          | 173408256/16766984746 [00:11<19:24, 14245331.32B/s]
   GAP-urand:   1%|          | 175144960/16766984746 [00:12<18:21, 15064181.29B/s]
   GAP-urand:   1%|          | 176701440/16766984746 [00:12<18:11, 15195300.93B/s]
   GAP-urand:   1%|          | 178241536/16766984746 [00:12<19:24, 14244982.32B/s]
   GAP-urand:   1%|          | 180011008/16766984746 [00:12<18:12, 15187777.62B/s]
   GAP-urand:   1%|          | 181567488/16766984746 [00:12<18:58, 14573377.27B/s]
   GAP-urand:   1%|          | 183271424/16766984746 [00:12<18:07, 15256014.44B/s]
   GAP-urand:   1%|          | 184942592/16766984746 [00:12<17:39, 15652425.52B/s]
   GAP-urand:   1%|          | 186531840/16766984746 [00:12<18:44, 14739560.41B/s]
   GAP-urand:   1%|          | 188203008/16766984746 [00:12<18:06, 15255350.95B/s]
   GAP-urand:   1%|          | 189759488/16766984746 [00:13<19:15, 14348220.36B/s]
   GAP-urand:   1%|          | 191447040/16766984746 [00:13<18:23, 15024897.30B/s]
   GAP-urand:   1%|          | 193150976/16766984746 [00:13<17:43, 15590798.15B/s]
   GAP-urand:   1%|          | 194740224/16766984746 [00:13<18:50, 14662166.53B/s]
   GAP-urand:   1%|          | 196329472/16766984746 [00:13<18:26, 14970981.17B/s]
   GAP-urand:   1%|          | 197853184/16766984746 [00:13<19:43, 14005726.29B/s]
   GAP-urand:   1%|          | 199557120/16766984746 [00:13<18:37, 14826238.73B/s]
   GAP-urand:   1%|          | 201195520/16766984746 [00:13<18:07, 15230954.62B/s]
   GAP-urand:   1%|          | 202752000/16766984746 [00:13<19:20, 14275282.44B/s]
   GAP-urand:   1%|          | 204455936/16766984746 [00:14<18:23, 15007500.09B/s]
   GAP-urand:   1%|          | 205979648/16766984746 [00:14<19:34, 14105707.72B/s]
   GAP-urand:   1%|          | 207699968/16766984746 [00:14<18:28, 14934877.73B/s]
   GAP-urand:   1%|          | 209272832/16766984746 [00:14<19:23, 14232305.96B/s]
   GAP-urand:   1%|▏         | 210976768/16766984746 [00:14<18:25, 14978647.79B/s]
   GAP-urand:   1%|▏         | 212647936/16766984746 [00:14<17:52, 15429436.31B/s]
   GAP-urand:   1%|▏         | 214220800/16766984746 [00:14<19:13, 14349544.14B/s]
   GAP-urand:   1%|▏         | 215875584/16766984746 [00:14<18:29, 14916165.68B/s]
   GAP-urand:   1%|▏         | 217399296/16766984746 [00:14<19:12, 14360399.60B/s]
   GAP-urand:   1%|▏         | 219136000/16766984746 [00:15<18:09, 15187896.99B/s]
   GAP-urand:   1%|▏         | 220758016/16766984746 [00:15<17:49, 15473843.66B/s]
   GAP-urand:   1%|▏         | 222330880/16766984746 [00:15<19:12, 14350252.00B/s]
   GAP-urand:   1%|▏         | 224100352/16766984746 [00:15<18:03, 15269942.05B/s]
   GAP-urand:   1%|▏         | 225656832/16766984746 [00:15<18:51, 14613468.82B/s]
   GAP-urand:   1%|▏         | 227344384/16766984746 [00:15<18:07, 15204392.16B/s]
   GAP-urand:   1%|▏         | 229015552/16766984746 [00:15<17:39, 15605665.22B/s]
   GAP-urand:   1%|▏         | 230604800/16766984746 [00:15<18:44, 14702034.89B/s]
   GAP-urand:   1%|▏         | 232292352/16766984746 [00:15<18:02, 15279018.02B/s]
   GAP-urand:   1%|▏         | 233848832/16766984746 [00:16<18:59, 14512965.38B/s]
   GAP-urand:   1%|▏         | 235470848/16766984746 [00:16<18:23, 14984485.52B/s]
   GAP-urand:   1%|▏         | 237125632/16766984746 [00:16<17:53, 15399032.70B/s]
   GAP-urand:   1%|▏         | 238682112/16766984746 [00:16<18:35, 14815163.75B/s]
   GAP-urand:   1%|▏         | 240402432/16766984746 [00:16<17:48, 15471992.91B/s]
   GAP-urand:   1%|▏         | 241975296/16766984746 [00:16<18:41, 14740397.45B/s]
   GAP-urand:   1%|▏         | 243662848/16766984746 [00:16<17:58, 15315674.44B/s]
   GAP-urand:   1%|▏         | 245219328/16766984746 [00:16<18:04, 15238960.05B/s]
   GAP-urand:   1%|▏         | 246759424/16766984746 [00:16<19:22, 14206932.75B/s]
   GAP-urand:   1%|▏         | 248299520/16766984746 [00:17<18:58, 14506326.17B/s]
   GAP-urand:   1%|▏         | 249774080/16766984746 [00:17<20:14, 13604249.99B/s]
   GAP-urand:   1%|▏         | 251363328/16766984746 [00:17<19:21, 14214725.64B/s]
   GAP-urand:   2%|▏         | 253050880/16766984746 [00:17<18:26, 14919990.82B/s]
   GAP-urand:   2%|▏         | 254574592/16766984746 [00:17<19:40, 13984811.57B/s]
   GAP-urand:   2%|▏         | 256163840/16766984746 [00:17<18:59, 14488531.03B/s]
   GAP-urand:   2%|▏         | 257638400/16766984746 [00:17<19:57, 13781946.82B/s]
   GAP-urand:   2%|▏         | 259194880/16766984746 [00:17<19:18, 14250907.75B/s]
   GAP-urand:   2%|▏         | 260816896/16766984746 [00:17<18:37, 14766414.63B/s]
   GAP-urand:   2%|▏         | 262324224/16766984746 [00:18<20:18, 13549489.54B/s]
   GAP-urand:   2%|▏         | 263946240/16766984746 [00:18<19:18, 14250971.22B/s]
   GAP-urand:   2%|▏         | 265404416/16766984746 [00:18<20:06, 13672263.69B/s]
   GAP-urand:   2%|▏         | 267075584/16766984746 [00:18<19:02, 14447505.94B/s]
   GAP-urand:   2%|▏         | 268648448/16766984746 [00:18<18:36, 14782365.40B/s]
   GAP-urand:   2%|▏         | 270155776/16766984746 [00:18<19:48, 13884766.29B/s]
   GAP-urand:   2%|▏         | 271712256/16766984746 [00:18<19:13, 14305533.03B/s]
   GAP-urand:   2%|▏         | 273219584/16766984746 [00:18<18:58, 14492389.84B/s]
   GAP-urand:   2%|▏         | 274694144/16766984746 [00:18<20:27, 13435849.49B/s]
   GAP-urand:   2%|▏         | 276152320/16766984746 [00:18<20:00, 13732237.71B/s]
   GAP-urand:   2%|▏         | 277544960/16766984746 [00:19<20:50, 13190424.19B/s]
   GAP-urand:   2%|▏         | 279248896/16766984746 [00:19<19:19, 14214300.21B/s]
   GAP-urand:   2%|▏         | 280870912/16766984746 [00:19<18:35, 14776965.38B/s]
   GAP-urand:   2%|▏         | 282378240/16766984746 [00:19<19:35, 14022814.28B/s]
   GAP-urand:   2%|▏         | 283885568/16766984746 [00:19<19:15, 14267444.15B/s]
   GAP-urand:   2%|▏         | 285425664/16766984746 [00:19<18:50, 14581983.93B/s]
   GAP-urand:   2%|▏         | 286900224/16766984746 [00:19<19:33, 14038016.99B/s]
   GAP-urand:   2%|▏         | 288587776/16766984746 [00:19<18:30, 14832279.68B/s]
   GAP-urand:   2%|▏         | 290095104/16766984746 [00:19<19:50, 13834583.11B/s]
   GAP-urand:   2%|▏         | 291618816/16766984746 [00:20<19:21, 14185273.73B/s]
   GAP-urand:   2%|▏         | 293191680/16766984746 [00:20<18:47, 14607794.57B/s]
   GAP-urand:   2%|▏         | 294682624/16766984746 [00:20<19:33, 14034148.22B/s]
   GAP-urand:   2%|▏         | 296321024/16766984746 [00:20<18:41, 14692491.59B/s]
   GAP-urand:   2%|▏         | 297811968/16766984746 [00:20<19:56, 13761416.19B/s]
   GAP-urand:   2%|▏         | 299499520/16766984746 [00:20<18:49, 14574304.32B/s]
   GAP-urand:   2%|▏         | 301056000/16766984746 [00:20<18:30, 14826918.95B/s]
   GAP-urand:   2%|▏         | 302563328/16766984746 [00:20<19:46, 13873921.83B/s]
   GAP-urand:   2%|▏         | 304070656/16766984746 [00:20<19:19, 14199014.68B/s]
   GAP-urand:   2%|▏         | 305643520/16766984746 [00:21<19:51, 13812069.79B/s]
   GAP-urand:   2%|▏         | 307183616/16766984746 [00:21<19:15, 14242236.09B/s]
   GAP-urand:   2%|▏         | 308772864/16766984746 [00:21<18:38, 14708310.59B/s]
   GAP-urand:   2%|▏         | 310263808/16766984746 [00:21<19:23, 14143138.20B/s]
   GAP-urand:   2%|▏         | 311869440/16766984746 [00:21<18:42, 14655185.49B/s]
   GAP-urand:   2%|▏         | 313475072/16766984746 [00:21<18:12, 15056523.98B/s]
   GAP-urand:   2%|▏         | 314998784/16766984746 [00:21<19:22, 14157911.06B/s]
   GAP-urand:   2%|▏         | 316751872/16766984746 [00:21<18:09, 15096687.86B/s]
   GAP-urand:   2%|▏         | 318291968/16766984746 [00:21<19:09, 14304199.78B/s]
   GAP-urand:   2%|▏         | 319963136/16766984746 [00:22<18:19, 14965059.27B/s]
   GAP-urand:   2%|▏         | 321683456/16766984746 [00:22<18:50, 14548661.46B/s]
   GAP-urand:   2%|▏         | 323321856/16766984746 [00:22<18:15, 15014899.02B/s]
   GAP-urand:   2%|▏         | 324943872/16766984746 [00:22<17:51, 15341141.20B/s]
   GAP-urand:   2%|▏         | 326500352/16766984746 [00:22<19:14, 14236120.38B/s]
   GAP-urand:   2%|▏         | 328187904/16766984746 [00:22<18:22, 14915117.83B/s]
   GAP-urand:   2%|▏         | 329711616/16766984746 [00:22<19:12, 14261490.26B/s]
   GAP-urand:   2%|▏         | 331366400/16766984746 [00:22<18:29, 14815649.63B/s]
   GAP-urand:   2%|▏         | 333053952/16766984746 [00:22<17:50, 15358386.26B/s]
   GAP-urand:   2%|▏         | 334610432/16766984746 [00:23<18:28, 14821845.00B/s]
   GAP-urand:   2%|▏         | 336347136/16766984746 [00:23<17:38, 15529156.05B/s]
   GAP-urand:   2%|▏         | 337920000/16766984746 [00:23<18:24, 14880352.28B/s]
   GAP-urand:   2%|▏         | 339673088/16766984746 [00:23<17:33, 15589758.18B/s]
   GAP-urand:   2%|▏         | 341377024/16766984746 [00:23<17:07, 15991269.13B/s]
   GAP-urand:   2%|▏         | 342999040/16766984746 [00:23<18:42, 14633993.47B/s]
   GAP-urand:   2%|▏         | 344637440/16766984746 [00:23<18:08, 15089195.34B/s]
   GAP-urand:   2%|▏         | 346177536/16766984746 [00:23<18:57, 14438315.10B/s]
   GAP-urand:   2%|▏         | 347832320/16766984746 [00:23<18:13, 15009275.68B/s]
   GAP-urand:   2%|▏         | 349552640/16766984746 [00:23<17:32, 15594631.19B/s]
   GAP-urand:   2%|▏         | 351141888/16766984746 [00:24<18:24, 14866308.80B/s]
   GAP-urand:   2%|▏         | 352780288/16766984746 [00:24<17:54, 15273862.12B/s]
   GAP-urand:   2%|▏         | 354336768/16766984746 [00:24<18:59, 14400767.00B/s]
   GAP-urand:   2%|▏         | 355893248/16766984746 [00:24<18:37, 14690347.99B/s]
   GAP-urand:   2%|▏         | 357580800/16766984746 [00:24<17:53, 15292681.09B/s]
   GAP-urand:   2%|▏         | 359137280/16766984746 [00:24<19:17, 14178784.05B/s]
   GAP-urand:   2%|▏         | 360726528/16766984746 [00:24<18:43, 14600431.00B/s]
   GAP-urand:   2%|▏         | 362217472/16766984746 [00:24<19:29, 14024697.14B/s]
   GAP-urand:   2%|▏         | 364019712/16766984746 [00:24<18:07, 15085573.80B/s]
   GAP-urand:   2%|▏         | 365690880/16766984746 [00:25<17:35, 15543002.62B/s]
   GAP-urand:   2%|▏         | 367263744/16766984746 [00:25<18:32, 14736828.45B/s]
   GAP-urand:   2%|▏         | 368967680/16766984746 [00:25<17:47, 15362645.64B/s]
   GAP-urand:   2%|▏         | 370524160/16766984746 [00:25<18:47, 14542877.32B/s]
   GAP-urand:   2%|▏         | 372195328/16766984746 [00:25<18:04, 15110833.20B/s]
   GAP-urand:   2%|▏         | 373899264/16766984746 [00:25<17:27, 15648676.91B/s]
   GAP-urand:   2%|▏         | 375488512/16766984746 [00:25<18:31, 14743416.26B/s]
   GAP-urand:   2%|▏         | 377110528/16766984746 [00:25<18:02, 15138120.33B/s]
   GAP-urand:   2%|▏         | 378650624/16766984746 [00:25<18:45, 14556562.81B/s]
   GAP-urand:   2%|▏         | 380387328/16766984746 [00:26<17:49, 15322591.11B/s]
   GAP-urand:   2%|▏         | 382025728/16766984746 [00:26<17:31, 15589363.18B/s]
   GAP-urand:   2%|▏         | 383598592/16766984746 [00:26<18:45, 14557073.28B/s]
   GAP-urand:   2%|▏         | 385351680/16766984746 [00:26<17:45, 15374094.08B/s]
   GAP-urand:   2%|▏         | 386924544/16766984746 [00:26<18:42, 14597163.41B/s]
   GAP-urand:   2%|▏         | 388595712/16766984746 [00:26<17:59, 15165624.91B/s]
   GAP-urand:   2%|▏         | 390283264/16766984746 [00:26<17:27, 15635409.28B/s]
   GAP-urand:   2%|▏         | 391872512/16766984746 [00:26<18:37, 14650408.35B/s]
   GAP-urand:   2%|▏         | 393510912/16766984746 [00:26<18:03, 15109634.88B/s]
   GAP-urand:   2%|▏         | 395051008/16766984746 [00:27<18:53, 14446732.31B/s]
   GAP-urand:   2%|▏         | 396656640/16766984746 [00:27<18:20, 14878846.50B/s]
   GAP-urand:   2%|▏         | 398311424/16766984746 [00:27<18:50, 14477948.59B/s]
   GAP-urand:   2%|▏         | 399966208/16766984746 [00:27<18:09, 15026195.28B/s]
   GAP-urand:   2%|▏         | 401686528/16766984746 [00:27<17:27, 15626133.87B/s]
   GAP-urand:   2%|▏         | 403275776/16766984746 [00:27<18:31, 14724730.59B/s]
   GAP-urand:   2%|▏         | 404963328/16766984746 [00:27<17:49, 15304260.98B/s]
   GAP-urand:   2%|▏         | 406519808/16766984746 [00:27<18:51, 14460009.93B/s]
   GAP-urand:   2%|▏         | 408125440/16766984746 [00:27<18:20, 14866640.13B/s]
   GAP-urand:   2%|▏         | 409862144/16766984746 [00:28<17:30, 15567154.00B/s]
   GAP-urand:   2%|▏         | 411435008/16766984746 [00:28<18:38, 14622937.76B/s]
   GAP-urand:   2%|▏         | 412975104/16766984746 [00:28<18:24, 14809986.91B/s]
   GAP-urand:   2%|▏         | 414482432/16766984746 [00:28<19:25, 14032908.65B/s]
   GAP-urand:   2%|▏         | 416055296/16766984746 [00:28<18:48, 14489477.47B/s]
   GAP-urand:   2%|▏         | 417759232/16766984746 [00:28<17:55, 15198744.58B/s]
   GAP-urand:   3%|▎         | 419299328/16766984746 [00:28<19:18, 14115461.68B/s]
   GAP-urand:   3%|▎         | 421003264/16766984746 [00:28<18:16, 14913466.49B/s]
   GAP-urand:   3%|▎         | 422526976/16766984746 [00:28<19:21, 14074276.46B/s]
   GAP-urand:   3%|▎         | 424132608/16766984746 [00:29<18:38, 14615920.61B/s]
   GAP-urand:   3%|▎         | 425754624/16766984746 [00:29<18:05, 15050129.78B/s]
   GAP-urand:   3%|▎         | 427278336/16766984746 [00:29<19:23, 14038580.22B/s]
   GAP-urand:   3%|▎         | 428802048/16766984746 [00:29<18:57, 14361318.52B/s]
   GAP-urand:   3%|▎         | 430391296/16766984746 [00:29<18:28, 14742029.97B/s]
   GAP-urand:   3%|▎         | 431882240/16766984746 [00:29<19:13, 14160220.15B/s]
   GAP-urand:   3%|▎         | 433569792/16766984746 [00:29<18:14, 14916936.02B/s]
   GAP-urand:   3%|▎         | 435191808/16766984746 [00:29<19:12, 14166018.31B/s]
   GAP-urand:   3%|▎         | 436879360/16766984746 [00:29<18:17, 14882152.26B/s]
   GAP-urand:   3%|▎         | 438599680/16766984746 [00:30<17:31, 15529328.08B/s]
   GAP-urand:   3%|▎         | 440172544/16766984746 [00:30<18:29, 14717137.17B/s]
   GAP-urand:   3%|▎         | 441909248/16766984746 [00:30<17:37, 15441903.38B/s]
   GAP-urand:   3%|▎         | 443482112/16766984746 [00:30<18:20, 14837553.80B/s]
   GAP-urand:   3%|▎         | 445169664/16766984746 [00:30<17:39, 15400539.76B/s]
   GAP-urand:   3%|▎         | 446758912/16766984746 [00:30<17:30, 15536860.66B/s]
   GAP-urand:   3%|▎         | 448331776/16766984746 [00:30<18:25, 14761001.24B/s]
   GAP-urand:   3%|▎         | 450035712/16766984746 [00:30<17:40, 15390252.79B/s]
   GAP-urand:   3%|▎         | 451592192/16766984746 [00:30<18:40, 14565082.42B/s]
   GAP-urand:   3%|▎         | 453328896/16766984746 [00:30<17:45, 15313303.05B/s]
   GAP-urand:   3%|▎         | 454967296/16766984746 [00:31<17:24, 15610956.48B/s]
   GAP-urand:   3%|▎         | 456556544/16766984746 [00:31<18:29, 14701713.66B/s]
   GAP-urand:   3%|▎         | 458276864/16766984746 [00:31<17:41, 15365309.21B/s]
   GAP-urand:   3%|▎         | 459833344/16766984746 [00:31<18:21, 14804038.66B/s]
   GAP-urand:   3%|▎         | 461438976/16766984746 [00:31<17:56, 15145471.49B/s]
   GAP-urand:   3%|▎         | 463060992/16766984746 [00:31<17:36, 15424855.66B/s]
   GAP-urand:   3%|▎         | 464617472/16766984746 [00:31<18:51, 14411635.78B/s]
   GAP-urand:   3%|▎         | 466272256/16766984746 [00:31<18:07, 14991087.30B/s]
   GAP-urand:   3%|▎         | 467795968/16766984746 [00:31<19:07, 14207421.35B/s]
   GAP-urand:   3%|▎         | 469565440/16766984746 [00:32<17:55, 15148739.38B/s]
   GAP-urand:   3%|▎         | 471154688/16766984746 [00:32<17:41, 15348678.99B/s]
   GAP-urand:   3%|▎         | 472711168/16766984746 [00:32<18:59, 14305020.84B/s]
   GAP-urand:   3%|▎         | 474349568/16766984746 [00:32<18:16, 14853852.06B/s]
   GAP-urand:   3%|▎         | 475856896/16766984746 [00:32<19:26, 13969309.71B/s]
   GAP-urand:   3%|▎         | 477560832/16766984746 [00:32<18:22, 14770733.14B/s]
   GAP-urand:   3%|▎         | 479313920/16766984746 [00:32<17:29, 15519852.62B/s]
   GAP-urand:   3%|▎         | 480886784/16766984746 [00:32<18:17, 14836596.73B/s]
   GAP-urand:   3%|▎         | 482607104/16766984746 [00:32<17:33, 15459462.18B/s]
   GAP-urand:   3%|▎         | 484179968/16766984746 [00:33<18:31, 14651126.68B/s]
   GAP-urand:   3%|▎         | 485834752/16766984746 [00:33<17:53, 15163118.07B/s]
   GAP-urand:   3%|▎         | 487473152/16766984746 [00:33<17:31, 15484458.23B/s]
   GAP-urand:   3%|▎         | 489046016/16766984746 [00:33<18:35, 14594055.24B/s]
   GAP-urand:   3%|▎         | 490700800/16766984746 [00:33<17:56, 15125719.71B/s]
   GAP-urand:   3%|▎         | 492240896/16766984746 [00:33<19:07, 14188394.31B/s]
   GAP-urand:   3%|▎         | 493912064/16766984746 [00:33<18:14, 14870501.89B/s]
   GAP-urand:   3%|▎         | 495484928/16766984746 [00:33<17:58, 15093682.63B/s]
   GAP-urand:   3%|▎         | 497025024/16766984746 [00:33<18:48, 14416326.97B/s]
   GAP-urand:   3%|▎         | 498581504/16766984746 [00:34<18:26, 14705212.08B/s]
   GAP-urand:   3%|▎         | 500072448/16766984746 [00:34<19:14, 14092764.52B/s]
   GAP-urand:   3%|▎         | 501727232/16766984746 [00:34<18:21, 14761604.27B/s]
   GAP-urand:   3%|▎         | 503463936/16766984746 [00:34<17:29, 15491785.56B/s]
   GAP-urand:   3%|▎         | 505036800/16766984746 [00:34<18:07, 14949354.62B/s]
   GAP-urand:   3%|▎         | 506789888/16766984746 [00:34<17:18, 15652488.08B/s]
   GAP-urand:   3%|▎         | 508379136/16766984746 [00:34<18:31, 14632193.01B/s]
   GAP-urand:   3%|▎         | 510050304/16766984746 [00:34<17:51, 15177132.27B/s]
   GAP-urand:   3%|▎         | 511754240/16766984746 [00:34<17:15, 15704326.31B/s]
   GAP-urand:   3%|▎         | 513343488/16766984746 [00:35<18:20, 14769804.61B/s]
   GAP-urand:   3%|▎         | 514932736/16766984746 [00:35<18:00, 15047978.91B/s]
   GAP-urand:   3%|▎         | 516505600/16766984746 [00:35<18:59, 14258101.05B/s]
   GAP-urand:   3%|▎         | 517963776/16766984746 [00:35<18:53, 14341215.96B/s]
   GAP-urand:   3%|▎         | 519553024/16766984746 [00:35<18:19, 14778278.74B/s]
   GAP-urand:   3%|▎         | 521043968/16766984746 [00:35<19:28, 13905717.14B/s]
   GAP-urand:   3%|▎         | 522600448/16766984746 [00:35<18:51, 14357201.71B/s]
   GAP-urand:   3%|▎         | 524222464/16766984746 [00:35<18:13, 14859609.67B/s]
   GAP-urand:   3%|▎         | 525729792/16766984746 [00:35<19:03, 14207359.90B/s]
   GAP-urand:   3%|▎         | 527384576/16766984746 [00:35<18:17, 14801925.21B/s]
   GAP-urand:   3%|▎         | 528891904/16766984746 [00:36<19:22, 13971722.74B/s]
   GAP-urand:   3%|▎         | 530563072/16766984746 [00:36<18:22, 14726602.60B/s]
   GAP-urand:   3%|▎         | 532267008/16766984746 [00:36<17:36, 15361607.78B/s]
   GAP-urand:   3%|▎         | 533823488/16766984746 [00:36<18:49, 14374368.67B/s]
   GAP-urand:   3%|▎         | 535429120/16766984746 [00:36<18:14, 14825024.43B/s]
   GAP-urand:   3%|▎         | 536936448/16766984746 [00:36<19:00, 14234588.57B/s]
   GAP-urand:   3%|▎         | 538607616/16766984746 [00:36<18:08, 14912395.07B/s]
   GAP-urand:   3%|▎         | 540278784/16766984746 [00:36<17:32, 15420763.91B/s]
   GAP-urand:   3%|▎         | 541835264/16766984746 [00:36<18:22, 14711555.58B/s]
   GAP-urand:   3%|▎         | 543571968/16766984746 [00:37<17:31, 15424057.13B/s]
   GAP-urand:   3%|▎         | 545144832/16766984746 [00:37<18:51, 14331645.77B/s]
   GAP-urand:   3%|▎         | 546799616/16766984746 [00:37<18:07, 14909120.46B/s]
   GAP-urand:   3%|▎         | 548470784/16766984746 [00:37<17:32, 15408568.93B/s]
   GAP-urand:   3%|▎         | 550043648/16766984746 [00:37<18:25, 14674372.62B/s]
   GAP-urand:   3%|▎         | 551682048/16766984746 [00:37<17:51, 15137248.74B/s]
   GAP-urand:   3%|▎         | 553320448/16766984746 [00:37<17:26, 15489680.44B/s]
   GAP-urand:   3%|▎         | 554893312/16766984746 [00:37<18:37, 14511469.13B/s]
   GAP-urand:   3%|▎         | 556613632/16766984746 [00:37<17:43, 15243071.80B/s]
   GAP-urand:   3%|▎         | 558170112/16766984746 [00:38<18:32, 14563986.51B/s]
   GAP-urand:   3%|▎         | 559906816/16766984746 [00:38<17:39, 15304054.75B/s]
   GAP-urand:   3%|▎         | 561496064/16766984746 [00:38<17:28, 15459463.02B/s]
   GAP-urand:   3%|▎         | 563068928/16766984746 [00:38<19:00, 14202424.31B/s]
   GAP-urand:   3%|▎         | 564658176/16766984746 [00:38<18:25, 14660319.75B/s]
   GAP-urand:   3%|▎         | 566149120/16766984746 [00:38<19:08, 14108312.04B/s]
   GAP-urand:   3%|▎         | 567738368/16766984746 [00:38<18:32, 14562307.67B/s]
   GAP-urand:   3%|▎         | 569344000/16766984746 [00:38<18:01, 14974077.93B/s]
   GAP-urand:   3%|▎         | 570867712/16766984746 [00:38<18:49, 14337960.41B/s]
   GAP-urand:   3%|▎         | 572473344/16766984746 [00:39<18:12, 14821551.16B/s]
   GAP-urand:   3%|▎         | 573980672/16766984746 [00:39<18:57, 14231734.55B/s]
   GAP-urand:   3%|▎         | 575651840/16766984746 [00:39<18:07, 14895309.53B/s]
   GAP-urand:   3%|▎         | 577372160/16766984746 [00:39<17:21, 15546021.73B/s]
   GAP-urand:   3%|▎         | 578945024/16766984746 [00:39<18:43, 14413599.93B/s]
   GAP-urand:   3%|▎         | 580698112/16766984746 [00:39<17:41, 15246056.53B/s]
   GAP-urand:   3%|▎         | 582254592/16766984746 [00:39<18:29, 14585253.04B/s]
   GAP-urand:   3%|▎         | 583925760/16766984746 [00:39<17:46, 15175234.98B/s]
   GAP-urand:   3%|▎         | 585662464/16766984746 [00:39<17:05, 15771387.60B/s]
   GAP-urand:   4%|▎         | 587268096/16766984746 [00:40<18:18, 14728017.68B/s]
   GAP-urand:   4%|▎         | 588939264/16766984746 [00:40<17:39, 15266124.65B/s]
   GAP-urand:   4%|▎         | 590495744/16766984746 [00:40<18:24, 14649231.62B/s]
   GAP-urand:   4%|▎         | 592166912/16766984746 [00:40<17:45, 15180715.87B/s]
   GAP-urand:   4%|▎         | 593936384/16766984746 [00:40<16:59, 15860307.27B/s]
   GAP-urand:   4%|▎         | 595542016/16766984746 [00:40<17:57, 15008470.65B/s]
   GAP-urand:   4%|▎         | 597180416/16766984746 [00:40<17:30, 15392755.55B/s]
   GAP-urand:   4%|▎         | 598851584/16766984746 [00:40<17:06, 15746334.40B/s]
   GAP-urand:   4%|▎         | 600440832/16766984746 [00:40<18:13, 14788403.54B/s]
   GAP-urand:   4%|▎         | 602144768/16766984746 [00:40<17:30, 15394857.86B/s]
   GAP-urand:   4%|▎         | 603717632/16766984746 [00:41<18:31, 14536291.49B/s]
   GAP-urand:   4%|▎         | 605437952/16766984746 [00:41<17:39, 15248199.14B/s]
   GAP-urand:   4%|▎         | 607141888/16766984746 [00:41<17:08, 15717946.29B/s]
   GAP-urand:   4%|▎         | 608731136/16766984746 [00:41<18:09, 14827503.35B/s]
   GAP-urand:   4%|▎         | 610369536/16766984746 [00:41<17:40, 15231695.25B/s]
   GAP-urand:   4%|▎         | 611909632/16766984746 [00:41<18:39, 14432400.29B/s]
   GAP-urand:   4%|▎         | 613580800/16766984746 [00:41<17:53, 15046136.50B/s]
   GAP-urand:   4%|▎         | 615235584/16766984746 [00:41<17:25, 15443462.70B/s]
   GAP-urand:   4%|▎         | 616808448/16766984746 [00:41<18:35, 14475643.63B/s]
   GAP-urand:   4%|▎         | 618561536/16766984746 [00:42<17:35, 15306205.19B/s]
   GAP-urand:   4%|▎         | 620118016/16766984746 [00:42<18:34, 14487287.33B/s]
   GAP-urand:   4%|▎         | 621625344/16766984746 [00:42<18:24, 14616848.17B/s]
   GAP-urand:   4%|▎         | 623263744/16766984746 [00:42<17:50, 15080269.99B/s]
   GAP-urand:   4%|▎         | 624787456/16766984746 [00:42<18:43, 14370848.41B/s]
   GAP-urand:   4%|▎         | 626442240/16766984746 [00:42<17:57, 14978931.69B/s]
   GAP-urand:   4%|▎         | 628031488/16766984746 [00:42<17:40, 15211549.03B/s]
   GAP-urand:   4%|▍         | 629571584/16766984746 [00:42<18:12, 14771508.27B/s]
   GAP-urand:   4%|▍         | 631209984/16766984746 [00:42<17:40, 15220987.35B/s]
   GAP-urand:   4%|▍         | 632750080/16766984746 [00:43<18:49, 14286611.38B/s]
   GAP-urand:   4%|▍         | 634208256/16766984746 [00:43<18:52, 14248615.57B/s]
   GAP-urand:   4%|▍         | 635879424/16766984746 [00:43<17:59, 14946266.28B/s]
   GAP-urand:   4%|▍         | 637386752/16766984746 [00:43<18:59, 14159309.91B/s]
   GAP-urand:   4%|▍         | 638992384/16766984746 [00:43<18:18, 14683595.13B/s]
   GAP-urand:   4%|▍         | 640598016/16766984746 [00:43<18:50, 14261060.20B/s]
   GAP-urand:   4%|▍         | 642252800/16766984746 [00:43<18:03, 14875307.72B/s]
   GAP-urand:   4%|▍         | 643907584/16766984746 [00:43<17:32, 15316609.35B/s]
   GAP-urand:   4%|▍         | 645464064/16766984746 [00:43<19:10, 14011007.78B/s]
   GAP-urand:   4%|▍         | 647036928/16766984746 [00:44<18:36, 14437474.80B/s]
   GAP-urand:   4%|▍         | 648740864/16766984746 [00:44<17:44, 15148397.59B/s]
   GAP-urand:   4%|▍         | 650280960/16766984746 [00:44<18:50, 14261466.19B/s]
   GAP-urand:   4%|▍         | 651984896/16766984746 [00:44<17:52, 15020416.86B/s]
   GAP-urand:   4%|▍         | 653524992/16766984746 [00:44<18:36, 14430501.32B/s]
   GAP-urand:   4%|▍         | 655048704/16766984746 [00:44<18:19, 14652933.51B/s]
   GAP-urand:   4%|▍         | 656687104/16766984746 [00:44<17:43, 15142271.97B/s]
   GAP-urand:   4%|▍         | 658227200/16766984746 [00:44<18:28, 14530490.34B/s]
   GAP-urand:   4%|▍         | 659898368/16766984746 [00:44<17:44, 15135325.72B/s]
   GAP-urand:   4%|▍         | 661438464/16766984746 [00:45<18:49, 14263807.84B/s]
   GAP-urand:   4%|▍         | 663027712/16766984746 [00:45<18:14, 14708221.67B/s]
   GAP-urand:   4%|▍         | 664764416/16766984746 [00:45<17:24, 15416435.29B/s]
   GAP-urand:   4%|▍         | 666320896/16766984746 [00:45<18:26, 14556738.55B/s]
   GAP-urand:   4%|▍         | 668008448/16766984746 [00:45<17:40, 15173655.28B/s]
   GAP-urand:   4%|▍         | 669548544/16766984746 [00:45<18:30, 14501130.84B/s]
   GAP-urand:   4%|▍         | 671105024/16766984746 [00:45<18:11, 14750300.68B/s]
   GAP-urand:   4%|▍         | 672956416/16766984746 [00:45<16:59, 15788648.63B/s]
   GAP-urand:   4%|▍         | 674562048/16766984746 [00:45<18:04, 14837715.17B/s]
   GAP-urand:   4%|▍         | 676331520/16766984746 [00:45<17:11, 15600702.54B/s]
   GAP-urand:   4%|▍         | 677920768/16766984746 [00:46<18:04, 14835241.59B/s]
   GAP-urand:   4%|▍         | 679591936/16766984746 [00:46<17:27, 15352129.75B/s]
   GAP-urand:   4%|▍         | 681246720/16766984746 [00:46<17:06, 15666946.45B/s]
   GAP-urand:   4%|▍         | 682835968/16766984746 [00:46<18:25, 14549288.38B/s]
   GAP-urand:   4%|▍         | 684572672/16766984746 [00:46<17:30, 15303279.76B/s]
   GAP-urand:   4%|▍         | 686129152/16766984746 [00:46<18:21, 14603457.49B/s]
   GAP-urand:   4%|▍         | 687833088/16766984746 [00:46<17:34, 15245173.84B/s]
   GAP-urand:   4%|▍         | 689471488/16766984746 [00:46<17:13, 15556489.28B/s]
   GAP-urand:   4%|▍         | 691044352/16766984746 [00:46<18:24, 14557880.95B/s]
   GAP-urand:   4%|▍         | 692797440/16766984746 [00:47<17:25, 15373533.71B/s]
   GAP-urand:   4%|▍         | 694370304/16766984746 [00:47<18:20, 14611183.90B/s]
   GAP-urand:   4%|▍         | 696008704/16766984746 [00:47<17:45, 15084218.41B/s]
   GAP-urand:   4%|▍         | 697597952/16766984746 [00:47<17:29, 15306512.66B/s]
   GAP-urand:   4%|▍         | 699154432/16766984746 [00:47<18:40, 14337147.54B/s]
   GAP-urand:   4%|▍         | 700874752/16766984746 [00:47<17:43, 15113568.05B/s]
   GAP-urand:   4%|▍         | 702414848/16766984746 [00:47<18:24, 14540199.79B/s]
   GAP-urand:   4%|▍         | 704217088/16766984746 [00:47<17:16, 15490954.13B/s]
   GAP-urand:   4%|▍         | 705839104/16766984746 [00:47<17:04, 15673781.80B/s]
   GAP-urand:   4%|▍         | 707428352/16766984746 [00:48<18:10, 14724733.57B/s]
   GAP-urand:   4%|▍         | 709066752/16766984746 [00:48<17:39, 15152397.89B/s]
   GAP-urand:   4%|▍         | 710606848/16766984746 [00:48<18:30, 14454608.48B/s]
   GAP-urand:   4%|▍         | 712376320/16766984746 [00:48<17:27, 15325192.73B/s]
   GAP-urand:   4%|▍         | 714063872/16766984746 [00:48<17:00, 15726504.72B/s]
   GAP-urand:   4%|▍         | 715653120/16766984746 [00:48<17:50, 14997149.61B/s]
   GAP-urand:   4%|▍         | 717373440/16766984746 [00:48<17:07, 15613096.97B/s]
   GAP-urand:   4%|▍         | 718962688/16766984746 [00:48<18:13, 14677487.65B/s]
   GAP-urand:   4%|▍         | 720650240/16766984746 [00:48<17:30, 15278843.61B/s]
   GAP-urand:   4%|▍         | 722206720/16766984746 [00:49<18:29, 14464624.86B/s]
   GAP-urand:   4%|▍         | 723812352/16766984746 [00:49<17:58, 14876251.88B/s]
   GAP-urand:   4%|▍         | 725549056/16766984746 [00:49<17:11, 15558901.59B/s]
   GAP-urand:   4%|▍         | 727121920/16766984746 [00:49<17:55, 14918469.40B/s]
   GAP-urand:   4%|▍         | 728793088/16766984746 [00:49<17:19, 15423406.82B/s]
   GAP-urand:   4%|▍         | 730349568/16766984746 [00:49<18:43, 14274447.65B/s]
   GAP-urand:   4%|▍         | 731955200/16766984746 [00:49<18:07, 14745238.60B/s]
   GAP-urand:   4%|▍         | 733528064/16766984746 [00:49<17:48, 15006905.55B/s]
   GAP-urand:   4%|▍         | 735051776/16766984746 [00:49<18:53, 14142052.72B/s]
   GAP-urand:   4%|▍         | 736755712/16766984746 [00:50<17:53, 14937889.44B/s]
   GAP-urand:   4%|▍         | 738328576/16766984746 [00:50<19:01, 14045635.28B/s]
   GAP-urand:   4%|▍         | 739983360/16766984746 [00:50<18:10, 14693280.68B/s]
   GAP-urand:   4%|▍         | 741523456/16766984746 [00:50<17:59, 14848835.22B/s]
   GAP-urand:   4%|▍         | 743030784/16766984746 [00:50<19:00, 14048540.76B/s]
   GAP-urand:   4%|▍         | 744570880/16766984746 [00:50<18:31, 14416064.06B/s]
   GAP-urand:   4%|▍         | 746160128/16766984746 [00:50<18:01, 14808684.22B/s]
   GAP-urand:   4%|▍         | 747667456/16766984746 [00:50<18:52, 14142509.79B/s]
   GAP-urand:   4%|▍         | 749338624/16766984746 [00:50<17:58, 14847664.27B/s]
   GAP-urand:   4%|▍         | 750845952/16766984746 [00:51<18:38, 14316761.52B/s]
   GAP-urand:   4%|▍         | 752549888/16766984746 [00:51<17:43, 15064851.20B/s]
   GAP-urand:   4%|▍         | 754089984/16766984746 [00:51<17:37, 15137229.21B/s]
   GAP-urand:   5%|▍         | 755613696/16766984746 [00:51<18:53, 14124398.07B/s]
   GAP-urand:   5%|▍         | 757284864/16766984746 [00:51<17:59, 14829045.55B/s]
   GAP-urand:   5%|▍         | 758792192/16766984746 [00:51<18:44, 14234763.47B/s]
   GAP-urand:   5%|▍         | 760283136/16766984746 [00:51<18:30, 14413944.19B/s]
   GAP-urand:   5%|▍         | 761823232/16766984746 [00:51<18:09, 14695399.38B/s]
   GAP-urand:   5%|▍         | 763314176/16766984746 [00:51<18:44, 14233247.71B/s]
   GAP-urand:   5%|▍         | 764919808/16766984746 [00:51<18:07, 14709159.39B/s]
   GAP-urand:   5%|▍         | 766459904/16766984746 [00:52<17:56, 14856580.44B/s]
   GAP-urand:   5%|▍         | 767967232/16766984746 [00:52<18:57, 14060320.85B/s]
   GAP-urand:   5%|▍         | 769540096/16766984746 [00:52<18:23, 14500760.80B/s]
   GAP-urand:   5%|▍         | 771014656/16766984746 [00:52<18:55, 14082838.10B/s]
   GAP-urand:   5%|▍         | 772669440/16766984746 [00:52<18:02, 14775619.25B/s]
   GAP-urand:   5%|▍         | 774406144/16766984746 [00:52<17:11, 15503762.74B/s]
   GAP-urand:   5%|▍         | 775979008/16766984746 [00:52<18:24, 14483824.65B/s]
   GAP-urand:   5%|▍         | 777584640/16766984746 [00:52<17:53, 14898820.13B/s]
   GAP-urand:   5%|▍         | 779091968/16766984746 [00:52<18:53, 14108384.39B/s]
   GAP-urand:   5%|▍         | 780582912/16766984746 [00:53<18:38, 14286330.91B/s]
   GAP-urand:   5%|▍         | 782139392/16766984746 [00:53<18:13, 14614623.46B/s]
   GAP-urand:   5%|▍         | 783613952/16766984746 [00:53<19:01, 14005420.67B/s]
   GAP-urand:   5%|▍         | 785285120/16766984746 [00:53<18:04, 14735656.61B/s]
   GAP-urand:   5%|▍         | 786956288/16766984746 [00:53<17:24, 15293717.48B/s]
   GAP-urand:   5%|▍         | 788512768/16766984746 [00:53<18:36, 14315703.19B/s]
   GAP-urand:   5%|▍         | 789987328/16766984746 [00:53<18:29, 14395317.01B/s]
   GAP-urand:   5%|▍         | 791445504/16766984746 [00:53<19:48, 13440322.47B/s]
   GAP-urand:   5%|▍         | 792887296/16766984746 [00:53<19:28, 13667339.60B/s]
   GAP-urand:   5%|▍         | 794345472/16766984746 [00:54<19:07, 13923023.57B/s]
   GAP-urand:   5%|▍         | 795754496/16766984746 [00:54<20:00, 13299211.00B/s]
   GAP-urand:   5%|▍         | 797458432/16766984746 [00:54<18:33, 14341978.19B/s]
   GAP-urand:   5%|▍         | 799064064/16766984746 [00:54<17:58, 14808675.78B/s]
   GAP-urand:   5%|▍         | 800571392/16766984746 [00:54<18:47, 14164148.55B/s]
   GAP-urand:   5%|▍         | 802111488/16766984746 [00:54<18:20, 14511585.91B/s]
   GAP-urand:   5%|▍         | 803586048/16766984746 [00:54<19:24, 13704377.07B/s]
   GAP-urand:   5%|▍         | 805322752/16766984746 [00:54<18:10, 14638771.82B/s]
   GAP-urand:   5%|▍         | 806977536/16766984746 [00:54<17:32, 15160876.99B/s]
   GAP-urand:   5%|▍         | 808517632/16766984746 [00:55<18:57, 14026912.27B/s]
   GAP-urand:   5%|▍         | 810172416/16766984746 [00:55<18:07, 14673986.40B/s]
   GAP-urand:   5%|▍         | 811663360/16766984746 [00:55<19:38, 13541187.63B/s]
   GAP-urand:   5%|▍         | 813170688/16766984746 [00:55<19:08, 13891035.47B/s]
   GAP-urand:   5%|▍         | 814678016/16766984746 [00:55<18:43, 14199539.32B/s]
   GAP-urand:   5%|▍         | 816119808/16766984746 [00:55<19:42, 13485962.68B/s]
   GAP-urand:   5%|▍         | 817741824/16766984746 [00:55<18:41, 14227301.26B/s]
   GAP-urand:   5%|▍         | 819265536/16766984746 [00:55<18:19, 14503479.38B/s]
   GAP-urand:   5%|▍         | 820740096/16766984746 [00:55<19:12, 13840754.53B/s]
   GAP-urand:   5%|▍         | 822345728/16766984746 [00:55<18:24, 14438414.14B/s]
   GAP-urand:   5%|▍         | 823820288/16766984746 [00:56<19:19, 13746868.72B/s]
   GAP-urand:   5%|▍         | 825376768/16766984746 [00:56<18:41, 14220139.99B/s]
   GAP-urand:   5%|▍         | 826867712/16766984746 [00:56<18:26, 14399466.93B/s]
   GAP-urand:   5%|▍         | 828325888/16766984746 [00:56<19:05, 13910004.16B/s]
   GAP-urand:   5%|▍         | 829849600/16766984746 [00:56<18:39, 14241344.24B/s]
   GAP-urand:   5%|▍         | 831455232/16766984746 [00:56<18:03, 14712326.27B/s]
   GAP-urand:   5%|▍         | 832946176/16766984746 [00:56<19:27, 13647062.03B/s]
   
   asv: benchmark timed out (timeout 60s)
INFO:root:GMRES.GMRESBenchmark.time_gmres

·· GMRES.GMRESBenchmark.time_gmres                                 okINFO:root:================================================= =============
                     dataset                                   
------------------------------------------------- -------------
      gmres_test_inputs.test_gmres_random_42           n/a     
     gmres_test_inputs.test_gmres_random_123           n/a     
      gmres_test_inputs.test_gmres_diagonal            n/a     
         gmres_test_inputs.test_gmres_3x3              n/a     
         gmres_test_inputs.test_gmres_4x4              n/a     
           gmres_inputs.Andrews/Andrews                n/a     
           gmres_inputs.Andrianov/ins2                 n/a     
          gmres_inputs.Andrianov/net100                n/a     
          gmres_inputs.Andrianov/net125                n/a     
          gmres_inputs.Andrianov/net150                n/a     
           gmres_inputs.Andrianov/net25                n/a     
           gmres_inputs.Andrianov/net50                n/a     
           gmres_inputs.Andrianov/net75                n/a     
             gmres_inputs.Bai/bfwa62                   n/a     
             gmres_inputs.Bai/bfwb398                  n/a     
             gmres_inputs.Bai/bfwb62                   n/a     
             gmres_inputs.Bai/bfwb782                  n/a     
              gmres_inputs.Bai/ck104                   n/a     
             gmres_inputs.Bai/dw256B                   n/a     
             gmres_inputs.Bai/dwb512               3.95±0.04ms 
             gmres_inputs.Bai/pde225                   n/a     
             gmres_inputs.Bai/rdb200                   n/a     
             gmres_inputs.Bai/rdb200l                  n/a     
            gmres_inputs.Bindel/ted_B                  n/a     
        gmres_inputs.Bindel/ted_B_unscaled             n/a     
       gmres_inputs.Bomhof/circuit_1__rhs0             n/a     
       gmres_inputs.Botonakis/thermomech_TC            n/a     
       gmres_inputs.Botonakis/thermomech_dM            n/a     
     gmres_inputs.Bourchtein/atmosmodd__rhs1           n/a     
     gmres_inputs.Bourchtein/atmosmodj__rhs1           n/a     
     gmres_inputs.Bourchtein/atmosmodl__rhs0           n/a     
     gmres_inputs.Bourchtein/atmosmodl__rhs1           n/a     
     gmres_inputs.Bourchtein/atmosmodm__rhs0           n/a     
     gmres_inputs.Bourchtein/atmosmodm__rhs1           n/a     
         gmres_inputs.Brunetiere/thermal               n/a     
              gmres_inputs.CPM/cz148                   n/a     
         gmres_inputs.Cunningham/m3plates              n/a     
          gmres_inputs.Cunningham/qa8fk                n/a     
          gmres_inputs.Cunningham/qa8fm                n/a     
       gmres_inputs.FEMLAB/poisson2D__rhs0             n/a     
           gmres_inputs.FEMLAB/problem1                n/a     
             gmres_inputs.FIDAP/ex29                   n/a     
             gmres_inputs.FIDAP/ex37                   n/a     
              gmres_inputs.FIDAP/ex5                   n/a     
              gmres_inputs.FIDAP/ex7                   n/a     
       gmres_inputs.Freescale/circuit5M_dc             n/a     
         gmres_inputs.GHS_indef/blockqp1               n/a     
        gmres_inputs.GHS_indef/boyd1__rhs0             n/a     
        gmres_inputs.GHS_indef/boyd2__rhs0             n/a     
           gmres_inputs.GHS_indef/laser                n/a     
          gmres_inputs.GHS_indef/qpband                n/a     
         gmres_inputs.GHS_psdef/jnlbrng1               n/a     
         gmres_inputs.GHS_psdef/minsurfo               n/a     
         gmres_inputs.GHS_psdef/obstclae               n/a     
         gmres_inputs.GHS_psdef/wathen120              n/a     
          gmres_inputs.Grund/b1_ss__rhs0               n/a     
             gmres_inputs.Grund/meg4                   n/a     
          gmres_inputs.Grund/poli__rhs0                n/a     
             gmres_inputs.Grund/poli3                  n/a     
             gmres_inputs.Grund/poli4                  n/a     
          gmres_inputs.Grund/poli_large                n/a     
              gmres_inputs.HB/arc130                   n/a     
             gmres_inputs.HB/bcspwr01                  n/a     
             gmres_inputs.HB/bcspwr02                  n/a     
             gmres_inputs.HB/bcsstk01                  n/a     
             gmres_inputs.HB/bcsstk02                  n/a     
             gmres_inputs.HB/bcsstk20                  n/a     
             gmres_inputs.HB/bcsstm01                  n/a     
             gmres_inputs.HB/bcsstm02                  n/a     
             gmres_inputs.HB/bcsstm03                  n/a     
             gmres_inputs.HB/bcsstm04                  n/a     
             gmres_inputs.HB/bcsstm05                  n/a     
             gmres_inputs.HB/bcsstm06                  n/a     
             gmres_inputs.HB/bcsstm08                  n/a     
             gmres_inputs.HB/bcsstm09                  n/a     
             gmres_inputs.HB/bcsstm11                  n/a     
             gmres_inputs.HB/bcsstm19                  n/a     
             gmres_inputs.HB/bcsstm20                  n/a     
             gmres_inputs.HB/bcsstm21                  n/a     
             gmres_inputs.HB/bcsstm22                  n/a     
             gmres_inputs.HB/can_144                   n/a     
              gmres_inputs.HB/can_24                   n/a     
              gmres_inputs.HB/can_61                   n/a     
              gmres_inputs.HB/can_73               7.39±0.01ms 
             gmres_inputs.HB/curtis54                  n/a     
             gmres_inputs.HB/fs_541_1                  n/a     
             gmres_inputs.HB/fs_760_1                  n/a     
             gmres_inputs.HB/fs_760_2                  n/a     
             gmres_inputs.HB/fs_760_3                  n/a     
             gmres_inputs.HB/gr_30_30                  n/a     
             gmres_inputs.HB/jpwh_991                  n/a     
              gmres_inputs.HB/lap_25                   n/a     
               gmres_inputs.HB/nos4                    n/a     
               gmres_inputs.HB/nos7                    n/a     
          gmres_inputs.HB/orani678__rhs1               n/a     
         gmres_inputs.HB/orani678__rhs10               n/a     
         gmres_inputs.HB/orani678__rhs11               n/a     
         gmres_inputs.HB/orani678__rhs12               n/a     
         gmres_inputs.HB/orani678__rhs14               n/a     
         gmres_inputs.HB/orani678__rhs15               n/a     
         gmres_inputs.HB/orani678__rhs16               n/a     
         gmres_inputs.HB/orani678__rhs17               n/a     
         gmres_inputs.HB/orani678__rhs18               n/a     
         gmres_inputs.HB/orani678__rhs19               n/a     
          gmres_inputs.HB/orani678__rhs2               n/a     
          gmres_inputs.HB/orani678__rhs3               n/a     
          gmres_inputs.HB/orani678__rhs4               n/a     
          gmres_inputs.HB/orani678__rhs5               n/a     
          gmres_inputs.HB/orani678__rhs6               n/a     
         gmres_inputs.HB/orani678__rhs62               n/a     
          gmres_inputs.HB/orani678__rhs7               n/a     
          gmres_inputs.HB/orani678__rhs8               n/a     
             gmres_inputs.HB/pores_1                   n/a     
             gmres_inputs.HB/psmigr_3                  n/a     
              gmres_inputs.HB/steam2                   n/a     
              gmres_inputs.HB/steam3                   n/a     
              gmres_inputs.HB/watt_1                   n/a     
              gmres_inputs.HB/watt_2                   n/a     
        gmres_inputs.Hamrle/Hamrle1__rhs0              n/a     
               gmres_inputs.MKS/fp                     n/a     
            gmres_inputs.MathWorks/Muu                 n/a     
        gmres_inputs.MathWorks/tomography              n/a     
      gmres_inputs.MaxPlanck/shallow_water1            n/a     
      gmres_inputs.MaxPlanck/shallow_water2            n/a     
          gmres_inputs.Morandini/rotor1                n/a     
           gmres_inputs.Mulvey/finan512                n/a     
         gmres_inputs.Nasa/nasa2146__rhs0              n/a     
           gmres_inputs.Nemeth/nemeth02                n/a     
           gmres_inputs.Nemeth/nemeth03                n/a     
           gmres_inputs.Nemeth/nemeth04                n/a     
           gmres_inputs.Nemeth/nemeth05                n/a     
           gmres_inputs.Nemeth/nemeth06                n/a     
           gmres_inputs.Nemeth/nemeth07                n/a     
           gmres_inputs.Nemeth/nemeth08                n/a     
           gmres_inputs.Nemeth/nemeth09                n/a     
           gmres_inputs.Nemeth/nemeth10                n/a     
           gmres_inputs.Nemeth/nemeth11                n/a     
           gmres_inputs.Nemeth/nemeth12                n/a     
           gmres_inputs.Nemeth/nemeth13                n/a     
           gmres_inputs.Nemeth/nemeth16                n/a     
           gmres_inputs.Nemeth/nemeth17                n/a     
           gmres_inputs.Nemeth/nemeth18                n/a     
           gmres_inputs.Nemeth/nemeth19                n/a     
           gmres_inputs.Nemeth/nemeth20                n/a     
           gmres_inputs.Nemeth/nemeth21                n/a     
           gmres_inputs.Nemeth/nemeth22                n/a     
           gmres_inputs.Nemeth/nemeth23                n/a     
           gmres_inputs.Nemeth/nemeth24              320±2ms   
           gmres_inputs.Nemeth/nemeth25                n/a     
           gmres_inputs.Nemeth/nemeth26                n/a     
             gmres_inputs.Norris/fv1                   n/a     
             gmres_inputs.Norris/fv2                   n/a     
            gmres_inputs.Norris/torso2                 n/a     
          gmres_inputs.Oberwolfach/LF10                n/a     
          gmres_inputs.Oberwolfach/LFAT5               n/a     
             gmres_inputs.PARSEC/Si2                   n/a     
           gmres_inputs.Pothen/mesh1e1                 n/a     
           gmres_inputs.Pothen/mesh1em1                n/a     
           gmres_inputs.Pothen/mesh1em6                n/a     
           gmres_inputs.Pothen/mesh2e1                 n/a     
           gmres_inputs.Pothen/mesh2em5                n/a     
           gmres_inputs.Pothen/mesh3e1                 n/a     
           gmres_inputs.Pothen/mesh3em5                n/a     
           gmres_inputs.Pothen/sphere2                 n/a     
          gmres_inputs.Precima/analytics               n/a     
            gmres_inputs.Rajat/rajat13                 n/a     
         gmres_inputs.Rommes/bips98_1450               n/a     
          gmres_inputs.Rommes/bips98_606               n/a     
        gmres_inputs.Rommes/ww_36_pmec_36              n/a     
          gmres_inputs.Sandia/ASIC_100k                n/a     
          gmres_inputs.Sandia/ASIC_100ks               n/a     
          gmres_inputs.Sandia/ASIC_320ks               n/a     
          gmres_inputs.Sandia/ASIC_680k                n/a     
          gmres_inputs.Sandia/ASIC_680ks               n/a     
        gmres_inputs.Sandia/adder_dcop_31              n/a     
        gmres_inputs.Sandia/adder_dcop_32              n/a     
        gmres_inputs.Sandia/adder_dcop_33              n/a     
        gmres_inputs.Sandia/adder_dcop_34              n/a     
        gmres_inputs.Sandia/adder_dcop_35              n/a     
        gmres_inputs.Sandia/adder_dcop_36              n/a     
        gmres_inputs.Sandia/adder_dcop_37              n/a     
        gmres_inputs.Sandia/adder_dcop_38              n/a     
        gmres_inputs.Sandia/adder_dcop_40              n/a     
        gmres_inputs.Sandia/adder_dcop_41              n/a     
        gmres_inputs.Sandia/adder_dcop_42              n/a     
        gmres_inputs.Sandia/adder_dcop_43              n/a     
        gmres_inputs.Sandia/adder_dcop_44              n/a     
        gmres_inputs.Sandia/adder_dcop_45              n/a     
        gmres_inputs.Sandia/adder_dcop_46              n/a     
        gmres_inputs.Sandia/adder_dcop_47              n/a     
        gmres_inputs.Sandia/adder_dcop_48              n/a     
        gmres_inputs.Sandia/adder_dcop_49              n/a     
        gmres_inputs.Sandia/adder_dcop_50              n/a     
        gmres_inputs.Sandia/adder_dcop_51              n/a     
        gmres_inputs.Sandia/adder_dcop_52              n/a     
        gmres_inputs.Sandia/adder_dcop_53              n/a     
        gmres_inputs.Sandia/adder_dcop_54              n/a     
        gmres_inputs.Sandia/adder_dcop_55              n/a     
        gmres_inputs.Sandia/adder_dcop_57              n/a     
        gmres_inputs.Sandia/adder_dcop_58              n/a     
        gmres_inputs.Sandia/adder_dcop_59              n/a     
        gmres_inputs.Sandia/adder_dcop_60              n/a     
        gmres_inputs.Sandia/adder_dcop_61              n/a     
        gmres_inputs.Sandia/adder_dcop_62              n/a     
        gmres_inputs.Sandia/adder_dcop_63              n/a     
        gmres_inputs.Sandia/adder_dcop_64              n/a     
        gmres_inputs.Sandia/adder_dcop_65              n/a     
        gmres_inputs.Sandia/adder_dcop_66              n/a     
        gmres_inputs.Sandia/adder_dcop_67              n/a     
        gmres_inputs.Sandia/adder_dcop_68              n/a     
        gmres_inputs.Sandia/adder_dcop_69              n/a     
        gmres_inputs.Sandia/adder_trans_01          33.5±0.1ms 
        gmres_inputs.Sandia/adder_trans_02             n/a     
      gmres_inputs.Sandia/mult_dcop_02__rhs0           n/a     
     gmres_inputs.Schenk_AFE/af_shell3__rhs0           n/a     
     gmres_inputs.Schenk_AFE/af_shell4__rhs0           n/a     
     gmres_inputs.Schenk_AFE/af_shell7__rhs0           n/a     
     gmres_inputs.Schenk_AFE/af_shell8__rhs0           n/a     
        gmres_inputs.Simon/raefsky5__rhs0              n/a     
       gmres_inputs.TOKAMAK/utm1700b__rhs0             n/a     
        gmres_inputs.TOKAMAK/utm3060__rhs0             n/a     
       gmres_inputs.VDOL/hangGlider_1__rhs0            n/a     
 gmres_inputs.VDOL/tumorAntiAngiogenesis_1__rhs0       n/a     
 gmres_inputs.VDOL/tumorAntiAngiogenesis_2__rhs0       n/a     
              gmres_inputs.VLSI/ss1                    n/a     
             gmres_inputs.Wang/swang1                  n/a     
             gmres_inputs.Wang/swang2                  n/a     
             gmres_inputs.Zhao/Zhao1                   n/a     
================================================= =============

·· ================================================= =============
                        dataset                                   
   ------------------------------------------------- -------------
         gmres_test_inputs.test_gmres_random_42           n/a     
        gmres_test_inputs.test_gmres_random_123           n/a     
         gmres_test_inputs.test_gmres_diagonal            n/a     
            gmres_test_inputs.test_gmres_3x3              n/a     
            gmres_test_inputs.test_gmres_4x4              n/a     
              gmres_inputs.Andrews/Andrews                n/a     
              gmres_inputs.Andrianov/ins2                 n/a     
             gmres_inputs.Andrianov/net100                n/a     
             gmres_inputs.Andrianov/net125                n/a     
             gmres_inputs.Andrianov/net150                n/a     
              gmres_inputs.Andrianov/net25                n/a     
              gmres_inputs.Andrianov/net50                n/a     
              gmres_inputs.Andrianov/net75                n/a     
                gmres_inputs.Bai/bfwa62                   n/a     
                gmres_inputs.Bai/bfwb398                  n/a     
                gmres_inputs.Bai/bfwb62                   n/a     
                gmres_inputs.Bai/bfwb782                  n/a     
                 gmres_inputs.Bai/ck104                   n/a     
                gmres_inputs.Bai/dw256B                   n/a     
                gmres_inputs.Bai/dwb512               3.95±0.04ms 
                gmres_inputs.Bai/pde225                   n/a     
                gmres_inputs.Bai/rdb200                   n/a     
                gmres_inputs.Bai/rdb200l                  n/a     
               gmres_inputs.Bindel/ted_B                  n/a     
           gmres_inputs.Bindel/ted_B_unscaled             n/a     
          gmres_inputs.Bomhof/circuit_1__rhs0             n/a     
          gmres_inputs.Botonakis/thermomech_TC            n/a     
          gmres_inputs.Botonakis/thermomech_dM            n/a     
        gmres_inputs.Bourchtein/atmosmodd__rhs1           n/a     
        gmres_inputs.Bourchtein/atmosmodj__rhs1           n/a     
        gmres_inputs.Bourchtein/atmosmodl__rhs0           n/a     
        gmres_inputs.Bourchtein/atmosmodl__rhs1           n/a     
        gmres_inputs.Bourchtein/atmosmodm__rhs0           n/a     
        gmres_inputs.Bourchtein/atmosmodm__rhs1           n/a     
            gmres_inputs.Brunetiere/thermal               n/a     
                 gmres_inputs.CPM/cz148                   n/a     
            gmres_inputs.Cunningham/m3plates              n/a     
             gmres_inputs.Cunningham/qa8fk                n/a     
             gmres_inputs.Cunningham/qa8fm                n/a     
          gmres_inputs.FEMLAB/poisson2D__rhs0             n/a     
              gmres_inputs.FEMLAB/problem1                n/a     
                gmres_inputs.FIDAP/ex29                   n/a     
                gmres_inputs.FIDAP/ex37                   n/a     
                 gmres_inputs.FIDAP/ex5                   n/a     
                 gmres_inputs.FIDAP/ex7                   n/a     
          gmres_inputs.Freescale/circuit5M_dc             n/a     
            gmres_inputs.GHS_indef/blockqp1               n/a     
           gmres_inputs.GHS_indef/boyd1__rhs0             n/a     
           gmres_inputs.GHS_indef/boyd2__rhs0             n/a     
              gmres_inputs.GHS_indef/laser                n/a     
             gmres_inputs.GHS_indef/qpband                n/a     
            gmres_inputs.GHS_psdef/jnlbrng1               n/a     
            gmres_inputs.GHS_psdef/minsurfo               n/a     
            gmres_inputs.GHS_psdef/obstclae               n/a     
            gmres_inputs.GHS_psdef/wathen120              n/a     
             gmres_inputs.Grund/b1_ss__rhs0               n/a     
                gmres_inputs.Grund/meg4                   n/a     
             gmres_inputs.Grund/poli__rhs0                n/a     
                gmres_inputs.Grund/poli3                  n/a     
                gmres_inputs.Grund/poli4                  n/a     
             gmres_inputs.Grund/poli_large                n/a     
                 gmres_inputs.HB/arc130                   n/a     
                gmres_inputs.HB/bcspwr01                  n/a     
                gmres_inputs.HB/bcspwr02                  n/a     
                gmres_inputs.HB/bcsstk01                  n/a     
                gmres_inputs.HB/bcsstk02                  n/a     
                gmres_inputs.HB/bcsstk20                  n/a     
                gmres_inputs.HB/bcsstm01                  n/a     
                gmres_inputs.HB/bcsstm02                  n/a     
                gmres_inputs.HB/bcsstm03                  n/a     
                gmres_inputs.HB/bcsstm04                  n/a     
                gmres_inputs.HB/bcsstm05                  n/a     
                gmres_inputs.HB/bcsstm06                  n/a     
                gmres_inputs.HB/bcsstm08                  n/a     
                gmres_inputs.HB/bcsstm09                  n/a     
                gmres_inputs.HB/bcsstm11                  n/a     
                gmres_inputs.HB/bcsstm19                  n/a     
                gmres_inputs.HB/bcsstm20                  n/a     
                gmres_inputs.HB/bcsstm21                  n/a     
                gmres_inputs.HB/bcsstm22                  n/a     
                gmres_inputs.HB/can_144                   n/a     
                 gmres_inputs.HB/can_24                   n/a     
                 gmres_inputs.HB/can_61                   n/a     
                 gmres_inputs.HB/can_73               7.39±0.01ms 
                gmres_inputs.HB/curtis54                  n/a     
                gmres_inputs.HB/fs_541_1                  n/a     
                gmres_inputs.HB/fs_760_1                  n/a     
                gmres_inputs.HB/fs_760_2                  n/a     
                gmres_inputs.HB/fs_760_3                  n/a     
                gmres_inputs.HB/gr_30_30                  n/a     
                gmres_inputs.HB/jpwh_991                  n/a     
                 gmres_inputs.HB/lap_25                   n/a     
                  gmres_inputs.HB/nos4                    n/a     
                  gmres_inputs.HB/nos7                    n/a     
             gmres_inputs.HB/orani678__rhs1               n/a     
            gmres_inputs.HB/orani678__rhs10               n/a     
            gmres_inputs.HB/orani678__rhs11               n/a     
            gmres_inputs.HB/orani678__rhs12               n/a     
            gmres_inputs.HB/orani678__rhs14               n/a     
            gmres_inputs.HB/orani678__rhs15               n/a     
            gmres_inputs.HB/orani678__rhs16               n/a     
            gmres_inputs.HB/orani678__rhs17               n/a     
            gmres_inputs.HB/orani678__rhs18               n/a     
            gmres_inputs.HB/orani678__rhs19               n/a     
             gmres_inputs.HB/orani678__rhs2               n/a     
             gmres_inputs.HB/orani678__rhs3               n/a     
             gmres_inputs.HB/orani678__rhs4               n/a     
             gmres_inputs.HB/orani678__rhs5               n/a     
             gmres_inputs.HB/orani678__rhs6               n/a     
            gmres_inputs.HB/orani678__rhs62               n/a     
             gmres_inputs.HB/orani678__rhs7               n/a     
             gmres_inputs.HB/orani678__rhs8               n/a     
                gmres_inputs.HB/pores_1                   n/a     
                gmres_inputs.HB/psmigr_3                  n/a     
                 gmres_inputs.HB/steam2                   n/a     
                 gmres_inputs.HB/steam3                   n/a     
                 gmres_inputs.HB/watt_1                   n/a     
                 gmres_inputs.HB/watt_2                   n/a     
           gmres_inputs.Hamrle/Hamrle1__rhs0              n/a     
                  gmres_inputs.MKS/fp                     n/a     
               gmres_inputs.MathWorks/Muu                 n/a     
           gmres_inputs.MathWorks/tomography              n/a     
         gmres_inputs.MaxPlanck/shallow_water1            n/a     
         gmres_inputs.MaxPlanck/shallow_water2            n/a     
             gmres_inputs.Morandini/rotor1                n/a     
              gmres_inputs.Mulvey/finan512                n/a     
            gmres_inputs.Nasa/nasa2146__rhs0              n/a     
              gmres_inputs.Nemeth/nemeth02                n/a     
              gmres_inputs.Nemeth/nemeth03                n/a     
              gmres_inputs.Nemeth/nemeth04                n/a     
              gmres_inputs.Nemeth/nemeth05                n/a     
              gmres_inputs.Nemeth/nemeth06                n/a     
              gmres_inputs.Nemeth/nemeth07                n/a     
              gmres_inputs.Nemeth/nemeth08                n/a     
              gmres_inputs.Nemeth/nemeth09                n/a     
              gmres_inputs.Nemeth/nemeth10                n/a     
              gmres_inputs.Nemeth/nemeth11                n/a     
              gmres_inputs.Nemeth/nemeth12                n/a     
              gmres_inputs.Nemeth/nemeth13                n/a     
              gmres_inputs.Nemeth/nemeth16                n/a     
              gmres_inputs.Nemeth/nemeth17                n/a     
              gmres_inputs.Nemeth/nemeth18                n/a     
              gmres_inputs.Nemeth/nemeth19                n/a     
              gmres_inputs.Nemeth/nemeth20                n/a     
              gmres_inputs.Nemeth/nemeth21                n/a     
              gmres_inputs.Nemeth/nemeth22                n/a     
              gmres_inputs.Nemeth/nemeth23                n/a     
              gmres_inputs.Nemeth/nemeth24              320±2ms   
              gmres_inputs.Nemeth/nemeth25                n/a     
              gmres_inputs.Nemeth/nemeth26                n/a     
                gmres_inputs.Norris/fv1                   n/a     
                gmres_inputs.Norris/fv2                   n/a     
               gmres_inputs.Norris/torso2                 n/a     
             gmres_inputs.Oberwolfach/LF10                n/a     
             gmres_inputs.Oberwolfach/LFAT5               n/a     
                gmres_inputs.PARSEC/Si2                   n/a     
              gmres_inputs.Pothen/mesh1e1                 n/a     
              gmres_inputs.Pothen/mesh1em1                n/a     
              gmres_inputs.Pothen/mesh1em6                n/a     
              gmres_inputs.Pothen/mesh2e1                 n/a     
              gmres_inputs.Pothen/mesh2em5                n/a     
              gmres_inputs.Pothen/mesh3e1                 n/a     
              gmres_inputs.Pothen/mesh3em5                n/a     
              gmres_inputs.Pothen/sphere2                 n/a     
             gmres_inputs.Precima/analytics               n/a     
               gmres_inputs.Rajat/rajat13                 n/a     
            gmres_inputs.Rommes/bips98_1450               n/a     
             gmres_inputs.Rommes/bips98_606               n/a     
           gmres_inputs.Rommes/ww_36_pmec_36              n/a     
             gmres_inputs.Sandia/ASIC_100k                n/a     
             gmres_inputs.Sandia/ASIC_100ks               n/a     
             gmres_inputs.Sandia/ASIC_320ks               n/a     
             gmres_inputs.Sandia/ASIC_680k                n/a     
             gmres_inputs.Sandia/ASIC_680ks               n/a     
           gmres_inputs.Sandia/adder_dcop_31              n/a     
           gmres_inputs.Sandia/adder_dcop_32              n/a     
           gmres_inputs.Sandia/adder_dcop_33              n/a     
           gmres_inputs.Sandia/adder_dcop_34              n/a     
           gmres_inputs.Sandia/adder_dcop_35              n/a     
           gmres_inputs.Sandia/adder_dcop_36              n/a     
           gmres_inputs.Sandia/adder_dcop_37              n/a     
           gmres_inputs.Sandia/adder_dcop_38              n/a     
           gmres_inputs.Sandia/adder_dcop_40              n/a     
           gmres_inputs.Sandia/adder_dcop_41              n/a     
           gmres_inputs.Sandia/adder_dcop_42              n/a     
           gmres_inputs.Sandia/adder_dcop_43              n/a     
           gmres_inputs.Sandia/adder_dcop_44              n/a     
           gmres_inputs.Sandia/adder_dcop_45              n/a     
           gmres_inputs.Sandia/adder_dcop_46              n/a     
           gmres_inputs.Sandia/adder_dcop_47              n/a     
           gmres_inputs.Sandia/adder_dcop_48              n/a     
           gmres_inputs.Sandia/adder_dcop_49              n/a     
           gmres_inputs.Sandia/adder_dcop_50              n/a     
           gmres_inputs.Sandia/adder_dcop_51              n/a     
           gmres_inputs.Sandia/adder_dcop_52              n/a     
           gmres_inputs.Sandia/adder_dcop_53              n/a     
           gmres_inputs.Sandia/adder_dcop_54              n/a     
           gmres_inputs.Sandia/adder_dcop_55              n/a     
           gmres_inputs.Sandia/adder_dcop_57              n/a     
           gmres_inputs.Sandia/adder_dcop_58              n/a     
           gmres_inputs.Sandia/adder_dcop_59              n/a     
           gmres_inputs.Sandia/adder_dcop_60              n/a     
           gmres_inputs.Sandia/adder_dcop_61              n/a     
           gmres_inputs.Sandia/adder_dcop_62              n/a     
           gmres_inputs.Sandia/adder_dcop_63              n/a     
           gmres_inputs.Sandia/adder_dcop_64              n/a     
           gmres_inputs.Sandia/adder_dcop_65              n/a     
           gmres_inputs.Sandia/adder_dcop_66              n/a     
           gmres_inputs.Sandia/adder_dcop_67              n/a     
           gmres_inputs.Sandia/adder_dcop_68              n/a     
           gmres_inputs.Sandia/adder_dcop_69              n/a     
           gmres_inputs.Sandia/adder_trans_01          33.5±0.1ms 
           gmres_inputs.Sandia/adder_trans_02             n/a     
         gmres_inputs.Sandia/mult_dcop_02__rhs0           n/a     
        gmres_inputs.Schenk_AFE/af_shell3__rhs0           n/a     
        gmres_inputs.Schenk_AFE/af_shell4__rhs0           n/a     
        gmres_inputs.Schenk_AFE/af_shell7__rhs0           n/a     
        gmres_inputs.Schenk_AFE/af_shell8__rhs0           n/a     
           gmres_inputs.Simon/raefsky5__rhs0              n/a     
          gmres_inputs.TOKAMAK/utm1700b__rhs0             n/a     
           gmres_inputs.TOKAMAK/utm3060__rhs0             n/a     
          gmres_inputs.VDOL/hangGlider_1__rhs0            n/a     
    gmres_inputs.VDOL/tumorAntiAngiogenesis_1__rhs0       n/a     
    gmres_inputs.VDOL/tumorAntiAngiogenesis_2__rhs0       n/a     
                 gmres_inputs.VLSI/ss1                    n/a     
                gmres_inputs.Wang/swang1                  n/a     
                gmres_inputs.Wang/swang2                  n/a     
                gmres_inputs.Zhao/Zhao1                   n/a     
   ================================================= =============
INFO:root:...nford.BellmanFordBenchmark.time_bellman_ford

·· ...nford.BellmanFordBenchmark.time_bellman_ford