---------------------------------------
Begin Slurm Prolog: Sep-10-2026 16:22:49
Job ID:    13072379
User ID:   wahrens6
Account:   gts-wahrens6
Job name:  saps-competition
Partition: cpu-small
QOS:       inferno
---------------------------------------
INFO:root:Using SAPS config: {'//': 'Competition config using ASV-native include entries. Each include is one competitor environment with its own dependencies.', 'environment_type': 'virtualenv', 'install_command': ['in-dir={env_dir} python -mpip install {build_dir} --force-reinstall'], 'timeout': 60, 'resume': True, 'metrics': ['time'], 'tag': ['standard'], 'saps_dir': 'competition/run_local/task_0', 'env_dir': 'competition/run_local/task_0/env', 'results_dir': 'competition/run_local/task_0/results', 'matrix': {'env_nobuild': {'SAPS_LOG_PATH': ['/storage/scratch1/7/wahrens6/SparseArrayProgrammingSuite/competition/run_13072363/task_2/results/chunk-2/diagnostics.log'], 'REMOTE_STORAGE_BACKEND': ['s3'], 'REMOTE_STORAGE_BUCKET': ['sparse-array-programming-suite'], 'SAPS_CACHE_DIR': ['/storage/scratch1/7/wahrens6/SparseArrayProgrammingSuite/.saps/outputs/cache'], 'SAPS_MANIFEST_PATH': ['/storage/scratch1/7/wahrens6/SparseArrayProgrammingSuite/manifest.json']}}, 'exclude': [{'env_nobuild': {'SAPS_FRAMEWORK': None}}], 'include': [{'python': '3.12', 'req': {'array-api-compat': '1.15.0', 'lark': '1.3.1', 'networkx': '3.6', 'numpy': '2.3', 'scipy': '1.17.1', 'sparse': '0.17.0', 'ssgetpy': '1.0rc2'}, 'env_nobuild': {'SAPS_FRAMEWORK': 'frameworks/saps_numpy.py', 'SAPS_REPO_ROOT': '.', 'SAPS_LOG_PATH': '/storage/scratch1/7/wahrens6/SparseArrayProgrammingSuite/competition/run_13072363/task_2/results/chunk-2/diagnostics.log', 'REMOTE_STORAGE_BACKEND': 's3', 'REMOTE_STORAGE_BUCKET': 'sparse-array-programming-suite', 'SAPS_CACHE_DIR': '/storage/scratch1/7/wahrens6/SparseArrayProgrammingSuite/.saps/outputs/cache', 'SAPS_MANIFEST_PATH': '/storage/scratch1/7/wahrens6/SparseArrayProgrammingSuite/manifest.json'}}, {'python': '3.12', 'req': {'array-api-compat': '1.15.0', 'lark': '1.3.1', 'networkx': '3.6', 'numpy': '2.3', 'scipy': '1.17.1', 'sparse': '0.17.0', 'ssgetpy': '1.0rc2'}, 'env_nobuild': {'SAPS_FRAMEWORK': 'frameworks/saps_scipy.py', 'SAPS_REPO_ROOT': '.', 'SAPS_LOG_PATH': '/storage/scratch1/7/wahrens6/SparseArrayProgrammingSuite/competition/run_13072363/task_2/results/chunk-2/diagnostics.log', 'REMOTE_STORAGE_BACKEND': 's3', 'REMOTE_STORAGE_BUCKET': 'sparse-array-programming-suite', 'SAPS_CACHE_DIR': '/storage/scratch1/7/wahrens6/SparseArrayProgrammingSuite/.saps/outputs/cache', 'SAPS_MANIFEST_PATH': '/storage/scratch1/7/wahrens6/SparseArrayProgrammingSuite/manifest.json'}}, {'python': '3.12', 'req': {'array-api-compat': '1.15.0', 'lark': '1.3.1', 'networkx': '3.6', 'numpy': '2.3', 'scipy': '1.17.1', 'sparse': '0.17.0', 'ssgetpy': '1.0rc2'}, 'env_nobuild': {'SAPS_FRAMEWORK': 'frameworks/saps_sparse.py', 'SAPS_REPO_ROOT': '.', 'SAPS_LOG_PATH': '/storage/scratch1/7/wahrens6/SparseArrayProgrammingSuite/competition/run_13072363/task_2/results/chunk-2/diagnostics.log', 'REMOTE_STORAGE_BACKEND': 's3', 'REMOTE_STORAGE_BUCKET': 'sparse-array-programming-suite', 'SAPS_CACHE_DIR': '/storage/scratch1/7/wahrens6/SparseArrayProgrammingSuite/.saps/outputs/cache', 'SAPS_MANIFEST_PATH': '/storage/scratch1/7/wahrens6/SparseArrayProgrammingSuite/manifest.json'}}, {'python': '3.12', 'req': {'array-api-compat': '1.15.0', 'lark': '1.3.1', 'networkx': '3.6', 'numpy': '2.3', 'scipy': '1.17.1', 'sparse': '0.17.0', 'ssgetpy': '1.0rc2', 'torch': '2.12.1'}, 'env_nobuild': {'SAPS_FRAMEWORK': 'frameworks/saps_pytorch.py', 'SAPS_REPO_ROOT': '.', 'SAPS_LOG_PATH': '/storage/scratch1/7/wahrens6/SparseArrayProgrammingSuite/competition/run_13072363/task_2/results/chunk-2/diagnostics.log', 'REMOTE_STORAGE_BACKEND': 's3', 'REMOTE_STORAGE_BUCKET': 'sparse-array-programming-suite', 'SAPS_CACHE_DIR': '/storage/scratch1/7/wahrens6/SparseArrayProgrammingSuite/.saps/outputs/cache', 'SAPS_MANIFEST_PATH': '/storage/scratch1/7/wahrens6/SparseArrayProgrammingSuite/manifest.json'}}]}
· Using SAPS config: {'//': 'Competition config using ASV-native include entries. Each include is one competitor environment with its own dependencies.', 'environment_type': 'virtualenv', 'install_command': ['in-dir={env_dir} python -mpip install {build_dir} --force-reinstall'], 'timeout': 60, 'resume': True, 'metrics': ['time'], 'tag': ['standard'], 'saps_dir': 'competition/run_local/task_0', 'env_dir': 'competition/run_local/task_0/env', 'results_dir': 'competition/run_local/task_0/results', 'matrix': {'env_nobuild': {'SAPS_LOG_PATH': ['/storage/scratch1/7/wahrens6/SparseArrayProgrammingSuite/competition/run_13072363/task_2/results/chunk-2/diagnostics.log'], 'REMOTE_STORAGE_BACKEND': ['s3'], 'REMOTE_STORAGE_BUCKET': ['sparse-array-programming-suite'], 'SAPS_CACHE_DIR': ['/storage/scratch1/7/wahrens6/SparseArrayProgrammingSuite/.saps/outputs/cache'], 'SAPS_MANIFEST_PATH': ['/storage/scratch1/7/wahrens6/SparseArrayProgrammingSuite/manifest.json']}}, 'exclude': [{'env_nobuild': {'SAPS_FRAMEWORK': None}}], 'include': [{'python': '3.12', 'req': {'array-api-compat': '1.15.0', 'lark': '1.3.1', 'networkx': '3.6', 'numpy': '2.3', 'scipy': '1.17.1', 'sparse': '0.17.0', 'ssgetpy': '1.0rc2'}, 'env_nobuild': {'SAPS_FRAMEWORK': 'frameworks/saps_numpy.py', 'SAPS_REPO_ROOT': '.', 'SAPS_LOG_PATH': '/storage/scratch1/7/wahrens6/SparseArrayProgrammingSuite/competition/run_13072363/task_2/results/chunk-2/diagnostics.log', 'REMOTE_STORAGE_BACKEND': 's3', 'REMOTE_STORAGE_BUCKET': 'sparse-array-programming-suite', 'SAPS_CACHE_DIR': '/storage/scratch1/7/wahrens6/SparseArrayProgrammingSuite/.saps/outputs/cache', 'SAPS_MANIFEST_PATH': '/storage/scratch1/7/wahrens6/SparseArrayProgrammingSuite/manifest.json'}}, {'python': '3.12', 'req': {'array-api-compat': '1.15.0', 'lark': '1.3.1', 'networkx': '3.6', 'numpy': '2.3', 'scipy': '1.17.1', 'sparse': '0.17.0', 'ssgetpy': '1.0rc2'}, 'env_nobuild': {'SAPS_FRAMEWORK': 'frameworks/saps_scipy.py', 'SAPS_REPO_ROOT': '.', 'SAPS_LOG_PATH': '/storage/scratch1/7/wahrens6/SparseArrayProgrammingSuite/competition/run_13072363/task_2/results/chunk-2/diagnostics.log', 'REMOTE_STORAGE_BACKEND': 's3', 'REMOTE_STORAGE_BUCKET': 'sparse-array-programming-suite', 'SAPS_CACHE_DIR': '/storage/scratch1/7/wahrens6/SparseArrayProgrammingSuite/.saps/outputs/cache', 'SAPS_MANIFEST_PATH': '/storage/scratch1/7/wahrens6/SparseArrayProgrammingSuite/manifest.json'}}, {'python': '3.12', 'req': {'array-api-compat': '1.15.0', 'lark': '1.3.1', 'networkx': '3.6', 'numpy': '2.3', 'scipy': '1.17.1', 'sparse': '0.17.0', 'ssgetpy': '1.0rc2'}, 'env_nobuild': {'SAPS_FRAMEWORK': 'frameworks/saps_sparse.py', 'SAPS_REPO_ROOT': '.', 'SAPS_LOG_PATH': '/storage/scratch1/7/wahrens6/SparseArrayProgrammingSuite/competition/run_13072363/task_2/results/chunk-2/diagnostics.log', 'REMOTE_STORAGE_BACKEND': 's3', 'REMOTE_STORAGE_BUCKET': 'sparse-array-programming-suite', 'SAPS_CACHE_DIR': '/storage/scratch1/7/wahrens6/SparseArrayProgrammingSuite/.saps/outputs/cache', 'SAPS_MANIFEST_PATH': '/storage/scratch1/7/wahrens6/SparseArrayProgrammingSuite/manifest.json'}}, {'python': '3.12', 'req': {'array-api-compat': '1.15.0', 'lark': '1.3.1', 'networkx': '3.6', 'numpy': '2.3', 'scipy': '1.17.1', 'sparse': '0.17.0', 'ssgetpy': '1.0rc2', 'torch': '2.12.1'}, 'env_nobuild': {'SAPS_FRAMEWORK': 'frameworks/saps_pytorch.py', 'SAPS_REPO_ROOT': '.', 'SAPS_LOG_PATH': '/storage/scratch1/7/wahrens6/SparseArrayProgrammingSuite/competition/run_13072363/task_2/results/chunk-2/diagnostics.log', 'REMOTE_STORAGE_BACKEND': 's3', 'REMOTE_STORAGE_BUCKET': 'sparse-array-programming-suite', 'SAPS_CACHE_DIR': '/storage/scratch1/7/wahrens6/SparseArrayProgrammingSuite/.saps/outputs/cache', 'SAPS_MANIFEST_PATH': '/storage/scratch1/7/wahrens6/SparseArrayProgrammingSuite/manifest.json'}}]}INFO:root:Using SAPS outputs directory: /storage/scratch1/7/wahrens6/SparseArrayProgrammingSuite/competition/run_13072363/task_2/outputs/chunk-2

· Using SAPS outputs directory: /storage/scratch1/7/wahrens6/SparseArrayProgrammingSuite/competition/run_13072363/task_2/outputs/chunk-2INFO:root:Using SAPS dataset cache: /storage/scratch1/7/wahrens6/SparseArrayProgrammingSuite/.saps/outputs/cache

· Using SAPS dataset cache: /storage/scratch1/7/wahrens6/SparseArrayProgrammingSuite/.saps/outputs/cacheINFO:root:Using SAPS machine files directory: /storage/scratch1/7/wahrens6/SparseArrayProgrammingSuite/competition/run_13072363/task_2/machine_files/chunk-2

· Using SAPS machine files directory: /storage/scratch1/7/wahrens6/SparseArrayProgrammingSuite/competition/run_13072363/task_2/machine_files/chunk-2INFO:root:Discovering benchmarks

· Discovering benchmarksINFO:root:Creating environments
Discovered 12 benchmark entries
Using timeout: 60 seconds

· Creating environmentsINFO:root:Uninstalling from virtualenv-py3.12-array-api-compat1.15.0-lark1.3.1-networkx3.6-numpy2.3-scipy1.17.1-sparse0.17.0-ssgetpy1.0rc2-REMOTE_STORAGE_BACKENDs3-REMOTE_STORAGE_BUCKETsparse-array-programming-suite-SAPS_CACHE_DIR_storage_scratch1_7_wahrens6_SparseArrayProgrammingSuite_.saps_outputs_cache-SAPS_FRAMEWORK_storage_scratch1_7_wahrens6_SparseArrayProgrammingSuite_frameworks_saps_numpy.py-SAPS_LOG_PATH_storage_scratch1_7_wahrens6_SparseArrayProgrammingSuite_competition_run_13072363_task_2_results_chunk-2_diagnostics.log-SAPS_MANIFEST_PATH_storage_scratch1_7_wahrens6_SparseArrayProgrammingSuite_manifest.json-SAPS_REPO_ROOT_storage_scratch1_7_wahrens6_SparseArrayProgrammingSuite

· Uninstalling from virtualenv-py3.12-array-api-compat1.15.0-lark1.3.1-networkx3.6-numpy2.3-scipy1.17.1-sparse0.17.0-ssgetpy1.0rc2-REMOTE_STORAGE_BACKENDs3-REMOTE_STORAGE_BUCKETsparse-array-programming-suite-SAPS_CACHE_DIR_storage_scratch1_7_wahrens6_SparseArrayProgrammingSuite_.saps_outputs_cache-SAPS_FRAMEWORK_storage_scratch1_7_wahrens6_SparseArrayProgrammingSuite_frameworks_saps_numpy.py-SAPS_LOG_PATH_storage_scratch1_7_wahrens6_SparseArrayProgrammingSuite_competition_run_13072363_task_2_results_chunk-2_diagnostics.log-SAPS_MANIFEST_PATH_storage_scratch1_7_wahrens6_SparseArrayProgrammingSuite_manifest.json-SAPS_REPO_ROOT_storage_scratch1_7_wahrens6_SparseArrayProgrammingSuiteINFO:root:Building e00ec0f4 <wma/fix-runner> for virtualenv-py3.12-array-api-compat1.15.0-lark1.3.1-networkx3.6-numpy2.3-scipy1.17.1-sparse0.17.0-ssgetpy1.0rc2-REMOTE_STORAGE_BACKENDs3-REMOTE_STORAGE_BUCKETsparse-array-programming-suite-SAPS_CACHE_DIR_storage_scratch1_7_wahrens6_SparseArrayProgrammingSuite_.saps_outputs_cache-SAPS_FRAMEWORK_storage_scratch1_7_wahrens6_SparseArrayProgrammingSuite_frameworks_saps_numpy.py-SAPS_LOG_PATH_storage_scratch1_7_wahrens6_SparseArrayProgrammingSuite_competition_run_13072363_task_2_results_chunk-2_diagnostics.log-SAPS_MANIFEST_PATH_storage_scratch1_7_wahrens6_SparseArrayProgrammingSuite_manifest.json-SAPS_REPO_ROOT_storage_scratch1_7_wahrens6_SparseArrayProgrammingSuite

· Building e00ec0f4 <wma/fix-runner> for virtualenv-py3.12-array-api-compat1.15.0-lark1.3.1-networkx3.6-numpy2.3-scipy1.17.1-sparse0.17.0-ssgetpy1.0rc2-REMOTE_STORAGE_BACKENDs3-REMOTE_STORAGE_BUCKETsparse-array-programming-suite-SAPS_CACHE_DIR_storage_scratch1_7_wahrens6_SparseArrayProgrammingSuite_.saps_outputs_cache-SAPS_FRAMEWORK_storage_scratch1_7_wahrens6_SparseArrayProgrammingSuite_frameworks_saps_numpy.py-SAPS_LOG_PATH_storage_scratch1_7_wahrens6_SparseArrayProgrammingSuite_competition_run_13072363_task_2_results_chunk-2_diagnostics.log-SAPS_MANIFEST_PATH_storage_scratch1_7_wahrens6_SparseArrayProgrammingSuite_manifest.json-SAPS_REPO_ROOT_storage_scratch1_7_wahrens6_SparseArrayProgrammingSuiteINFO:root:Installing e00ec0f4 <wma/fix-runner> into virtualenv-py3.12-array-api-compat1.15.0-lark1.3.1-networkx3.6-numpy2.3-scipy1.17.1-sparse0.17.0-ssgetpy1.0rc2-REMOTE_STORAGE_BACKENDs3-REMOTE_STORAGE_BUCKETsparse-array-programming-suite-SAPS_CACHE_DIR_storage_scratch1_7_wahrens6_SparseArrayProgrammingSuite_.saps_outputs_cache-SAPS_FRAMEWORK_storage_scratch1_7_wahrens6_SparseArrayProgrammingSuite_frameworks_saps_numpy.py-SAPS_LOG_PATH_storage_scratch1_7_wahrens6_SparseArrayProgrammingSuite_competition_run_13072363_task_2_results_chunk-2_diagnostics.log-SAPS_MANIFEST_PATH_storage_scratch1_7_wahrens6_SparseArrayProgrammingSuite_manifest.json-SAPS_REPO_ROOT_storage_scratch1_7_wahrens6_SparseArrayProgrammingSuite

· Installing e00ec0f4 <wma/fix-runner> into virtualenv-py3.12-array-api-compat1.15.0-lark1.3.1-networkx3.6-numpy2.3-scipy1.17.1-sparse0.17.0-ssgetpy1.0rc2-REMOTE_STORAGE_BACKENDs3-REMOTE_STORAGE_BUCKETsparse-array-programming-suite-SAPS_CACHE_DIR_storage_scratch1_7_wahrens6_SparseArrayProgrammingSuite_.saps_outputs_cache-SAPS_FRAMEWORK_storage_scratch1_7_wahrens6_SparseArrayProgrammingSuite_frameworks_saps_numpy.py-SAPS_LOG_PATH_storage_scratch1_7_wahrens6_SparseArrayProgrammingSuite_competition_run_13072363_task_2_results_chunk-2_diagnostics.log-SAPS_MANIFEST_PATH_storage_scratch1_7_wahrens6_SparseArrayProgrammingSuite_manifest.json-SAPS_REPO_ROOT_storage_scratch1_7_wahrens6_SparseArrayProgrammingSuiteINFO:root:Benchmarking virtualenv-py3.12-array-api-compat1.15.0-lark1.3.1-networkx3.6-numpy2.3-scipy1.17.1-sparse0.17.0-ssgetpy1.0rc2-REMOTE_STORAGE_BACKENDs3-REMOTE_STORAGE_BUCKETsparse-array-programming-suite-SAPS_CACHE_DIR_storage_scratch1_7_wahrens6_SparseArrayProgrammingSuite_.saps_outputs_cache-SAPS_FRAMEWORK_storage_scratch1_7_wahrens6_SparseArrayProgrammingSuite_frameworks_saps_numpy.py-SAPS_LOG_PATH_storage_scratch1_7_wahrens6_SparseArrayProgrammingSuite_competition_run_13072363_task_2_results_chunk-2_diagnostics.log-SAPS_MANIFEST_PATH_storage_scratch1_7_wahrens6_SparseArrayProgrammingSuite_manifest.json-SAPS_REPO_ROOT_storage_scratch1_7_wahrens6_SparseArrayProgrammingSuite

· Benchmarking virtualenv-py3.12-array-api-compat1.15.0-lark1.3.1-networkx3.6-numpy2.3-scipy1.17.1-sparse0.17.0-ssgetpy1.0rc2-REMOTE_STORAGE_BACKENDs3-REMOTE_STORAGE_BUCKETsparse-array-programming-suite-SAPS_CACHE_DIR_storage_scratch1_7_wahrens6_SparseArrayProgrammingSuite_.saps_outputs_cache-SAPS_FRAMEWORK_storage_scratch1_7_wahrens6_SparseArrayProgrammingSuite_frameworks_saps_numpy.py-SAPS_LOG_PATH_storage_scratch1_7_wahrens6_SparseArrayProgrammingSuite_competition_run_13072363_task_2_results_chunk-2_diagnostics.log-SAPS_MANIFEST_PATH_storage_scratch1_7_wahrens6_SparseArrayProgrammingSuite_manifest.json-SAPS_REPO_ROOT_storage_scratch1_7_wahrens6_SparseArrayProgrammingSuiteINFO:root:Running (BFS.BreadthFirstSearchBenchmark.time_bfs--)

·· Running (BFS.BreadthFirstSearchBenchmark.time_bfs--).INFO:root:Running (GMRES.GMRESBenchmark.time_gmres--)

·· Running (GMRES.GMRESBenchmark.time_gmres--)..INFO:root:Running (cg.CGBenchmark.time_cg_solver--)

·· Running (cg.CGBenchmark.time_cg_solver--).....INFO:root:Running (particle_sim.ParticleSimBenchmark.time_particle_sim--)

·· Running (particle_sim.ParticleSimBenchmark.time_particle_sim--).INFO:root:Running (preconditioned_cg.JacobiPreconditionedCGBenchmark.time_jacobi_preconditioned_cg--)

·· Running (preconditioned_cg.JacobiPreconditionedCGBenchmark.time_jacobi_preconditioned_cg--)...INFO:root:BFS.BreadthFirstSearchBenchmark.time_bfs

·· BFS.BreadthFirstSearchBenchmark.time_bfs              5/330 failedINFO:root:========================================= ========
                 dataset                          
----------------------------------------- --------
      bfs_inputs.snap-email-Eu-core         n/a   
    bfs_inputs.snap-facebook_combined       n/a   
         bfs_inputs.snap-ca-GrQc            n/a   
      bfs_inputs.snap-p2p-Gnutella04        n/a   
      bfs_test_inputs.test_bfs_basic        n/a   
   bfs_test_inputs.test_bfs_single_node     n/a   
  bfs_test_inputs.test_bfs_disconnected     n/a   
   bfs_test_inputs.test_bfs_undirected      n/a   
      bfs_test_inputs.test_bfs_cycle        n/a   
    bfs_test_inputs.test_bfs_snap_toy       n/a   
   bfs_gap_inputs.GAP/GAP-road_4795720      n/a   
   bfs_gap_inputs.GAP/GAP-road_21003853     n/a   
    bfs_gap_inputs.GAP/GAP-road_417968      n/a   
   bfs_gap_inputs.GAP/GAP-road_6496511      n/a   
   bfs_gap_inputs.GAP/GAP-road_6648699      n/a   
   bfs_gap_inputs.GAP/GAP-road_9811073      n/a   
   bfs_gap_inputs.GAP/GAP-road_22247478     n/a   
   bfs_gap_inputs.GAP/GAP-road_5720252      n/a   
   bfs_gap_inputs.GAP/GAP-road_12366459     n/a   
   bfs_gap_inputs.GAP/GAP-road_20413729     n/a   
   bfs_gap_inputs.GAP/GAP-road_4217374      n/a   
   bfs_gap_inputs.GAP/GAP-road_2674749      n/a   
   bfs_gap_inputs.GAP/GAP-road_22085557     n/a   
   bfs_gap_inputs.GAP/GAP-road_19445040     n/a   
   bfs_gap_inputs.GAP/GAP-road_2360788      n/a   
   bfs_gap_inputs.GAP/GAP-road_19115968     n/a   
   bfs_gap_inputs.GAP/GAP-road_7758767      n/a   
   bfs_gap_inputs.GAP/GAP-road_13468234     n/a   
    bfs_gap_inputs.GAP/GAP-road_30367       n/a   
   bfs_gap_inputs.GAP/GAP-road_18599547     n/a   
   bfs_gap_inputs.GAP/GAP-road_7526108      n/a   
   bfs_gap_inputs.GAP/GAP-road_16836280     n/a   
   bfs_gap_inputs.GAP/GAP-road_12742067     n/a   
   bfs_gap_inputs.GAP/GAP-road_7697995      n/a   
   bfs_gap_inputs.GAP/GAP-road_5876443      n/a   
   bfs_gap_inputs.GAP/GAP-road_9616340      n/a   
   bfs_gap_inputs.GAP/GAP-road_2497673      n/a   
   bfs_gap_inputs.GAP/GAP-road_10052290     n/a   
   bfs_gap_inputs.GAP/GAP-road_12493057     n/a   
   bfs_gap_inputs.GAP/GAP-road_1670855      n/a   
   bfs_gap_inputs.GAP/GAP-road_2760679      n/a   
   bfs_gap_inputs.GAP/GAP-road_2460941      n/a   
   bfs_gap_inputs.GAP/GAP-road_8489650      n/a   
   bfs_gap_inputs.GAP/GAP-road_5005225      n/a   
   bfs_gap_inputs.GAP/GAP-road_8744645      n/a   
   bfs_gap_inputs.GAP/GAP-road_8512023      n/a   
   bfs_gap_inputs.GAP/GAP-road_21912165     n/a   
   bfs_gap_inputs.GAP/GAP-road_1105390      n/a   
   bfs_gap_inputs.GAP/GAP-road_15432163     n/a   
   bfs_gap_inputs.GAP/GAP-road_1600177      n/a   
   bfs_gap_inputs.GAP/GAP-road_19079469     n/a   
   bfs_gap_inputs.GAP/GAP-road_16516637    failed 
   bfs_gap_inputs.GAP/GAP-road_20202566     n/a   
   bfs_gap_inputs.GAP/GAP-road_21372803     n/a   
   bfs_gap_inputs.GAP/GAP-road_2898009      n/a   
   bfs_gap_inputs.GAP/GAP-road_8491277      n/a   
   bfs_gap_inputs.GAP/GAP-road_18798317     n/a   
   bfs_gap_inputs.GAP/GAP-road_23757560     n/a   
   bfs_gap_inputs.GAP/GAP-road_17161819     n/a   
   bfs_gap_inputs.GAP/GAP-road_23180739     n/a   
   bfs_gap_inputs.GAP/GAP-road_10997085     n/a   
   bfs_gap_inputs.GAP/GAP-road_3730630      n/a   
   bfs_gap_inputs.GAP/GAP-road_1079068      n/a   
   bfs_gap_inputs.GAP/GAP-road_15426822     n/a   
   bfs_gap_inputs.GAP/GAP-road_12190925     n/a   
   bfs_gap_inputs.GAP/GAP-road_1155218      n/a   
   bfs_gap_inputs.GAP/GAP-road_10693488     n/a   
   bfs_gap_inputs.GAP/GAP-road_14434835     n/a   
   bfs_gap_inputs.GAP/GAP-road_19963339     n/a   
   bfs_gap_inputs.GAP/GAP-road_3486185      n/a   
   bfs_gap_inputs.GAP/GAP-road_18383269     n/a   
   bfs_gap_inputs.GAP/GAP-road_20269908     n/a   
   bfs_gap_inputs.GAP/GAP-road_12370764     n/a   
   bfs_gap_inputs.GAP/GAP-road_7843140      n/a   
 bfs_gap_inputs.GAP/GAP-twitter_12441072    n/a   
 bfs_gap_inputs.GAP/GAP-twitter_54488257    n/a   
 bfs_gap_inputs.GAP/GAP-twitter_25451915    n/a   
 bfs_gap_inputs.GAP/GAP-twitter_57714473    n/a   
 bfs_gap_inputs.GAP/GAP-twitter_14839494    n/a   
 bfs_gap_inputs.GAP/GAP-twitter_32081104    n/a   
 bfs_gap_inputs.GAP/GAP-twitter_52957357    n/a   
 bfs_gap_inputs.GAP/GAP-twitter_50444380    n/a   
 bfs_gap_inputs.GAP/GAP-twitter_49590701    n/a   
 bfs_gap_inputs.GAP/GAP-twitter_20127816    n/a   
 bfs_gap_inputs.GAP/GAP-twitter_34939333    n/a   
 bfs_gap_inputs.GAP/GAP-twitter_48251001    n/a   
 bfs_gap_inputs.GAP/GAP-twitter_19524253    n/a   
 bfs_gap_inputs.GAP/GAP-twitter_43676726    n/a   
 bfs_gap_inputs.GAP/GAP-twitter_33055508    n/a   
 bfs_gap_inputs.GAP/GAP-twitter_15244687    n/a   
 bfs_gap_inputs.GAP/GAP-twitter_24946738    n/a   
  bfs_gap_inputs.GAP/GAP-twitter_6479472    n/a   
 bfs_gap_inputs.GAP/GAP-twitter_26077682    n/a   
 bfs_gap_inputs.GAP/GAP-twitter_22023875    n/a   
 bfs_gap_inputs.GAP/GAP-twitter_22081915    n/a   
 bfs_gap_inputs.GAP/GAP-twitter_40034162    n/a   
 bfs_gap_inputs.GAP/GAP-twitter_49496014    n/a   
 bfs_gap_inputs.GAP/GAP-twitter_42847507    n/a   
 bfs_gap_inputs.GAP/GAP-twitter_52409557    n/a   
 bfs_gap_inputs.GAP/GAP-twitter_55445388    n/a   
 bfs_gap_inputs.GAP/GAP-twitter_22028097    n/a   
 bfs_gap_inputs.GAP/GAP-twitter_48766648    n/a   
 bfs_gap_inputs.GAP/GAP-twitter_44521241    n/a   
 bfs_gap_inputs.GAP/GAP-twitter_60135542    n/a   
 bfs_gap_inputs.GAP/GAP-twitter_28528671    n/a   
  bfs_gap_inputs.GAP/GAP-twitter_9678012    n/a   
 bfs_gap_inputs.GAP/GAP-twitter_40020306    n/a   
 bfs_gap_inputs.GAP/GAP-twitter_31625735    n/a   
 bfs_gap_inputs.GAP/GAP-twitter_37446892    n/a   
 bfs_gap_inputs.GAP/GAP-twitter_51788952    n/a   
 bfs_gap_inputs.GAP/GAP-twitter_52584255    n/a   
 bfs_gap_inputs.GAP/GAP-twitter_20346696    n/a   
 bfs_gap_inputs.GAP/GAP-twitter_48387909    n/a   
 bfs_gap_inputs.GAP/GAP-twitter_37337427    n/a   
 bfs_gap_inputs.GAP/GAP-twitter_50501084    n/a   
 bfs_gap_inputs.GAP/GAP-twitter_30130061   failed 
 bfs_gap_inputs.GAP/GAP-twitter_41185893    n/a   
 bfs_gap_inputs.GAP/GAP-twitter_56495703    n/a   
 bfs_gap_inputs.GAP/GAP-twitter_45663305    n/a   
 bfs_gap_inputs.GAP/GAP-twitter_33359460    n/a   
 bfs_gap_inputs.GAP/GAP-twitter_48143058    n/a   
 bfs_gap_inputs.GAP/GAP-twitter_33291513    n/a   
 bfs_gap_inputs.GAP/GAP-twitter_53461445    n/a   
 bfs_gap_inputs.GAP/GAP-twitter_29340610    n/a   
 bfs_gap_inputs.GAP/GAP-twitter_34148498    n/a   
 bfs_gap_inputs.GAP/GAP-twitter_49171806    n/a   
 bfs_gap_inputs.GAP/GAP-twitter_35550696    n/a   
 bfs_gap_inputs.GAP/GAP-twitter_14521507    n/a   
 bfs_gap_inputs.GAP/GAP-twitter_51633218    n/a   
 bfs_gap_inputs.GAP/GAP-twitter_46823382    n/a   
 bfs_gap_inputs.GAP/GAP-twitter_19396273    n/a   
 bfs_gap_inputs.GAP/GAP-twitter_19871750    n/a   
 bfs_gap_inputs.GAP/GAP-twitter_36862677    n/a   
 bfs_gap_inputs.GAP/GAP-twitter_49539126    n/a   
 bfs_gap_inputs.GAP/GAP-twitter_34016452    n/a   
 bfs_gap_inputs.GAP/GAP-twitter_36567395    n/a   
 bfs_gap_inputs.GAP/GAP-twitter_55487793    n/a   
 bfs_gap_inputs.GAP/GAP-twitter_14391370    n/a   
   bfs_gap_inputs.GAP/GAP-web_10219452      n/a   
   bfs_gap_inputs.GAP/GAP-web_44758211      n/a   
    bfs_gap_inputs.GAP/GAP-web_890671       n/a   
   bfs_gap_inputs.GAP/GAP-web_13843756      n/a   
   bfs_gap_inputs.GAP/GAP-web_14168062      n/a   
   bfs_gap_inputs.GAP/GAP-web_20906930      n/a   
   bfs_gap_inputs.GAP/GAP-web_12189584      n/a   
   bfs_gap_inputs.GAP/GAP-web_26352335      n/a   
   bfs_gap_inputs.GAP/GAP-web_43500686      n/a   
    bfs_gap_inputs.GAP/GAP-web_8987024      n/a   
    bfs_gap_inputs.GAP/GAP-web_5699762      n/a   
   bfs_gap_inputs.GAP/GAP-web_41436455      n/a   
    bfs_gap_inputs.GAP/GAP-web_5030727      n/a   
   bfs_gap_inputs.GAP/GAP-web_40735218      n/a   
   bfs_gap_inputs.GAP/GAP-web_16533563      n/a   
   bfs_gap_inputs.GAP/GAP-web_28700166      n/a   
     bfs_gap_inputs.GAP/GAP-web_64711       n/a   
   bfs_gap_inputs.GAP/GAP-web_39634750      n/a   
   bfs_gap_inputs.GAP/GAP-web_16037779      n/a   
   bfs_gap_inputs.GAP/GAP-web_27152739      n/a   
   bfs_gap_inputs.GAP/GAP-web_16404061      n/a   
   bfs_gap_inputs.GAP/GAP-web_20491963      n/a   
    bfs_gap_inputs.GAP/GAP-web_5322423      n/a   
   bfs_gap_inputs.GAP/GAP-web_21420953      n/a   
   bfs_gap_inputs.GAP/GAP-web_26622109      n/a   
    bfs_gap_inputs.GAP/GAP-web_5882875      n/a   
   bfs_gap_inputs.GAP/GAP-web_18091040      n/a   
   bfs_gap_inputs.GAP/GAP-web_10665896      n/a   
   bfs_gap_inputs.GAP/GAP-web_18634422      n/a   
   bfs_gap_inputs.GAP/GAP-web_18138715      n/a   
    bfs_gap_inputs.GAP/GAP-web_2355535      n/a   
   bfs_gap_inputs.GAP/GAP-web_32885205      n/a   
   bfs_gap_inputs.GAP/GAP-web_40657440      n/a   
   bfs_gap_inputs.GAP/GAP-web_35196167      n/a   
   bfs_gap_inputs.GAP/GAP-web_45544426      n/a   
    bfs_gap_inputs.GAP/GAP-web_6175519      n/a   
   bfs_gap_inputs.GAP/GAP-web_40058318      n/a   
   bfs_gap_inputs.GAP/GAP-web_50626230      n/a   
   bfs_gap_inputs.GAP/GAP-web_36571019      n/a   
   bfs_gap_inputs.GAP/GAP-web_49397052      n/a   
   bfs_gap_inputs.GAP/GAP-web_23434265      n/a   
    bfs_gap_inputs.GAP/GAP-web_2299444     failed 
   bfs_gap_inputs.GAP/GAP-web_32873823      n/a   
   bfs_gap_inputs.GAP/GAP-web_25978282      n/a   
    bfs_gap_inputs.GAP/GAP-web_2461715      n/a   
   bfs_gap_inputs.GAP/GAP-web_22787314      n/a   
   bfs_gap_inputs.GAP/GAP-web_30759947      n/a   
    bfs_gap_inputs.GAP/GAP-web_7428894      n/a   
   bfs_gap_inputs.GAP/GAP-web_39173870      n/a   
   bfs_gap_inputs.GAP/GAP-web_43194209      n/a   
   bfs_gap_inputs.GAP/GAP-web_26361509      n/a   
   bfs_gap_inputs.GAP/GAP-web_39747211      n/a   
   bfs_gap_inputs.GAP/GAP-web_30670029      n/a   
   bfs_gap_inputs.GAP/GAP-web_41483033      n/a   
    bfs_gap_inputs.GAP/GAP-web_9358666      n/a   
    bfs_gap_inputs.GAP/GAP-web_9945008      n/a   
    bfs_gap_inputs.GAP/GAP-web_3355244      n/a   
   bfs_gap_inputs.GAP/GAP-web_33831269      n/a   
   bfs_gap_inputs.GAP/GAP-web_45124744      n/a   
   bfs_gap_inputs.GAP/GAP-web_16137877      n/a   
   bfs_gap_inputs.GAP/GAP-web_11235448      n/a   
   bfs_gap_inputs.GAP/GAP-web_37509144      n/a   
   bfs_gap_inputs.GAP/GAP-web_27402414      n/a   
   bfs_gap_inputs.GAP/GAP-web_39546083      n/a   
   bfs_gap_inputs.GAP/GAP-kron_2338012      n/a   
   bfs_gap_inputs.GAP/GAP-kron_31997659     n/a   
   bfs_gap_inputs.GAP/GAP-kron_23590940     n/a   
   bfs_gap_inputs.GAP/GAP-kron_43400604     n/a   
   bfs_gap_inputs.GAP/GAP-kron_75337937     n/a   
    bfs_gap_inputs.GAP/GAP-kron_169867      n/a   
  bfs_gap_inputs.GAP/GAP-kron_104041220     n/a   
   bfs_gap_inputs.GAP/GAP-kron_94177942     n/a   
   bfs_gap_inputs.GAP/GAP-kron_32871357     n/a   
   bfs_gap_inputs.GAP/GAP-kron_56230002     n/a   
   bfs_gap_inputs.GAP/GAP-kron_69883037     n/a   
   bfs_gap_inputs.GAP/GAP-kron_9346345      n/a   
   bfs_gap_inputs.GAP/GAP-kron_48915358     n/a   
  bfs_gap_inputs.GAP/GAP-kron_122571173     n/a   
   bfs_gap_inputs.GAP/GAP-kron_6183279      n/a   
   bfs_gap_inputs.GAP/GAP-kron_86323663     n/a   
  bfs_gap_inputs.GAP/GAP-kron_106725780     n/a   
   bfs_gap_inputs.GAP/GAP-kron_92389938     n/a   
   bfs_gap_inputs.GAP/GAP-kron_16210738     n/a   
   bfs_gap_inputs.GAP/GAP-kron_59816700     n/a   
  bfs_gap_inputs.GAP/GAP-kron_111669929     n/a   
  bfs_gap_inputs.GAP/GAP-kron_102831411     n/a   
  bfs_gap_inputs.GAP/GAP-kron_113384800     n/a   
   bfs_gap_inputs.GAP/GAP-kron_43872564     n/a   
   bfs_gap_inputs.GAP/GAP-kron_80508827     n/a   
   bfs_gap_inputs.GAP/GAP-kron_26105648     n/a   
   bfs_gap_inputs.GAP/GAP-kron_8807516      n/a   
  bfs_gap_inputs.GAP/GAP-kron_118452455     n/a   
  bfs_gap_inputs.GAP/GAP-kron_121818859     n/a   
   bfs_gap_inputs.GAP/GAP-kron_42361928     n/a   
   bfs_gap_inputs.GAP/GAP-kron_29493053     n/a   
   bfs_gap_inputs.GAP/GAP-kron_98461503     n/a   
   bfs_gap_inputs.GAP/GAP-kron_71931337     n/a   
  bfs_gap_inputs.GAP/GAP-kron_103808468     n/a   
   bfs_gap_inputs.GAP/GAP-kron_4092345      n/a   
  bfs_gap_inputs.GAP/GAP-kron_115276241     n/a   
   bfs_gap_inputs.GAP/GAP-kron_4649343      n/a   
   bfs_gap_inputs.GAP/GAP-kron_76656189     n/a   
   bfs_gap_inputs.GAP/GAP-kron_31312001     n/a   
  bfs_gap_inputs.GAP/GAP-kron_111334127     n/a   
  bfs_gap_inputs.GAP/GAP-kron_100962918     n/a   
   bfs_gap_inputs.GAP/GAP-kron_41823215    failed 
   bfs_gap_inputs.GAP/GAP-kron_22631240     n/a   
   bfs_gap_inputs.GAP/GAP-kron_42848461     n/a   
   bfs_gap_inputs.GAP/GAP-kron_79485148     n/a   
  bfs_gap_inputs.GAP/GAP-kron_106818742     n/a   
   bfs_gap_inputs.GAP/GAP-kron_73347974     n/a   
   bfs_gap_inputs.GAP/GAP-kron_78848445     n/a   
  bfs_gap_inputs.GAP/GAP-kron_109920510     n/a   
  bfs_gap_inputs.GAP/GAP-kron_121492133     n/a   
  bfs_gap_inputs.GAP/GAP-kron_101037296     n/a   
   bfs_gap_inputs.GAP/GAP-kron_15438600     n/a   
   bfs_gap_inputs.GAP/GAP-kron_4584784      n/a   
  bfs_gap_inputs.GAP/GAP-kron_124503845     n/a   
   bfs_gap_inputs.GAP/GAP-kron_87241743     n/a   
  bfs_gap_inputs.GAP/GAP-kron_108297008     n/a   
   bfs_gap_inputs.GAP/GAP-kron_33955082     n/a   
   bfs_gap_inputs.GAP/GAP-kron_79934823     n/a   
   bfs_gap_inputs.GAP/GAP-kron_8608481      n/a   
   bfs_gap_inputs.GAP/GAP-kron_82435063     n/a   
   bfs_gap_inputs.GAP/GAP-kron_46579271     n/a   
    bfs_gap_inputs.GAP/GAP-kron_515421      n/a   
  bfs_gap_inputs.GAP/GAP-kron_121530467     n/a   
  bfs_gap_inputs.GAP/GAP-kron_127978736     n/a   
  bfs_gap_inputs.GAP/GAP-urand_27691419     n/a   
  bfs_gap_inputs.GAP/GAP-urand_121280314    n/a   
   bfs_gap_inputs.GAP/GAP-urand_2413431     n/a   
  bfs_gap_inputs.GAP/GAP-urand_37512113     n/a   
  bfs_gap_inputs.GAP/GAP-urand_38390877     n/a   
  bfs_gap_inputs.GAP/GAP-urand_56651037     n/a   
  bfs_gap_inputs.GAP/GAP-urand_128461248    n/a   
  bfs_gap_inputs.GAP/GAP-urand_33029842     n/a   
  bfs_gap_inputs.GAP/GAP-urand_71406328     n/a   
  bfs_gap_inputs.GAP/GAP-urand_117872827    n/a   
  bfs_gap_inputs.GAP/GAP-urand_24351938     n/a   
  bfs_gap_inputs.GAP/GAP-urand_15444519     n/a   
  bfs_gap_inputs.GAP/GAP-urand_127526281    n/a   
  bfs_gap_inputs.GAP/GAP-urand_112279428    n/a   
  bfs_gap_inputs.GAP/GAP-urand_13631649     n/a   
  bfs_gap_inputs.GAP/GAP-urand_110379302    n/a   
  bfs_gap_inputs.GAP/GAP-urand_44800623     n/a   
  bfs_gap_inputs.GAP/GAP-urand_77768193     n/a   
   bfs_gap_inputs.GAP/GAP-urand_175347      n/a   
  bfs_gap_inputs.GAP/GAP-urand_107397389    n/a   
  bfs_gap_inputs.GAP/GAP-urand_43457209     n/a   
  bfs_gap_inputs.GAP/GAP-urand_97215940     n/a   
  bfs_gap_inputs.GAP/GAP-urand_73575165     n/a   
  bfs_gap_inputs.GAP/GAP-urand_44449715     n/a   
  bfs_gap_inputs.GAP/GAP-urand_33931724     n/a   
  bfs_gap_inputs.GAP/GAP-urand_55526610     n/a   
  bfs_gap_inputs.GAP/GAP-urand_14422051     n/a   
  bfs_gap_inputs.GAP/GAP-urand_58043873     n/a   
  bfs_gap_inputs.GAP/GAP-urand_72137329     n/a   
   bfs_gap_inputs.GAP/GAP-urand_9647840     n/a   
  bfs_gap_inputs.GAP/GAP-urand_15940695     n/a   
  bfs_gap_inputs.GAP/GAP-urand_14209952     n/a   
  bfs_gap_inputs.GAP/GAP-urand_49020883     n/a   
  bfs_gap_inputs.GAP/GAP-urand_28901138     n/a   
  bfs_gap_inputs.GAP/GAP-urand_50493273     n/a   
  bfs_gap_inputs.GAP/GAP-urand_49150069     n/a   
  bfs_gap_inputs.GAP/GAP-urand_126525082    n/a   
   bfs_gap_inputs.GAP/GAP-urand_6382740     n/a   
  bfs_gap_inputs.GAP/GAP-urand_89108297     n/a   
   bfs_gap_inputs.GAP/GAP-urand_9239735     n/a   
  bfs_gap_inputs.GAP/GAP-urand_110168548    n/a   
  bfs_gap_inputs.GAP/GAP-urand_95370259    failed 
  bfs_gap_inputs.GAP/GAP-urand_116653530    n/a   
  bfs_gap_inputs.GAP/GAP-urand_123410703    n/a   
  bfs_gap_inputs.GAP/GAP-urand_16733665     n/a   
  bfs_gap_inputs.GAP/GAP-urand_49030282     n/a   
  bfs_gap_inputs.GAP/GAP-urand_108545121    n/a   
  bfs_gap_inputs.GAP/GAP-urand_99095665     n/a   
  bfs_gap_inputs.GAP/GAP-urand_133850077    n/a   
  bfs_gap_inputs.GAP/GAP-urand_63499301     n/a   
  bfs_gap_inputs.GAP/GAP-urand_21541382     n/a   
   bfs_gap_inputs.GAP/GAP-urand_6230751     n/a   
  bfs_gap_inputs.GAP/GAP-urand_89077456     n/a   
  bfs_gap_inputs.GAP/GAP-urand_70392765     n/a   
   bfs_gap_inputs.GAP/GAP-urand_6670455     n/a   
  bfs_gap_inputs.GAP/GAP-urand_61746271     n/a   
  bfs_gap_inputs.GAP/GAP-urand_83349535     n/a   
  bfs_gap_inputs.GAP/GAP-urand_115272184    n/a   
  bfs_gap_inputs.GAP/GAP-urand_20129908     n/a   
  bfs_gap_inputs.GAP/GAP-urand_106148553    n/a   
  bfs_gap_inputs.GAP/GAP-urand_117042375    n/a   
  bfs_gap_inputs.GAP/GAP-urand_71431187     n/a   
  bfs_gap_inputs.GAP/GAP-urand_45287808     n/a   
  bfs_gap_inputs.GAP/GAP-urand_107702120    n/a   
========================================= ========
For parameters: bfs_gap_inputs.GAP/GAP-road_16516637
INFO root: Dataset suitesparse_matrix.GAP/GAP-road manifest metadata is stale.
INFO root: Dataset suitesparse_matrix.GAP/GAP-road regenerated.
Traceback (most recent call last):
  File "/storage/scratch1/7/wahrens6/SparseArrayProgrammingSuite/competition/run_13072363/task_2/env/chunk-2/c6e6c30cd4da42ee650d557ff6858c92/lib/python3.12/site-packages/asv_runner/server.py", line 179, in _run_server
    _run(run_args)
  File "/storage/scratch1/7/wahrens6/SparseArrayProgrammingSuite/competition/run_13072363/task_2/env/chunk-2/c6e6c30cd4da42ee650d557ff6858c92/lib/python3.12/site-packages/asv_runner/run.py", line 73, in _run
    result = benchmark.do_run()
             ^^^^^^^^^^^^^^^^^^
  File "/storage/scratch1/7/wahrens6/SparseArrayProgrammingSuite/competition/run_13072363/task_2/env/chunk-2/c6e6c30cd4da42ee650d557ff6858c92/lib/python3.12/site-packages/asv_runner/benchmarks/_base.py", line 758, in do_run
    return self.run(*self._build_params())
           ^^^^^^^^^^^^^^^^^^^^^^^^^^^^^^^
  File "/storage/scratch1/7/wahrens6/SparseArrayProgrammingSuite/competition/run_13072363/task_2/env/chunk-2/c6e6c30cd4da42ee650d557ff6858c92/lib/python3.12/site-packages/asv_runner/benchmarks/time.py", line 235, in run
    samples, number = self.benchmark_timing(
                      ^^^^^^^^^^^^^^^^^^^^^^
  File "/storage/scratch1/7/wahrens6/SparseArrayProgrammingSuite/competition/run_13072363/task_2/env/chunk-2/c6e6c30cd4da42ee650d557ff6858c92/lib/python3.12/site-packages/asv_runner/benchmarks/time.py", line 357, in benchmark_timing
    timing = timer.timeit(number)
             ^^^^^^^^^^^^^^^^^^^^
  File "/storage/pace-apps/spack/packages/linux-rhel9-x86_64_v3/gcc-11.3.1/python-3.12.5-5sase6atfv2x5tf7dy5x5sqfzyguhsia/lib/python3.12/timeit.py", line 180, in timeit
    timing = self.inner(it, self.timer)
             ^^^^^^^^^^^^^^^^^^^^^^^^^^
  File "<timeit-src>", line 6, in inner
  File "/storage/scratch1/7/wahrens6/SparseArrayProgrammingSuite/competition/run_13072363/task_2/env/chunk-2/c6e6c30cd4da42ee650d557ff6858c92/lib/python3.12/site-packages/asv_runner/benchmarks/time.py", line 130, in func
    self.func(*param)
  File "/storage/scratch1/7/wahrens6/SparseArrayProgrammingSuite/competition/run_13072363/task_2/env/chunk-2/c6e6c30cd4da42ee650d557ff6858c92/lib/python3.12/site-packages/saps/benchmark.py", line 360, in _time_run
    self.run(param)
  File "/storage/scratch1/7/wahrens6/SparseArrayProgrammingSuite/competition/run_13072363/task_2/env/chunk-2/c6e6c30cd4da42ee650d557ff6858c92/lib/python3.12/site-packages/saps/benchmark.py", line 432, in run
    input = [xp.from_binsparse(d) for d in self._input]
             ^^^^^^^^^^^^^^^^^^^^
  File "/storage/scratch1/7/wahrens6/SparseArrayProgrammingSuite/frameworks/saps_numpy.py", line 33, in from_binsparse
    return np.asarray(to_sparse(array).todense())
                      ^^^^^^^^^^^^^^^^^^^^^^^^^^
  File "/storage/scratch1/7/wahrens6/SparseArrayProgrammingSuite/competition/run_13072363/task_2/env/chunk-2/c6e6c30cd4da42ee650d557ff6858c92/lib/python3.12/site-packages/sparse/numba_backend/_coo/core.py", line 410, in todense
    x = np.full(self.shape, self.fill_value, self.dtype)
        ^^^^^^^^^^^^^^^^^^^^^^^^^^^^^^^^^^^^^^^^^^^^^^^^
  File "/storage/scratch1/7/wahrens6/SparseArrayProgrammingSuite/competition/run_13072363/task_2/env/chunk-2/c6e6c30cd4da42ee650d557ff6858c92/lib/python3.12/site-packages/numpy/_core/numeric.py", line 386, in full
    a = empty(shape, dtype, order, device=device)
        ^^^^^^^^^^^^^^^^^^^^^^^^^^^^^^^^^^^^^^^^^
numpy._core._exceptions._ArrayMemoryError: Unable to allocate 4.07 PiB for an array with shape (23947347, 23947347) and data type int64

For parameters: bfs_gap_inputs.GAP/GAP-twitter_30130061
INFO root: Dataset suitesparse_matrix.GAP/GAP-twitter manifest metadata is stale.

GAP-twitter:   0%|          | 0/9469180207 [00:00<?, ?B/s]
GAP-twitter:   0%|          | 278528/9469180207 [00:00<58:54, 2679121.90B/s]
GAP-twitter:   0%|          | 1425408/9469180207 [00:00<20:25, 7727703.56B/s]
GAP-twitter:   0%|          | 2998272/9469180207 [00:00<13:56, 11321562.41B/s]
GAP-twitter:   0%|          | 4407296/9469180207 [00:00<12:45, 12362378.41B/s]
GAP-twitter:   0%|          | 5931008/9469180207 [00:00<11:48, 13349070.91B/s]
GAP-twitter:   0%|          | 7503872/9469180207 [00:00<11:09, 14138897.70B/s]
GAP-twitter:   0%|          | 9125888/9469180207 [00:00<10:40, 14778353.62B/s]
GAP-twitter:   0%|          | 10715136/9469180207 [00:00<10:26, 15088985.53B/s]
GAP-twitter:   0%|          | 12353536/9469180207 [00:00<10:12, 15451597.51B/s]
GAP-twitter:   0%|          | 14041088/9469180207 [00:01<09:56, 15857582.72B/s]
GAP-twitter:   0%|          | 15663104/9469180207 [00:01<09:52, 15955286.88B/s]
GAP-twitter:   0%|          | 17301504/9469180207 [00:01<09:47, 16083415.61B/s]
GAP-twitter:   0%|          | 18956288/9469180207 [00:01<09:43, 16209257.84B/s]
GAP-twitter:   0%|          | 20676608/9469180207 [00:01<09:33, 16466547.75B/s]
GAP-twitter:   0%|          | 22396928/9469180207 [00:01<09:27, 16642904.14B/s]
GAP-twitter:   0%|          | 24150016/9469180207 [00:01<09:19, 16881955.72B/s]
GAP-twitter:   0%|          | 25870336/9469180207 [00:01<09:17, 16936822.05B/s]
GAP-twitter:   0%|          | 27590656/9469180207 [00:01<09:14, 17012456.94B/s]
GAP-twitter:   0%|          | 29327360/9469180207 [00:01<09:11, 17110093.75B/s]
GAP-twitter:   0%|          | 31047680/9469180207 [00:02<09:11, 17117935.45B/s]
GAP-twitter:   0%|          | 32849920/9469180207 [00:02<09:02, 17380077.04B/s]
GAP-twitter:   0%|          | 34603008/9469180207 [00:02<09:03, 17360035.53B/s]
GAP-twitter:   0%|          | 36339712/9469180207 [00:02<09:04, 17318160.38B/s]
GAP-twitter:   0%|          | 38076416/9469180207 [00:02<09:06, 17245043.47B/s]
GAP-twitter:   0%|          | 39813120/9469180207 [00:02<09:13, 17030330.48B/s]
GAP-twitter:   0%|          | 41549824/9469180207 [00:02<09:10, 17124039.74B/s]
GAP-twitter:   0%|          | 43270144/9469180207 [00:02<09:12, 17063983.54B/s]
GAP-twitter:   0%|          | 45006848/9469180207 [00:02<09:09, 17144888.28B/s]
GAP-twitter:   0%|          | 46743552/9469180207 [00:02<09:07, 17200629.64B/s]
GAP-twitter:   1%|          | 48496640/9469180207 [00:03<09:04, 17287372.34B/s]
GAP-twitter:   1%|          | 50233344/9469180207 [00:03<09:04, 17306790.96B/s]
GAP-twitter:   1%|          | 51986432/9469180207 [00:03<09:02, 17372537.54B/s]
GAP-twitter:   1%|          | 53739520/9469180207 [00:03<09:06, 17228891.62B/s]
GAP-twitter:   1%|          | 55476224/9469180207 [00:03<09:12, 17052371.14B/s]
GAP-twitter:   1%|          | 57196544/9469180207 [00:03<09:25, 16652810.77B/s]
GAP-twitter:   1%|          | 58867712/9469180207 [00:03<09:29, 16532225.18B/s]
GAP-twitter:   1%|          | 60571648/9469180207 [00:03<09:24, 16658933.86B/s]
GAP-twitter:   1%|          | 62275584/9469180207 [00:03<09:21, 16740300.02B/s]
GAP-twitter:   1%|          | 63979520/9469180207 [00:03<09:19, 16813744.20B/s]
GAP-twitter:   1%|          | 65732608/9469180207 [00:04<09:13, 16995327.25B/s]
GAP-twitter:   1%|          | 67436544/9469180207 [00:04<09:31, 16456057.76B/s]
GAP-twitter:   1%|          | 69140480/9469180207 [00:04<09:25, 16609927.11B/s]
GAP-twitter:   1%|          | 70844416/9469180207 [00:04<09:23, 16693269.68B/s]
GAP-twitter:   1%|          | 72531968/9469180207 [00:04<09:47, 15980797.71B/s]
GAP-twitter:   1%|          | 74334208/9469180207 [00:04<09:27, 16555779.54B/s]
GAP-twitter:   1%|          | 76005376/9469180207 [00:04<10:02, 15591034.22B/s]
GAP-twitter:   1%|          | 77742080/9469180207 [00:04<09:44, 16080727.73B/s]
GAP-twitter:   1%|          | 79380480/9469180207 [00:04<10:12, 15338594.66B/s]
GAP-twitter:   1%|          | 81149952/9469180207 [00:05<09:47, 15990316.77B/s]
GAP-twitter:   1%|          | 82771968/9469180207 [00:05<09:49, 15910856.72B/s]
GAP-twitter:   1%|          | 84377600/9469180207 [00:05<10:19, 15139491.29B/s]
GAP-twitter:   1%|          | 86179840/9469180207 [00:05<09:49, 15929332.47B/s]
GAP-twitter:   1%|          | 87801856/9469180207 [00:05<10:18, 15180218.75B/s]
GAP-twitter:   1%|          | 89571328/9469180207 [00:05<09:51, 15870740.04B/s]
GAP-twitter:   1%|          | 91308032/9469180207 [00:05<09:36, 16275538.89B/s]
GAP-twitter:   1%|          | 92962816/9469180207 [00:05<10:08, 15414606.65B/s]
GAP-twitter:   1%|          | 94715904/9469180207 [00:05<09:46, 15970199.68B/s]
GAP-twitter:   1%|          | 96337920/9469180207 [00:06<10:15, 15224171.16B/s]
GAP-twitter:   1%|          | 97992704/9469180207 [00:06<10:01, 15574765.67B/s]
GAP-twitter:   1%|          | 99565568/9469180207 [00:06<10:27, 14922581.80B/s]
GAP-twitter:   1%|          | 101236736/9469180207 [00:06<10:07, 15411007.08B/s]
GAP-twitter:   1%|          | 103006208/9469180207 [00:06<09:44, 16036557.77B/s]
GAP-twitter:   1%|          | 104628224/9469180207 [00:06<10:14, 15244129.41B/s]
GAP-twitter:   1%|          | 106430464/9469180207 [00:06<09:44, 16017005.56B/s]
GAP-twitter:   1%|          | 108052480/9469180207 [00:06<10:06, 15432562.11B/s]
GAP-twitter:   1%|          | 109871104/9469180207 [00:06<09:38, 16168756.46B/s]
GAP-twitter:   1%|          | 111509504/9469180207 [00:06<10:00, 15581436.97B/s]
GAP-twitter:   1%|          | 113311744/9469180207 [00:07<09:35, 16261179.80B/s]
GAP-twitter:   1%|          | 115163136/9469180207 [00:07<09:14, 16873243.40B/s]
GAP-twitter:   1%|          | 116867072/9469180207 [00:07<09:57, 15658042.91B/s]
GAP-twitter:   1%|▏         | 118603776/9469180207 [00:07<09:40, 16112999.26B/s]
GAP-twitter:   1%|▏         | 120242176/9469180207 [00:07<09:43, 16011173.75B/s]
GAP-twitter:   1%|▏         | 121929728/9469180207 [00:07<09:35, 16241248.50B/s]
GAP-twitter:   1%|▏         | 123617280/9469180207 [00:07<10:05, 15434306.50B/s]
GAP-twitter:   1%|▏         | 125353984/9469180207 [00:07<09:44, 15973734.40B/s]
GAP-twitter:   1%|▏         | 127057920/9469180207 [00:07<09:34, 16255878.60B/s]
GAP-twitter:   1%|▏         | 128696320/9469180207 [00:08<10:03, 15473717.31B/s]
GAP-twitter:   1%|▏         | 130531328/9469180207 [00:08<09:33, 16274554.85B/s]
GAP-twitter:   1%|▏         | 132186112/9469180207 [00:08<09:59, 15577394.51B/s]
GAP-twitter:   1%|▏         | 133922816/9469180207 [00:08<09:41, 16064360.45B/s]
GAP-twitter:   1%|▏         | 135692288/9469180207 [00:08<09:25, 16498208.21B/s]
GAP-twitter:   1%|▏         | 137412608/9469180207 [00:08<09:19, 16686443.47B/s]
GAP-twitter:   1%|▏         | 139231232/9469180207 [00:08<09:05, 17095568.45B/s]
GAP-twitter:   1%|▏         | 140984320/9469180207 [00:08<09:02, 17180078.67B/s]
GAP-twitter:   2%|▏         | 142737408/9469180207 [00:08<09:00, 17251363.31B/s]
GAP-twitter:   2%|▏         | 144474112/9469180207 [00:08<08:59, 17274307.36B/s]
GAP-twitter:   2%|▏         | 146210816/9469180207 [00:09<09:18, 16687721.60B/s]
GAP-twitter:   2%|▏         | 147996672/9469180207 [00:09<09:07, 17009483.76B/s]
GAP-twitter:   2%|▏         | 149716992/9469180207 [00:09<09:42, 16001806.46B/s]
GAP-twitter:   2%|▏         | 151519232/9469180207 [00:09<09:22, 16556692.09B/s]
GAP-twitter:   2%|▏         | 153190400/9469180207 [00:09<09:47, 15867871.61B/s]
GAP-twitter:   2%|▏         | 154828800/9469180207 [00:09<09:42, 15992869.24B/s]
GAP-twitter:   2%|▏         | 156614656/9469180207 [00:09<09:24, 16503328.92B/s]
GAP-twitter:   2%|▏         | 158285824/9469180207 [00:09<09:50, 15759237.93B/s]
GAP-twitter:   2%|▏         | 160006144/9469180207 [00:09<09:36, 16154949.23B/s]
GAP-twitter:   2%|▏         | 161644544/9469180207 [00:10<10:00, 15508510.82B/s]
GAP-twitter:   2%|▏         | 163479552/9469180207 [00:10<09:31, 16275775.54B/s]
GAP-twitter:   2%|▏         | 165249024/9469180207 [00:10<09:51, 15723298.02B/s]
GAP-twitter:   2%|▏         | 167002112/9469180207 [00:10<09:34, 16180598.96B/s]
GAP-twitter:   2%|▏         | 168837120/9469180207 [00:10<09:14, 16774234.68B/s]
GAP-twitter:   2%|▏         | 170541056/9469180207 [00:10<09:43, 15947643.84B/s]
GAP-twitter:   2%|▏         | 172294144/9469180207 [00:10<09:27, 16375337.60B/s]
GAP-twitter:   2%|▏         | 173948928/9469180207 [00:10<09:56, 15582326.61B/s]
GAP-twitter:   2%|▏         | 175702016/9469180207 [00:10<09:36, 16118602.06B/s]
GAP-twitter:   2%|▏         | 177340416/9469180207 [00:11<09:41, 15989215.51B/s]
GAP-twitter:   2%|▏         | 179142656/9469180207 [00:11<09:20, 16560949.75B/s]
GAP-twitter:   2%|▏         | 180944896/9469180207 [00:11<09:07, 16961800.70B/s]
GAP-twitter:   2%|▏         | 182648832/9469180207 [00:11<09:33, 16191291.19B/s]
GAP-twitter:   2%|▏         | 184418304/9469180207 [00:11<09:18, 16619618.81B/s]
GAP-twitter:   2%|▏         | 186105856/9469180207 [00:11<09:56, 15559705.66B/s]
GAP-twitter:   2%|▏         | 187842560/9469180207 [00:11<09:38, 16049986.25B/s]
GAP-twitter:   2%|▏         | 189644800/9469180207 [00:11<09:19, 16579327.71B/s]
GAP-twitter:   2%|▏         | 191332352/9469180207 [00:11<09:50, 15724359.44B/s]
GAP-twitter:   2%|▏         | 193134592/9469180207 [00:11<09:27, 16345928.01B/s]
GAP-twitter:   2%|▏         | 194838528/9469180207 [00:12<09:21, 16507488.27B/s]
GAP-twitter:   2%|▏         | 196640768/9469180207 [00:12<09:08, 16908414.46B/s]
GAP-twitter:   2%|▏         | 198410240/9469180207 [00:12<09:01, 17128966.32B/s]
GAP-twitter:   2%|▏         | 200179712/9469180207 [00:12<08:56, 17286678.86B/s]
GAP-twitter:   2%|▏         | 201949184/9469180207 [00:12<08:53, 17386704.26B/s]
GAP-twitter:   2%|▏         | 203702272/9469180207 [00:12<08:57, 17240746.93B/s]
GAP-twitter:   2%|▏         | 205438976/9469180207 [00:12<08:56, 17271838.42B/s]
GAP-twitter:   2%|▏         | 207175680/9469180207 [00:12<09:32, 16175086.93B/s]
GAP-twitter:   2%|▏         | 208945152/9469180207 [00:12<09:17, 16604693.79B/s]
GAP-twitter:   2%|▏         | 210714624/9469180207 [00:13<09:07, 16907050.41B/s]
GAP-twitter:   2%|▏         | 212418560/9469180207 [00:13<09:41, 15919431.51B/s]
GAP-twitter:   2%|▏         | 214237184/9469180207 [00:13<09:19, 16552802.88B/s]
GAP-twitter:   2%|▏         | 215924736/9469180207 [00:13<09:43, 15850917.25B/s]
GAP-twitter:   2%|▏         | 217726976/9469180207 [00:13<09:22, 16445759.98B/s]
GAP-twitter:   2%|▏         | 219398144/9469180207 [00:13<09:45, 15792100.73B/s]
GAP-twitter:   2%|▏         | 221216768/9469180207 [00:13<09:22, 16432474.96B/s]
GAP-twitter:   2%|▏         | 223035392/9469180207 [00:13<09:06, 16931446.66B/s]
GAP-twitter:   2%|▏         | 224755712/9469180207 [00:13<09:38, 15971072.76B/s]
GAP-twitter:   2%|▏         | 226508800/9469180207 [00:13<09:24, 16371726.71B/s]
GAP-twitter:   2%|▏         | 228163584/9469180207 [00:14<09:53, 15560382.96B/s]
GAP-twitter:   2%|▏         | 229867520/9469180207 [00:14<09:39, 15952440.66B/s]
GAP-twitter:   2%|▏         | 231571456/9469180207 [00:14<10:04, 15281556.45B/s]
GAP-twitter:   2%|▏         | 233324544/9469180207 [00:14<09:41, 15885310.29B/s]
GAP-twitter:   2%|▏         | 235094016/9469180207 [00:14<09:24, 16367248.43B/s]
GAP-twitter:   3%|▎         | 236748800/9469180207 [00:14<09:48, 15683503.27B/s]
GAP-twitter:   3%|▎         | 238501888/9469180207 [00:14<09:29, 16198050.92B/s]
GAP-twitter:   3%|▎         | 240140288/9469180207 [00:14<09:56, 15484378.58B/s]
GAP-twitter:   3%|▎         | 241893376/9469180207 [00:14<09:35, 16036977.29B/s]
GAP-twitter:   3%|▎         | 243580928/9469180207 [00:15<09:27, 16263895.97B/s]
GAP-twitter:   3%|▎         | 245219328/9469180207 [00:15<09:38, 15937777.53B/s]
GAP-twitter:   3%|▎         | 247021568/9469180207 [00:15<09:18, 16508515.11B/s]
GAP-twitter:   3%|▎         | 248692736/9469180207 [00:15<09:49, 15650123.76B/s]
GAP-twitter:   3%|▎         | 250478592/9469180207 [00:15<09:27, 16237302.39B/s]
GAP-twitter:   3%|▎         | 252116992/9469180207 [00:15<09:53, 15533966.23B/s]
GAP-twitter:   3%|▎         | 253804544/9469180207 [00:15<09:40, 15879420.15B/s]
GAP-twitter:   3%|▎         | 255524864/9469180207 [00:15<09:27, 16248503.68B/s]
GAP-twitter:   3%|▎         | 257163264/9469180207 [00:15<09:54, 15489158.04B/s]
GAP-twitter:   3%|▎         | 259014656/9469180207 [00:16<09:24, 16308498.12B/s]
GAP-twitter:   3%|▎         | 260669440/9469180207 [00:16<09:50, 15597048.64B/s]
GAP-twitter:   3%|▎         | 262471680/9469180207 [00:16<09:27, 16235623.94B/s]
GAP-twitter:   3%|▎         | 264110080/9469180207 [00:16<09:56, 15437148.23B/s]
GAP-twitter:   3%|▎         | 265879552/9469180207 [00:16<09:33, 16054762.09B/s]
GAP-twitter:   3%|▎         | 267698176/9469180207 [00:16<09:12, 16657812.42B/s]
GAP-twitter:   3%|▎         | 269385728/9469180207 [00:16<09:37, 15922839.87B/s]
GAP-twitter:   3%|▎         | 271237120/9469180207 [00:16<09:13, 16628884.51B/s]
GAP-twitter:   3%|▎         | 272924672/9469180207 [00:16<09:41, 15813329.27B/s]
GAP-twitter:   3%|▎         | 274710528/9469180207 [00:17<09:21, 16375739.32B/s]
GAP-twitter:   3%|▎         | 276365312/9469180207 [00:17<09:46, 15685593.12B/s]
GAP-twitter:   3%|▎         | 278134784/9469180207 [00:17<09:25, 16239810.75B/s]
GAP-twitter:   3%|▎         | 279953408/9469180207 [00:17<09:08, 16761648.96B/s]
GAP-twitter:   3%|▎         | 281657344/9469180207 [00:17<09:47, 15626345.54B/s]
GAP-twitter:   3%|▎         | 283459584/9469180207 [00:17<09:24, 16262618.10B/s]
GAP-twitter:   3%|▎         | 285114368/9469180207 [00:17<09:47, 15623232.63B/s]
GAP-twitter:   3%|▎         | 286932992/9469180207 [00:17<09:23, 16302093.32B/s]
GAP-twitter:   3%|▎         | 288587776/9469180207 [00:17<09:53, 15456807.52B/s]
GAP-twitter:   3%|▎         | 290390016/9469180207 [00:17<09:28, 16134176.89B/s]
GAP-twitter:   3%|▎         | 292175872/9469180207 [00:18<09:13, 16571070.85B/s]
GAP-twitter:   3%|▎         | 293863424/9469180207 [00:18<09:12, 16595267.06B/s]
GAP-twitter:   3%|▎         | 295698432/9469180207 [00:18<08:57, 17082439.66B/s]
GAP-twitter:   3%|▎         | 297418752/9469180207 [00:18<09:24, 16259994.46B/s]
GAP-twitter:   3%|▎         | 299270144/9469180207 [00:18<09:03, 16883163.91B/s]
GAP-twitter:   3%|▎         | 300974080/9469180207 [00:18<09:30, 16077399.42B/s]
GAP-twitter:   3%|▎         | 302825472/9469180207 [00:18<09:07, 16729044.84B/s]
GAP-twitter:   3%|▎         | 304611328/9469180207 [00:18<08:58, 17013004.13B/s]
GAP-twitter:   3%|▎         | 306331648/9469180207 [00:18<09:40, 15790200.41B/s]
GAP-twitter:   3%|▎         | 308019200/9469180207 [00:19<09:30, 16053802.64B/s]
GAP-twitter:   3%|▎         | 309657600/9469180207 [00:19<10:09, 15038271.91B/s]
GAP-twitter:   3%|▎         | 311296000/9469180207 [00:19<09:55, 15383513.96B/s]
GAP-twitter:   3%|▎         | 312868864/9469180207 [00:19<10:28, 14578964.56B/s]
GAP-twitter:   3%|▎         | 314540032/9469180207 [00:19<10:04, 15150414.71B/s]
GAP-twitter:   3%|▎         | 316243968/9469180207 [00:19<09:43, 15677511.53B/s]
GAP-twitter:   3%|▎         | 317833216/9469180207 [00:19<10:10, 14991244.52B/s]
GAP-twitter:   3%|▎         | 319586304/9469180207 [00:19<09:42, 15699138.59B/s]
GAP-twitter:   3%|▎         | 321175552/9469180207 [00:19<10:11, 14955917.35B/s]
GAP-twitter:   3%|▎         | 322961408/9469180207 [00:20<09:41, 15728291.32B/s]
GAP-twitter:   3%|▎         | 324583424/9469180207 [00:20<09:36, 15849575.05B/s]
GAP-twitter:   3%|▎         | 326189056/9469180207 [00:20<09:55, 15346882.18B/s]
GAP-twitter:   3%|▎         | 327892992/9469180207 [00:20<09:38, 15789642.59B/s]
GAP-twitter:   3%|▎         | 329482240/9469180207 [00:20<10:08, 15010364.49B/s]
GAP-twitter:   3%|▎         | 331251712/9469180207 [00:20<09:40, 15745784.14B/s]
GAP-twitter:   4%|▎         | 332840960/9469180207 [00:20<10:03, 15128132.39B/s]
GAP-twitter:   4%|▎         | 334544896/9469180207 [00:20<09:43, 15649689.84B/s]
GAP-twitter:   4%|▎         | 336232448/9469180207 [00:20<09:32, 15951578.18B/s]
GAP-twitter:   4%|▎         | 337838080/9469180207 [00:21<09:38, 15772286.21B/s]
GAP-twitter:   4%|▎         | 339558400/9469180207 [00:21<09:24, 16165566.90B/s]
GAP-twitter:   4%|▎         | 341196800/9469180207 [00:21<09:56, 15297312.65B/s]
GAP-twitter:   4%|▎         | 342753280/9469180207 [00:21<09:53, 15369837.04B/s]
GAP-twitter:   4%|▎         | 344326144/9469180207 [00:21<09:49, 15472195.72B/s]
GAP-twitter:   4%|▎         | 345882624/9469180207 [00:21<10:00, 15182538.42B/s]
GAP-twitter:   4%|▎         | 347422720/9469180207 [00:21<10:04, 15077612.41B/s]
GAP-twitter:   4%|▎         | 348962816/9469180207 [00:21<10:01, 15151480.43B/s]
GAP-twitter:   4%|▎         | 350486528/9469180207 [00:21<10:35, 14359784.87B/s]
GAP-twitter:   4%|▎         | 352010240/9469180207 [00:21<10:25, 14577668.17B/s]
GAP-twitter:   4%|▎         | 353484800/9469180207 [00:22<10:50, 14020979.71B/s]
GAP-twitter:   4%|▍         | 355221504/9469180207 [00:22<10:08, 14966709.81B/s]
GAP-twitter:   4%|▍         | 356941824/9469180207 [00:22<09:44, 15583458.76B/s]
GAP-twitter:   4%|▍         | 358514688/9469180207 [00:22<10:12, 14877903.12B/s]
GAP-twitter:   4%|▍         | 360153088/9469180207 [00:22<09:55, 15289648.18B/s]
GAP-twitter:   4%|▍         | 361709568/9469180207 [00:22<10:34, 14344742.32B/s]
GAP-twitter:   4%|▍         | 363298816/9469180207 [00:22<10:17, 14744234.01B/s]
GAP-twitter:   4%|▍         | 365035520/9469180207 [00:22<09:48, 15457712.29B/s]
GAP-twitter:   4%|▍         | 366608384/9469180207 [00:22<10:12, 14856314.68B/s]
GAP-twitter:   4%|▍         | 368361472/9469180207 [00:23<09:44, 15581702.11B/s]
GAP-twitter:   4%|▍         | 369934336/9469180207 [00:23<10:08, 14956026.05B/s]
GAP-twitter:   4%|▍         | 371474432/9469180207 [00:23<10:03, 15066552.03B/s]
GAP-twitter:   4%|▍         | 373047296/9469180207 [00:23<09:56, 15241335.00B/s]
GAP-twitter:   4%|▍         | 374587392/9469180207 [00:23<10:35, 14301719.39B/s]
GAP-twitter:   4%|▍         | 376242176/9469180207 [00:23<10:10, 14896037.75B/s]
GAP-twitter:   4%|▍         | 377749504/9469180207 [00:23<10:43, 14131734.29B/s]
GAP-twitter:   4%|▍         | 379502592/9469180207 [00:23<10:03, 15060371.06B/s]
GAP-twitter:   4%|▍         | 381222912/9469180207 [00:23<09:40, 15664934.41B/s]
GAP-twitter:   4%|▍         | 382812160/9469180207 [00:24<09:52, 15332222.35B/s]
GAP-twitter:   4%|▍         | 384532480/9469180207 [00:24<09:32, 15856978.71B/s]
GAP-twitter:   4%|▍         | 386138112/9469180207 [00:24<09:50, 15387866.55B/s]
GAP-twitter:   4%|▍         | 387825664/9469180207 [00:24<09:34, 15813572.84B/s]
GAP-twitter:   4%|▍         | 389431296/9469180207 [00:24<09:33, 15818868.11B/s]
GAP-twitter:   4%|▍         | 391020544/9469180207 [00:24<10:10, 14860704.14B/s]
GAP-twitter:   4%|▍         | 392626176/9469180207 [00:24<09:57, 15195781.55B/s]
GAP-twitter:   4%|▍         | 394166272/9469180207 [00:24<10:29, 14411693.54B/s]
GAP-twitter:   4%|▍         | 395821056/9469180207 [00:24<10:05, 14972657.38B/s]
GAP-twitter:   4%|▍         | 397508608/9469180207 [00:24<09:45, 15506276.85B/s]
GAP-twitter:   4%|▍         | 399081472/9469180207 [00:25<10:07, 14926547.14B/s]
GAP-twitter:   4%|▍         | 400703488/9469180207 [00:25<09:53, 15281253.89B/s]
GAP-twitter:   4%|▍         | 402243584/9469180207 [00:25<10:23, 14530658.74B/s]
GAP-twitter:   4%|▍         | 403898368/9469180207 [00:25<10:02, 15055192.71B/s]
GAP-twitter:   4%|▍         | 405454848/9469180207 [00:25<09:56, 15195571.38B/s]
GAP-twitter:   4%|▍         | 406994944/9469180207 [00:25<10:19, 14625004.30B/s]
GAP-twitter:   4%|▍         | 408731648/9469180207 [00:25<09:48, 15389712.59B/s]
GAP-twitter:   4%|▍         | 410288128/9469180207 [00:25<10:11, 14805750.87B/s]
GAP-twitter:   4%|▍         | 411942912/9469180207 [00:25<09:52, 15283821.71B/s]
GAP-twitter:   4%|▍         | 413614080/9469180207 [00:26<09:37, 15668623.57B/s]
GAP-twitter:   4%|▍         | 415203328/9469180207 [00:26<10:02, 15019138.03B/s]
GAP-twitter:   4%|▍         | 416989184/9469180207 [00:26<09:33, 15797403.70B/s]
GAP-twitter:   4%|▍         | 418594816/9469180207 [00:26<09:50, 15337045.41B/s]
GAP-twitter:   4%|▍         | 420184064/9469180207 [00:26<09:44, 15469788.18B/s]
GAP-twitter:   4%|▍         | 421838848/9469180207 [00:26<09:34, 15760447.78B/s]
GAP-twitter:   4%|▍         | 423428096/9469180207 [00:26<10:02, 15017520.98B/s]
GAP-twitter:   4%|▍         | 425230336/9469180207 [00:26<09:31, 15833295.59B/s]
GAP-twitter:   5%|▍         | 426901504/9469180207 [00:26<09:23, 16050160.63B/s]
GAP-twitter:   5%|▍         | 428523520/9469180207 [00:26<09:52, 15252086.37B/s]
GAP-twitter:   5%|▍         | 430309376/9469180207 [00:27<09:25, 15976319.27B/s]
GAP-twitter:   5%|▍         | 431931392/9469180207 [00:27<09:59, 15083468.53B/s]
GAP-twitter:   5%|▍         | 433618944/9469180207 [00:27<09:41, 15546893.46B/s]
GAP-twitter:   5%|▍         | 435191808/9469180207 [00:27<10:11, 14763452.33B/s]
GAP-twitter:   5%|▍         | 436928512/9469180207 [00:27<09:44, 15442729.22B/s]
GAP-twitter:   5%|▍         | 438681600/9469180207 [00:27<09:23, 16025070.32B/s]
GAP-twitter:   5%|▍         | 440303616/9469180207 [00:27<09:48, 15336762.45B/s]
GAP-twitter:   5%|▍         | 442040320/9469180207 [00:27<09:27, 15893344.05B/s]
GAP-twitter:   5%|▍         | 443645952/9469180207 [00:27<09:36, 15668627.95B/s]
GAP-twitter:   5%|▍         | 445399040/9469180207 [00:28<09:17, 16191076.37B/s]
GAP-twitter:   5%|▍         | 447168512/9469180207 [00:28<09:03, 16586710.58B/s]
GAP-twitter:   5%|▍         | 448839680/9469180207 [00:28<09:37, 15611728.23B/s]
GAP-twitter:   5%|▍         | 450609152/9469180207 [00:28<09:16, 16198168.53B/s]
GAP-twitter:   5%|▍         | 452247552/9469180207 [00:28<09:46, 15377791.41B/s]
GAP-twitter:   5%|▍         | 454000640/9469180207 [00:28<09:24, 15971171.48B/s]
GAP-twitter:   5%|▍         | 455622656/9469180207 [00:28<09:50, 15258092.77B/s]
GAP-twitter:   5%|▍         | 457359360/9469180207 [00:28<09:28, 15844560.06B/s]
GAP-twitter:   5%|▍         | 459096064/9469180207 [00:28<09:14, 16245107.82B/s]
GAP-twitter:   5%|▍         | 460734464/9469180207 [00:29<09:31, 15763727.02B/s]
GAP-twitter:   5%|▍         | 462323712/9469180207 [00:29<09:34, 15677971.75B/s]
GAP-twitter:   5%|▍         | 463912960/9469180207 [00:29<09:37, 15598785.65B/s]
GAP-twitter:   5%|▍         | 465502208/9469180207 [00:29<09:35, 15656461.80B/s]
GAP-twitter:   5%|▍         | 467189760/9469180207 [00:29<09:23, 15987026.45B/s]
GAP-twitter:   5%|▍         | 468828160/9469180207 [00:29<09:20, 16055385.15B/s]
GAP-twitter:   5%|▍         | 470564864/9469180207 [00:29<09:08, 16400127.78B/s]
GAP-twitter:   5%|▍         | 472236032/9469180207 [00:29<09:06, 16470975.80B/s]
GAP-twitter:   5%|▌         | 473890816/9469180207 [00:29<09:21, 16006893.67B/s]
GAP-twitter:   5%|▌         | 475545600/9469180207 [00:29<09:17, 16126773.23B/s]
GAP-twitter:   5%|▌         | 477167616/9469180207 [00:30<09:53, 15145372.32B/s]
GAP-twitter:   5%|▌         | 478855168/9469180207 [00:30<09:35, 15633539.45B/s]
GAP-twitter:   5%|▌         | 480542720/9469180207 [00:30<09:22, 15975251.96B/s]
GAP-twitter:   5%|▌         | 482164736/9469180207 [00:30<09:57, 15032738.92B/s]
GAP-twitter:   5%|▌         | 483868672/9469180207 [00:30<09:37, 15560340.52B/s]
GAP-twitter:   5%|▌         | 485441536/9469180207 [00:30<10:14, 14616531.53B/s]
GAP-twitter:   5%|▌         | 487145472/9469180207 [00:30<09:48, 15265447.35B/s]
GAP-twitter:   5%|▌         | 488701952/9469180207 [00:30<10:14, 14613319.96B/s]
GAP-twitter:   5%|▌         | 490405888/9469180207 [00:30<09:47, 15270257.81B/s]
GAP-twitter:   5%|▌         | 492077056/9469180207 [00:31<09:33, 15645674.76B/s]
GAP-twitter:   5%|▌         | 493666304/9469180207 [00:31<09:57, 15014853.22B/s]
GAP-twitter:   5%|▌         | 495386624/9469180207 [00:31<09:34, 15615518.64B/s]
GAP-twitter:   5%|▌         | 496975872/9469180207 [00:31<09:33, 15649254.34B/s]
GAP-twitter:   5%|▌         | 498663424/9469180207 [00:31<09:20, 15999358.69B/s]
GAP-twitter:   5%|▌         | 500449280/9469180207 [00:31<09:03, 16507288.48B/s]
GAP-twitter:   5%|▌         | 502120448/9469180207 [00:31<09:06, 16402704.01B/s]
GAP-twitter:   5%|▌         | 503857152/9469180207 [00:31<08:57, 16676248.49B/s]
GAP-twitter:   5%|▌         | 505544704/9469180207 [00:31<09:30, 15721123.35B/s]
GAP-twitter:   5%|▌         | 507314176/9469180207 [00:31<09:10, 16275225.92B/s]
GAP-twitter:   5%|▌         | 509083648/9469180207 [00:32<08:57, 16666144.74B/s]
GAP-twitter:   5%|▌         | 510771200/9469180207 [00:32<09:27, 15787988.73B/s]
GAP-twitter:   5%|▌         | 512573440/9469180207 [00:32<09:06, 16380359.54B/s]
GAP-twitter:   5%|▌         | 514228224/9469180207 [00:32<09:33, 15606283.29B/s]
GAP-twitter:   5%|▌         | 516030464/9469180207 [00:32<09:11, 16237793.06B/s]
GAP-twitter:   5%|▌         | 517685248/9469180207 [00:32<09:36, 15524321.84B/s]
GAP-twitter:   5%|▌         | 519421952/9469180207 [00:32<09:19, 16000384.37B/s]
GAP-twitter:   6%|▌         | 521158656/9469180207 [00:32<09:07, 16356589.04B/s]
GAP-twitter:   6%|▌         | 522813440/9469180207 [00:32<09:36, 15517091.14B/s]
GAP-twitter:   6%|▌         | 524550144/9469180207 [00:33<09:18, 16017540.52B/s]
GAP-twitter:   6%|▌         | 526172160/9469180207 [00:33<09:52, 15086446.88B/s]
GAP-twitter:   6%|▌         | 527876096/9469180207 [00:33<09:33, 15597074.24B/s]
GAP-twitter:   6%|▌         | 529563648/9469180207 [00:33<09:20, 15936789.98B/s]
GAP-twitter:   6%|▌         | 531185664/9469180207 [00:33<09:44, 15289118.18B/s]
GAP-twitter:   6%|▌         | 532774912/9469180207 [00:33<09:39, 15414167.53B/s]
GAP-twitter:   6%|▌         | 534331392/9469180207 [00:33<10:05, 14749479.31B/s]
GAP-twitter:   6%|▌         | 535986176/9469180207 [00:33<09:45, 15251553.16B/s]
GAP-twitter:   6%|▌         | 537608192/9469180207 [00:33<09:35, 15524294.12B/s]
GAP-twitter:   6%|▌         | 539181056/9469180207 [00:34<09:37, 15459557.32B/s]
GAP-twitter:   6%|▌         | 540868608/9469180207 [00:34<09:23, 15834935.05B/s]
GAP-twitter:   6%|▌         | 542490624/9469180207 [00:34<09:20, 15924396.72B/s]
GAP-twitter:   6%|▌         | 544210944/9469180207 [00:34<09:08, 16285749.78B/s]
GAP-twitter:   6%|▌         | 545914880/9469180207 [00:34<09:01, 16470891.93B/s]
GAP-twitter:   6%|▌         | 547569664/9469180207 [00:34<09:12, 16134551.47B/s]
GAP-twitter:   6%|▌         | 549273600/9469180207 [00:34<09:05, 16356892.18B/s]
GAP-twitter:   6%|▌         | 550912000/9469180207 [00:34<09:08, 16266182.57B/s]
GAP-twitter:   6%|▌         | 552550400/9469180207 [00:34<09:16, 16023775.97B/s]
GAP-twitter:   6%|▌         | 554287104/9469180207 [00:34<09:04, 16380470.80B/s]
GAP-twitter:   6%|▌         | 555941888/9469180207 [00:35<09:46, 15190864.08B/s]
GAP-twitter:   6%|▌         | 557613056/9469180207 [00:35<09:31, 15599483.09B/s]
GAP-twitter:   6%|▌         | 559202304/9469180207 [00:35<10:07, 14677795.62B/s]
GAP-twitter:   6%|▌         | 560955392/9469180207 [00:35<09:36, 15465247.79B/s]
GAP-twitter:   6%|▌         | 562724864/9469180207 [00:35<09:14, 16072373.68B/s]
GAP-twitter:   6%|▌         | 564363264/9469180207 [00:35<09:43, 15261009.13B/s]
GAP-twitter:   6%|▌         | 566099968/9469180207 [00:35<09:22, 15835887.00B/s]
GAP-twitter:   6%|▌         | 567705600/9469180207 [00:35<09:53, 14997810.86B/s]
GAP-twitter:   6%|▌         | 569294848/9469180207 [00:35<09:43, 15240551.70B/s]
GAP-twitter:   6%|▌         | 570949632/9469180207 [00:36<09:31, 15571231.22B/s]
GAP-twitter:   6%|▌         | 572522496/9469180207 [00:36<09:58, 14876745.71B/s]
GAP-twitter:   6%|▌         | 574210048/9469180207 [00:36<09:36, 15419130.91B/s]
GAP-twitter:   6%|▌         | 575766528/9469180207 [00:36<10:01, 14797230.54B/s]
GAP-twitter:   6%|▌         | 577503232/9469180207 [00:36<09:34, 15489869.30B/s]
GAP-twitter:   6%|▌         | 579076096/9469180207 [00:36<09:55, 14924267.23B/s]
GAP-twitter:   6%|▌         | 580796416/9469180207 [00:36<09:31, 15541854.44B/s]
GAP-twitter:   6%|▌         | 582533120/9469180207 [00:36<09:13, 16055719.81B/s]
GAP-twitter:   6%|▌         | 584155136/9469180207 [00:36<09:45, 15182085.89B/s]
GAP-twitter:   6%|▌         | 585891840/9469180207 [00:37<09:23, 15776768.38B/s]
GAP-twitter:   6%|▌         | 587497472/9469180207 [00:37<09:49, 15078491.91B/s]
GAP-twitter:   6%|▌         | 589185024/9469180207 [00:37<09:31, 15534200.52B/s]
GAP-twitter:   6%|▌         | 590921728/9469180207 [00:37<09:13, 16041524.62B/s]
GAP-twitter:   6%|▋         | 592543744/9469180207 [00:37<09:42, 15251451.19B/s]
GAP-twitter:   6%|▋         | 594264064/9469180207 [00:37<09:22, 15771311.23B/s]
GAP-twitter:   6%|▋         | 595869696/9469180207 [00:37<09:51, 15005688.66B/s]
GAP-twitter:   6%|▋         | 597557248/9469180207 [00:37<09:32, 15487241.36B/s]
GAP-twitter:   6%|▋         | 599244800/9469180207 [00:37<09:45, 15151022.24B/s]
GAP-twitter:   6%|▋         | 600948736/9469180207 [00:37<09:25, 15668330.00B/s]
GAP-twitter:   6%|▋         | 602636288/9469180207 [00:38<09:15, 15973036.73B/s]
GAP-twitter:   6%|▋         | 604258304/9469180207 [00:38<09:14, 15987121.00B/s]
GAP-twitter:   6%|▋         | 606011392/9469180207 [00:38<09:00, 16391692.17B/s]
GAP-twitter:   6%|▋         | 607666176/9469180207 [00:38<09:32, 15491999.17B/s]
GAP-twitter:   6%|▋         | 609435648/9469180207 [00:38<09:11, 16065635.56B/s]
GAP-twitter:   6%|▋         | 611123200/9469180207 [00:38<09:03, 16297841.35B/s]
GAP-twitter:   6%|▋         | 612777984/9469180207 [00:38<09:40, 15259386.01B/s]
GAP-twitter:   6%|▋         | 614563840/9469180207 [00:38<09:15, 15948806.93B/s]
GAP-twitter:   7%|▋         | 616185856/9469180207 [00:38<09:43, 15161221.79B/s]
GAP-twitter:   7%|▋         | 617955328/9469180207 [00:39<09:18, 15850891.65B/s]
GAP-twitter:   7%|▋         | 619610112/9469180207 [00:39<09:12, 16030628.00B/s]
GAP-twitter:   7%|▋         | 621232128/9469180207 [00:39<09:14, 15960237.11B/s]
GAP-twitter:   7%|▋         | 623001600/9469180207 [00:39<08:57, 16452859.63B/s]
GAP-twitter:   7%|▋         | 624689152/9469180207 [00:39<08:54, 16560981.92B/s]
GAP-twitter:   7%|▋         | 626475008/9469180207 [00:39<08:42, 16919600.98B/s]
GAP-twitter:   7%|▋         | 628228096/9469180207 [00:39<08:37, 17098401.67B/s]
GAP-twitter:   7%|▋         | 629948416/9469180207 [00:39<09:10, 16054027.89B/s]
GAP-twitter:   7%|▋         | 631685120/9469180207 [00:39<08:58, 16423395.52B/s]
GAP-twitter:   7%|▋         | 633356288/9469180207 [00:40<09:34, 15382616.84B/s]
GAP-twitter:   7%|▋         | 635125760/9469180207 [00:40<09:12, 15995348.59B/s]
GAP-twitter:   7%|▋         | 636747776/9469180207 [00:40<09:34, 15376410.28B/s]
GAP-twitter:   7%|▋         | 638533632/9469180207 [00:40<09:10, 16050234.02B/s]
GAP-twitter:   7%|▋         | 640319488/9469180207 [00:40<08:54, 16531354.50B/s]
GAP-twitter:   7%|▋         | 641990656/9469180207 [00:40<09:19, 15776295.90B/s]
GAP-twitter:   7%|▋         | 643792896/9469180207 [00:40<08:58, 16381716.09B/s]
GAP-twitter:   7%|▋         | 645447680/9469180207 [00:40<09:36, 15317297.74B/s]
GAP-twitter:   7%|▋         | 647217152/9469180207 [00:40<09:12, 15958328.36B/s]
GAP-twitter:   7%|▋         | 648970240/9469180207 [00:40<08:58, 16366092.14B/s]
GAP-twitter:   7%|▋         | 650625024/9469180207 [00:41<09:11, 15997415.32B/s]
GAP-twitter:   7%|▋         | 652312576/9469180207 [00:41<09:03, 16234775.10B/s]
GAP-twitter:   7%|▋         | 653950976/9469180207 [00:41<09:07, 16092455.20B/s]
GAP-twitter:   7%|▋         | 655638528/9469180207 [00:41<09:00, 16304211.15B/s]
GAP-twitter:   7%|▋         | 657375232/9469180207 [00:41<08:51, 16575300.31B/s]
GAP-twitter:   7%|▋         | 659046400/9469180207 [00:41<09:52, 14877419.29B/s]
GAP-twitter:   7%|▋         | 660570112/9469180207 [00:41<10:42, 13705815.21B/s]
GAP-twitter:   7%|▋         | 661979136/9469180207 [00:41<11:58, 12252879.27B/s]
GAP-twitter:   7%|▋         | 663257088/9469180207 [00:42<12:17, 11947468.77B/s]
GAP-twitter:   7%|▋         | 664485888/9469180207 [00:42<12:30, 11734336.36B/s]
GAP-twitter:   7%|▋         | 665681920/9469180207 [00:42<12:51, 11404106.13B/s]
GAP-twitter:   7%|▋         | 666845184/9469180207 [00:42<12:55, 11357792.43B/s]
GAP-twitter:   7%|▋         | 667992064/9469180207 [00:42<12:56, 11330491.35B/s]
GAP-twitter:   7%|▋         | 669155328/9469180207 [00:42<12:51, 11404362.30B/s]
GAP-twitter:   7%|▋         | 670302208/9469180207 [00:42<12:53, 11376624.75B/s]
GAP-twitter:   7%|▋         | 671809536/9469180207 [00:42<11:47, 12434728.10B/s]
GAP-twitter:   7%|▋         | 673300480/9469180207 [00:42<11:08, 13155803.29B/s]
GAP-twitter:   7%|▋         | 674627584/9469180207 [00:42<11:37, 12611929.09B/s]
GAP-twitter:   7%|▋         | 676167680/9469180207 [00:43<10:56, 13397733.08B/s]
GAP-twitter:   7%|▋         | 677806080/9469180207 [00:43<10:17, 14242802.64B/s]
GAP-twitter:   7%|▋         | 679395328/9469180207 [00:43<09:57, 14720789.55B/s]
GAP-twitter:   7%|▋         | 681082880/9469180207 [00:43<09:33, 15323668.19B/s]
GAP-twitter:   7%|▋         | 682622976/9469180207 [00:43<09:58, 14683641.18B/s]
GAP-twitter:   7%|▋         | 684130304/9469180207 [00:43<09:54, 14782993.36B/s]
GAP-twitter:   7%|▋         | 685621248/9469180207 [00:43<09:55, 14755347.94B/s]
GAP-twitter:   7%|▋         | 687112192/9469180207 [00:43<10:42, 13664474.25B/s]
GAP-twitter:   7%|▋         | 688635904/9469180207 [00:43<10:23, 14084769.82B/s]
GAP-twitter:   7%|▋         | 690094080/9469180207 [00:44<10:17, 14209530.56B/s]
GAP-twitter:   7%|▋         | 691535872/9469180207 [00:44<10:33, 13849084.04B/s]
GAP-twitter:   7%|▋         | 693026816/9469180207 [00:44<10:20, 14151162.64B/s]
GAP-twitter:   7%|▋         | 694452224/9469180207 [00:44<10:56, 13365877.68B/s]
GAP-twitter:   7%|▋         | 695926784/9469180207 [00:44<10:39, 13722554.18B/s]
GAP-twitter:   7%|▋         | 697565184/9469180207 [00:44<10:06, 14466637.16B/s]
GAP-twitter:   7%|▋         | 699023360/9469180207 [00:44<10:24, 14034663.85B/s]
GAP-twitter:   7%|▋         | 700481536/9469180207 [00:44<10:17, 14190582.97B/s]
GAP-twitter:   7%|▋         | 702005248/9469180207 [00:44<10:06, 14461125.07B/s]
GAP-twitter:   7%|▋         | 703463424/9469180207 [00:44<10:26, 13999670.54B/s]
GAP-twitter:   7%|▋         | 705167360/9469180207 [00:45<09:50, 14844775.30B/s]
GAP-twitter:   7%|▋         | 706674688/9469180207 [00:45<10:31, 13872388.81B/s]
GAP-twitter:   7%|▋         | 708182016/9469180207 [00:45<10:17, 14186739.77B/s]
GAP-twitter:   7%|▋         | 709623808/9469180207 [00:45<10:15, 14239878.07B/s]
GAP-twitter:   8%|▊         | 711065600/9469180207 [00:45<10:51, 13432988.76B/s]
GAP-twitter:   8%|▊         | 712605696/9469180207 [00:45<10:28, 13929261.71B/s]
GAP-twitter:   8%|▊         | 714211328/9469180207 [00:45<10:03, 14497774.28B/s]
GAP-twitter:   8%|▊         | 715685888/9469180207 [00:45<10:46, 13543236.15B/s]
GAP-twitter:   8%|▊         | 717209600/9469180207 [00:45<10:25, 13991501.87B/s]
GAP-twitter:   8%|▊         | 718635008/9469180207 [00:46<10:58, 13295395.65B/s]
GAP-twitter:   8%|▊         | 720207872/9469180207 [00:46<10:27, 13940380.45B/s]
GAP-twitter:   8%|▊         | 721764352/9469180207 [00:46<10:08, 14387072.75B/s]
GAP-twitter:   8%|▊         | 723222528/9469180207 [00:46<10:46, 13519337.84B/s]
GAP-twitter:   8%|▊         | 724877312/9469180207 [00:46<10:10, 14329495.33B/s]
GAP-twitter:   8%|▊         | 726384640/9469180207 [00:46<10:26, 13963642.37B/s]
GAP-twitter:   8%|▊         | 727826432/9469180207 [00:46<10:21, 14061241.62B/s]
GAP-twitter:   8%|▊         | 729382912/9469180207 [00:46<10:03, 14473370.83B/s]
GAP-twitter:   8%|▊         | 730841088/9469180207 [00:46<10:56, 13314630.96B/s]
GAP-twitter:   8%|▊         | 732495872/9469180207 [00:47<10:16, 14173334.85B/s]
GAP-twitter:   8%|▊         | 734019584/9469180207 [00:47<10:04, 14441139.37B/s]
GAP-twitter:   8%|▊         | 735494144/9469180207 [00:47<10:07, 14371650.10B/s]
GAP-twitter:   8%|▊         | 736985088/9469180207 [00:47<10:01, 14509326.97B/s]
GAP-twitter:   8%|▊         | 738459648/9469180207 [00:47<10:03, 14472078.48B/s]
GAP-twitter:   8%|▊         | 739917824/9469180207 [00:47<10:05, 14428212.37B/s]
GAP-twitter:   8%|▊         | 741490688/9469180207 [00:47<09:50, 14776520.95B/s]
GAP-twitter:   8%|▊         | 742981632/9469180207 [00:47<10:38, 13670695.13B/s]
GAP-twitter:   8%|▊         | 744620032/9469180207 [00:47<10:05, 14417053.58B/s]
GAP-twitter:   8%|▊         | 746274816/9469180207 [00:47<09:42, 14972841.78B/s]
GAP-twitter:   8%|▊         | 747798528/9469180207 [00:48<10:39, 13644785.28B/s]
GAP-twitter:   8%|▊         | 749371392/9469180207 [00:48<10:13, 14211972.69B/s]
GAP-twitter:   8%|▊         | 750878720/9469180207 [00:48<10:04, 14417247.41B/s]
GAP-twitter:   8%|▊         | 752353280/9469180207 [00:48<10:48, 13447221.78B/s]
GAP-twitter:   8%|▊         | 754008064/9469180207 [00:48<10:10, 14277167.00B/s]
GAP-twitter:   8%|▊         | 755466240/9469180207 [00:48<10:26, 13905045.73B/s]
GAP-twitter:   8%|▊         | 756957184/9469180207 [00:48<10:15, 14157032.41B/s]
GAP-twitter:   8%|▊         | 758448128/9469180207 [00:48<10:06, 14367421.67B/s]
GAP-twitter:   8%|▊         | 759906304/9469180207 [00:48<10:36, 13687650.31B/s]
GAP-twitter:   8%|▊         | 761331712/9469180207 [00:49<10:30, 13817292.98B/s]
GAP-twitter:   8%|▊         | 763019264/9469180207 [00:49<09:53, 14659721.62B/s]
GAP-twitter:   8%|▊         | 764510208/9469180207 [00:49<10:39, 13602609.55B/s]
GAP-twitter:   8%|▊         | 765984768/9469180207 [00:49<10:26, 13889633.73B/s]
GAP-twitter:   8%|▊         | 767393792/9469180207 [00:49<10:38, 13627164.03B/s]
GAP-twitter:   8%|▊         | 768884736/9469180207 [00:49<10:22, 13981632.17B/s]
GAP-twitter:   8%|▊         | 770392064/9469180207 [00:49<10:10, 14258629.59B/s]
GAP-twitter:   8%|▊         | 771833856/9469180207 [00:49<10:46, 13452464.89B/s]
GAP-twitter:   8%|▊         | 773324800/9469180207 [00:49<10:28, 13838279.15B/s]
GAP-twitter:   8%|▊         | 774995968/9469180207 [00:50<09:53, 14653075.14B/s]
GAP-twitter:   8%|▊         | 776486912/9469180207 [00:50<10:32, 13736964.56B/s]
GAP-twitter:   8%|▊         | 777961472/9469180207 [00:50<10:20, 14004405.05B/s]
GAP-twitter:   8%|▊         | 779386880/9469180207 [00:50<10:56, 13246265.39B/s]
GAP-twitter:   8%|▊         | 781041664/9469180207 [00:50<10:15, 14123147.07B/s]
GAP-twitter:   8%|▊         | 782532608/9469180207 [00:50<10:06, 14325995.56B/s]
GAP-twitter:   8%|▊         | 783990784/9469180207 [00:50<10:43, 13494139.03B/s]
GAP-twitter:   8%|▊         | 785678336/9469180207 [00:50<10:02, 14400743.13B/s]
GAP-twitter:   8%|▊         | 787152896/9469180207 [00:50<10:41, 13527992.22B/s]
GAP-twitter:   8%|▊         | 788545536/9469180207 [00:51<10:37, 13621420.71B/s]
GAP-twitter:   8%|▊         | 790003712/9469180207 [00:51<10:24, 13888321.05B/s]
GAP-twitter:   8%|▊         | 791412736/9469180207 [00:51<10:51, 13316140.23B/s]
GAP-twitter:   8%|▊         | 793100288/9469180207 [00:51<10:07, 14288876.52B/s]
GAP-twitter:   8%|▊         | 794755072/9469180207 [00:51<09:41, 14911757.68B/s]
GAP-twitter:   8%|▊         | 796262400/9469180207 [00:51<10:09, 14218532.90B/s]
GAP-twitter:   8%|▊         | 797933568/9469180207 [00:51<09:41, 14915733.21B/s]
GAP-twitter:   8%|▊         | 799440896/9469180207 [00:51<10:21, 13942427.98B/s]
GAP-twitter:   8%|▊         | 801128448/9469180207 [00:51<09:53, 14615566.48B/s]
GAP-twitter:   8%|▊         | 802668544/9469180207 [00:52<09:45, 14800911.74B/s]
GAP-twitter:   8%|▊         | 804175872/9469180207 [00:52<10:07, 14258149.30B/s]
GAP-twitter:   9%|▊         | 805814272/9469180207 [00:52<09:44, 14819145.28B/s]
GAP-twitter:   9%|▊         | 807321600/9469180207 [00:52<10:06, 14280537.69B/s]
GAP-twitter:   9%|▊         | 808976384/9469180207 [00:52<09:40, 14916467.85B/s]
GAP-twitter:   9%|▊         | 810663936/9469180207 [00:52<09:20, 15444692.80B/s]
GAP-twitter:   9%|▊         | 812220416/9469180207 [00:52<10:02, 14375841.84B/s]
GAP-twitter:   9%|▊         | 813858816/9469180207 [00:52<09:39, 14925338.39B/s]
GAP-twitter:   9%|▊         | 815382528/9469180207 [00:52<10:01, 14391264.12B/s]
GAP-twitter:   9%|▊         | 817086464/9469180207 [00:52<09:33, 15095113.04B/s]
GAP-twitter:   9%|▊         | 818774016/9469180207 [00:53<09:15, 15578565.28B/s]
GAP-twitter:   9%|▊         | 820346880/9469180207 [00:53<10:01, 14385420.64B/s]
GAP-twitter:   9%|▊         | 821837824/9469180207 [00:53<09:55, 14527004.76B/s]
GAP-twitter:   9%|▊         | 823312384/9469180207 [00:53<10:19, 13961404.35B/s]
GAP-twitter:   9%|▊         | 824803328/9469180207 [00:53<10:07, 14217970.46B/s]
GAP-twitter:   9%|▊         | 826490880/9469180207 [00:53<09:38, 14940465.41B/s]
GAP-twitter:   9%|▊         | 827998208/9469180207 [00:53<10:00, 14388843.32B/s]
GAP-twitter:   9%|▉         | 829489152/9469180207 [00:53<09:54, 14528506.72B/s]
GAP-twitter:   9%|▉         | 830980096/9469180207 [00:53<09:51, 14605606.49B/s]
GAP-twitter:   9%|▉         | 832454656/9469180207 [00:54<10:30, 13703922.92B/s]
GAP-twitter:   9%|▉         | 833912832/9469180207 [00:54<10:19, 13949557.58B/s]
GAP-twitter:   9%|▉         | 835321856/9469180207 [00:54<10:52, 13225919.73B/s]
GAP-twitter:   9%|▉         | 836993024/9469180207 [00:54<10:08, 14195651.59B/s]
GAP-twitter:   9%|▉         | 838500352/9469180207 [00:54<09:58, 14409555.26B/s]
GAP-twitter:   9%|▉         | 839958528/9469180207 [00:54<10:28, 13732686.06B/s]
GAP-twitter:   9%|▉         | 841498624/9469180207 [00:54<10:08, 14174621.33B/s]
GAP-twitter:   9%|▉         | 843005952/9469180207 [00:54<09:59, 14396314.38B/s]
GAP-twitter:   9%|▉         | 844464128/9469180207 [00:54<10:38, 13499023.87B/s]
GAP-twitter:   9%|▉         | 846004224/9469180207 [00:55<10:16, 13998506.17B/s]
GAP-twitter:   9%|▉         | 847577088/9469180207 [00:55<09:55, 14468517.10B/s]
GAP-twitter:   9%|▉         | 849051648/9469180207 [00:55<10:24, 13797775.88B/s]
GAP-twitter:   9%|▉         | 850493440/9469180207 [00:55<10:19, 13918202.74B/s]
GAP-twitter:   9%|▉         | 851902464/9469180207 [00:55<10:39, 13467656.46B/s]
GAP-twitter:   9%|▉         | 853393408/9469180207 [00:55<10:21, 13864005.35B/s]
GAP-twitter:   9%|▉         | 854884352/9469180207 [00:55<10:08, 14145053.04B/s]
GAP-twitter:   9%|▉         | 856309760/9469180207 [00:55<10:44, 13354404.87B/s]
GAP-twitter:   9%|▉         | 857980928/9469180207 [00:55<10:03, 14278055.14B/s]
GAP-twitter:   9%|▉         | 859455488/9469180207 [00:56<09:57, 14403592.03B/s]
GAP-twitter:   9%|▉         | 860913664/9469180207 [00:56<10:35, 13537447.68B/s]
GAP-twitter:   9%|▉         | 862388224/9469180207 [00:56<10:21, 13846138.26B/s]
GAP-twitter:   9%|▉         | 863797248/9469180207 [00:56<10:34, 13554141.12B/s]
GAP-twitter:   9%|▉         | 865501184/9469180207 [00:56<09:52, 14520458.25B/s]
GAP-twitter:   9%|▉         | 866992128/9469180207 [00:56<09:48, 14620816.43B/s]
GAP-twitter:   9%|▉         | 868466688/9469180207 [00:56<10:29, 13669993.44B/s]
GAP-twitter:   9%|▉         | 870121472/9469180207 [00:56<09:54, 14465301.43B/s]
GAP-twitter:   9%|▉         | 871612416/9469180207 [00:56<09:49, 14586383.88B/s]
GAP-twitter:   9%|▉         | 873086976/9469180207 [00:56<10:28, 13672677.66B/s]
GAP-twitter:   9%|▉         | 874577920/9469180207 [00:57<10:14, 13989151.67B/s]
GAP-twitter:   9%|▉         | 876003328/9469180207 [00:57<10:44, 13324742.52B/s]
GAP-twitter:   9%|▉         | 877625344/9469180207 [00:57<10:09, 14095213.24B/s]
GAP-twitter:   9%|▉         | 879116288/9469180207 [00:57<10:00, 14300299.17B/s]
GAP-twitter:   9%|▉         | 882065408/9469180207 [00:57<07:39, 18667707.66B/s]
GAP-twitter:   9%|▉         | 885899264/9469180207 [00:57<05:51, 24393609.81B/s]
GAP-twitter:   9%|▉         | 889372672/9469180207 [00:57<05:12, 27424378.97B/s]
GAP-twitter:   9%|▉         | 892960768/9469180207 [00:57<04:46, 29912386.47B/s]
GAP-twitter:   9%|▉         | 896942080/9469180207 [00:57<04:21, 32835169.13B/s]
GAP-twitter:  10%|▉         | 900448256/9469180207 [00:58<04:15, 33474857.68B/s]
GAP-twitter:  10%|▉         | 903954432/9469180207 [00:58<04:12, 33914875.27B/s]
GAP-twitter:  10%|▉         | 907362304/9469180207 [00:58<04:12, 33873576.27B/s]
GAP-twitter:  10%|▉         | 911458304/9469180207 [00:58<03:57, 35988201.24B/s]

asv: benchmark timed out (timeout 60s)

For parameters: bfs_gap_inputs.GAP/GAP-web_2299444
INFO root: Dataset suitesparse_matrix.GAP/GAP-web manifest metadata is stale.

GAP-web:   0%|          | 0/8300343137 [00:00<?, ?B/s]
GAP-web:   0%|          | 262144/8300343137 [00:00<55:40, 2484418.33B/s]
GAP-web:   0%|          | 1343488/8300343137 [00:00<19:07, 7233825.41B/s]
GAP-web:   0%|          | 2850816/8300343137 [00:00<12:51, 10751716.15B/s]
GAP-web:   0%|          | 4440064/8300343137 [00:00<10:52, 12706731.11B/s]
GAP-web:   0%|          | 6078464/8300343137 [00:00<09:52, 14005110.40B/s]
GAP-web:   0%|          | 7733248/8300343137 [00:00<09:18, 14841633.32B/s]
GAP-web:   0%|          | 9453568/8300343137 [00:00<08:51, 15584648.07B/s]
GAP-web:   0%|          | 11223040/8300343137 [00:00<08:30, 16245906.84B/s]
GAP-web:   0%|          | 12992512/8300343137 [00:00<08:16, 16689661.43B/s]
GAP-web:   0%|          | 14811136/8300343137 [00:01<08:03, 17132301.80B/s]
GAP-web:   0%|          | 16711680/8300343137 [00:01<07:49, 17653870.87B/s]
GAP-web:   0%|          | 18579456/8300343137 [00:01<07:41, 17926865.92B/s]
GAP-web:   0%|          | 20381696/8300343137 [00:01<07:48, 17671020.99B/s]
GAP-web:   0%|          | 22151168/8300343137 [00:01<07:49, 17623486.15B/s]
GAP-web:   0%|          | 23920640/8300343137 [00:01<07:52, 17533947.85B/s]
GAP-web:   0%|          | 25690112/8300343137 [00:01<08:02, 17163959.39B/s]
GAP-web:   0%|          | 27410432/8300343137 [00:01<08:08, 16929544.16B/s]
GAP-web:   0%|          | 29114368/8300343137 [00:01<08:12, 16802321.71B/s]
GAP-web:   0%|          | 30801920/8300343137 [00:01<08:12, 16776825.25B/s]
GAP-web:   0%|          | 32489472/8300343137 [00:02<08:11, 16804642.00B/s]
GAP-web:   0%|          | 34177024/8300343137 [00:02<08:17, 16609222.09B/s]
GAP-web:   0%|          | 35848192/8300343137 [00:02<08:35, 16045087.40B/s]
GAP-web:   0%|          | 37486592/8300343137 [00:02<08:32, 16128594.59B/s]
GAP-web:   0%|          | 39108608/8300343137 [00:02<08:33, 16100967.81B/s]
GAP-web:   0%|          | 40927232/8300343137 [00:02<08:14, 16709711.53B/s]
GAP-web:   1%|          | 42614784/8300343137 [00:02<08:22, 16431364.49B/s]
GAP-web:   1%|          | 44269568/8300343137 [00:02<08:31, 16149386.95B/s]
GAP-web:   1%|          | 45891584/8300343137 [00:02<08:42, 15811103.87B/s]
GAP-web:   1%|          | 47480832/8300343137 [00:02<08:42, 15791211.41B/s]
GAP-web:   1%|          | 49070080/8300343137 [00:03<08:46, 15657855.03B/s]
GAP-web:   1%|          | 50642944/8300343137 [00:03<08:51, 15510491.60B/s]
GAP-web:   1%|          | 52199424/8300343137 [00:03<08:51, 15520563.84B/s]
GAP-web:   1%|          | 53755904/8300343137 [00:03<09:00, 15248895.64B/s]
GAP-web:   1%|          | 55296000/8300343137 [00:03<09:03, 15178057.15B/s]
GAP-web:   1%|          | 56868864/8300343137 [00:03<08:58, 15309005.44B/s]
GAP-web:   1%|          | 58408960/8300343137 [00:03<09:01, 15232995.22B/s]
GAP-web:   1%|          | 60096512/8300343137 [00:03<08:45, 15676583.31B/s]
GAP-web:   1%|          | 61669376/8300343137 [00:03<09:13, 14875098.58B/s]
GAP-web:   1%|          | 63356928/8300343137 [00:04<08:54, 15414993.30B/s]
GAP-web:   1%|          | 65011712/8300343137 [00:04<09:20, 14687429.26B/s]
GAP-web:   1%|          | 66732032/8300343137 [00:04<08:55, 15368751.11B/s]
GAP-web:   1%|          | 68468736/8300343137 [00:04<08:36, 15934637.85B/s]
GAP-web:   1%|          | 70090752/8300343137 [00:04<09:00, 15214169.24B/s]
GAP-web:   1%|          | 71827456/8300343137 [00:04<08:40, 15805330.67B/s]
GAP-web:   1%|          | 73433088/8300343137 [00:04<08:55, 15360884.33B/s]
GAP-web:   1%|          | 75317248/8300343137 [00:04<08:23, 16330974.72B/s]
GAP-web:   1%|          | 77021184/8300343137 [00:04<08:17, 16515243.31B/s]
GAP-web:   1%|          | 78692352/8300343137 [00:04<08:40, 15791703.05B/s]
GAP-web:   1%|          | 80330752/8300343137 [00:05<08:35, 15949134.64B/s]
GAP-web:   1%|          | 81936384/8300343137 [00:05<09:18, 14712560.69B/s]
GAP-web:   1%|          | 83607552/8300343137 [00:05<08:58, 15248058.63B/s]
GAP-web:   1%|          | 85245952/8300343137 [00:05<08:47, 15560864.16B/s]
GAP-web:   1%|          | 86818816/8300343137 [00:05<09:18, 14694057.01B/s]
GAP-web:   1%|          | 88309760/8300343137 [00:05<09:18, 14696091.39B/s]
GAP-web:   1%|          | 89800704/8300343137 [00:05<10:15, 13339766.20B/s]
GAP-web:   1%|          | 91275264/8300343137 [00:05<09:59, 13686224.43B/s]
GAP-web:   1%|          | 92979200/8300343137 [00:05<09:22, 14582517.47B/s]
GAP-web:   1%|          | 94470144/8300343137 [00:06<10:03, 13594405.79B/s]
GAP-web:   1%|          | 96059392/8300343137 [00:06<09:37, 14197308.63B/s]
GAP-web:   1%|          | 97648640/8300343137 [00:06<09:45, 14004363.24B/s]
GAP-web:   1%|          | 99483648/8300343137 [00:06<08:59, 15202549.74B/s]
GAP-web:   1%|          | 101171200/8300343137 [00:06<08:44, 15640704.42B/s]
GAP-web:   1%|          | 102760448/8300343137 [00:06<09:07, 14984374.20B/s]
GAP-web:   1%|▏         | 104529920/8300343137 [00:06<08:40, 15744887.47B/s]
GAP-web:   1%|▏         | 106135552/8300343137 [00:06<09:11, 14859845.97B/s]
GAP-web:   1%|▏         | 107790336/8300343137 [00:06<08:55, 15313166.37B/s]
GAP-web:   1%|▏         | 109477888/8300343137 [00:07<09:06, 14981896.25B/s]
GAP-web:   1%|▏         | 111345664/8300343137 [00:07<08:32, 15991380.12B/s]
GAP-web:   1%|▏         | 113197056/8300343137 [00:07<08:10, 16695732.23B/s]
GAP-web:   1%|▏         | 114884608/8300343137 [00:07<08:36, 15843886.22B/s]
GAP-web:   1%|▏         | 116719616/8300343137 [00:07<08:15, 16523718.14B/s]
GAP-web:   1%|▏         | 118390784/8300343137 [00:07<08:38, 15792216.94B/s]
GAP-web:   1%|▏         | 120225792/8300343137 [00:07<08:16, 16484929.50B/s]
GAP-web:   1%|▏         | 121896960/8300343137 [00:07<08:41, 15692253.33B/s]
GAP-web:   1%|▏         | 123731968/8300343137 [00:07<08:18, 16396021.10B/s]
GAP-web:   2%|▏         | 125534208/8300343137 [00:08<08:05, 16824288.87B/s]
GAP-web:   2%|▏         | 127238144/8300343137 [00:08<08:32, 15958945.10B/s]
GAP-web:   2%|▏         | 128974848/8300343137 [00:08<08:20, 16313414.95B/s]
GAP-web:   2%|▏         | 130629632/8300343137 [00:08<08:46, 15519840.04B/s]
GAP-web:   2%|▏         | 132464640/8300343137 [00:08<08:21, 16299558.92B/s]
GAP-web:   2%|▏         | 134119424/8300343137 [00:08<08:51, 15370140.80B/s]
GAP-web:   2%|▏         | 135741440/8300343137 [00:08<08:44, 15568075.85B/s]
GAP-web:   2%|▏         | 137314304/8300343137 [00:08<08:44, 15553412.07B/s]
GAP-web:   2%|▏         | 138887168/8300343137 [00:08<09:22, 14507662.69B/s]
GAP-web:   2%|▏         | 140591104/8300343137 [00:09<08:57, 15190475.43B/s]
GAP-web:   2%|▏         | 142131200/8300343137 [00:09<10:00, 13594409.47B/s]
GAP-web:   2%|▏         | 143540224/8300343137 [00:09<10:21, 13128575.23B/s]
GAP-web:   2%|▏         | 144883712/8300343137 [00:09<10:22, 13091070.77B/s]
GAP-web:   2%|▏         | 146472960/8300343137 [00:09<09:49, 13832481.80B/s]
GAP-web:   2%|▏         | 147881984/8300343137 [00:09<10:02, 13529857.19B/s]
GAP-web:   2%|▏         | 149618688/8300343137 [00:09<09:19, 14576745.09B/s]
GAP-web:   2%|▏         | 151093248/8300343137 [00:09<10:15, 13237955.77B/s]
GAP-web:   2%|▏         | 152453120/8300343137 [00:09<10:44, 12637029.96B/s]
GAP-web:   2%|▏         | 153747456/8300343137 [00:10<11:10, 12157657.86B/s]
GAP-web:   2%|▏         | 154992640/8300343137 [00:10<11:47, 11515402.61B/s]
GAP-web:   2%|▏         | 156532736/8300343137 [00:10<10:50, 12522747.59B/s]
GAP-web:   2%|▏         | 158154752/8300343137 [00:10<10:02, 13510803.28B/s]
GAP-web:   2%|▏         | 159531008/8300343137 [00:10<10:30, 12913513.50B/s]
GAP-web:   2%|▏         | 161120256/8300343137 [00:10<09:53, 13708143.69B/s]
GAP-web:   2%|▏         | 162676736/8300343137 [00:10<10:14, 13243252.52B/s]
GAP-web:   2%|▏         | 164282368/8300343137 [00:10<09:40, 14004736.47B/s]
GAP-web:   2%|▏         | 165871616/8300343137 [00:10<09:21, 14496244.81B/s]
GAP-web:   2%|▏         | 167346176/8300343137 [00:11<09:49, 13801259.18B/s]
GAP-web:   2%|▏         | 168951808/8300343137 [00:11<09:24, 14416781.03B/s]
GAP-web:   2%|▏         | 170541056/8300343137 [00:11<09:08, 14813004.47B/s]
GAP-web:   2%|▏         | 172048384/8300343137 [00:11<09:47, 13834805.72B/s]
GAP-web:   2%|▏         | 173604864/8300343137 [00:11<09:29, 14281252.56B/s]
GAP-web:   2%|▏         | 175063040/8300343137 [00:11<09:42, 13943353.22B/s]
GAP-web:   2%|▏         | 176832512/8300343137 [00:11<09:02, 14972998.44B/s]
GAP-web:   2%|▏         | 178356224/8300343137 [00:11<09:00, 15032841.72B/s]
GAP-web:   2%|▏         | 179879936/8300343137 [00:11<09:27, 14299476.11B/s]
GAP-web:   2%|▏         | 181551104/8300343137 [00:12<09:03, 14943299.27B/s]
GAP-web:   2%|▏         | 183074816/8300343137 [00:12<09:19, 14518709.99B/s]
GAP-web:   2%|▏         | 184745984/8300343137 [00:12<08:56, 15135112.47B/s]
GAP-web:   2%|▏         | 186368000/8300343137 [00:12<08:45, 15426259.78B/s]
GAP-web:   2%|▏         | 187924480/8300343137 [00:12<09:17, 14543664.25B/s]
GAP-web:   2%|▏         | 189726720/8300343137 [00:12<08:42, 15517390.81B/s]
GAP-web:   2%|▏         | 191299584/8300343137 [00:12<09:02, 14947049.90B/s]
GAP-web:   2%|▏         | 192970752/8300343137 [00:12<08:44, 15444602.36B/s]
GAP-web:   2%|▏         | 194756608/8300343137 [00:12<08:23, 16105735.50B/s]
GAP-web:   2%|▏         | 196395008/8300343137 [00:13<08:47, 15374503.35B/s]
GAP-web:   2%|▏         | 198131712/8300343137 [00:13<08:29, 15916366.67B/s]
GAP-web:   2%|▏         | 199737344/8300343137 [00:13<09:05, 14841599.88B/s]
GAP-web:   2%|▏         | 201293824/8300343137 [00:13<08:59, 15017725.53B/s]
GAP-web:   2%|▏         | 203030528/8300343137 [00:13<08:37, 15658790.38B/s]
GAP-web:   2%|▏         | 204619776/8300343137 [00:13<08:57, 15048382.92B/s]
GAP-web:   2%|▏         | 206438400/8300343137 [00:13<08:28, 15929085.08B/s]
GAP-web:   3%|▎         | 208060416/8300343137 [00:13<08:47, 15353649.98B/s]
GAP-web:   3%|▎         | 209944576/8300343137 [00:13<08:15, 16323402.97B/s]
GAP-web:   3%|▎         | 211599360/8300343137 [00:13<08:39, 15575010.84B/s]
GAP-web:   3%|▎         | 213483520/8300343137 [00:14<08:11, 16458431.33B/s]
GAP-web:   3%|▎         | 215220224/8300343137 [00:14<08:39, 15569692.03B/s]
GAP-web:   3%|▎         | 217169920/8300343137 [00:14<08:06, 16620087.70B/s]
GAP-web:   3%|▎         | 219201536/8300343137 [00:14<08:13, 16378427.73B/s]
GAP-web:   3%|▎         | 221216768/8300343137 [00:14<07:44, 17395545.09B/s]
GAP-web:   3%|▎         | 223199232/8300343137 [00:14<07:27, 18044673.88B/s]
GAP-web:   3%|▎         | 225034240/8300343137 [00:14<08:00, 16789900.19B/s]
GAP-web:   3%|▎         | 226820096/8300343137 [00:14<07:53, 17060480.25B/s]
GAP-web:   3%|▎         | 228556800/8300343137 [00:14<08:23, 16036853.08B/s]
GAP-web:   3%|▎         | 230326272/8300343137 [00:15<08:10, 16457002.03B/s]
GAP-web:   3%|▎         | 231997440/8300343137 [00:15<08:42, 15453668.80B/s]
GAP-web:   3%|▎         | 233766912/8300343137 [00:15<08:22, 16043771.27B/s]
GAP-web:   3%|▎         | 235520000/8300343137 [00:15<08:47, 15286915.98B/s]
GAP-web:   3%|▎         | 237256704/8300343137 [00:15<08:29, 15826244.59B/s]
GAP-web:   3%|▎         | 239058944/8300343137 [00:15<08:11, 16416821.29B/s]
GAP-web:   3%|▎         | 240730112/8300343137 [00:15<08:35, 15646804.89B/s]
GAP-web:   3%|▎         | 242401280/8300343137 [00:15<08:25, 15930559.12B/s]
GAP-web:   3%|▎         | 244023296/8300343137 [00:15<08:50, 15184239.11B/s]
GAP-web:   3%|▎         | 245760000/8300343137 [00:16<08:30, 15778617.56B/s]
GAP-web:   3%|▎         | 247480320/8300343137 [00:16<08:55, 15047654.98B/s]
GAP-web:   3%|▎         | 249331712/8300343137 [00:16<08:23, 15985689.76B/s]
GAP-web:   3%|▎         | 251133952/8300343137 [00:16<08:06, 16557726.39B/s]
GAP-web:   3%|▎         | 252821504/8300343137 [00:16<08:41, 15423512.84B/s]
GAP-web:   3%|▎         | 254394368/8300343137 [00:16<08:46, 15272450.65B/s]
GAP-web:   3%|▎         | 255950848/8300343137 [00:16<09:19, 14371478.84B/s]
GAP-web:   3%|▎         | 257671168/8300343137 [00:16<08:51, 15127370.37B/s]
GAP-web:   3%|▎         | 259506176/8300343137 [00:16<08:58, 14934174.37B/s]
GAP-web:   3%|▎         | 261242880/8300343137 [00:17<08:36, 15569099.59B/s]
GAP-web:   3%|▎         | 262914048/8300343137 [00:17<08:27, 15846985.12B/s]
GAP-web:   3%|▎         | 264519680/8300343137 [00:17<09:06, 14713919.02B/s]
GAP-web:   3%|▎         | 266190848/8300343137 [00:17<08:46, 15257090.20B/s]
GAP-web:   3%|▎         | 267747328/8300343137 [00:17<09:14, 14477914.09B/s]
GAP-web:   3%|▎         | 269467648/8300343137 [00:17<08:48, 15205993.17B/s]
GAP-web:   3%|▎         | 271138816/8300343137 [00:17<08:34, 15603013.94B/s]
GAP-web:   3%|▎         | 272728064/8300343137 [00:17<09:05, 14726500.95B/s]
GAP-web:   3%|▎         | 274464768/8300343137 [00:17<08:40, 15431890.32B/s]
GAP-web:   3%|▎         | 276037632/8300343137 [00:18<09:08, 14625025.43B/s]
GAP-web:   3%|▎         | 277741568/8300343137 [00:18<08:44, 15282248.26B/s]
GAP-web:   3%|▎         | 279478272/8300343137 [00:18<08:25, 15861450.38B/s]
GAP-web:   3%|▎         | 281083904/8300343137 [00:18<09:07, 14654949.14B/s]
GAP-web:   3%|▎         | 282869760/8300343137 [00:18<08:37, 15490271.16B/s]
GAP-web:   3%|▎         | 284459008/8300343137 [00:18<09:10, 14548919.37B/s]
GAP-web:   3%|▎         | 286179328/8300343137 [00:18<08:45, 15238434.83B/s]
GAP-web:   3%|▎         | 287735808/8300343137 [00:18<09:22, 14249779.49B/s]
GAP-web:   3%|▎         | 289341440/8300343137 [00:18<09:03, 14736714.27B/s]
GAP-web:   4%|▎         | 291127296/8300343137 [00:19<08:34, 15564884.61B/s]
GAP-web:   4%|▎         | 292716544/8300343137 [00:19<08:57, 14899858.60B/s]
GAP-web:   4%|▎         | 294436864/8300343137 [00:19<08:35, 15520870.71B/s]
GAP-web:   4%|▎         | 296009728/8300343137 [00:19<09:02, 14758318.71B/s]
GAP-web:   4%|▎         | 297713664/8300343137 [00:19<08:40, 15365522.10B/s]
GAP-web:   4%|▎         | 299417600/8300343137 [00:19<08:25, 15823302.72B/s]
GAP-web:   4%|▎         | 301023232/8300343137 [00:19<09:01, 14783622.21B/s]
GAP-web:   4%|▎         | 302710784/8300343137 [00:19<08:41, 15343175.50B/s]
GAP-web:   4%|▎         | 304267264/8300343137 [00:19<09:08, 14569565.12B/s]
GAP-web:   4%|▎         | 305971200/8300343137 [00:20<08:44, 15238925.35B/s]
GAP-web:   4%|▎         | 307625984/8300343137 [00:20<09:08, 14576697.13B/s]
GAP-web:   4%|▎         | 309346304/8300343137 [00:20<08:43, 15267688.24B/s]
GAP-web:   4%|▎         | 311033856/8300343137 [00:20<08:29, 15682128.59B/s]
GAP-web:   4%|▍         | 312623104/8300343137 [00:20<08:42, 15292705.10B/s]
GAP-web:   4%|▍         | 314327040/8300343137 [00:20<08:26, 15768750.64B/s]
GAP-web:   4%|▍         | 315916288/8300343137 [00:20<09:06, 14618554.07B/s]
GAP-web:   4%|▍         | 317587456/8300343137 [00:20<08:46, 15171576.59B/s]
GAP-web:   4%|▍         | 319307776/8300343137 [00:20<08:27, 15715443.53B/s]
GAP-web:   4%|▍         | 320897024/8300343137 [00:21<08:49, 15075155.23B/s]
GAP-web:   4%|▍         | 322666496/8300343137 [00:21<08:24, 15811164.29B/s]
GAP-web:   4%|▍         | 324272128/8300343137 [00:21<08:45, 15163725.11B/s]
GAP-web:   4%|▍         | 325959680/8300343137 [00:21<08:30, 15612637.59B/s]
GAP-web:   4%|▍         | 327680000/8300343137 [00:21<08:16, 16042351.13B/s]
GAP-web:   4%|▍         | 329302016/8300343137 [00:21<08:41, 15292572.24B/s]
GAP-web:   4%|▍         | 331120640/8300343137 [00:21<08:14, 16107359.65B/s]
GAP-web:   4%|▍         | 332759040/8300343137 [00:21<08:24, 15782327.94B/s]
GAP-web:   4%|▍         | 334987264/8300343137 [00:21<07:31, 17634432.29B/s]
GAP-web:   4%|▍         | 336773120/8300343137 [00:22<07:43, 17178387.70B/s]
GAP-web:   4%|▍         | 338509824/8300343137 [00:22<07:51, 16895141.56B/s]
GAP-web:   4%|▍         | 340213760/8300343137 [00:22<08:48, 15068389.90B/s]
GAP-web:   4%|▍         | 341852160/8300343137 [00:22<08:37, 15379443.59B/s]
GAP-web:   4%|▍         | 343425024/8300343137 [00:22<08:42, 15241767.12B/s]
GAP-web:   4%|▍         | 344981504/8300343137 [00:22<09:05, 14571548.42B/s]
GAP-web:   4%|▍         | 346898432/8300343137 [00:22<08:23, 15806490.40B/s]
GAP-web:   4%|▍         | 348651520/8300343137 [00:22<08:41, 15233837.07B/s]
GAP-web:   4%|▍         | 350355456/8300343137 [00:22<08:26, 15698416.26B/s]
GAP-web:   4%|▍         | 352108544/8300343137 [00:23<08:11, 16175211.89B/s]
GAP-web:   4%|▍         | 353746944/8300343137 [00:23<09:21, 14151471.84B/s]
GAP-web:   4%|▍         | 355418112/8300343137 [00:23<08:56, 14804021.44B/s]
GAP-web:   4%|▍         | 356958208/8300343137 [00:23<09:10, 14418735.57B/s]
GAP-web:   4%|▍         | 358891520/8300343137 [00:23<08:24, 15753518.80B/s]
GAP-web:   4%|▍         | 360792064/8300343137 [00:23<08:25, 15698076.71B/s]
GAP-web:   4%|▍         | 362741760/8300343137 [00:23<07:54, 16722252.99B/s]
GAP-web:   4%|▍         | 364609536/8300343137 [00:23<07:39, 17255088.21B/s]
GAP-web:   4%|▍         | 366362624/8300343137 [00:23<08:08, 16233790.27B/s]
GAP-web:   4%|▍         | 368066560/8300343137 [00:24<08:02, 16425878.61B/s]
GAP-web:   4%|▍         | 369737728/8300343137 [00:24<08:28, 15584021.56B/s]
GAP-web:   4%|▍         | 371605504/8300343137 [00:24<08:02, 16416707.15B/s]
GAP-web:   4%|▍         | 373276672/8300343137 [00:24<08:24, 15723653.02B/s]
GAP-web:   5%|▍         | 375275520/8300343137 [00:24<07:49, 16897245.50B/s]
GAP-web:   5%|▍         | 376995840/8300343137 [00:24<08:08, 16214786.84B/s]
GAP-web:   5%|▍         | 378880000/8300343137 [00:24<07:48, 16907780.24B/s]
GAP-web:   5%|▍         | 380682240/8300343137 [00:24<07:39, 17218620.50B/s]
GAP-web:   5%|▍         | 382418944/8300343137 [00:24<08:10, 16145599.16B/s]
GAP-web:   5%|▍         | 384319488/8300343137 [00:25<07:48, 16904982.93B/s]
GAP-web:   5%|▍         | 386039808/8300343137 [00:25<08:16, 15929725.44B/s]
GAP-web:   5%|▍         | 387940352/8300343137 [00:25<07:51, 16773597.49B/s]
GAP-web:   5%|▍         | 389644288/8300343137 [00:25<08:16, 15943926.92B/s]
GAP-web:   5%|▍         | 391512064/8300343137 [00:25<07:53, 16688117.17B/s]
GAP-web:   5%|▍         | 393281536/8300343137 [00:25<08:15, 15945566.51B/s]
GAP-web:   5%|▍         | 395214848/8300343137 [00:25<07:48, 16871074.98B/s]
GAP-web:   5%|▍         | 397148160/8300343137 [00:25<07:30, 17548832.18B/s]
GAP-web:   5%|▍         | 398934016/8300343137 [00:25<07:56, 16570494.18B/s]
GAP-web:   5%|▍         | 400621568/8300343137 [00:26<08:21, 15754076.60B/s]
GAP-web:   5%|▍         | 402227200/8300343137 [00:26<08:44, 15058831.07B/s]
GAP-web:   5%|▍         | 403881984/8300343137 [00:26<08:32, 15418900.06B/s]
GAP-web:   5%|▍         | 405487616/8300343137 [00:26<09:00, 14616164.61B/s]
GAP-web:   5%|▍         | 406994944/8300343137 [00:26<08:56, 14719571.12B/s]
GAP-web:   5%|▍         | 408485888/8300343137 [00:26<09:00, 14594234.61B/s]
GAP-web:   5%|▍         | 409960448/8300343137 [00:26<09:34, 13734630.26B/s]
GAP-web:   5%|▍         | 411533312/8300343137 [00:26<09:13, 14262636.73B/s]
GAP-web:   5%|▍         | 413122560/8300343137 [00:26<08:56, 14692553.04B/s]
GAP-web:   5%|▍         | 414613504/8300343137 [00:27<09:31, 13807160.34B/s]
GAP-web:   5%|▌         | 416202752/8300343137 [00:27<09:08, 14369840.54B/s]
GAP-web:   5%|▌         | 417660928/8300343137 [00:27<09:37, 13651043.34B/s]
GAP-web:   5%|▌         | 419233792/8300343137 [00:27<09:15, 14189577.49B/s]
GAP-web:   5%|▌         | 420806656/8300343137 [00:27<08:59, 14605938.55B/s]
GAP-web:   5%|▌         | 422281216/8300343137 [00:27<09:40, 13567409.44B/s]
GAP-web:   5%|▌         | 423919616/8300343137 [00:27<09:09, 14322811.10B/s]
GAP-web:   5%|▌         | 425639936/8300343137 [00:27<08:41, 15096437.44B/s]
GAP-web:   5%|▌         | 427180032/8300343137 [00:27<09:20, 14045200.94B/s]
GAP-web:   5%|▌         | 428752896/8300343137 [00:27<09:02, 14504461.99B/s]
GAP-web:   5%|▌         | 430227456/8300343137 [00:28<09:31, 13763437.09B/s]
GAP-web:   5%|▌         | 431833088/8300343137 [00:28<09:07, 14373370.11B/s]
GAP-web:   5%|▌         | 433569792/8300343137 [00:28<08:38, 15186251.11B/s]
GAP-web:   5%|▌         | 435339264/8300343137 [00:28<08:15, 15867070.94B/s]
GAP-web:   5%|▌         | 436944896/8300343137 [00:28<08:23, 15612798.83B/s]
GAP-web:   5%|▌         | 438550528/8300343137 [00:28<08:19, 15738692.77B/s]
GAP-web:   5%|▌         | 440139776/8300343137 [00:28<08:48, 14876099.70B/s]
GAP-web:   5%|▌         | 442023936/8300343137 [00:28<08:11, 15986994.95B/s]
GAP-web:   5%|▌         | 443645952/8300343137 [00:28<08:23, 15607217.28B/s]
GAP-web:   5%|▌         | 445431808/8300343137 [00:29<08:04, 16226227.77B/s]
GAP-web:   5%|▌         | 447070208/8300343137 [00:29<08:31, 15365128.65B/s]
GAP-web:   5%|▌         | 448806912/8300343137 [00:29<08:16, 15799201.00B/s]
GAP-web:   5%|▌         | 450609152/8300343137 [00:29<07:58, 16402275.77B/s]
GAP-web:   5%|▌         | 452263936/8300343137 [00:29<08:01, 16309433.48B/s]
GAP-web:   5%|▌         | 454180864/8300343137 [00:29<07:38, 17118931.39B/s]
GAP-web:   5%|▌         | 455901184/8300343137 [00:29<08:35, 15226079.51B/s]
GAP-web:   6%|▌         | 457474048/8300343137 [00:29<08:38, 15128169.69B/s]
GAP-web:   6%|▌         | 459046912/8300343137 [00:29<08:32, 15291982.67B/s]
GAP-web:   6%|▌         | 460603392/8300343137 [00:30<09:10, 14253411.93B/s]
GAP-web:   6%|▌         | 462274560/8300343137 [00:30<08:46, 14891998.84B/s]
GAP-web:   6%|▌         | 463798272/8300343137 [00:30<09:10, 14227271.02B/s]
GAP-web:   6%|▌         | 465584128/8300343137 [00:30<08:36, 15179338.49B/s]
GAP-web:   6%|▌         | 467222528/8300343137 [00:30<08:26, 15473819.58B/s]
GAP-web:   6%|▌         | 468795392/8300343137 [00:30<08:51, 14742075.82B/s]
GAP-web:   6%|▌         | 470564864/8300343137 [00:30<08:24, 15523758.71B/s]
GAP-web:   6%|▌         | 472137728/8300343137 [00:30<08:54, 14638352.10B/s]
GAP-web:   6%|▌         | 473808896/8300343137 [00:30<08:34, 15208234.04B/s]
GAP-web:   6%|▌         | 475480064/8300343137 [00:31<08:20, 15627629.94B/s]
GAP-web:   6%|▌         | 477069312/8300343137 [00:31<08:45, 14883951.72B/s]
GAP-web:   6%|▌         | 478822400/8300343137 [00:31<08:20, 15617461.93B/s]
GAP-web:   6%|▌         | 480411648/8300343137 [00:31<08:40, 15016701.79B/s]
GAP-web:   6%|▌         | 482066432/8300343137 [00:31<08:27, 15412919.72B/s]
GAP-web:   6%|▌         | 483704832/8300343137 [00:31<08:18, 15673845.04B/s]
GAP-web:   6%|▌         | 485294080/8300343137 [00:31<08:39, 15052021.44B/s]
GAP-web:   6%|▌         | 487096320/8300343137 [00:31<08:12, 15858155.07B/s]
GAP-web:   6%|▌         | 488701952/8300343137 [00:31<08:39, 15027309.83B/s]
GAP-web:   6%|▌         | 490422272/8300343137 [00:31<08:20, 15589278.84B/s]
GAP-web:   6%|▌         | 492011520/8300343137 [00:32<08:48, 14768861.41B/s]
GAP-web:   6%|▌         | 493715456/8300343137 [00:32<08:27, 15379925.52B/s]
GAP-web:   6%|▌         | 495419392/8300343137 [00:32<08:12, 15834583.98B/s]
GAP-web:   6%|▌         | 497025024/8300343137 [00:32<08:44, 14863829.79B/s]
GAP-web:   6%|▌         | 498712576/8300343137 [00:32<08:26, 15414339.15B/s]
GAP-web:   6%|▌         | 500285440/8300343137 [00:32<09:03, 14349777.53B/s]
GAP-web:   6%|▌         | 501776384/8300343137 [00:32<08:59, 14462991.76B/s]
GAP-web:   6%|▌         | 503267328/8300343137 [00:32<08:55, 14558026.46B/s]
GAP-web:   6%|▌         | 504741888/8300343137 [00:32<09:35, 13538513.83B/s]
GAP-web:   6%|▌         | 506232832/8300343137 [00:33<09:20, 13913235.44B/s]
GAP-web:   6%|▌         | 507740160/8300343137 [00:33<09:07, 14235388.81B/s]
GAP-web:   6%|▌         | 509181952/8300343137 [00:33<09:42, 13385215.56B/s]
GAP-web:   6%|▌         | 510689280/8300343137 [00:33<09:23, 13816890.28B/s]
GAP-web:   6%|▌         | 512098304/8300343137 [00:33<09:55, 13071437.34B/s]
GAP-web:   6%|▌         | 513605632/8300343137 [00:33<09:33, 13580180.68B/s]
GAP-web:   6%|▌         | 515096576/8300343137 [00:33<09:19, 13913959.78B/s]
GAP-web:   6%|▌         | 516505600/8300343137 [00:33<09:53, 13110113.42B/s]
GAP-web:   6%|▌         | 517996544/8300343137 [00:33<09:32, 13588081.14B/s]
GAP-web:   6%|▋         | 519503872/8300343137 [00:34<09:17, 13966818.89B/s]
GAP-web:   6%|▋         | 520929280/8300343137 [00:34<09:50, 13183853.84B/s]
GAP-web:   6%|▋         | 522436608/8300343137 [00:34<09:27, 13698632.68B/s]
GAP-web:   6%|▋         | 523943936/8300343137 [00:34<09:12, 14067564.66B/s]
GAP-web:   6%|▋         | 525369344/8300343137 [00:34<09:48, 13217756.98B/s]
GAP-web:   6%|▋         | 526860288/8300343137 [00:34<09:28, 13668838.38B/s]
GAP-web:   6%|▋         | 528302080/8300343137 [00:34<09:58, 12995249.83B/s]
GAP-web:   6%|▋         | 529809408/8300343137 [00:34<09:33, 13556269.07B/s]
GAP-web:   6%|▋         | 531316736/8300343137 [00:34<09:17, 13943778.46B/s]
GAP-web:   6%|▋         | 532725760/8300343137 [00:35<09:49, 13171221.59B/s]
GAP-web:   6%|▋         | 534233088/8300343137 [00:35<09:27, 13691203.51B/s]
GAP-web:   6%|▋         | 535740416/8300343137 [00:35<09:11, 14067296.62B/s]
GAP-web:   6%|▋         | 537165824/8300343137 [00:35<09:40, 13363123.59B/s]
GAP-web:   6%|▋         | 538673152/8300343137 [00:35<09:21, 13817717.28B/s]
GAP-web:   7%|▋         | 540164096/8300343137 [00:35<09:09, 14121098.19B/s]
GAP-web:   7%|▋         | 541589504/8300343137 [00:35<09:42, 13316425.47B/s]
GAP-web:   7%|▋         | 543096832/8300343137 [00:35<09:23, 13770392.15B/s]
GAP-web:   7%|▋         | 544489472/8300343137 [00:35<09:53, 13057423.37B/s]
GAP-web:   7%|▋         | 545980416/8300343137 [00:36<09:32, 13545967.76B/s]
GAP-web:   7%|▋         | 547471360/8300343137 [00:36<09:16, 13919744.07B/s]
GAP-web:   7%|▋         | 548945920/8300343137 [00:36<09:08, 14129393.75B/s]
GAP-web:   7%|▋         | 550371328/8300343137 [00:36<09:08, 14123138.06B/s]
GAP-web:   7%|▋         | 551862272/8300343137 [00:36<09:00, 14344132.00B/s]
GAP-web:   7%|▋         | 553336832/8300343137 [00:36<08:56, 14441450.42B/s]
GAP-web:   7%|▋         | 554795008/8300343137 [00:36<09:32, 13529484.70B/s]
GAP-web:   7%|▋         | 556302336/8300343137 [00:36<09:16, 13926614.88B/s]
GAP-web:   7%|▋         | 557711360/8300343137 [00:36<09:48, 13147641.39B/s]
GAP-web:   7%|▋         | 559218688/8300343137 [00:36<09:26, 13656834.89B/s]
GAP-web:   7%|▋         | 560726016/8300343137 [00:37<09:11, 14035225.23B/s]
GAP-web:   7%|▋         | 562151424/8300343137 [00:37<09:44, 13233154.60B/s]
GAP-web:   7%|▋         | 563642368/8300343137 [00:37<09:24, 13697775.35B/s]
GAP-web:   7%|▋         | 565264384/8300343137 [00:37<08:57, 14404151.71B/s]
GAP-web:   7%|▋         | 566722560/8300343137 [00:37<09:17, 13862413.31B/s]
GAP-web:   7%|▋         | 568410112/8300343137 [00:37<08:46, 14690987.00B/s]
GAP-web:   7%|▋         | 569901056/8300343137 [00:37<09:15, 13918429.40B/s]
GAP-web:   7%|▋         | 571457536/8300343137 [00:37<08:58, 14341435.20B/s]
GAP-web:   7%|▋         | 573014016/8300343137 [00:37<08:47, 14656770.50B/s]
GAP-web:   7%|▋         | 574504960/8300343137 [00:38<09:21, 13759724.27B/s]
GAP-web:   7%|▋         | 576061440/8300343137 [00:38<09:03, 14221456.98B/s]
GAP-web:   7%|▋         | 577585152/8300343137 [00:38<09:31, 13518039.18B/s]
GAP-web:   7%|▋         | 579125248/8300343137 [00:38<09:10, 14015249.33B/s]
GAP-web:   7%|▋         | 580665344/8300343137 [00:38<08:58, 14327164.61B/s]
GAP-web:   7%|▋         | 582123520/8300343137 [00:38<09:27, 13609343.37B/s]
GAP-web:   7%|▋         | 583663616/8300343137 [00:38<09:07, 14087554.93B/s]
GAP-web:   7%|▋         | 585220096/8300343137 [00:38<08:53, 14472557.70B/s]
GAP-web:   7%|▋         | 586694656/8300343137 [00:38<09:25, 13646900.89B/s]
GAP-web:   7%|▋         | 588234752/8300343137 [00:39<09:06, 14103398.71B/s]
GAP-web:   7%|▋         | 589758464/8300343137 [00:39<08:54, 14425220.83B/s]
GAP-web:   7%|▋         | 591216640/8300343137 [00:39<09:18, 13812286.50B/s]
GAP-web:   7%|▋         | 592904192/8300343137 [00:39<08:46, 14646499.10B/s]
GAP-web:   7%|▋         | 594395136/8300343137 [00:39<09:25, 13632949.06B/s]
GAP-web:   7%|▋         | 595869696/8300343137 [00:39<09:13, 13925625.09B/s]
GAP-web:   7%|▋         | 597360640/8300343137 [00:39<09:02, 14193442.51B/s]
GAP-web:   7%|▋         | 598802432/8300343137 [00:39<09:37, 13343710.60B/s]
GAP-web:   7%|▋         | 600293376/8300343137 [00:39<09:20, 13740327.89B/s]
GAP-web:   7%|▋         | 601800704/8300343137 [00:40<09:06, 14080288.51B/s]
GAP-web:   7%|▋         | 603226112/8300343137 [00:40<09:32, 13438159.67B/s]
GAP-web:   7%|▋         | 604749824/8300343137 [00:40<09:12, 13935626.91B/s]
GAP-web:   7%|▋         | 606158848/8300343137 [00:40<09:27, 13546121.83B/s]
GAP-web:   7%|▋         | 607862784/8300343137 [00:40<08:50, 14501735.89B/s]
GAP-web:   7%|▋         | 609550336/8300343137 [00:40<08:27, 15159392.60B/s]
GAP-web:   7%|▋         | 611090432/8300343137 [00:40<08:53, 14400669.65B/s]
GAP-web:   7%|▋         | 612794368/8300343137 [00:40<08:28, 15126186.15B/s]
GAP-web:   7%|▋         | 614334464/8300343137 [00:40<08:51, 14458417.81B/s]
GAP-web:   7%|▋         | 616005632/8300343137 [00:40<08:30, 15061050.06B/s]
GAP-web:   7%|▋         | 617676800/8300343137 [00:41<08:15, 15496404.11B/s]
GAP-web:   7%|▋         | 619249664/8300343137 [00:41<08:42, 14713993.39B/s]
GAP-web:   7%|▋         | 620937216/8300343137 [00:41<08:22, 15292790.16B/s]
GAP-web:   8%|▊         | 622559232/8300343137 [00:41<08:13, 15556196.06B/s]
GAP-web:   8%|▊         | 624132096/8300343137 [00:41<09:04, 14094525.08B/s]
GAP-web:   8%|▊         | 625606656/8300343137 [00:41<08:58, 14264320.72B/s]
GAP-web:   8%|▊         | 627064832/8300343137 [00:41<09:34, 13359775.20B/s]
GAP-web:   8%|▊         | 628572160/8300343137 [00:41<09:15, 13798449.72B/s]
GAP-web:   8%|▊         | 630095872/8300343137 [00:41<09:01, 14154377.56B/s]
GAP-web:   8%|▊         | 631537664/8300343137 [00:42<09:33, 13366994.33B/s]
GAP-web:   8%|▊         | 633061376/8300343137 [00:42<09:13, 13860502.55B/s]
GAP-web:   8%|▊         | 634568704/8300343137 [00:42<08:59, 14196879.77B/s]
GAP-web:   8%|▊         | 636010496/8300343137 [00:42<09:33, 13354382.98B/s]
GAP-web:   8%|▊         | 637485056/8300343137 [00:42<09:17, 13735413.06B/s]
GAP-web:   8%|▊         | 638992384/8300343137 [00:42<09:02, 14112244.01B/s]
GAP-web:   8%|▊         | 640417792/8300343137 [00:42<09:32, 13375528.95B/s]
GAP-web:   8%|▊         | 641925120/8300343137 [00:42<09:14, 13822645.51B/s]
GAP-web:   8%|▊         | 643334144/8300343137 [00:42<09:44, 13091503.04B/s]
GAP-web:   8%|▊         | 644841472/8300343137 [00:43<09:22, 13604711.78B/s]
GAP-web:   8%|▊         | 646348800/8300343137 [00:43<09:06, 14012560.63B/s]
GAP-web:   8%|▊         | 647774208/8300343137 [00:43<09:39, 13215868.46B/s]
GAP-web:   8%|▊         | 649281536/8300343137 [00:43<09:18, 13697004.81B/s]
GAP-web:   8%|▊         | 650772480/8300343137 [00:43<09:05, 14019445.56B/s]
GAP-web:   8%|▊         | 652197888/8300343137 [00:43<09:37, 13244158.43B/s]
GAP-web:   8%|▊         | 653721600/8300343137 [00:43<09:15, 13770008.18B/s]
GAP-web:   8%|▊         | 655228928/8300343137 [00:43<09:01, 14108462.00B/s]
GAP-web:   8%|▊         | 656654336/8300343137 [00:43<09:35, 13277844.76B/s]
GAP-web:   8%|▊         | 658161664/8300343137 [00:44<09:15, 13764196.75B/s]
GAP-web:   8%|▊         | 659668992/8300343137 [00:44<09:02, 14095831.54B/s]
GAP-web:   8%|▊         | 661094400/8300343137 [00:44<09:36, 13252310.18B/s]
GAP-web:   8%|▊         | 662585344/8300343137 [00:44<09:17, 13695446.82B/s]
GAP-web:   8%|▊         | 664043520/8300343137 [00:44<09:08, 13918355.81B/s]
GAP-web:   8%|▊         | 665452544/8300343137 [00:44<09:44, 13054372.53B/s]
GAP-web:   8%|▊         | 666910720/8300343137 [00:44<09:30, 13389896.11B/s]
GAP-web:   8%|▊         | 668270592/8300343137 [00:44<09:52, 12873895.70B/s]
GAP-web:   8%|▊         | 669777920/8300343137 [00:44<09:27, 13456603.25B/s]
GAP-web:   8%|▊         | 671268864/8300343137 [00:45<09:10, 13860427.08B/s]
GAP-web:   8%|▊         | 672677888/8300343137 [00:45<09:39, 13169925.57B/s]
GAP-web:   8%|▊         | 674152448/8300343137 [00:45<09:20, 13599086.36B/s]
GAP-web:   8%|▊         | 675643392/8300343137 [00:45<09:06, 13941968.09B/s]
GAP-web:   8%|▊         | 677052416/8300343137 [00:45<09:44, 13047989.23B/s]
GAP-web:   8%|▊         | 678510592/8300343137 [00:45<09:26, 13460847.53B/s]
GAP-web:   8%|▊         | 680001536/8300343137 [00:45<09:10, 13849058.75B/s]
GAP-web:   8%|▊         | 681410560/8300343137 [00:45<09:34, 13255205.31B/s]
GAP-web:   8%|▊         | 682917888/8300343137 [00:45<09:13, 13755605.26B/s]
GAP-web:   8%|▊         | 684343296/8300343137 [00:45<09:45, 13002746.04B/s]
GAP-web:   8%|▊         | 685850624/8300343137 [00:46<09:20, 13574412.76B/s]
GAP-web:   8%|▊         | 687357952/8300343137 [00:46<09:04, 13972688.72B/s]
GAP-web:   8%|▊         | 688783360/8300343137 [00:46<09:35, 13226607.54B/s]
GAP-web:   8%|▊         | 690290688/8300343137 [00:46<09:15, 13704082.18B/s]
GAP-web:   8%|▊         | 691781632/8300343137 [00:46<09:02, 14027646.58B/s]
GAP-web:   8%|▊         | 693207040/8300343137 [00:46<09:32, 13296532.54B/s]
GAP-web:   8%|▊         | 694697984/8300343137 [00:46<09:14, 13726403.89B/s]
GAP-web:   8%|▊         | 696172544/8300343137 [00:46<09:03, 13989507.83B/s]
GAP-web:   8%|▊         | 697597952/8300343137 [00:46<09:34, 13224487.55B/s]
GAP-web:   8%|▊         | 699105280/8300343137 [00:47<09:14, 13710946.95B/s]
GAP-web:   8%|▊         | 700596224/8300343137 [00:47<09:02, 14020893.99B/s]
GAP-web:   8%|▊         | 702021632/8300343137 [00:47<09:34, 13225444.74B/s]
GAP-web:   8%|▊         | 703528960/8300343137 [00:47<09:13, 13733963.61B/s]
GAP-web:   8%|▊         | 704987136/8300343137 [00:47<09:46, 12955906.37B/s]
GAP-web:   9%|▊         | 706494464/8300343137 [00:47<09:21, 13525623.34B/s]
GAP-web:   9%|▊         | 708034560/8300343137 [00:47<09:01, 14015250.48B/s]
GAP-web:   9%|▊         | 709459968/8300343137 [00:47<09:33, 13225909.00B/s]
GAP-web:   9%|▊         | 710983680/8300343137 [00:47<09:10, 13774083.78B/s]
GAP-web:   9%|▊         | 712523776/8300343137 [00:48<08:53, 14211724.98B/s]
GAP-web:   9%|▊         | 713965568/8300343137 [00:48<09:21, 13502047.47B/s]
GAP-web:   9%|▊         | 715522048/8300343137 [00:48<08:59, 14050466.95B/s]
GAP-web:   9%|▊         | 717029376/8300343137 [00:48<08:48, 14341742.90B/s]
GAP-web:   9%|▊         | 718487552/8300343137 [00:48<09:18, 13569115.55B/s]
GAP-web:   9%|▊         | 720011264/8300343137 [00:48<09:00, 14032327.73B/s]
GAP-web:   9%|▊         | 721436672/8300343137 [00:48<09:38, 13105227.70B/s]
GAP-web:   9%|▊         | 723009536/8300343137 [00:48<09:09, 13792769.25B/s]
GAP-web:   9%|▊         | 724516864/8300343137 [00:48<08:55, 14151638.62B/s]
GAP-web:   9%|▊         | 725958656/8300343137 [00:49<09:22, 13475701.58B/s]
GAP-web:   9%|▉         | 727465984/8300343137 [00:49<09:05, 13894587.72B/s]
GAP-web:   9%|▉         | 728973312/8300343137 [00:49<08:53, 14204588.13B/s]
GAP-web:   9%|▉         | 730415104/8300343137 [00:49<09:25, 13374844.28B/s]
GAP-web:   9%|▉         | 731906048/8300343137 [00:49<09:09, 13782433.86B/s]
GAP-web:   9%|▉         | 733364224/8300343137 [00:49<09:00, 13998485.46B/s]
GAP-web:   9%|▉         | 734789632/8300343137 [00:49<09:36, 13126761.14B/s]
GAP-web:   9%|▉         | 736247808/8300343137 [00:49<09:19, 13519933.28B/s]
GAP-web:   9%|▉         | 737656832/8300343137 [00:49<09:48, 12843055.56B/s]
GAP-web:   9%|▉         | 739131392/8300343137 [00:49<09:26, 13344898.42B/s]
GAP-web:   9%|▉         | 740622336/8300343137 [00:50<09:11, 13710908.58B/s]
GAP-web:   9%|▉         | 742014976/8300343137 [00:50<09:41, 12999864.73B/s]
GAP-web:   9%|▉         | 743505920/8300343137 [00:50<09:19, 13498995.21B/s]
GAP-web:   9%|▉         | 745013248/8300343137 [00:50<09:02, 13921335.11B/s]
GAP-web:   9%|▉         | 746422272/8300343137 [00:50<09:35, 13128594.79B/s]
GAP-web:   9%|▉         | 747945984/8300343137 [00:50<09:11, 13682444.53B/s]
GAP-web:   9%|▉         | 749453312/8300343137 [00:50<08:56, 14066178.59B/s]
GAP-web:   9%|▉         | 750878720/8300343137 [00:50<09:25, 13350858.04B/s]
GAP-web:   9%|▉         | 752386048/8300343137 [00:50<09:06, 13814522.45B/s]
GAP-web:   9%|▉         | 753844224/8300343137 [00:51<09:35, 13122914.89B/s]
GAP-web:   9%|▉         | 755335168/8300343137 [00:51<09:15, 13592405.85B/s]
GAP-web:   9%|▉         | 756826112/8300343137 [00:51<09:00, 13945837.82B/s]
GAP-web:   9%|▉         | 758235136/8300343137 [00:51<09:32, 13170883.12B/s]
GAP-web:   9%|▉         | 759709696/8300343137 [00:51<09:14, 13604478.65B/s]
GAP-web:   9%|▉         | 761233408/8300343137 [00:51<08:56, 14054199.02B/s]
GAP-web:   9%|▉         | 762658816/8300343137 [00:51<09:28, 13268282.69B/s]
GAP-web:   9%|▉         | 764149760/8300343137 [00:51<09:09, 13709340.21B/s]
GAP-web:   9%|▉         | 765657088/8300343137 [00:51<08:55, 14072921.36B/s]
GAP-web:   9%|▉         | 767082496/8300343137 [00:52<09:26, 13288318.08B/s]
GAP-web:   9%|▉         | 768606208/8300343137 [00:52<09:05, 13795954.25B/s]
GAP-web:   9%|▉         | 770080768/8300343137 [00:52<09:36, 13070326.93B/s]
GAP-web:   9%|▉         | 771588096/8300343137 [00:52<09:14, 13588391.98B/s]
GAP-web:   9%|▉         | 773062656/8300343137 [00:52<09:02, 13875955.67B/s]
GAP-web:   9%|▉         | 774471680/8300343137 [00:52<09:31, 13163070.84B/s]
GAP-web:   9%|▉         | 775962624/8300343137 [00:52<09:14, 13563000.11B/s]
GAP-web:   9%|▉         | 777486336/8300343137 [00:52<08:55, 14036034.13B/s]
GAP-web:   9%|▉         | 778911744/8300343137 [00:52<09:32, 13144855.16B/s]
GAP-web:   9%|▉         | 780369920/8300343137 [00:53<09:15, 13537618.75B/s]
GAP-web:   9%|▉         | 781860864/8300343137 [00:53<09:00, 13912619.99B/s]
GAP-web:   9%|▉         | 783269888/8300343137 [00:53<09:09, 13687219.37B/s]
GAP-web:   9%|▉         | 784760832/8300343137 [00:53<08:56, 14005107.69B/s]
GAP-web:   9%|▉         | 786235392/8300343137 [00:53<08:49, 14203443.39B/s]
GAP-web:   9%|▉         | 787677184/8300343137 [00:53<09:23, 13338192.21B/s]
GAP-web:  10%|▉         | 789168128/8300343137 [00:53<09:05, 13768740.03B/s]
GAP-web:  10%|▉         | 790560768/8300343137 [00:53<09:35, 13056545.34B/s]
GAP-web:  10%|▉         | 792051712/8300343137 [00:53<09:14, 13547071.41B/s]
GAP-web:  10%|▉         | 793542656/8300343137 [00:53<08:59, 13926064.09B/s]
GAP-web:  10%|▉         | 794951680/8300343137 [00:54<09:29, 13167741.80B/s]
GAP-web:  10%|▉         | 796393472/8300343137 [00:54<09:16, 13494360.50B/s]
GAP-web:  10%|▉         | 797835264/8300343137 [00:54<09:05, 13757385.98B/s]
GAP-web:  10%|▉         | 799227904/8300343137 [00:54<09:33, 13070334.20B/s]
GAP-web:  10%|▉         | 800702464/8300343137 [00:54<09:14, 13522394.86B/s]
GAP-web:  10%|▉         | 802209792/8300343137 [00:54<08:58, 13926749.84B/s]
GAP-web:  10%|▉         | 803618816/8300343137 [00:54<09:17, 13439465.49B/s]
GAP-web:  10%|▉         | 805126144/8300343137 [00:54<08:59, 13889456.50B/s]
GAP-web:  10%|▉         | 806633472/8300343137 [00:54<08:46, 14221380.50B/s]
GAP-web:  10%|▉         | 808075264/8300343137 [00:55<09:14, 13504355.80B/s]
GAP-web:  10%|▉         | 809582592/8300343137 [00:55<08:57, 13930664.32B/s]
GAP-web:  10%|▉         | 810991616/8300343137 [00:55<09:29, 13151086.85B/s]
GAP-web:  10%|▉         | 812449792/8300343137 [00:55<09:13, 13537970.99B/s]
GAP-web:  10%|▉         | 813891584/8300343137 [00:55<09:03, 13761960.23B/s]
GAP-web:  10%|▉         | 815284224/8300343137 [00:55<09:34, 13039001.77B/s]
GAP-web:  10%|▉         | 816791552/8300343137 [00:55<09:09, 13608348.17B/s]
GAP-web:  10%|▉         | 818249728/8300343137 [00:55<08:59, 13873903.02B/s]
GAP-web:  10%|▉         | 819658752/8300343137 [00:55<09:27, 13182438.46B/s]
GAP-web:  10%|▉         | 821166080/8300343137 [00:56<09:07, 13670347.86B/s]
GAP-web:  10%|▉         | 822657024/8300343137 [00:56<08:53, 14009899.05B/s]
GAP-web:  10%|▉         | 824164352/8300343137 [00:56<08:43, 14292734.93B/s]
GAP-web:  10%|▉         | 825606144/8300343137 [00:56<09:22, 13298068.95B/s]
GAP-web:  10%|▉         | 827097088/8300343137 [00:56<09:05, 13712053.09B/s]
GAP-web:  10%|▉         | 828588032/8300343137 [00:56<08:53, 14011654.02B/s]
GAP-web:  10%|▉         | 830013440/8300343137 [00:56<09:24, 13228407.63B/s]
GAP-web:  10%|█         | 831488000/8300343137 [00:56<09:07, 13640873.32B/s]
GAP-web:  10%|█         | 832962560/8300343137 [00:56<08:56, 13927675.82B/s]

asv: benchmark timed out (timeout 60s)

For parameters: bfs_gap_inputs.GAP/GAP-kron_41823215
INFO root: Dataset suitesparse_matrix.GAP/GAP-kron manifest metadata is stale.

GAP-kron:   0%|          | 0/14570837178 [00:00<?, ?B/s]
GAP-kron:   0%|          | 344064/14570837178 [00:00<1:22:08, 2956524.17B/s]
GAP-kron:   0%|          | 835584/14570837178 [00:00<1:01:56, 3920432.26B/s]
GAP-kron:   0%|          | 1441792/14570837178 [00:00<50:05, 4846861.11B/s] 
GAP-kron:   0%|          | 2080768/14570837178 [00:00<44:50, 5414909.32B/s]
GAP-kron:   0%|          | 2867200/14570837178 [00:00<39:57, 6075194.05B/s]
GAP-kron:   0%|          | 3768320/14570837178 [00:00<35:36, 6818283.47B/s]
GAP-kron:   0%|          | 4571136/14570837178 [00:00<33:46, 7188818.18B/s]
GAP-kron:   0%|          | 5521408/14570837178 [00:00<30:45, 7892459.65B/s]
GAP-kron:   0%|          | 6471680/14570837178 [00:00<30:51, 7864641.96B/s]
GAP-kron:   0%|          | 7454720/14570837178 [00:01<28:59, 8370144.60B/s]
GAP-kron:   0%|          | 8536064/14570837178 [00:01<26:58, 8999483.50B/s]
GAP-kron:   0%|          | 9748480/14570837178 [00:01<24:50, 9769606.49B/s]
GAP-kron:   0%|          | 11075584/14570837178 [00:01<22:34, 10747686.52B/s]
GAP-kron:   0%|          | 12189696/14570837178 [00:01<22:22, 10840492.51B/s]
GAP-kron:   0%|          | 13451264/14570837178 [00:01<21:24, 11330135.30B/s]
GAP-kron:   0%|          | 14811136/14570837178 [00:01<20:15, 11975956.97B/s]
GAP-kron:   0%|          | 16187392/14570837178 [00:01<19:23, 12504647.20B/s]
GAP-kron:   0%|          | 17448960/14570837178 [00:01<19:21, 12533331.32B/s]
GAP-kron:   0%|          | 18923520/14570837178 [00:01<18:23, 13185244.08B/s]
GAP-kron:   0%|          | 20430848/14570837178 [00:02<17:40, 13722629.83B/s]
GAP-kron:   0%|          | 21938176/14570837178 [00:02<17:09, 14125925.11B/s]
GAP-kron:   0%|          | 23429120/14570837178 [00:02<16:53, 14352605.97B/s]
GAP-kron:   0%|          | 24920064/14570837178 [00:02<16:42, 14502731.26B/s]
GAP-kron:   0%|          | 26411008/14570837178 [00:02<16:41, 14518093.47B/s]
GAP-kron:   0%|          | 27901952/14570837178 [00:02<16:46, 14447133.79B/s]
GAP-kron:   0%|          | 29474816/14570837178 [00:02<16:22, 14797219.75B/s]
GAP-kron:   0%|          | 30998528/14570837178 [00:02<16:15, 14908390.07B/s]
GAP-kron:   0%|          | 32571392/14570837178 [00:02<16:01, 15113141.75B/s]
GAP-kron:   0%|          | 34177024/14570837178 [00:02<15:44, 15393424.80B/s]
GAP-kron:   0%|          | 35782656/14570837178 [00:03<15:33, 15578359.11B/s]
GAP-kron:   0%|          | 37404672/14570837178 [00:03<15:21, 15768155.11B/s]
GAP-kron:   0%|          | 39026688/14570837178 [00:03<15:14, 15885214.76B/s]
GAP-kron:   0%|          | 40714240/14570837178 [00:03<14:58, 16177400.57B/s]
GAP-kron:   0%|          | 42401792/14570837178 [00:03<14:46, 16381540.42B/s]
GAP-kron:   0%|          | 44105728/14570837178 [00:03<14:38, 16540658.63B/s]
GAP-kron:   0%|          | 45793280/14570837178 [00:03<14:33, 16628676.71B/s]
GAP-kron:   0%|          | 47464448/14570837178 [00:03<14:35, 16593521.37B/s]
GAP-kron:   0%|          | 49152000/14570837178 [00:03<14:33, 16633540.84B/s]
GAP-kron:   0%|          | 50872320/14570837178 [00:03<14:25, 16782457.13B/s]
GAP-kron:   0%|          | 52576256/14570837178 [00:04<14:23, 16821787.86B/s]
GAP-kron:   0%|          | 54312960/14570837178 [00:04<14:16, 16958505.96B/s]
GAP-kron:   0%|          | 56098816/14570837178 [00:04<14:03, 17203041.77B/s]
GAP-kron:   0%|          | 57835520/14570837178 [00:04<14:10, 17054879.20B/s]
GAP-kron:   0%|          | 59555840/14570837178 [00:04<14:14, 16981955.43B/s]
GAP-kron:   0%|          | 61341696/14570837178 [00:04<14:02, 17220705.86B/s]
GAP-kron:   0%|          | 63094784/14570837178 [00:04<14:00, 17265747.14B/s]
GAP-kron:   0%|          | 64847872/14570837178 [00:04<13:58, 17291234.64B/s]
GAP-kron:   0%|          | 66584576/14570837178 [00:04<14:01, 17233084.04B/s]
GAP-kron:   0%|          | 68321280/14570837178 [00:05<14:10, 17049116.17B/s]
GAP-kron:   0%|          | 70041600/14570837178 [00:05<14:12, 17010704.39B/s]
GAP-kron:   0%|          | 71745536/14570837178 [00:05<14:23, 16791188.52B/s]
GAP-kron:   1%|          | 73449472/14570837178 [00:05<14:19, 16863067.01B/s]
GAP-kron:   1%|          | 75186176/14570837178 [00:05<14:13, 16974855.84B/s]
GAP-kron:   1%|          | 76939264/14570837178 [00:05<14:06, 17129352.85B/s]
GAP-kron:   1%|          | 78659584/14570837178 [00:05<14:10, 17040508.84B/s]
GAP-kron:   1%|          | 80379904/14570837178 [00:05<14:08, 17080463.01B/s]
GAP-kron:   1%|          | 82100224/14570837178 [00:05<14:12, 16994483.21B/s]
GAP-kron:   1%|          | 83804160/14570837178 [00:05<14:13, 16982699.01B/s]
GAP-kron:   1%|          | 85540864/14570837178 [00:06<14:07, 17083636.98B/s]
GAP-kron:   1%|          | 87261184/14570837178 [00:06<14:09, 17048751.40B/s]
GAP-kron:   1%|          | 88981504/14570837178 [00:06<14:11, 16999544.24B/s]
GAP-kron:   1%|          | 90734592/14570837178 [00:06<14:04, 17148186.17B/s]
GAP-kron:   1%|          | 92520448/14570837178 [00:06<13:54, 17354161.66B/s]
GAP-kron:   1%|          | 94306304/14570837178 [00:06<13:47, 17491491.91B/s]
GAP-kron:   1%|          | 96059392/14570837178 [00:06<13:52, 17377562.28B/s]
GAP-kron:   1%|          | 97894400/14570837178 [00:06<13:40, 17629467.98B/s]
GAP-kron:   1%|          | 99663872/14570837178 [00:06<13:41, 17612596.62B/s]
GAP-kron:   1%|          | 101466112/14570837178 [00:06<13:35, 17734373.42B/s]
GAP-kron:   1%|          | 103251968/14570837178 [00:07<13:37, 17697997.68B/s]
GAP-kron:   1%|          | 105054208/14570837178 [00:07<13:33, 17788503.11B/s]
GAP-kron:   1%|          | 106905600/14570837178 [00:07<13:24, 17981231.75B/s]
GAP-kron:   1%|          | 108707840/14570837178 [00:07<13:27, 17909119.99B/s]
GAP-kron:   1%|          | 110510080/14570837178 [00:07<13:44, 17542741.84B/s]
GAP-kron:   1%|          | 112279552/14570837178 [00:07<13:49, 17434931.44B/s]
GAP-kron:   1%|          | 114032640/14570837178 [00:07<13:54, 17322248.45B/s]
GAP-kron:   1%|          | 115818496/14570837178 [00:07<13:47, 17465100.31B/s]
GAP-kron:   1%|          | 117587968/14570837178 [00:07<13:46, 17486264.93B/s]
GAP-kron:   1%|          | 119357440/14570837178 [00:07<13:44, 17524845.42B/s]
GAP-kron:   1%|          | 121110528/14570837178 [00:08<13:44, 17525811.77B/s]
GAP-kron:   1%|          | 122863616/14570837178 [00:08<13:44, 17519833.38B/s]
GAP-kron:   1%|          | 124649472/14570837178 [00:08<13:40, 17608020.77B/s]
GAP-kron:   1%|          | 126418944/14570837178 [00:08<13:40, 17606475.38B/s]
GAP-kron:   1%|          | 128188416/14570837178 [00:08<13:42, 17555701.02B/s]
GAP-kron:   1%|          | 129957888/14570837178 [00:08<13:48, 17438058.73B/s]
GAP-kron:   1%|          | 131710976/14570837178 [00:08<13:49, 17400331.39B/s]
GAP-kron:   1%|          | 133464064/14570837178 [00:08<13:51, 17366257.77B/s]
GAP-kron:   1%|          | 135233536/14570837178 [00:08<13:46, 17455917.27B/s]
GAP-kron:   1%|          | 137035776/14570837178 [00:08<13:40, 17589601.89B/s]
GAP-kron:   1%|          | 138821632/14570837178 [00:09<13:38, 17622660.20B/s]
GAP-kron:   1%|          | 140607488/14570837178 [00:09<13:35, 17691863.22B/s]
GAP-kron:   1%|          | 142376960/14570837178 [00:09<13:36, 17673857.94B/s]
GAP-kron:   1%|          | 144195584/14570837178 [00:09<13:30, 17789421.44B/s]
GAP-kron:   1%|          | 146014208/14570837178 [00:09<13:26, 17876520.73B/s]
GAP-kron:   1%|          | 147816448/14570837178 [00:09<13:24, 17919072.59B/s]
GAP-kron:   1%|          | 149618688/14570837178 [00:09<13:28, 17832606.38B/s]
GAP-kron:   1%|          | 151404544/14570837178 [00:09<13:32, 17757154.01B/s]
GAP-kron:   1%|          | 153190400/14570837178 [00:09<13:34, 17711280.45B/s]
GAP-kron:   1%|          | 154976256/14570837178 [00:09<13:33, 17712360.58B/s]
GAP-kron:   1%|          | 156794880/14570837178 [00:10<13:28, 17834803.94B/s]
GAP-kron:   1%|          | 158580736/14570837178 [00:10<13:28, 17836947.05B/s]
GAP-kron:   1%|          | 160366592/14570837178 [00:10<13:31, 17768317.92B/s]
GAP-kron:   1%|          | 162152448/14570837178 [00:10<13:34, 17698413.58B/s]
GAP-kron:   1%|          | 163938304/14570837178 [00:10<13:32, 17731921.61B/s]
GAP-kron:   1%|          | 165756928/14570837178 [00:10<13:26, 17853211.96B/s]
GAP-kron:   1%|          | 167559168/14570837178 [00:10<13:25, 17879380.11B/s]
GAP-kron:   1%|          | 169361408/14570837178 [00:10<13:33, 17703786.07B/s]
GAP-kron:   1%|          | 171147264/14570837178 [00:10<13:43, 17495112.63B/s]
GAP-kron:   1%|          | 172900352/14570837178 [00:10<13:46, 17411297.72B/s]
GAP-kron:   1%|          | 174653440/14570837178 [00:11<13:46, 17425108.91B/s]
GAP-kron:   1%|          | 176455680/14570837178 [00:11<13:40, 17546550.50B/s]
GAP-kron:   1%|          | 178225152/14570837178 [00:11<13:38, 17580456.96B/s]
GAP-kron:   1%|          | 179994624/14570837178 [00:11<13:44, 17459542.12B/s]
GAP-kron:   1%|          | 181780480/14570837178 [00:11<13:40, 17545492.98B/s]
GAP-kron:   1%|▏         | 183549952/14570837178 [00:11<13:38, 17585550.78B/s]
GAP-kron:   1%|▏         | 185335808/14570837178 [00:11<13:36, 17612933.89B/s]
GAP-kron:   1%|▏         | 187105280/14570837178 [00:11<13:52, 17273331.20B/s]
GAP-kron:   1%|▏         | 188874752/14570837178 [00:11<13:48, 17368101.64B/s]
GAP-kron:   1%|▏         | 190660608/14570837178 [00:11<13:42, 17481294.65B/s]
GAP-kron:   1%|▏         | 192413696/14570837178 [00:12<13:44, 17432414.89B/s]
GAP-kron:   1%|▏         | 194215936/14570837178 [00:12<13:36, 17603528.39B/s]
GAP-kron:   1%|▏         | 196050944/14570837178 [00:12<13:27, 17795284.99B/s]
GAP-kron:   1%|▏         | 197869568/14570837178 [00:12<13:23, 17894421.91B/s]
GAP-kron:   1%|▏         | 199671808/14570837178 [00:12<13:22, 17913703.32B/s]
GAP-kron:   1%|▏         | 201474048/14570837178 [00:12<13:31, 17699923.69B/s]
GAP-kron:   1%|▏         | 203259904/14570837178 [00:12<13:34, 17645983.02B/s]
GAP-kron:   1%|▏         | 205029376/14570837178 [00:12<13:35, 17620201.45B/s]
GAP-kron:   1%|▏         | 206798848/14570837178 [00:12<13:44, 17422577.95B/s]
GAP-kron:   1%|▏         | 208551936/14570837178 [00:13<14:04, 16997930.27B/s]
GAP-kron:   1%|▏         | 210255872/14570837178 [00:13<14:10, 16888488.80B/s]
GAP-kron:   1%|▏         | 212058112/14570837178 [00:13<13:54, 17214502.21B/s]
GAP-kron:   1%|▏         | 213925888/14570837178 [00:13<13:41, 17479903.31B/s]
GAP-kron:   1%|▏         | 215777280/14570837178 [00:13<13:28, 17757058.41B/s]
GAP-kron:   1%|▏         | 217563136/14570837178 [00:13<13:50, 17287389.80B/s]
GAP-kron:   2%|▏         | 219299840/14570837178 [00:13<14:06, 16957756.87B/s]
GAP-kron:   2%|▏         | 221003776/14570837178 [00:13<14:09, 16900028.46B/s]
GAP-kron:   2%|▏         | 222707712/14570837178 [00:13<14:21, 16660081.16B/s]
GAP-kron:   2%|▏         | 224428032/14570837178 [00:13<14:15, 16775349.30B/s]
GAP-kron:   2%|▏         | 226131968/14570837178 [00:14<14:11, 16852016.67B/s]
GAP-kron:   2%|▏         | 227835904/14570837178 [00:14<14:10, 16863636.22B/s]
GAP-kron:   2%|▏         | 229523456/14570837178 [00:14<14:11, 16848129.13B/s]
GAP-kron:   2%|▏         | 231227392/14570837178 [00:14<14:09, 16876117.21B/s]
GAP-kron:   2%|▏         | 233029632/14570837178 [00:14<13:54, 17173257.08B/s]
GAP-kron:   2%|▏         | 234782720/14570837178 [00:14<13:50, 17258049.46B/s]
GAP-kron:   2%|▏         | 236519424/14570837178 [00:14<13:51, 17232698.08B/s]
GAP-kron:   2%|▏         | 238256128/14570837178 [00:14<13:57, 17107350.64B/s]
GAP-kron:   2%|▏         | 239976448/14570837178 [00:14<14:08, 16884253.65B/s]
GAP-kron:   2%|▏         | 241680384/14570837178 [00:14<14:28, 16494387.90B/s]
GAP-kron:   2%|▏         | 243335168/14570837178 [00:15<14:49, 16109965.35B/s]
GAP-kron:   2%|▏         | 244957184/14570837178 [00:15<14:48, 16118973.25B/s]
GAP-kron:   2%|▏         | 246579200/14570837178 [00:15<14:50, 16085357.66B/s]
GAP-kron:   2%|▏         | 248315904/14570837178 [00:15<14:31, 16432751.12B/s]
GAP-kron:   2%|▏         | 250003456/14570837178 [00:15<14:25, 16541032.19B/s]
GAP-kron:   2%|▏         | 251674624/14570837178 [00:15<14:23, 16587757.27B/s]
GAP-kron:   2%|▏         | 253345792/14570837178 [00:15<14:37, 16322675.03B/s]
GAP-kron:   2%|▏         | 255016960/14570837178 [00:15<14:32, 16398939.76B/s]
GAP-kron:   2%|▏         | 256770048/14570837178 [00:15<14:17, 16694478.93B/s]
GAP-kron:   2%|▏         | 258473984/14570837178 [00:15<14:12, 16780055.38B/s]
GAP-kron:   2%|▏         | 260161536/14570837178 [00:16<14:28, 16474053.37B/s]
GAP-kron:   2%|▏         | 261898240/14570837178 [00:16<14:15, 16726429.55B/s]
GAP-kron:   2%|▏         | 263651328/14570837178 [00:16<14:05, 16927422.74B/s]
GAP-kron:   2%|▏         | 265420800/14570837178 [00:16<13:55, 17127847.66B/s]
GAP-kron:   2%|▏         | 267141120/14570837178 [00:16<13:56, 17104305.07B/s]
GAP-kron:   2%|▏         | 268861440/14570837178 [00:16<14:14, 16733315.94B/s]
GAP-kron:   2%|▏         | 270581760/14570837178 [00:16<14:08, 16849084.28B/s]
GAP-kron:   2%|▏         | 272285696/14570837178 [00:16<14:07, 16864984.87B/s]
GAP-kron:   2%|▏         | 274006016/14570837178 [00:16<14:03, 16939835.64B/s]
GAP-kron:   2%|▏         | 275759104/14570837178 [00:17<13:55, 17103617.83B/s]
GAP-kron:   2%|▏         | 277495808/14570837178 [00:17<13:53, 17142675.99B/s]
GAP-kron:   2%|▏         | 279216128/14570837178 [00:17<13:52, 17159186.14B/s]
GAP-kron:   2%|▏         | 280952832/14570837178 [00:17<13:51, 17188145.71B/s]
GAP-kron:   2%|▏         | 282705920/14570837178 [00:17<13:47, 17268837.14B/s]
GAP-kron:   2%|▏         | 284475392/14570837178 [00:17<13:41, 17390312.31B/s]
GAP-kron:   2%|▏         | 286228480/14570837178 [00:17<13:48, 17243545.52B/s]
GAP-kron:   2%|▏         | 287965184/14570837178 [00:17<13:48, 17233866.38B/s]
GAP-kron:   2%|▏         | 289701888/14570837178 [00:17<13:51, 17179687.64B/s]
GAP-kron:   2%|▏         | 291471360/14570837178 [00:17<13:44, 17328293.85B/s]
GAP-kron:   2%|▏         | 293208064/14570837178 [00:18<13:52, 17157674.86B/s]
GAP-kron:   2%|▏         | 294928384/14570837178 [00:18<14:52, 15986487.53B/s]
GAP-kron:   2%|▏         | 296550400/14570837178 [00:18<14:55, 15948297.48B/s]
GAP-kron:   2%|▏         | 298156032/14570837178 [00:18<15:11, 15666665.02B/s]
GAP-kron:   2%|▏         | 299745280/14570837178 [00:18<15:20, 15511826.16B/s]
GAP-kron:   2%|▏         | 301301760/14570837178 [00:18<15:35, 15257321.48B/s]
GAP-kron:   2%|▏         | 302841856/14570837178 [00:18<15:36, 15243019.06B/s]
GAP-kron:   2%|▏         | 304381952/14570837178 [00:18<15:36, 15234359.21B/s]
GAP-kron:   2%|▏         | 305922048/14570837178 [00:18<15:56, 14917440.64B/s]
GAP-kron:   2%|▏         | 307429376/14570837178 [00:18<16:06, 14753102.54B/s]
GAP-kron:   2%|▏         | 308920320/14570837178 [00:19<16:19, 14558336.81B/s]
GAP-kron:   2%|▏         | 310509568/14570837178 [00:19<16:06, 14758984.69B/s]
GAP-kron:   2%|▏         | 312000512/14570837178 [00:19<16:14, 14631037.84B/s]
GAP-kron:   2%|▏         | 313475072/14570837178 [00:19<16:55, 14041620.82B/s]
GAP-kron:   2%|▏         | 314884096/14570837178 [00:19<17:31, 13555950.94B/s]
GAP-kron:   2%|▏         | 316260352/14570837178 [00:19<17:41, 13427207.80B/s]
GAP-kron:   2%|▏         | 317751296/14570837178 [00:19<17:10, 13834116.00B/s]
GAP-kron:   2%|▏         | 319143936/14570837178 [00:19<17:12, 13802869.22B/s]
GAP-kron:   2%|▏         | 320536576/14570837178 [00:19<17:20, 13700470.14B/s]
GAP-kron:   2%|▏         | 321912832/14570837178 [00:20<17:35, 13505974.20B/s]
GAP-kron:   2%|▏         | 323452928/14570837178 [00:20<16:55, 14029014.98B/s]
GAP-kron:   2%|▏         | 324861952/14570837178 [00:20<17:00, 13956921.06B/s]
GAP-kron:   2%|▏         | 326270976/14570837178 [00:20<17:04, 13908396.14B/s]
GAP-kron:   2%|▏         | 327729152/14570837178 [00:20<17:04, 13896434.29B/s]
GAP-kron:   2%|▏         | 329302016/14570837178 [00:20<16:33, 14335539.25B/s]
GAP-kron:   2%|▏         | 330760192/14570837178 [00:20<16:29, 14388077.85B/s]
GAP-kron:   2%|▏         | 332201984/14570837178 [00:20<16:35, 14296137.42B/s]
GAP-kron:   2%|▏         | 333643776/14570837178 [00:20<16:44, 14176590.40B/s]
GAP-kron:   2%|▏         | 335151104/14570837178 [00:20<16:27, 14422532.06B/s]
GAP-kron:   2%|▏         | 336609280/14570837178 [00:21<16:26, 14431427.06B/s]
GAP-kron:   2%|▏         | 338067456/14570837178 [00:21<16:35, 14296746.13B/s]
GAP-kron:   2%|▏         | 339509248/14570837178 [00:21<16:42, 14198203.14B/s]
GAP-kron:   2%|▏         | 341016576/14570837178 [00:21<16:27, 14415431.68B/s]
GAP-kron:   2%|▏         | 342523904/14570837178 [00:21<16:15, 14590956.22B/s]
GAP-kron:   2%|▏         | 343998464/14570837178 [00:21<16:32, 14331017.92B/s]
GAP-kron:   2%|▏         | 345440256/14570837178 [00:21<16:51, 14062341.49B/s]
GAP-kron:   2%|▏         | 346931200/14570837178 [00:21<16:34, 14301759.86B/s]
GAP-kron:   2%|▏         | 348372992/14570837178 [00:21<16:33, 14314770.61B/s]
GAP-kron:   2%|▏         | 349814784/14570837178 [00:21<16:43, 14172350.54B/s]
GAP-kron:   2%|▏         | 351240192/14570837178 [00:22<16:57, 13975497.78B/s]
GAP-kron:   2%|▏         | 352698368/14570837178 [00:22<16:46, 14121016.62B/s]
GAP-kron:   2%|▏         | 354123776/14570837178 [00:22<16:55, 13997139.48B/s]
GAP-kron:   2%|▏         | 355532800/14570837178 [00:22<17:31, 13518869.12B/s]
GAP-kron:   2%|▏         | 356892672/14570837178 [00:22<17:55, 13213627.08B/s]
GAP-kron:   2%|▏         | 358268928/14570837178 [00:22<17:50, 13277194.79B/s]
GAP-kron:   2%|▏         | 359825408/14570837178 [00:22<17:01, 13912823.49B/s]
GAP-kron:   2%|▏         | 361234432/14570837178 [00:22<16:59, 13933226.44B/s]
GAP-kron:   2%|▏         | 362643456/14570837178 [00:22<16:58, 13955209.60B/s]
GAP-kron:   2%|▏         | 364118016/14570837178 [00:23<16:41, 14178826.33B/s]
GAP-kron:   3%|▎         | 365543424/14570837178 [00:23<16:57, 13962100.13B/s]
GAP-kron:   3%|▎         | 366952448/14570837178 [00:23<17:06, 13834113.83B/s]
GAP-kron:   3%|▎         | 368377856/14570837178 [00:23<17:01, 13901572.37B/s]
GAP-kron:   3%|▎         | 369917952/14570837178 [00:23<16:33, 14298658.55B/s]
GAP-kron:   3%|▎         | 371359744/14570837178 [00:23<16:37, 14236574.21B/s]
GAP-kron:   3%|▎         | 372785152/14570837178 [00:23<16:52, 14028804.91B/s]
GAP-kron:   3%|▎         | 374243328/14570837178 [00:23<16:51, 14029664.54B/s]
GAP-kron:   3%|▎         | 375668736/14570837178 [00:23<16:50, 14052621.36B/s]
GAP-kron:   3%|▎         | 377077760/14570837178 [00:23<17:05, 13843441.76B/s]
GAP-kron:   3%|▎         | 378535936/14570837178 [00:24<16:51, 14034673.72B/s]
GAP-kron:   3%|▎         | 379994112/14570837178 [00:24<16:40, 14179903.35B/s]
GAP-kron:   3%|▎         | 381419520/14570837178 [00:24<16:41, 14168857.49B/s]
GAP-kron:   3%|▎         | 382877696/14570837178 [00:24<16:33, 14278100.15B/s]
GAP-kron:   3%|▎         | 384385024/14570837178 [00:24<16:32, 14290247.81B/s]
GAP-kron:   3%|▎         | 385892352/14570837178 [00:24<16:26, 14381550.16B/s]
GAP-kron:   3%|▎         | 387334144/14570837178 [00:24<16:35, 14244046.71B/s]
GAP-kron:   3%|▎         | 388759552/14570837178 [00:24<16:55, 13967313.17B/s]
GAP-kron:   3%|▎         | 390168576/14570837178 [00:24<17:23, 13585457.34B/s]
GAP-kron:   3%|▎         | 391692288/14570837178 [00:24<17:03, 13855668.00B/s]
GAP-kron:   3%|▎         | 393084928/14570837178 [00:25<17:07, 13798724.03B/s]
GAP-kron:   3%|▎         | 394477568/14570837178 [00:25<17:20, 13619041.51B/s]
GAP-kron:   3%|▎         | 395853824/14570837178 [00:25<17:36, 13423203.60B/s]
GAP-kron:   3%|▎         | 397344768/14570837178 [00:25<17:20, 13622776.50B/s]
GAP-kron:   3%|▎         | 398819328/14570837178 [00:25<16:56, 13937411.05B/s]
GAP-kron:   3%|▎         | 400228352/14570837178 [00:25<17:14, 13692749.27B/s]
GAP-kron:   3%|▎         | 401604608/14570837178 [00:25<17:38, 13391448.83B/s]
GAP-kron:   3%|▎         | 402948096/14570837178 [00:25<17:59, 13128178.89B/s]
GAP-kron:   3%|▎         | 404357120/14570837178 [00:25<17:37, 13399567.87B/s]
GAP-kron:   3%|▎         | 405700608/14570837178 [00:26<17:47, 13274954.87B/s]
GAP-kron:   3%|▎         | 407044096/14570837178 [00:26<18:08, 13007231.89B/s]
GAP-kron:   3%|▎         | 408354816/14570837178 [00:26<18:42, 12615604.21B/s]
GAP-kron:   3%|▎         | 409731072/14570837178 [00:26<18:19, 12876531.79B/s]
GAP-kron:   3%|▎         | 411025408/14570837178 [00:26<18:28, 12778178.48B/s]
GAP-kron:   3%|▎         | 412319744/14570837178 [00:26<18:49, 12536248.77B/s]
GAP-kron:   3%|▎         | 413581312/14570837178 [00:26<19:08, 12330727.42B/s]
GAP-kron:   3%|▎         | 414973952/14570837178 [00:26<18:43, 12600022.86B/s]
GAP-kron:   3%|▎         | 416284672/14570837178 [00:26<18:31, 12731725.76B/s]
GAP-kron:   3%|▎         | 417562624/14570837178 [00:26<18:53, 12484380.09B/s]
GAP-kron:   3%|▎         | 418856960/14570837178 [00:27<18:50, 12512846.55B/s]
GAP-kron:   3%|▎         | 420315136/14570837178 [00:27<18:00, 13095939.43B/s]
GAP-kron:   3%|▎         | 421642240/14570837178 [00:27<18:07, 13013459.10B/s]
GAP-kron:   3%|▎         | 422952960/14570837178 [00:27<18:09, 12984662.86B/s]
GAP-kron:   3%|▎         | 424312832/14570837178 [00:27<17:58, 13119449.47B/s]
GAP-kron:   3%|▎         | 425787392/14570837178 [00:27<17:22, 13573239.84B/s]
GAP-kron:   3%|▎         | 427147264/14570837178 [00:27<17:42, 13307238.72B/s]
GAP-kron:   3%|▎         | 428490752/14570837178 [00:27<17:53, 13178511.59B/s]
GAP-kron:   3%|▎         | 429817856/14570837178 [00:27<18:10, 12963244.55B/s]
GAP-kron:   3%|▎         | 431325184/14570837178 [00:28<17:24, 13534950.12B/s]
GAP-kron:   3%|▎         | 432685056/14570837178 [00:28<17:41, 13321744.03B/s]
GAP-kron:   3%|▎         | 434028544/14570837178 [00:28<17:52, 13177305.33B/s]
GAP-kron:   3%|▎         | 435355648/14570837178 [00:28<17:57, 13113715.38B/s]
GAP-kron:   3%|▎         | 436797440/14570837178 [00:28<17:28, 13474960.34B/s]
GAP-kron:   3%|▎         | 438157312/14570837178 [00:28<18:00, 13085279.88B/s]
GAP-kron:   3%|▎         | 439484416/14570837178 [00:28<18:14, 12913381.25B/s]
GAP-kron:   3%|▎         | 440909824/14570837178 [00:28<17:43, 13289326.00B/s]
GAP-kron:   3%|▎         | 442269696/14570837178 [00:28<17:37, 13359471.74B/s]
GAP-kron:   3%|▎         | 443613184/14570837178 [00:28<17:42, 13298948.07B/s]
GAP-kron:   3%|▎         | 444956672/14570837178 [00:29<17:48, 13218826.83B/s]
GAP-kron:   3%|▎         | 446513152/14570837178 [00:29<17:03, 13795256.66B/s]
GAP-kron:   3%|▎         | 447905792/14570837178 [00:29<17:06, 13756058.41B/s]
GAP-kron:   3%|▎         | 449282048/14570837178 [00:29<17:18, 13601952.99B/s]
GAP-kron:   3%|▎         | 450658304/14570837178 [00:29<17:25, 13505423.11B/s]
GAP-kron:   3%|▎         | 452182016/14570837178 [00:29<16:49, 13988016.34B/s]
GAP-kron:   3%|▎         | 453591040/14570837178 [00:29<17:07, 13740187.40B/s]
GAP-kron:   3%|▎         | 454967296/14570837178 [00:29<17:17, 13605978.31B/s]
GAP-kron:   3%|▎         | 456343552/14570837178 [00:29<17:27, 13469245.44B/s]
GAP-kron:   3%|▎         | 457834496/14570837178 [00:29<16:59, 13849160.74B/s]
GAP-kron:   3%|▎         | 459227136/14570837178 [00:30<17:12, 13662016.82B/s]
GAP-kron:   3%|▎         | 460603392/14570837178 [00:30<17:20, 13564239.20B/s]
GAP-kron:   3%|▎         | 462077952/14570837178 [00:30<17:09, 13708572.04B/s]
GAP-kron:   3%|▎         | 463585280/14570837178 [00:30<16:42, 14070237.37B/s]
GAP-kron:   3%|▎         | 464994304/14570837178 [00:30<16:53, 13911887.48B/s]
GAP-kron:   3%|▎         | 466386944/14570837178 [00:30<17:09, 13703985.93B/s]
GAP-kron:   3%|▎         | 467812352/14570837178 [00:30<17:11, 13671259.96B/s]
GAP-kron:   3%|▎         | 469270528/14570837178 [00:30<16:54, 13905347.47B/s]
GAP-kron:   3%|▎         | 470663168/14570837178 [00:30<17:08, 13703434.11B/s]
GAP-kron:   3%|▎         | 472039424/14570837178 [00:31<17:27, 13463706.57B/s]
GAP-kron:   3%|▎         | 473448448/14570837178 [00:31<17:18, 13574177.76B/s]
GAP-kron:   3%|▎         | 474808320/14570837178 [00:31<17:24, 13494751.02B/s]
GAP-kron:   3%|▎         | 476168192/14570837178 [00:31<17:41, 13280421.80B/s]
GAP-kron:   3%|▎         | 477511680/14570837178 [00:31<17:52, 13138722.74B/s]
GAP-kron:   3%|▎         | 478904320/14570837178 [00:31<17:35, 13356860.27B/s]
GAP-kron:   3%|▎         | 480247808/14570837178 [00:31<17:39, 13303409.00B/s]
GAP-kron:   3%|▎         | 481591296/14570837178 [00:31<17:58, 13065033.97B/s]
GAP-kron:   3%|▎         | 482902016/14570837178 [00:31<17:58, 13067666.62B/s]
GAP-kron:   3%|▎         | 484392960/14570837178 [00:31<17:15, 13602220.12B/s]
GAP-kron:   3%|▎         | 485769216/14570837178 [00:32<17:26, 13458288.15B/s]
GAP-kron:   3%|▎         | 487129088/14570837178 [00:32<17:41, 13268899.34B/s]
GAP-kron:   3%|▎         | 488472576/14570837178 [00:32<18:19, 12807956.82B/s]
GAP-kron:   3%|▎         | 489947136/14570837178 [00:32<17:46, 13200692.69B/s]
GAP-kron:   3%|▎         | 491274240/14570837178 [00:32<17:45, 13210257.53B/s]
GAP-kron:   3%|▎         | 492601344/14570837178 [00:32<18:01, 13012745.41B/s]
GAP-kron:   3%|▎         | 493912064/14570837178 [00:32<18:09, 12923147.41B/s]
GAP-kron:   3%|▎         | 495403008/14570837178 [00:32<17:23, 13489674.74B/s]
GAP-kron:   3%|▎         | 496762880/14570837178 [00:32<17:57, 13063140.53B/s]
GAP-kron:   3%|▎         | 498073600/14570837178 [00:33<18:23, 12754023.27B/s]
GAP-kron:   3%|▎         | 499367936/14570837178 [00:33<18:23, 12747220.80B/s]
GAP-kron:   3%|▎         | 500809728/14570837178 [00:33<17:44, 13218237.54B/s]
GAP-kron:   3%|▎         | 502136832/14570837178 [00:33<17:52, 13116238.34B/s]
GAP-kron:   3%|▎         | 503463936/14570837178 [00:33<18:11, 12891886.53B/s]
GAP-kron:   3%|▎         | 504954880/14570837178 [00:33<17:23, 13475465.23B/s]
GAP-kron:   3%|▎         | 506314752/14570837178 [00:33<17:29, 13404190.76B/s]
GAP-kron:   3%|▎         | 507658240/14570837178 [00:33<17:45, 13197411.76B/s]
GAP-kron:   3%|▎         | 508985344/14570837178 [00:33<18:09, 12911071.95B/s]
GAP-kron:   4%|▎         | 510410752/14570837178 [00:33<17:58, 13034294.96B/s]
GAP-kron:   4%|▎         | 511721472/14570837178 [00:34<18:01, 12998968.60B/s]
GAP-kron:   4%|▎         | 513032192/14570837178 [00:34<18:18, 12802054.91B/s]
GAP-kron:   4%|▎         | 514326528/14570837178 [00:34<18:34, 12612575.63B/s]
GAP-kron:   4%|▎         | 515735552/14570837178 [00:34<18:08, 12911582.69B/s]
GAP-kron:   4%|▎         | 517062656/14570837178 [00:34<18:02, 12983887.78B/s]
GAP-kron:   4%|▎         | 518373376/14570837178 [00:34<18:30, 12657936.70B/s]
GAP-kron:   4%|▎         | 519651328/14570837178 [00:34<18:44, 12492255.15B/s]
GAP-kron:   4%|▎         | 521043968/14570837178 [00:34<18:18, 12786703.19B/s]
GAP-kron:   4%|▎         | 522338304/14570837178 [00:34<18:20, 12768137.24B/s]
GAP-kron:   4%|▎         | 523616256/14570837178 [00:34<18:43, 12501620.44B/s]
GAP-kron:   4%|▎         | 524877824/14570837178 [00:35<18:59, 12327134.67B/s]
GAP-kron:   4%|▎         | 526303232/14570837178 [00:35<18:19, 12774543.04B/s]
GAP-kron:   4%|▎         | 527597568/14570837178 [00:35<18:26, 12692335.46B/s]
GAP-kron:   4%|▎         | 528875520/14570837178 [00:35<18:39, 12540428.30B/s]
GAP-kron:   4%|▎         | 530137088/14570837178 [00:35<18:45, 12469916.82B/s]
GAP-kron:   4%|▎         | 531628032/14570837178 [00:35<17:49, 13121490.50B/s]
GAP-kron:   4%|▎         | 532955136/14570837178 [00:35<18:01, 12978884.64B/s]
GAP-kron:   4%|▎         | 534265856/14570837178 [00:35<18:31, 12632641.53B/s]
GAP-kron:   4%|▎         | 535543808/14570837178 [00:35<19:07, 12234669.90B/s]
GAP-kron:   4%|▎         | 536772608/14570837178 [00:36<19:59, 11698009.71B/s]
GAP-kron:   4%|▎         | 538034176/14570837178 [00:36<19:35, 11934250.38B/s]
GAP-kron:   4%|▎         | 539246592/14570837178 [00:36<20:25, 11451404.36B/s]
GAP-kron:   4%|▎         | 540409856/14570837178 [00:36<21:00, 11127431.18B/s]
GAP-kron:   4%|▎         | 541605888/14570837178 [00:36<21:10, 11042784.99B/s]
GAP-kron:   4%|▎         | 542982144/14570837178 [00:36<19:50, 11784207.44B/s]
GAP-kron:   4%|▎         | 544178176/14570837178 [00:36<20:23, 11465931.41B/s]
GAP-kron:   4%|▎         | 545341440/14570837178 [00:36<20:38, 11328230.41B/s]
GAP-kron:   4%|▍         | 546603008/14570837178 [00:36<20:29, 11402376.33B/s]
GAP-kron:   4%|▍         | 547913728/14570837178 [00:37<19:39, 11883956.40B/s]
GAP-kron:   4%|▍         | 549109760/14570837178 [00:37<20:10, 11581110.47B/s]
GAP-kron:   4%|▍         | 550273024/14570837178 [00:37<20:17, 11516371.79B/s]
GAP-kron:   4%|▍         | 551714816/14570837178 [00:37<18:56, 12338245.85B/s]
GAP-kron:   4%|▍         | 552960000/14570837178 [00:37<19:06, 12225891.65B/s]
GAP-kron:   4%|▍         | 554188800/14570837178 [00:37<19:27, 12003704.71B/s]
GAP-kron:   4%|▍         | 555499520/14570837178 [00:37<19:05, 12237914.02B/s]
GAP-kron:   4%|▍         | 556728320/14570837178 [00:37<19:07, 12212403.11B/s]
GAP-kron:   4%|▍         | 557957120/14570837178 [00:37<19:26, 12008249.00B/s]
GAP-kron:   4%|▍         | 559300608/14570837178 [00:37<19:00, 12285223.85B/s]
GAP-kron:   4%|▍         | 560545792/14570837178 [00:38<19:09, 12192055.48B/s]
GAP-kron:   4%|▍         | 561774592/14570837178 [00:38<19:28, 11985365.55B/s]
GAP-kron:   4%|▍         | 563183616/14570837178 [00:38<18:38, 12528834.93B/s]
GAP-kron:   4%|▍         | 564543488/14570837178 [00:38<18:11, 12829874.67B/s]
GAP-kron:   4%|▍         | 565837824/14570837178 [00:38<18:09, 12860090.34B/s]
GAP-kron:   4%|▍         | 567230464/14570837178 [00:38<18:01, 12948545.73B/s]
GAP-kron:   4%|▍         | 568672256/14570837178 [00:38<17:26, 13376896.26B/s]
GAP-kron:   4%|▍         | 570015744/14570837178 [00:38<17:32, 13297537.94B/s]
GAP-kron:   4%|▍         | 571359232/14570837178 [00:38<17:42, 13177035.80B/s]
GAP-kron:   4%|▍         | 572833792/14570837178 [00:38<17:25, 13388746.31B/s]
GAP-kron:   4%|▍         | 574177280/14570837178 [00:39<17:27, 13356248.38B/s]
GAP-kron:   4%|▍         | 575520768/14570837178 [00:39<17:54, 13027649.38B/s]
GAP-kron:   4%|▍         | 576831488/14570837178 [00:39<18:14, 12790509.39B/s]
GAP-kron:   4%|▍         | 578256896/14570837178 [00:39<17:45, 13136227.21B/s]
GAP-kron:   4%|▍         | 579584000/14570837178 [00:39<17:44, 13137906.51B/s]
GAP-kron:   4%|▍         | 580911104/14570837178 [00:39<18:50, 12380216.52B/s]
GAP-kron:   4%|▍         | 582172672/14570837178 [00:39<18:59, 12279195.11B/s]
GAP-kron:   4%|▍         | 583614464/14570837178 [00:39<18:09, 12836840.39B/s]
GAP-kron:   4%|▍         | 584908800/14570837178 [00:39<18:26, 12637942.30B/s]
GAP-kron:   4%|▍         | 586186752/14570837178 [00:40<18:45, 12427447.24B/s]
GAP-kron:   4%|▍         | 587448320/14570837178 [00:40<18:54, 12321068.10B/s]
GAP-kron:   4%|▍         | 588939264/14570837178 [00:40<18:02, 12911243.81B/s]
GAP-kron:   4%|▍         | 590299136/14570837178 [00:40<17:48, 13087608.29B/s]
GAP-kron:   4%|▍         | 591626240/14570837178 [00:40<17:49, 13073736.66B/s]
GAP-kron:   4%|▍         | 592986112/14570837178 [00:40<17:45, 13122816.55B/s]
GAP-kron:   4%|▍         | 594558976/14570837178 [00:40<17:14, 13508695.17B/s]
GAP-kron:   4%|▍         | 596131840/14570837178 [00:40<16:29, 14126875.06B/s]
GAP-kron:   4%|▍         | 597557248/14570837178 [00:40<16:38, 13994893.45B/s]
GAP-kron:   4%|▍         | 598966272/14570837178 [00:40<17:04, 13634129.76B/s]
GAP-kron:   4%|▍         | 600342528/14570837178 [00:41<17:18, 13457509.94B/s]
GAP-kron:   4%|▍         | 601866240/14570837178 [00:41<17:03, 13647353.84B/s]
GAP-kron:   4%|▍         | 603340800/14570837178 [00:41<16:41, 13943364.22B/s]
GAP-kron:   4%|▍         | 604749824/14570837178 [00:41<17:01, 13669403.77B/s]
GAP-kron:   4%|▍         | 606126080/14570837178 [00:41<17:21, 13407027.98B/s]
GAP-kron:   4%|▍         | 607469568/14570837178 [00:41<17:27, 13336404.15B/s]
GAP-kron:   4%|▍         | 608927744/14570837178 [00:41<16:59, 13692424.94B/s]
GAP-kron:   4%|▍         | 610304000/14570837178 [00:41<17:06, 13601565.31B/s]
GAP-kron:   4%|▍         | 611680256/14570837178 [00:41<17:16, 13470623.77B/s]
GAP-kron:   4%|▍         | 613072896/14570837178 [00:42<17:28, 13314365.53B/s]
GAP-kron:   4%|▍         | 614547456/14570837178 [00:42<16:59, 13692671.22B/s]
GAP-kron:   4%|▍         | 615923712/14570837178 [00:42<17:34, 13233610.74B/s]
GAP-kron:   4%|▍         | 617250816/14570837178 [00:42<17:44, 13102531.34B/s]
GAP-kron:   4%|▍         | 618659840/14570837178 [00:42<17:24, 13360561.09B/s]
GAP-kron:   4%|▍         | 620085248/14570837178 [00:42<17:04, 13610964.28B/s]
GAP-kron:   4%|▍         | 621461504/14570837178 [00:42<17:19, 13413057.52B/s]
GAP-kron:   4%|▍         | 622804992/14570837178 [00:42<17:31, 13269197.12B/s]
GAP-kron:   4%|▍         | 624214016/14570837178 [00:42<17:31, 13260689.96B/s]
GAP-kron:   4%|▍         | 625770496/14570837178 [00:42<16:49, 13809850.79B/s]
GAP-kron:   4%|▍         | 627179520/14570837178 [00:43<16:45, 13863978.66B/s]
GAP-kron:   4%|▍         | 628572160/14570837178 [00:43<16:57, 13706458.09B/s]
GAP-kron:   4%|▍         | 629948416/14570837178 [00:43<17:10, 13523788.81B/s]
GAP-kron:   4%|▍         | 631455744/14570837178 [00:43<16:47, 13830831.78B/s]
GAP-kron:   4%|▍         | 632881152/14570837178 [00:43<16:39, 13944798.98B/s]
GAP-kron:   4%|▍         | 634290176/14570837178 [00:43<16:41, 13921805.17B/s]
GAP-kron:   4%|▍         | 635699200/14570837178 [00:43<16:45, 13862345.18B/s]
GAP-kron:   4%|▍         | 637321216/14570837178 [00:43<16:06, 14416182.00B/s]
GAP-kron:   4%|▍         | 638861312/14570837178 [00:43<15:47, 14696350.76B/s]
GAP-kron:   4%|▍         | 640335872/14570837178 [00:44<16:03, 14457382.39B/s]
GAP-kron:   4%|▍         | 641794048/14570837178 [00:44<16:35, 13988352.17B/s]
GAP-kron:   4%|▍         | 643203072/14570837178 [00:44<16:50, 13783095.47B/s]
GAP-kron:   4%|▍         | 644694016/14570837178 [00:44<16:29, 14070871.15B/s]
GAP-kron:   4%|▍         | 646119424/14570837178 [00:44<16:50, 13786039.43B/s]
GAP-kron:   4%|▍         | 647512064/14570837178 [00:44<17:03, 13597285.30B/s]
GAP-kron:   4%|▍         | 648904704/14570837178 [00:44<17:01, 13627740.75B/s]
GAP-kron:   4%|▍         | 650330112/14570837178 [00:44<16:50, 13771805.91B/s]
GAP-kron:   4%|▍         | 651722752/14570837178 [00:44<17:06, 13558962.93B/s]
GAP-kron:   4%|▍         | 653115392/14570837178 [00:44<17:03, 13592070.47B/s]
GAP-kron:   4%|▍         | 654671872/14570837178 [00:45<16:22, 14161855.50B/s]
GAP-kron:   5%|▍         | 656097280/14570837178 [00:45<16:29, 14055315.89B/s]
GAP-kron:   5%|▍         | 657506304/14570837178 [00:45<16:43, 13866321.12B/s]
GAP-kron:   5%|▍         | 658898944/14570837178 [00:45<16:45, 13837103.45B/s]
GAP-kron:   5%|▍         | 660324352/14570837178 [00:45<16:37, 13939388.79B/s]
GAP-kron:   5%|▍         | 661733376/14570837178 [00:45<17:07, 13538573.87B/s]
GAP-kron:   5%|▍         | 663093248/14570837178 [00:45<17:24, 13319736.81B/s]
GAP-kron:   5%|▍         | 664535040/14570837178 [00:45<17:12, 13467970.54B/s]
GAP-kron:   5%|▍         | 665944064/14570837178 [00:45<16:59, 13635454.41B/s]
GAP-kron:   5%|▍         | 667320320/14570837178 [00:45<17:16, 13412492.69B/s]
GAP-kron:   5%|▍         | 668680192/14570837178 [00:46<17:15, 13427527.86B/s]
GAP-kron:   5%|▍         | 670187520/14570837178 [00:46<16:42, 13872109.81B/s]
GAP-kron:   5%|▍         | 671580160/14570837178 [00:46<17:08, 13520334.63B/s]
GAP-kron:   5%|▍         | 672940032/14570837178 [00:46<17:33, 13193270.25B/s]
GAP-kron:   5%|▍         | 674316288/14570837178 [00:46<17:24, 13306199.62B/s]
GAP-kron:   5%|▍         | 675725312/14570837178 [00:46<17:06, 13530966.87B/s]
GAP-kron:   5%|▍         | 677085184/14570837178 [00:46<17:23, 13308713.96B/s]
GAP-kron:   5%|▍         | 678428672/14570837178 [00:46<17:37, 13131879.41B/s]
GAP-kron:   5%|▍         | 679837696/14570837178 [00:46<17:30, 13228399.25B/s]
GAP-kron:   5%|▍         | 681213952/14570837178 [00:47<17:18, 13378186.36B/s]
GAP-kron:   5%|▍         | 682557440/14570837178 [00:47<17:51, 12957885.03B/s]
GAP-kron:   5%|▍         | 683868160/14570837178 [00:47<18:05, 12788037.85B/s]
GAP-kron:   5%|▍         | 685326336/14570837178 [00:47<17:25, 13284621.76B/s]
GAP-kron:   5%|▍         | 686669824/14570837178 [00:47<17:37, 13133418.23B/s]
GAP-kron:   5%|▍         | 687996928/14570837178 [00:47<17:57, 12888038.39B/s]
GAP-kron:   5%|▍         | 689422336/14570837178 [00:47<17:38, 13116405.43B/s]
GAP-kron:   5%|▍         | 690814976/14570837178 [00:47<17:20, 13341935.71B/s]
GAP-kron:   5%|▍         | 692158464/14570837178 [00:47<17:54, 12911906.76B/s]
GAP-kron:   5%|▍         | 693534720/14570837178 [00:47<17:36, 13136233.11B/s]
GAP-kron:   5%|▍         | 694861824/14570837178 [00:48<17:52, 12943146.43B/s]
GAP-kron:   5%|▍         | 696172544/14570837178 [00:48<17:58, 12866402.54B/s]
GAP-kron:   5%|▍         | 697663488/14570837178 [00:48<17:12, 13435254.11B/s]
GAP-kron:   5%|▍         | 699088896/14570837178 [00:48<16:55, 13664567.34B/s]
GAP-kron:   5%|▍         | 700465152/14570837178 [00:48<17:00, 13586186.97B/s]
GAP-kron:   5%|▍         | 701939712/14570837178 [00:48<17:01, 13578790.10B/s]
GAP-kron:   5%|▍         | 703447040/14570837178 [00:48<16:30, 14004101.13B/s]
GAP-kron:   5%|▍         | 704856064/14570837178 [00:48<16:51, 13705964.65B/s]
GAP-kron:   5%|▍         | 706232320/14570837178 [00:48<17:10, 13458465.17B/s]
GAP-kron:   5%|▍         | 707592192/14570837178 [00:49<17:23, 13279193.21B/s]
GAP-kron:   5%|▍         | 709050368/14570837178 [00:49<16:56, 13637407.85B/s]
GAP-kron:   5%|▍         | 710426624/14570837178 [00:49<17:21, 13311300.35B/s]
GAP-kron:   5%|▍         | 711770112/14570837178 [00:49<17:34, 13146995.18B/s]
GAP-kron:   5%|▍         | 713097216/14570837178 [00:49<17:46, 12998534.91B/s]
GAP-kron:   5%|▍         | 714539008/14570837178 [00:49<17:14, 13389687.95B/s]
GAP-kron:   5%|▍         | 715882496/14570837178 [00:49<17:37, 13101744.06B/s]
GAP-kron:   5%|▍         | 717209600/14570837178 [00:49<17:47, 12983440.05B/s]
GAP-kron:   5%|▍         | 718635008/14570837178 [00:49<17:25, 13248691.27B/s]
GAP-kron:   5%|▍         | 720027648/14570837178 [00:49<17:11, 13430480.31B/s]
GAP-kron:   5%|▍         | 721387520/14570837178 [00:50<17:24, 13255096.01B/s]
GAP-kron:   5%|▍         | 722747392/14570837178 [00:50<17:18, 13334010.35B/s]
GAP-kron:   5%|▍         | 724156416/14570837178 [00:50<17:01, 13555262.44B/s]
GAP-kron:   5%|▍         | 725516288/14570837178 [00:50<17:09, 13447402.54B/s]
GAP-kron:   5%|▍         | 726908928/14570837178 [00:50<17:13, 13390352.39B/s]
GAP-kron:   5%|▍         | 728449024/14570837178 [00:50<16:30, 13971249.88B/s]
GAP-kron:   5%|▌         | 729858048/14570837178 [00:50<16:43, 13792149.54B/s]
GAP-kron:   5%|▌         | 731250688/14570837178 [00:50<16:52, 13671928.84B/s]
GAP-kron:   5%|▌         | 732725248/14570837178 [00:50<16:32, 13936429.60B/s]
GAP-kron:   5%|▌         | 734134272/14570837178 [00:50<16:31, 13960093.66B/s]
GAP-kron:   5%|▌         | 735543296/14570837178 [00:51<16:39, 13841556.68B/s]
GAP-kron:   5%|▌         | 736952320/14570837178 [00:51<16:40, 13824855.64B/s]
GAP-kron:   5%|▌         | 738459648/14570837178 [00:51<16:16, 14170148.70B/s]
GAP-kron:   5%|▌         | 739885056/14570837178 [00:51<16:36, 13874338.79B/s]
GAP-kron:   5%|▌         | 741277696/14570837178 [00:51<16:47, 13727207.09B/s]
GAP-kron:   5%|▌         | 742785024/14570837178 [00:51<16:20, 14103014.70B/s]
GAP-kron:   5%|▌         | 744210432/14570837178 [00:51<16:23, 14051979.40B/s]
GAP-kron:   5%|▌         | 745619456/14570837178 [00:51<16:33, 13909632.99B/s]
GAP-kron:   5%|▌         | 747061248/14570837178 [00:51<16:35, 13881670.23B/s]
GAP-kron:   5%|▌         | 748535808/14570837178 [00:52<16:18, 14129425.90B/s]
GAP-kron:   5%|▌         | 749961216/14570837178 [00:52<16:28, 13983493.17B/s]
GAP-kron:   5%|▌         | 751370240/14570837178 [00:52<16:32, 13923744.58B/s]
GAP-kron:   5%|▌         | 752910336/14570837178 [00:52<16:03, 14345274.36B/s]
GAP-kron:   5%|▌         | 754352128/14570837178 [00:52<16:14, 14183753.56B/s]
GAP-kron:   5%|▌         | 755777536/14570837178 [00:52<16:32, 13919747.99B/s]
GAP-kron:   5%|▌         | 757219328/14570837178 [00:52<16:36, 13856159.49B/s]
GAP-kron:   5%|▌         | 758759424/14570837178 [00:52<16:07, 14270823.17B/s]
GAP-kron:   5%|▌         | 760201216/14570837178 [00:52<16:21, 14077462.80B/s]
GAP-kron:   5%|▌         | 761626624/14570837178 [00:52<16:38, 13835610.61B/s]
GAP-kron:   5%|▌         | 763019264/14570837178 [00:53<16:44, 13748938.60B/s]
GAP-kron:   5%|▌         | 764477440/14570837178 [00:53<16:27, 13983223.32B/s]
GAP-kron:   5%|▌         | 765886464/14570837178 [00:53<16:38, 13822220.87B/s]
GAP-kron:   5%|▌         | 767279104/14570837178 [00:53<16:39, 13804285.62B/s]
GAP-kron:   5%|▌         | 768835584/14570837178 [00:53<16:05, 14295826.69B/s]
GAP-kron:   5%|▌         | 770277376/14570837178 [00:53<16:08, 14247011.38B/s]
GAP-kron:   5%|▌         | 771719168/14570837178 [00:53<16:13, 14170156.57B/s]
GAP-kron:   5%|▌         | 773226496/14570837178 [00:53<15:56, 14421268.26B/s]
GAP-kron:   5%|▌         | 774684672/14570837178 [00:53<16:14, 14163275.47B/s]
GAP-kron:   5%|▌         | 776110080/14570837178 [00:53<16:19, 14082407.42B/s]
GAP-kron:   5%|▌         | 777535488/14570837178 [00:54<16:18, 14096907.70B/s]
GAP-kron:   5%|▌         | 779075584/14570837178 [00:54<15:54, 14452164.41B/s]
GAP-kron:   5%|▌         | 780533760/14570837178 [00:54<16:05, 14281391.80B/s]
GAP-kron:   5%|▌         | 781975552/14570837178 [00:54<16:16, 14127356.26B/s]
GAP-kron:   5%|▌         | 783433728/14570837178 [00:54<16:08, 14237000.99B/s]
GAP-kron:   5%|▌         | 784941056/14570837178 [00:54<15:54, 14443564.03B/s]
GAP-kron:   5%|▌         | 786399232/14570837178 [00:54<16:01, 14331822.12B/s]
GAP-kron:   5%|▌         | 787841024/14570837178 [00:54<16:14, 14140324.05B/s]
GAP-kron:   5%|▌         | 789381120/14570837178 [00:54<15:52, 14464693.93B/s]
GAP-kron:   5%|▌         | 790839296/14570837178 [00:54<16:00, 14345601.42B/s]
GAP-kron:   5%|▌         | 792281088/14570837178 [00:55<16:05, 14264675.57B/s]
GAP-kron:   5%|▌         | 793788416/14570837178 [00:55<15:54, 14436817.90B/s]
GAP-kron:   5%|▌         | 795246592/14570837178 [00:55<16:01, 14324555.12B/s]
GAP-kron:   5%|▌         | 796688384/14570837178 [00:55<16:18, 14079052.49B/s]
GAP-kron:   5%|▌         | 798097408/14570837178 [00:55<16:34, 13848821.04B/s]
GAP-kron:   5%|▌         | 799621120/14570837178 [00:55<16:08, 14221776.01B/s]
GAP-kron:   5%|▌         | 801046528/14570837178 [00:55<16:17, 14083389.40B/s]
GAP-kron:   6%|▌         | 802471936/14570837178 [00:55<16:22, 14019115.32B/s]
GAP-kron:   6%|▌         | 803930112/14570837178 [00:55<16:13, 14137671.03B/s]
GAP-kron:   6%|▌         | 805437440/14570837178 [00:56<15:57, 14377837.60B/s]
GAP-kron:   6%|▌         | 806879232/14570837178 [00:56<16:01, 14317028.22B/s]
GAP-kron:   6%|▌         | 808370176/14570837178 [00:56<15:49, 14490585.56B/s]
GAP-kron:   6%|▌         | 809844736/14570837178 [00:56<15:45, 14552678.18B/s]
GAP-kron:   6%|▌         | 811302912/14570837178 [00:56<15:46, 14542200.92B/s]
GAP-kron:   6%|▌         | 812761088/14570837178 [00:56<15:57, 14365997.92B/s]
GAP-kron:   6%|▌         | 814235648/14570837178 [00:56<15:50, 14468519.99B/s]

asv: benchmark timed out (timeout 60s)

For parameters: bfs_gap_inputs.GAP/GAP-urand_95370259
INFO root: Dataset suitesparse_matrix.GAP/GAP-urand manifest metadata is stale.

GAP-urand:   0%|          | 0/16766984746 [00:00<?, ?B/s]
GAP-urand:   0%|          | 180224/16766984746 [00:00<2:46:58, 1673568.88B/s]
GAP-urand:   0%|          | 835584/16766984746 [00:00<1:05:34, 4261478.51B/s]
GAP-urand:   0%|          | 1654784/16766984746 [00:00<46:45, 5974969.17B/s] 
GAP-urand:   0%|          | 2326528/16766984746 [00:00<46:40, 5985838.30B/s]
GAP-urand:   0%|          | 3194880/16766984746 [00:00<40:29, 6900027.84B/s]
GAP-urand:   0%|          | 4112384/16766984746 [00:00<36:36, 7631225.51B/s]
GAP-urand:   0%|          | 4997120/16766984746 [00:00<34:50, 8016437.77B/s]
GAP-urand:   0%|          | 5898240/16766984746 [00:00<33:35, 8317481.07B/s]
GAP-urand:   0%|          | 6799360/16766984746 [00:00<32:48, 8514014.48B/s]
GAP-urand:   0%|          | 7782400/16766984746 [00:01<31:48, 8780404.34B/s]
GAP-urand:   0%|          | 9043968/16766984746 [00:01<29:54, 9340604.45B/s]
GAP-urand:   0%|          | 10403840/16766984746 [00:01<26:27, 10556708.68B/s]
GAP-urand:   0%|          | 11468800/16766984746 [00:01<27:06, 10301038.05B/s]
GAP-urand:   0%|          | 12795904/16766984746 [00:01<26:51, 10396951.80B/s]
GAP-urand:   0%|          | 14188544/16766984746 [00:01<24:33, 11366446.69B/s]
GAP-urand:   0%|          | 15515648/16766984746 [00:01<24:57, 11189791.88B/s]
GAP-urand:   0%|          | 16908288/16766984746 [00:01<23:24, 11928763.11B/s]
GAP-urand:   0%|          | 18317312/16766984746 [00:01<22:18, 12517323.93B/s]
GAP-urand:   0%|          | 19759104/16766984746 [00:02<21:22, 13053645.46B/s]
GAP-urand:   0%|          | 21135360/16766984746 [00:02<21:55, 12725126.61B/s]
GAP-urand:   0%|          | 22642688/16766984746 [00:02<20:51, 13377360.69B/s]
GAP-urand:   0%|          | 24133632/16766984746 [00:02<20:14, 13789041.98B/s]
GAP-urand:   0%|          | 25526272/16766984746 [00:02<20:11, 13817992.59B/s]
GAP-urand:   0%|          | 26951680/16766984746 [00:02<20:02, 13920641.75B/s]
GAP-urand:   0%|          | 28524544/16766984746 [00:02<19:34, 14257481.12B/s]
GAP-urand:   0%|          | 30113792/16766984746 [00:02<18:56, 14730686.34B/s]
GAP-urand:   0%|          | 31604736/16766984746 [00:02<19:11, 14531152.60B/s]
GAP-urand:   0%|          | 33079296/16766984746 [00:02<19:08, 14567328.23B/s]
GAP-urand:   0%|          | 34553856/16766984746 [00:03<19:08, 14570281.42B/s]
GAP-urand:   0%|          | 36028416/16766984746 [00:03<19:08, 14562876.63B/s]
GAP-urand:   0%|          | 37896192/16766984746 [00:03<17:44, 15711042.05B/s]
GAP-urand:   0%|          | 39469056/16766984746 [00:03<17:59, 15490228.10B/s]
GAP-urand:   0%|          | 41025536/16766984746 [00:03<18:14, 15274977.51B/s]
GAP-urand:   0%|          | 42565632/16766984746 [00:03<18:37, 14965222.80B/s]
GAP-urand:   0%|          | 44449792/16766984746 [00:03<17:20, 16076668.57B/s]
GAP-urand:   0%|          | 46071808/16766984746 [00:03<17:40, 15769253.93B/s]
GAP-urand:   0%|          | 47661056/16766984746 [00:03<17:51, 15608524.36B/s]
GAP-urand:   0%|          | 49496064/16766984746 [00:03<16:59, 16398907.92B/s]
GAP-urand:   0%|          | 51150848/16766984746 [00:04<17:29, 15920832.12B/s]
GAP-urand:   0%|          | 52936704/16766984746 [00:04<16:57, 16426089.30B/s]
GAP-urand:   0%|          | 54591488/16766984746 [00:04<17:07, 16265398.21B/s]
GAP-urand:   0%|          | 56229888/16766984746 [00:04<17:15, 16136738.39B/s]
GAP-urand:   0%|          | 58081280/16766984746 [00:04<16:37, 16757777.12B/s]
GAP-urand:   0%|          | 59867136/16766984746 [00:04<16:18, 17079629.19B/s]
GAP-urand:   0%|          | 61751296/16766984746 [00:04<15:49, 17595021.38B/s]
GAP-urand:   0%|          | 63520768/16766984746 [00:04<15:52, 17537248.71B/s]
GAP-urand:   0%|          | 65339392/16766984746 [00:04<15:43, 17702462.53B/s]
GAP-urand:   0%|          | 67125248/16766984746 [00:05<15:49, 17579775.32B/s]
GAP-urand:   0%|          | 69042176/16766984746 [00:05<15:26, 18013102.25B/s]
GAP-urand:   0%|          | 70860800/16766984746 [00:05<15:31, 17924558.92B/s]
GAP-urand:   0%|          | 72744960/16766984746 [00:05<15:19, 18157386.10B/s]
GAP-urand:   0%|          | 74563584/16766984746 [00:05<15:27, 18000468.97B/s]
GAP-urand:   0%|          | 76365824/16766984746 [00:05<15:51, 17537085.61B/s]
GAP-urand:   0%|          | 78168064/16766984746 [00:05<15:45, 17652471.35B/s]
GAP-urand:   0%|          | 79937536/16766984746 [00:05<16:59, 16374017.58B/s]
GAP-urand:   0%|          | 81772544/16766984746 [00:05<16:26, 16920002.88B/s]
GAP-urand:   0%|          | 83492864/16766984746 [00:05<17:23, 15988261.36B/s]
GAP-urand:   1%|          | 85360640/16766984746 [00:06<16:37, 16721628.08B/s]
GAP-urand:   1%|          | 87064576/16766984746 [00:06<17:46, 15636499.55B/s]
GAP-urand:   1%|          | 88866816/16766984746 [00:06<17:04, 16284021.30B/s]
GAP-urand:   1%|          | 90701824/16766984746 [00:06<16:28, 16861900.71B/s]
GAP-urand:   1%|          | 92422144/16766984746 [00:06<17:29, 15882771.19B/s]
GAP-urand:   1%|          | 94240768/16766984746 [00:06<16:50, 16502965.33B/s]
GAP-urand:   1%|          | 95928320/16766984746 [00:06<17:39, 15736802.67B/s]
GAP-urand:   1%|          | 97746944/16766984746 [00:06<16:57, 16377112.30B/s]
GAP-urand:   1%|          | 99631104/16766984746 [00:06<16:17, 17047284.72B/s]
GAP-urand:   1%|          | 101367808/16766984746 [00:07<17:19, 16037809.23B/s]
GAP-urand:   1%|          | 103251968/16766984746 [00:07<16:32, 16794355.92B/s]
GAP-urand:   1%|          | 104955904/16766984746 [00:07<17:20, 16006849.10B/s]
GAP-urand:   1%|          | 106774528/16766984746 [00:07<16:44, 16588181.85B/s]
GAP-urand:   1%|          | 108462080/16766984746 [00:07<17:28, 15883083.81B/s]
GAP-urand:   1%|          | 110329856/16766984746 [00:07<16:41, 16627064.00B/s]
GAP-urand:   1%|          | 112164864/16766984746 [00:07<16:14, 17085667.32B/s]
GAP-urand:   1%|          | 113901568/16766984746 [00:07<17:01, 16299864.00B/s]
GAP-urand:   1%|          | 115785728/16766984746 [00:07<16:20, 16980189.49B/s]
GAP-urand:   1%|          | 117506048/16766984746 [00:08<17:16, 16064621.26B/s]
GAP-urand:   1%|          | 119439360/16766984746 [00:08<16:21, 16958302.51B/s]
GAP-urand:   1%|          | 121159680/16766984746 [00:08<17:05, 16236481.98B/s]
GAP-urand:   1%|          | 122929152/16766984746 [00:08<16:40, 16637126.04B/s]
GAP-urand:   1%|          | 124731392/16766984746 [00:08<16:17, 17030455.98B/s]
GAP-urand:   1%|          | 126451712/16766984746 [00:08<17:18, 16017267.89B/s]
GAP-urand:   1%|          | 128303104/16766984746 [00:08<16:37, 16683152.37B/s]
GAP-urand:   1%|          | 129990656/16766984746 [00:08<17:27, 15878728.69B/s]
GAP-urand:   1%|          | 131825664/16766984746 [00:08<16:45, 16548236.49B/s]
GAP-urand:   1%|          | 133513216/16766984746 [00:09<17:41, 15667276.50B/s]
GAP-urand:   1%|          | 135397376/16766984746 [00:09<16:47, 16515288.87B/s]
GAP-urand:   1%|          | 137166848/16766984746 [00:09<17:27, 15874189.78B/s]
GAP-urand:   1%|          | 139034624/16766984746 [00:09<16:41, 16609455.59B/s]
GAP-urand:   1%|          | 140935168/16766984746 [00:09<16:03, 17249757.44B/s]
GAP-urand:   1%|          | 142688256/16766984746 [00:09<16:57, 16340837.91B/s]
GAP-urand:   1%|          | 144556032/16766984746 [00:09<16:19, 16975721.54B/s]
GAP-urand:   1%|          | 146276352/16766984746 [00:09<17:23, 15931437.90B/s]
GAP-urand:   1%|          | 148127744/16766984746 [00:09<16:39, 16620955.33B/s]
GAP-urand:   1%|          | 149815296/16766984746 [00:10<17:40, 15667953.68B/s]
GAP-urand:   1%|          | 151666688/16766984746 [00:10<16:50, 16436342.52B/s]
GAP-urand:   1%|          | 153337856/16766984746 [00:10<17:42, 15636268.37B/s]
GAP-urand:   1%|          | 155156480/16766984746 [00:10<16:57, 16333099.06B/s]
GAP-urand:   1%|          | 157007872/16766984746 [00:10<16:21, 16919611.47B/s]
GAP-urand:   1%|          | 158728192/16766984746 [00:10<16:36, 16665860.23B/s]
GAP-urand:   1%|          | 160628736/16766984746 [00:10<16:00, 17287670.82B/s]
GAP-urand:   1%|          | 162381824/16766984746 [00:10<16:59, 16288862.75B/s]
GAP-urand:   1%|          | 164249600/16766984746 [00:10<16:20, 16939684.29B/s]
GAP-urand:   1%|          | 165969920/16766984746 [00:10<17:12, 16078963.43B/s]
GAP-urand:   1%|          | 167870464/16766984746 [00:11<16:22, 16886582.65B/s]
GAP-urand:   1%|          | 169590784/16766984746 [00:11<17:18, 15980516.33B/s]
GAP-urand:   1%|          | 171393024/16766984746 [00:11<16:44, 16524677.78B/s]
GAP-urand:   1%|          | 173113344/16766984746 [00:11<17:20, 15949894.27B/s]
GAP-urand:   1%|          | 174948352/16766984746 [00:11<16:38, 16611701.01B/s]
GAP-urand:   1%|          | 176783360/16766984746 [00:11<16:10, 17085878.76B/s]
GAP-urand:   1%|          | 178520064/16766984746 [00:11<16:59, 16278472.83B/s]
GAP-urand:   1%|          | 180371456/16766984746 [00:11<16:22, 16885971.83B/s]
GAP-urand:   1%|          | 182075392/16766984746 [00:11<17:08, 16125944.82B/s]
GAP-urand:   1%|          | 183926784/16766984746 [00:12<16:29, 16750759.04B/s]
GAP-urand:   1%|          | 185630720/16766984746 [00:12<17:23, 15893634.46B/s]
GAP-urand:   1%|          | 187482112/16766984746 [00:12<16:37, 16615383.92B/s]
GAP-urand:   1%|          | 189235200/16766984746 [00:12<17:19, 15954078.98B/s]
GAP-urand:   1%|          | 191119360/16766984746 [00:12<16:30, 16726446.14B/s]
GAP-urand:   1%|          | 192954368/16766984746 [00:12<16:06, 17154362.84B/s]
GAP-urand:   1%|          | 194691072/16766984746 [00:12<16:57, 16288497.80B/s]
GAP-urand:   1%|          | 196476928/16766984746 [00:12<16:32, 16700749.44B/s]
GAP-urand:   1%|          | 198164480/16766984746 [00:12<17:31, 15755449.21B/s]
GAP-urand:   1%|          | 199999488/16766984746 [00:13<16:46, 16454312.68B/s]
GAP-urand:   1%|          | 201670656/16766984746 [00:13<17:37, 15668698.72B/s]
GAP-urand:   1%|          | 203522048/16766984746 [00:13<16:48, 16425688.14B/s]
GAP-urand:   1%|          | 205193216/16766984746 [00:13<17:29, 15774996.16B/s]
GAP-urand:   1%|          | 207028224/16766984746 [00:13<16:45, 16476715.56B/s]
GAP-urand:   1%|          | 208896000/16766984746 [00:13<16:10, 17066274.21B/s]
GAP-urand:   1%|▏         | 210632704/16766984746 [00:13<17:04, 16157270.24B/s]
GAP-urand:   1%|▏         | 212451328/16766984746 [00:13<16:31, 16701457.71B/s]
GAP-urand:   1%|▏         | 214138880/16766984746 [00:13<17:24, 15847534.48B/s]
GAP-urand:   1%|▏         | 215990272/16766984746 [00:14<16:38, 16583404.48B/s]
GAP-urand:   1%|▏         | 217677824/16766984746 [00:14<17:23, 15864879.97B/s]
GAP-urand:   1%|▏         | 219529216/16766984746 [00:14<16:37, 16581114.03B/s]
GAP-urand:   1%|▏         | 221216768/16766984746 [00:14<17:25, 15830961.35B/s]
GAP-urand:   1%|▏         | 223100928/16766984746 [00:14<16:34, 16632730.32B/s]
GAP-urand:   1%|▏         | 225017856/16766984746 [00:14<15:55, 17314203.92B/s]
GAP-urand:   1%|▏         | 226770944/16766984746 [00:14<16:52, 16334034.33B/s]
GAP-urand:   1%|▏         | 228638720/16766984746 [00:14<16:15, 16956511.41B/s]
GAP-urand:   1%|▏         | 230359040/16766984746 [00:14<16:14, 16972635.32B/s]
GAP-urand:   1%|▏         | 232194048/16766984746 [00:15<15:53, 17339942.74B/s]
GAP-urand:   1%|▏         | 233947136/16766984746 [00:15<16:49, 16372358.23B/s]
GAP-urand:   1%|▏         | 235831296/16766984746 [00:15<16:08, 17060320.86B/s]
GAP-urand:   1%|▏         | 237731840/16766984746 [00:15<15:39, 17594085.61B/s]
GAP-urand:   1%|▏         | 239517696/16766984746 [00:15<16:32, 16645572.42B/s]
GAP-urand:   1%|▏         | 241467392/16766984746 [00:15<15:49, 17407142.26B/s]
GAP-urand:   1%|▏         | 243236864/16766984746 [00:15<16:18, 16892677.91B/s]
GAP-urand:   1%|▏         | 244957184/16766984746 [00:15<16:15, 16935753.57B/s]
GAP-urand:   1%|▏         | 246661120/16766984746 [00:15<17:36, 15634230.14B/s]
GAP-urand:   1%|▏         | 248250368/16766984746 [00:15<17:36, 15634206.20B/s]
GAP-urand:   1%|▏         | 249839616/16766984746 [00:16<17:44, 15519080.20B/s]
GAP-urand:   1%|▏         | 251412480/16766984746 [00:16<18:54, 14552354.14B/s]
GAP-urand:   2%|▏         | 253067264/16766984746 [00:16<18:13, 15099200.15B/s]
GAP-urand:   2%|▏         | 254607360/16766984746 [00:16<19:18, 14257165.62B/s]
GAP-urand:   2%|▏         | 256196608/16766984746 [00:16<18:43, 14696315.67B/s]
GAP-urand:   2%|▏         | 257835008/16766984746 [00:16<18:09, 15150087.23B/s]
GAP-urand:   2%|▏         | 259375104/16766984746 [00:16<19:18, 14247567.84B/s]
GAP-urand:   2%|▏         | 260997120/16766984746 [00:16<18:36, 14778069.19B/s]
GAP-urand:   2%|▏         | 262504448/16766984746 [00:16<19:34, 14058021.68B/s]
GAP-urand:   2%|▏         | 264159232/16766984746 [00:17<18:39, 14736102.67B/s]
GAP-urand:   2%|▏         | 265781248/16766984746 [00:17<18:08, 15153732.93B/s]
GAP-urand:   2%|▏         | 267321344/16766984746 [00:17<19:09, 14353529.47B/s]
GAP-urand:   2%|▏         | 268910592/16766984746 [00:17<18:36, 14782118.05B/s]
GAP-urand:   2%|▏         | 270417920/16766984746 [00:17<19:40, 13973537.31B/s]
GAP-urand:   2%|▏         | 271892480/16766984746 [00:17<19:24, 14162114.42B/s]
GAP-urand:   2%|▏         | 273367040/16766984746 [00:17<19:12, 14314356.05B/s]
GAP-urand:   2%|▏         | 274825216/16766984746 [00:17<20:46, 13225645.72B/s]
GAP-urand:   2%|▏         | 276332544/16766984746 [00:17<20:02, 13718027.79B/s]
GAP-urand:   2%|▏         | 277872640/16766984746 [00:18<20:49, 13201421.75B/s]
GAP-urand:   2%|▏         | 279527424/16766984746 [00:18<19:30, 14091757.55B/s]
GAP-urand:   2%|▏         | 281165824/16766984746 [00:18<18:40, 14707072.80B/s]
GAP-urand:   2%|▏         | 282656768/16766984746 [00:18<19:48, 13873022.53B/s]
GAP-urand:   2%|▏         | 284147712/16766984746 [00:18<19:27, 14122865.88B/s]
GAP-urand:   2%|▏         | 285687808/16766984746 [00:18<18:58, 14481468.55B/s]
GAP-urand:   2%|▏         | 287162368/16766984746 [00:18<19:40, 13961204.43B/s]
GAP-urand:   2%|▏         | 288784384/16766984746 [00:18<18:49, 14590162.64B/s]
GAP-urand:   2%|▏         | 290258944/16766984746 [00:18<19:51, 13832949.87B/s]
GAP-urand:   2%|▏         | 291749888/16766984746 [00:19<19:27, 14111335.72B/s]
GAP-urand:   2%|▏         | 293339136/16766984746 [00:19<18:48, 14594382.03B/s]
GAP-urand:   2%|▏         | 294813696/16766984746 [00:19<19:41, 13936620.35B/s]
GAP-urand:   2%|▏         | 296435712/16766984746 [00:19<18:50, 14566090.37B/s]
GAP-urand:   2%|▏         | 297975808/16766984746 [00:19<19:43, 13920842.24B/s]
GAP-urand:   2%|▏         | 299597824/16766984746 [00:19<18:51, 14549994.62B/s]
GAP-urand:   2%|▏         | 301137920/16766984746 [00:19<18:35, 14757847.55B/s]
GAP-urand:   2%|▏         | 302628864/16766984746 [00:19<19:55, 13772563.17B/s]
GAP-urand:   2%|▏         | 304168960/16766984746 [00:19<19:20, 14189984.63B/s]
GAP-urand:   2%|▏         | 305790976/16766984746 [00:20<18:36, 14738172.88B/s]
GAP-urand:   2%|▏         | 307281920/16766984746 [00:20<19:45, 13889634.01B/s]
GAP-urand:   2%|▏         | 308854784/16766984746 [00:20<19:03, 14390009.97B/s]
GAP-urand:   2%|▏         | 310312960/16766984746 [00:20<19:56, 13753374.24B/s]
GAP-urand:   2%|▏         | 311951360/16766984746 [00:20<18:56, 14484128.01B/s]
GAP-urand:   2%|▏         | 313573376/16766984746 [00:20<18:20, 14950502.78B/s]
GAP-urand:   2%|▏         | 315097088/16766984746 [00:20<19:17, 14214413.29B/s]
GAP-urand:   2%|▏         | 316784640/16766984746 [00:20<18:22, 14921035.75B/s]
GAP-urand:   2%|▏         | 318308352/16766984746 [00:20<19:35, 13988801.14B/s]
GAP-urand:   2%|▏         | 319913984/16766984746 [00:21<18:52, 14518328.35B/s]
GAP-urand:   2%|▏         | 321568768/16766984746 [00:21<18:11, 15068269.78B/s]
GAP-urand:   2%|▏         | 323092480/16766984746 [00:21<19:15, 14233611.72B/s]
GAP-urand:   2%|▏         | 324730880/16766984746 [00:21<18:30, 14809598.88B/s]
GAP-urand:   2%|▏         | 326352896/16766984746 [00:21<18:03, 15177817.06B/s]
GAP-urand:   2%|▏         | 327892992/16766984746 [00:21<19:04, 14361089.25B/s]
GAP-urand:   2%|▏         | 329564160/16766984746 [00:21<18:14, 15015572.21B/s]
GAP-urand:   2%|▏         | 331087872/16766984746 [00:21<19:14, 14236440.80B/s]
GAP-urand:   2%|▏         | 332726272/16766984746 [00:21<18:29, 14805911.11B/s]
GAP-urand:   2%|▏         | 334381056/16766984746 [00:21<17:56, 15262157.75B/s]
GAP-urand:   2%|▏         | 335937536/16766984746 [00:22<18:57, 14445348.91B/s]
GAP-urand:   2%|▏         | 337575936/16766984746 [00:22<18:17, 14974558.30B/s]
GAP-urand:   2%|▏         | 339099648/16766984746 [00:22<19:07, 14316990.32B/s]
GAP-urand:   2%|▏         | 340787200/16766984746 [00:22<18:12, 15030114.62B/s]
GAP-urand:   2%|▏         | 342310912/16766984746 [00:22<18:09, 15070138.56B/s]
GAP-urand:   2%|▏         | 343834624/16766984746 [00:22<19:15, 14212617.74B/s]
GAP-urand:   2%|▏         | 345505792/16766984746 [00:22<18:21, 14908916.31B/s]
GAP-urand:   2%|▏         | 347013120/16766984746 [00:22<19:22, 14130389.61B/s]
GAP-urand:   2%|▏         | 348635136/16766984746 [00:22<18:37, 14687028.44B/s]
GAP-urand:   2%|▏         | 350273536/16766984746 [00:23<18:04, 15140449.05B/s]
GAP-urand:   2%|▏         | 351813632/16766984746 [00:23<19:01, 14379521.29B/s]
GAP-urand:   2%|▏         | 353484800/16766984746 [00:23<18:14, 14995246.36B/s]
GAP-urand:   2%|▏         | 355008512/16766984746 [00:23<19:11, 14256901.69B/s]
GAP-urand:   2%|▏         | 356646912/16766984746 [00:23<18:26, 14826435.12B/s]
GAP-urand:   2%|▏         | 358252544/16766984746 [00:23<18:04, 15128414.16B/s]
GAP-urand:   2%|▏         | 359792640/16766984746 [00:23<19:12, 14237918.03B/s]
GAP-urand:   2%|▏         | 361398272/16766984746 [00:23<18:33, 14739725.51B/s]
GAP-urand:   2%|▏         | 362889216/16766984746 [00:23<19:27, 14046033.74B/s]
GAP-urand:   2%|▏         | 364560384/16766984746 [00:24<18:30, 14773029.80B/s]
GAP-urand:   2%|▏         | 366149632/16766984746 [00:24<18:08, 15065972.51B/s]
GAP-urand:   2%|▏         | 367673344/16766984746 [00:24<19:08, 14279836.43B/s]
GAP-urand:   2%|▏         | 369328128/16766984746 [00:24<18:19, 14911523.74B/s]
GAP-urand:   2%|▏         | 370835456/16766984746 [00:24<19:17, 14166657.00B/s]
GAP-urand:   2%|▏         | 372523008/16766984746 [00:24<18:20, 14901530.75B/s]
GAP-urand:   2%|▏         | 374177792/16766984746 [00:24<17:47, 15350530.62B/s]
GAP-urand:   2%|▏         | 375734272/16766984746 [00:24<18:47, 14535976.55B/s]
GAP-urand:   2%|▏         | 377405440/16766984746 [00:24<18:04, 15118881.98B/s]
GAP-urand:   2%|▏         | 378945536/16766984746 [00:25<19:00, 14372130.02B/s]
GAP-urand:   2%|▏         | 380616704/16766984746 [00:25<18:12, 14999850.21B/s]
GAP-urand:   2%|▏         | 382255104/16766984746 [00:25<17:45, 15372177.73B/s]
GAP-urand:   2%|▏         | 383811584/16766984746 [00:25<18:43, 14584207.83B/s]
GAP-urand:   2%|▏         | 385482752/16766984746 [00:25<18:01, 15147211.85B/s]
GAP-urand:   2%|▏         | 387022848/16766984746 [00:25<18:56, 14414288.60B/s]
GAP-urand:   2%|▏         | 388694016/16766984746 [00:25<18:08, 15046227.28B/s]
GAP-urand:   2%|▏         | 390283264/16766984746 [00:25<17:52, 15264662.52B/s]
GAP-urand:   2%|▏         | 391823360/16766984746 [00:25<19:03, 14320887.99B/s]
GAP-urand:   2%|▏         | 393412608/16766984746 [00:25<18:30, 14745374.02B/s]
GAP-urand:   2%|▏         | 394903552/16766984746 [00:26<19:30, 13986043.61B/s]
GAP-urand:   2%|▏         | 396574720/16766984746 [00:26<18:30, 14739327.42B/s]
GAP-urand:   2%|▏         | 398245888/16766984746 [00:26<17:50, 15287041.51B/s]
GAP-urand:   2%|▏         | 399802368/16766984746 [00:26<18:51, 14460510.61B/s]
GAP-urand:   2%|▏         | 401489920/16766984746 [00:26<18:02, 15113793.26B/s]
GAP-urand:   2%|▏         | 403030016/16766984746 [00:26<19:03, 14315445.03B/s]
GAP-urand:   2%|▏         | 404668416/16766984746 [00:26<18:20, 14865654.14B/s]
GAP-urand:   2%|▏         | 406306816/16766984746 [00:26<17:50, 15285256.21B/s]
GAP-urand:   2%|▏         | 407863296/16766984746 [00:26<18:52, 14444860.44B/s]
GAP-urand:   2%|▏         | 409550848/16766984746 [00:27<18:04, 15084198.17B/s]
GAP-urand:   2%|▏         | 411090944/16766984746 [00:27<19:00, 14339068.22B/s]
GAP-urand:   2%|▏         | 412663808/16766984746 [00:27<18:30, 14721859.57B/s]
GAP-urand:   2%|▏         | 414203904/16766984746 [00:27<18:18, 14892435.43B/s]
GAP-urand:   2%|▏         | 415711232/16766984746 [00:27<19:10, 14212212.91B/s]
GAP-urand:   2%|▏         | 417316864/16766984746 [00:27<18:30, 14728868.03B/s]
GAP-urand:   2%|▏         | 418807808/16766984746 [00:27<19:27, 14003292.24B/s]
GAP-urand:   3%|▎         | 420446208/16766984746 [00:27<18:35, 14651672.28B/s]
GAP-urand:   3%|▎         | 422084608/16766984746 [00:27<18:01, 15115141.95B/s]
GAP-urand:   3%|▎         | 423624704/16766984746 [00:28<19:10, 14210056.59B/s]
GAP-urand:   3%|▎         | 425230336/16766984746 [00:28<18:30, 14712034.85B/s]
GAP-urand:   3%|▎         | 426754048/16766984746 [00:28<19:36, 13889994.93B/s]
GAP-urand:   3%|▎         | 428359680/16766984746 [00:28<18:47, 14484847.48B/s]
GAP-urand:   3%|▎         | 429965312/16766984746 [00:28<18:17, 14887734.29B/s]
GAP-urand:   3%|▎         | 431472640/16766984746 [00:28<19:14, 14151700.66B/s]
GAP-urand:   3%|▎         | 433160192/16766984746 [00:28<18:16, 14890477.65B/s]
GAP-urand:   3%|▎         | 434847744/16766984746 [00:28<17:36, 15455931.97B/s]
GAP-urand:   3%|▎         | 436420608/16766984746 [00:28<18:35, 14640595.37B/s]
GAP-urand:   3%|▎         | 438091776/16766984746 [00:29<17:55, 15185374.99B/s]
GAP-urand:   3%|▎         | 439631872/16766984746 [00:29<18:52, 14419238.57B/s]
GAP-urand:   3%|▎         | 441303040/16766984746 [00:29<18:07, 15017058.39B/s]
GAP-urand:   3%|▎         | 442974208/16766984746 [00:29<17:35, 15464852.87B/s]
GAP-urand:   3%|▎         | 444547072/16766984746 [00:29<18:20, 14827049.90B/s]
GAP-urand:   3%|▎         | 446201856/16766984746 [00:29<17:48, 15271867.38B/s]
GAP-urand:   3%|▎         | 447741952/16766984746 [00:29<18:38, 14595798.80B/s]
GAP-urand:   3%|▎         | 449429504/16766984746 [00:29<17:54, 15189323.81B/s]
GAP-urand:   3%|▎         | 451117056/16766984746 [00:29<17:22, 15654876.64B/s]
GAP-urand:   3%|▎         | 452706304/16766984746 [00:30<18:24, 14777068.21B/s]
GAP-urand:   3%|▎         | 454311936/16766984746 [00:30<17:59, 15110921.41B/s]
GAP-urand:   3%|▎         | 455852032/16766984746 [00:30<19:02, 14275505.89B/s]
GAP-urand:   3%|▎         | 457506816/16766984746 [00:30<18:15, 14881155.77B/s]
GAP-urand:   3%|▎         | 459210752/16766984746 [00:30<17:33, 15480230.24B/s]
GAP-urand:   3%|▎         | 460783616/16766984746 [00:30<18:36, 14609877.46B/s]
GAP-urand:   3%|▎         | 462422016/16766984746 [00:30<18:00, 15096554.42B/s]
GAP-urand:   3%|▎         | 463962112/16766984746 [00:30<19:03, 14252207.08B/s]
GAP-urand:   3%|▎         | 465584128/16766984746 [00:30<18:24, 14753318.97B/s]
GAP-urand:   3%|▎         | 467304448/16766984746 [00:30<17:38, 15403192.39B/s]
GAP-urand:   3%|▎         | 468860928/16766984746 [00:31<18:00, 15090471.55B/s]
GAP-urand:   3%|▎         | 470548480/16766984746 [00:31<17:26, 15577601.82B/s]
GAP-urand:   3%|▎         | 472121344/16766984746 [00:31<18:33, 14636056.41B/s]
GAP-urand:   3%|▎         | 473776128/16766984746 [00:31<17:56, 15129403.70B/s]
GAP-urand:   3%|▎         | 475447296/16766984746 [00:31<17:26, 15560497.64B/s]
GAP-urand:   3%|▎         | 477020160/16766984746 [00:31<18:31, 14657065.76B/s]
GAP-urand:   3%|▎         | 478707712/16766984746 [00:31<17:48, 15244034.04B/s]
GAP-urand:   3%|▎         | 480264192/16766984746 [00:31<18:43, 14498574.60B/s]
GAP-urand:   3%|▎         | 481951744/16766984746 [00:31<17:56, 15131607.26B/s]
GAP-urand:   3%|▎         | 483606528/16766984746 [00:32<17:28, 15525664.46B/s]
GAP-urand:   3%|▎         | 485179392/16766984746 [00:32<17:39, 15365906.56B/s]
GAP-urand:   3%|▎         | 486850560/16766984746 [00:32<17:14, 15735284.30B/s]
GAP-urand:   3%|▎         | 488439808/16766984746 [00:32<18:22, 14770226.57B/s]
GAP-urand:   3%|▎         | 490061824/16766984746 [00:32<17:54, 15148432.55B/s]
GAP-urand:   3%|▎         | 491618304/16766984746 [00:32<17:47, 15245853.64B/s]
GAP-urand:   3%|▎         | 493158400/16766984746 [00:32<19:02, 14238970.20B/s]
GAP-urand:   3%|▎         | 494780416/16766984746 [00:32<18:22, 14762892.93B/s]
GAP-urand:   3%|▎         | 496287744/16766984746 [00:32<19:16, 14070214.26B/s]
GAP-urand:   3%|▎         | 497827840/16766984746 [00:33<18:49, 14409016.85B/s]
GAP-urand:   3%|▎         | 499384320/16766984746 [00:33<18:24, 14730421.75B/s]
GAP-urand:   3%|▎         | 500875264/16766984746 [00:33<19:31, 13886878.62B/s]
GAP-urand:   3%|▎         | 502546432/16766984746 [00:33<18:28, 14667826.36B/s]
GAP-urand:   3%|▎         | 504037376/16766984746 [00:33<19:10, 14131977.77B/s]
GAP-urand:   3%|▎         | 505724928/16766984746 [00:33<18:12, 14879730.72B/s]
GAP-urand:   3%|▎         | 507379712/16766984746 [00:33<17:40, 15335160.15B/s]
GAP-urand:   3%|▎         | 508936192/16766984746 [00:33<18:39, 14523328.01B/s]
GAP-urand:   3%|▎         | 510656512/16766984746 [00:33<17:44, 15269557.16B/s]
GAP-urand:   3%|▎         | 512212992/16766984746 [00:34<18:50, 14379224.20B/s]
GAP-urand:   3%|▎         | 513867776/16766984746 [00:34<18:06, 14959754.68B/s]
GAP-urand:   3%|▎         | 515522560/16766984746 [00:34<17:37, 15371212.50B/s]
GAP-urand:   3%|▎         | 517079040/16766984746 [00:34<18:57, 14287308.56B/s]
GAP-urand:   3%|▎         | 518619136/16766984746 [00:34<18:33, 14587633.57B/s]
GAP-urand:   3%|▎         | 520110080/16766984746 [00:34<19:45, 13702763.74B/s]
GAP-urand:   3%|▎         | 521797632/16766984746 [00:34<18:37, 14534712.56B/s]
GAP-urand:   3%|▎         | 523419648/16766984746 [00:34<18:04, 14973345.89B/s]
GAP-urand:   3%|▎         | 524943360/16766984746 [00:34<18:58, 14263581.77B/s]
GAP-urand:   3%|▎         | 526581760/16766984746 [00:34<18:14, 14832212.58B/s]
GAP-urand:   3%|▎         | 528089088/16766984746 [00:35<19:16, 14046247.90B/s]
GAP-urand:   3%|▎         | 529776640/16766984746 [00:35<18:15, 14825607.43B/s]
GAP-urand:   3%|▎         | 531464192/16766984746 [00:35<17:34, 15393274.92B/s]
GAP-urand:   3%|▎         | 533020672/16766984746 [00:35<18:44, 14439401.58B/s]
GAP-urand:   3%|▎         | 534626304/16766984746 [00:35<18:12, 14861088.46B/s]
GAP-urand:   3%|▎         | 536133632/16766984746 [00:35<19:05, 14174378.42B/s]
GAP-urand:   3%|▎         | 537804800/16766984746 [00:35<18:12, 14858491.42B/s]
GAP-urand:   3%|▎         | 539475968/16766984746 [00:35<17:37, 15348842.62B/s]
GAP-urand:   3%|▎         | 541032448/16766984746 [00:35<18:40, 14479291.32B/s]
GAP-urand:   3%|▎         | 542687232/16766984746 [00:36<17:58, 15044763.40B/s]
GAP-urand:   3%|▎         | 544210944/16766984746 [00:36<19:00, 14223727.44B/s]
GAP-urand:   3%|▎         | 545865728/16766984746 [00:36<18:13, 14834731.77B/s]
GAP-urand:   3%|▎         | 547553280/16766984746 [00:36<17:33, 15393028.84B/s]
GAP-urand:   3%|▎         | 549109760/16766984746 [00:36<18:34, 14557373.41B/s]
GAP-urand:   3%|▎         | 550764544/16766984746 [00:36<17:53, 15105726.19B/s]
GAP-urand:   3%|▎         | 552304640/16766984746 [00:36<18:56, 14265794.34B/s]
GAP-urand:   3%|▎         | 553959424/16766984746 [00:36<18:09, 14875500.53B/s]
GAP-urand:   3%|▎         | 555646976/16766984746 [00:36<17:30, 15437132.68B/s]
GAP-urand:   3%|▎         | 557219840/16766984746 [00:37<18:33, 14552406.47B/s]
GAP-urand:   3%|▎         | 558907392/16766984746 [00:37<17:46, 15190727.68B/s]
GAP-urand:   3%|▎         | 560447488/16766984746 [00:37<18:55, 14271364.30B/s]
GAP-urand:   3%|▎         | 562036736/16766984746 [00:37<18:23, 14690228.62B/s]
GAP-urand:   3%|▎         | 563609600/16766984746 [00:37<18:03, 14950514.19B/s]
GAP-urand:   3%|▎         | 565133312/16766984746 [00:37<19:06, 14136389.38B/s]
GAP-urand:   3%|▎         | 566804480/16766984746 [00:37<18:12, 14826985.66B/s]
GAP-urand:   3%|▎         | 568311808/16766984746 [00:37<19:19, 13968175.00B/s]
GAP-urand:   3%|▎         | 569950208/16766984746 [00:37<18:28, 14605374.72B/s]
GAP-urand:   3%|▎         | 571621376/16766984746 [00:38<17:47, 15173462.32B/s]
GAP-urand:   3%|▎         | 573161472/16766984746 [00:38<18:46, 14373310.89B/s]
GAP-urand:   3%|▎         | 574832640/16766984746 [00:38<17:58, 15017826.93B/s]
GAP-urand:   3%|▎         | 576356352/16766984746 [00:38<18:47, 14357264.24B/s]
GAP-urand:   3%|▎         | 577994752/16766984746 [00:38<18:07, 14882047.57B/s]
GAP-urand:   3%|▎         | 579649536/16766984746 [00:38<17:36, 15322333.43B/s]
GAP-urand:   3%|▎         | 581206016/16766984746 [00:38<18:28, 14599690.98B/s]
GAP-urand:   3%|▎         | 582893568/16766984746 [00:38<17:43, 15217067.22B/s]
GAP-urand:   3%|▎         | 584433664/16766984746 [00:38<18:38, 14474125.80B/s]
GAP-urand:   3%|▎         | 586088448/16766984746 [00:39<17:56, 15036590.88B/s]
GAP-urand:   4%|▎         | 587776000/16766984746 [00:39<17:20, 15548482.56B/s]
GAP-urand:   4%|▎         | 589348864/16766984746 [00:39<18:20, 14693811.67B/s]
GAP-urand:   4%|▎         | 591020032/16766984746 [00:39<17:41, 15245912.74B/s]
GAP-urand:   4%|▎         | 592576512/16766984746 [00:39<18:38, 14465261.23B/s]
GAP-urand:   4%|▎         | 594280448/16766984746 [00:39<17:46, 15162988.26B/s]
GAP-urand:   4%|▎         | 595836928/16766984746 [00:39<18:46, 14359672.32B/s]
GAP-urand:   4%|▎         | 597491712/16766984746 [00:39<18:03, 14929310.13B/s]
GAP-urand:   4%|▎         | 599162880/16766984746 [00:39<17:30, 15394992.86B/s]
GAP-urand:   4%|▎         | 600719360/16766984746 [00:40<18:28, 14583540.43B/s]
GAP-urand:   4%|▎         | 602406912/16766984746 [00:40<17:44, 15187314.99B/s]
GAP-urand:   4%|▎         | 603947008/16766984746 [00:40<18:35, 14486791.98B/s]
GAP-urand:   4%|▎         | 605650944/16766984746 [00:40<17:46, 15151219.71B/s]
GAP-urand:   4%|▎         | 607387648/16766984746 [00:40<17:06, 15737642.01B/s]
GAP-urand:   4%|▎         | 608976896/16766984746 [00:40<18:17, 14724136.64B/s]
GAP-urand:   4%|▎         | 610648064/16766984746 [00:40<17:39, 15250038.68B/s]
GAP-urand:   4%|▎         | 612204544/16766984746 [00:40<17:52, 15065150.82B/s]
GAP-urand:   4%|▎         | 613892096/16766984746 [00:40<17:18, 15549602.23B/s]
GAP-urand:   4%|▎         | 615596032/16766984746 [00:40<16:52, 15945458.28B/s]
GAP-urand:   4%|▎         | 617201664/16766984746 [00:41<17:59, 14954926.81B/s]
GAP-urand:   4%|▎         | 618905600/16766984746 [00:41<17:21, 15505330.39B/s]
GAP-urand:   4%|▎         | 620478464/16766984746 [00:41<18:27, 14585706.83B/s]
GAP-urand:   4%|▎         | 622084096/16766984746 [00:41<17:57, 14977470.98B/s]
GAP-urand:   4%|▎         | 623673344/16766984746 [00:41<17:39, 15233306.65B/s]
GAP-urand:   4%|▎         | 625213440/16766984746 [00:41<18:45, 14341657.34B/s]
GAP-urand:   4%|▎         | 626933760/16766984746 [00:41<17:47, 15114601.49B/s]
GAP-urand:   4%|▎         | 628473856/16766984746 [00:41<18:37, 14441381.02B/s]
GAP-urand:   4%|▍         | 630161408/16766984746 [00:41<17:47, 15111645.89B/s]
GAP-urand:   4%|▍         | 631783424/16766984746 [00:42<17:27, 15405211.55B/s]
GAP-urand:   4%|▍         | 633339904/16766984746 [00:42<19:00, 14142775.22B/s]
GAP-urand:   4%|▍         | 634945536/16766984746 [00:42<18:22, 14638005.00B/s]
GAP-urand:   4%|▍         | 636436480/16766984746 [00:42<19:11, 14012910.17B/s]
GAP-urand:   4%|▍         | 637992960/16766984746 [00:42<18:39, 14409951.81B/s]
GAP-urand:   4%|▍         | 639598592/16766984746 [00:42<18:04, 14870752.53B/s]
GAP-urand:   4%|▍         | 641105920/16766984746 [00:42<19:00, 14144005.94B/s]
GAP-urand:   4%|▍         | 642744320/16766984746 [00:42<18:11, 14767705.56B/s]
GAP-urand:   4%|▍         | 644251648/16766984746 [00:42<19:11, 13997221.74B/s]
GAP-urand:   4%|▍         | 645742592/16766984746 [00:43<18:54, 14210908.26B/s]
GAP-urand:   4%|▍         | 647380992/16766984746 [00:43<18:07, 14819167.82B/s]
GAP-urand:   4%|▍         | 648888320/16766984746 [00:43<19:02, 14105432.02B/s]
GAP-urand:   4%|▍         | 650461184/16766984746 [00:43<18:28, 14536089.28B/s]
GAP-urand:   4%|▍         | 652132352/16766984746 [00:43<17:46, 15117069.94B/s]
GAP-urand:   4%|▍         | 653656064/16766984746 [00:43<18:41, 14364786.12B/s]
GAP-urand:   4%|▍         | 655310848/16766984746 [00:43<17:57, 14956704.00B/s]
GAP-urand:   4%|▍         | 656834560/16766984746 [00:43<18:51, 14240908.10B/s]
GAP-urand:   4%|▍         | 658505728/16766984746 [00:43<17:58, 14929522.26B/s]
GAP-urand:   4%|▍         | 660193280/16766984746 [00:44<17:23, 15440399.22B/s]
GAP-urand:   4%|▍         | 661766144/16766984746 [00:44<18:24, 14578577.34B/s]
GAP-urand:   4%|▍         | 663453696/16766984746 [00:44<17:39, 15205919.12B/s]
GAP-urand:   4%|▍         | 664993792/16766984746 [00:44<18:36, 14419848.35B/s]
GAP-urand:   4%|▍         | 666664960/16766984746 [00:44<17:50, 15037466.32B/s]
GAP-urand:   4%|▍         | 668188672/16766984746 [00:44<18:39, 14379129.28B/s]
GAP-urand:   4%|▍         | 669892608/16766984746 [00:44<17:45, 15111790.39B/s]
GAP-urand:   4%|▍         | 671596544/16766984746 [00:44<17:09, 15627136.75B/s]
GAP-urand:   4%|▍         | 673185792/16766984746 [00:44<18:07, 14800782.19B/s]
GAP-urand:   4%|▍         | 674889728/16766984746 [00:45<17:23, 15424669.34B/s]
GAP-urand:   4%|▍         | 676462592/16766984746 [00:45<18:16, 14672714.48B/s]
GAP-urand:   4%|▍         | 678150144/16766984746 [00:45<17:33, 15274698.94B/s]
GAP-urand:   4%|▍         | 679821312/16766984746 [00:45<17:07, 15660616.55B/s]
GAP-urand:   4%|▍         | 681410560/16766984746 [00:45<18:13, 14713113.03B/s]
GAP-urand:   4%|▍         | 683065344/16766984746 [00:45<17:36, 15219784.82B/s]
GAP-urand:   4%|▍         | 684605440/16766984746 [00:45<18:28, 14513979.11B/s]
GAP-urand:   4%|▍         | 686292992/16766984746 [00:45<17:42, 15134426.96B/s]
GAP-urand:   4%|▍         | 687947776/16766984746 [00:45<17:16, 15507269.80B/s]
GAP-urand:   4%|▍         | 689520640/16766984746 [00:45<18:21, 14592426.00B/s]
GAP-urand:   4%|▍         | 691175424/16766984746 [00:46<17:44, 15103251.11B/s]
GAP-urand:   4%|▍         | 692715520/16766984746 [00:46<18:34, 14423278.50B/s]
GAP-urand:   4%|▍         | 694403072/16766984746 [00:46<17:45, 15088421.00B/s]
GAP-urand:   4%|▍         | 696008704/16766984746 [00:46<17:26, 15356358.44B/s]
GAP-urand:   4%|▍         | 697565184/16766984746 [00:46<18:33, 14433687.62B/s]
GAP-urand:   4%|▍         | 699187200/16766984746 [00:46<17:57, 14906245.99B/s]
GAP-urand:   4%|▍         | 700694528/16766984746 [00:46<18:49, 14228494.52B/s]
GAP-urand:   4%|▍         | 702414848/16766984746 [00:46<17:47, 15043680.59B/s]
GAP-urand:   4%|▍         | 704118784/16766984746 [00:46<17:09, 15602872.41B/s]
GAP-urand:   4%|▍         | 705708032/16766984746 [00:47<18:22, 14571386.15B/s]
GAP-urand:   4%|▍         | 707379200/16766984746 [00:47<17:39, 15161564.80B/s]
GAP-urand:   4%|▍         | 708919296/16766984746 [00:47<18:35, 14397419.68B/s]
GAP-urand:   4%|▍         | 710623232/16766984746 [00:47<17:42, 15110216.61B/s]
GAP-urand:   4%|▍         | 712327168/16766984746 [00:47<17:07, 15623815.97B/s]
GAP-urand:   4%|▍         | 713916416/16766984746 [00:47<18:05, 14782566.65B/s]
GAP-urand:   4%|▍         | 715636736/16766984746 [00:47<17:20, 15425528.14B/s]
GAP-urand:   4%|▍         | 717209600/16766984746 [00:47<18:16, 14640790.23B/s]
GAP-urand:   4%|▍         | 718897152/16766984746 [00:47<17:31, 15255424.30B/s]
GAP-urand:   4%|▍         | 720535552/16766984746 [00:48<17:12, 15538757.67B/s]
GAP-urand:   4%|▍         | 722108416/16766984746 [00:48<18:13, 14673562.67B/s]
GAP-urand:   4%|▍         | 723795968/16766984746 [00:48<17:30, 15273126.99B/s]
GAP-urand:   4%|▍         | 725352448/16766984746 [00:48<18:21, 14565385.45B/s]
GAP-urand:   4%|▍         | 727072768/16766984746 [00:48<17:28, 15292841.81B/s]
GAP-urand:   4%|▍         | 728727552/16766984746 [00:48<17:05, 15642642.81B/s]
GAP-urand:   4%|▍         | 730316800/16766984746 [00:48<18:36, 14368506.39B/s]
GAP-urand:   4%|▍         | 731906048/16766984746 [00:48<18:07, 14739328.55B/s]
GAP-urand:   4%|▍         | 733413376/16766984746 [00:48<19:01, 14044468.42B/s]
GAP-urand:   4%|▍         | 735002624/16766984746 [00:49<18:21, 14548607.69B/s]
GAP-urand:   4%|▍         | 736624640/16766984746 [00:49<17:47, 15016709.21B/s]
GAP-urand:   4%|▍         | 738148352/16766984746 [00:49<18:50, 14176843.38B/s]
GAP-urand:   4%|▍         | 739770368/16766984746 [00:49<18:07, 14738646.32B/s]
GAP-urand:   4%|▍         | 741277696/16766984746 [00:49<19:18, 13835809.82B/s]
GAP-urand:   4%|▍         | 742834176/16766984746 [00:49<18:40, 14297156.66B/s]
GAP-urand:   4%|▍         | 744439808/16766984746 [00:49<18:06, 14748377.74B/s]
GAP-urand:   4%|▍         | 745930752/16766984746 [00:49<19:09, 13934351.14B/s]
GAP-urand:   4%|▍         | 747618304/16766984746 [00:49<18:08, 14720387.79B/s]
GAP-urand:   4%|▍         | 749256704/16766984746 [00:50<18:52, 14141269.59B/s]
GAP-urand:   4%|▍         | 750927872/16766984746 [00:50<17:59, 14835983.04B/s]
GAP-urand:   4%|▍         | 752599040/16766984746 [00:50<17:24, 15327761.61B/s]
GAP-urand:   4%|▍         | 754155520/16766984746 [00:50<18:49, 14179444.35B/s]
GAP-urand:   5%|▍         | 755761152/16766984746 [00:50<18:10, 14681078.66B/s]
GAP-urand:   5%|▍         | 757366784/16766984746 [00:50<19:00, 14036159.37B/s]
GAP-urand:   5%|▍         | 758988800/16766984746 [00:50<18:16, 14599823.04B/s]
GAP-urand:   5%|▍         | 760610816/16766984746 [00:50<17:44, 15039028.33B/s]
GAP-urand:   5%|▍         | 762134528/16766984746 [00:50<18:51, 14147154.34B/s]
GAP-urand:   5%|▍         | 763805696/16766984746 [00:51<17:59, 14819045.27B/s]
GAP-urand:   5%|▍         | 765345792/16766984746 [00:51<19:01, 14013607.68B/s]
GAP-urand:   5%|▍         | 766918656/16766984746 [00:51<18:25, 14477490.81B/s]
GAP-urand:   5%|▍         | 768524288/16766984746 [00:51<17:55, 14875307.42B/s]
GAP-urand:   5%|▍         | 770031616/16766984746 [00:51<18:55, 14084898.90B/s]
GAP-urand:   5%|▍         | 771719168/16766984746 [00:51<17:59, 14820683.64B/s]
GAP-urand:   5%|▍         | 773390336/16766984746 [00:51<17:22, 15336909.77B/s]
GAP-urand:   5%|▍         | 774946816/16766984746 [00:51<18:20, 14525296.35B/s]
GAP-urand:   5%|▍         | 776634368/16766984746 [00:51<17:35, 15144202.98B/s]
GAP-urand:   5%|▍         | 778174464/16766984746 [00:52<19:06, 13948893.85B/s]
GAP-urand:   5%|▍         | 779665408/16766984746 [00:52<18:48, 14168034.98B/s]
GAP-urand:   5%|▍         | 781139968/16766984746 [00:52<18:37, 14309487.36B/s]
GAP-urand:   5%|▍         | 782598144/16766984746 [00:52<19:36, 13588825.52B/s]
GAP-urand:   5%|▍         | 784220160/16766984746 [00:52<18:36, 14313123.59B/s]
GAP-urand:   5%|▍         | 785678336/16766984746 [00:52<19:32, 13627310.48B/s]
GAP-urand:   5%|▍         | 787283968/16766984746 [00:52<18:40, 14267154.13B/s]
GAP-urand:   5%|▍         | 788856832/16766984746 [00:52<18:11, 14637365.54B/s]
GAP-urand:   5%|▍         | 790347776/16766984746 [00:52<19:39, 13544752.46B/s]
GAP-urand:   5%|▍         | 791855104/16766984746 [00:52<19:04, 13958281.62B/s]
GAP-urand:   5%|▍         | 793280512/16766984746 [00:53<18:57, 14039960.31B/s]
GAP-urand:   5%|▍         | 794705920/16766984746 [00:53<19:56, 13353344.88B/s]
GAP-urand:   5%|▍         | 796295168/16766984746 [00:53<18:58, 14029151.33B/s]
GAP-urand:   5%|▍         | 797720576/16766984746 [00:53<19:42, 13502414.30B/s]
GAP-urand:   5%|▍         | 799375360/16766984746 [00:53<18:32, 14346623.09B/s]
GAP-urand:   5%|▍         | 800997376/16766984746 [00:53<17:55, 14846626.32B/s]
GAP-urand:   5%|▍         | 802504704/16766984746 [00:53<19:13, 13837638.13B/s]
GAP-urand:   5%|▍         | 804110336/16766984746 [00:53<18:26, 14429917.03B/s]
GAP-urand:   5%|▍         | 805748736/16766984746 [00:53<17:46, 14972538.90B/s]
GAP-urand:   5%|▍         | 807272448/16766984746 [00:54<18:49, 14128804.00B/s]
GAP-urand:   5%|▍         | 808894464/16766984746 [00:54<18:05, 14699319.13B/s]
GAP-urand:   5%|▍         | 810385408/16766984746 [00:54<19:04, 13943534.87B/s]
GAP-urand:   5%|▍         | 812007424/16766984746 [00:54<18:14, 14573151.64B/s]
GAP-urand:   5%|▍         | 813629440/16766984746 [00:54<17:43, 15002307.15B/s]
GAP-urand:   5%|▍         | 815153152/16766984746 [00:54<18:44, 14182318.06B/s]
GAP-urand:   5%|▍         | 816775168/16766984746 [00:54<18:02, 14734359.55B/s]
GAP-urand:   5%|▍         | 818266112/16766984746 [00:54<19:00, 13981772.28B/s]
GAP-urand:   5%|▍         | 819904512/16766984746 [00:54<18:10, 14618447.87B/s]
GAP-urand:   5%|▍         | 821510144/16766984746 [00:55<17:42, 15005565.88B/s]
GAP-urand:   5%|▍         | 823033856/16766984746 [00:55<18:43, 14190989.70B/s]
GAP-urand:   5%|▍         | 824655872/16766984746 [00:55<18:01, 14739788.44B/s]
GAP-urand:   5%|▍         | 826146816/16766984746 [00:55<18:59, 13983191.56B/s]
GAP-urand:   5%|▍         | 827785216/16766984746 [00:55<18:09, 14623431.61B/s]
GAP-urand:   5%|▍         | 829407232/16766984746 [00:55<17:38, 15058314.48B/s]
GAP-urand:   5%|▍         | 830930944/16766984746 [00:55<18:41, 14211714.41B/s]
GAP-urand:   5%|▍         | 832552960/16766984746 [00:55<18:00, 14744486.20B/s]
GAP-urand:   5%|▍         | 834174976/16766984746 [00:55<17:30, 15160687.18B/s]
GAP-urand:   5%|▍         | 835715072/16766984746 [00:56<18:39, 14234748.29B/s]
GAP-urand:   5%|▍         | 837320704/16766984746 [00:56<18:02, 14713869.40B/s]
GAP-urand:   5%|▌         | 838811648/16766984746 [00:56<19:00, 13972030.63B/s]
GAP-urand:   5%|▌         | 840433664/16766984746 [00:56<18:13, 14570440.94B/s]
GAP-urand:   5%|▌         | 842072064/16766984746 [00:56<17:38, 15045502.36B/s]
GAP-urand:   5%|▌         | 843595776/16766984746 [00:56<18:41, 14199576.24B/s]
GAP-urand:   5%|▌         | 845217792/16766984746 [00:56<17:59, 14750507.31B/s]
GAP-urand:   5%|▌         | 846725120/16766984746 [00:56<19:00, 13959367.56B/s]

asv: benchmark timed out (timeout 60s)

·· ========================================= ========
                    dataset                          
   ----------------------------------------- --------
         bfs_inputs.snap-email-Eu-core         n/a   
       bfs_inputs.snap-facebook_combined       n/a   
            bfs_inputs.snap-ca-GrQc            n/a   
         bfs_inputs.snap-p2p-Gnutella04        n/a   
         bfs_test_inputs.test_bfs_basic        n/a   
      bfs_test_inputs.test_bfs_single_node     n/a   
     bfs_test_inputs.test_bfs_disconnected     n/a   
      bfs_test_inputs.test_bfs_undirected      n/a   
         bfs_test_inputs.test_bfs_cycle        n/a   
       bfs_test_inputs.test_bfs_snap_toy       n/a   
      bfs_gap_inputs.GAP/GAP-road_4795720      n/a   
      bfs_gap_inputs.GAP/GAP-road_21003853     n/a   
       bfs_gap_inputs.GAP/GAP-road_417968      n/a   
      bfs_gap_inputs.GAP/GAP-road_6496511      n/a   
      bfs_gap_inputs.GAP/GAP-road_6648699      n/a   
      bfs_gap_inputs.GAP/GAP-road_9811073      n/a   
      bfs_gap_inputs.GAP/GAP-road_22247478     n/a   
      bfs_gap_inputs.GAP/GAP-road_5720252      n/a   
      bfs_gap_inputs.GAP/GAP-road_12366459     n/a   
      bfs_gap_inputs.GAP/GAP-road_20413729     n/a   
      bfs_gap_inputs.GAP/GAP-road_4217374      n/a   
      bfs_gap_inputs.GAP/GAP-road_2674749      n/a   
      bfs_gap_inputs.GAP/GAP-road_22085557     n/a   
      bfs_gap_inputs.GAP/GAP-road_19445040     n/a   
      bfs_gap_inputs.GAP/GAP-road_2360788      n/a   
      bfs_gap_inputs.GAP/GAP-road_19115968     n/a   
      bfs_gap_inputs.GAP/GAP-road_7758767      n/a   
      bfs_gap_inputs.GAP/GAP-road_13468234     n/a   
       bfs_gap_inputs.GAP/GAP-road_30367       n/a   
      bfs_gap_inputs.GAP/GAP-road_18599547     n/a   
      bfs_gap_inputs.GAP/GAP-road_7526108      n/a   
      bfs_gap_inputs.GAP/GAP-road_16836280     n/a   
      bfs_gap_inputs.GAP/GAP-road_12742067     n/a   
      bfs_gap_inputs.GAP/GAP-road_7697995      n/a   
      bfs_gap_inputs.GAP/GAP-road_5876443      n/a   
      bfs_gap_inputs.GAP/GAP-road_9616340      n/a   
      bfs_gap_inputs.GAP/GAP-road_2497673      n/a   
      bfs_gap_inputs.GAP/GAP-road_10052290     n/a   
      bfs_gap_inputs.GAP/GAP-road_12493057     n/a   
      bfs_gap_inputs.GAP/GAP-road_1670855      n/a   
      bfs_gap_inputs.GAP/GAP-road_2760679      n/a   
      bfs_gap_inputs.GAP/GAP-road_2460941      n/a   
      bfs_gap_inputs.GAP/GAP-road_8489650      n/a   
      bfs_gap_inputs.GAP/GAP-road_5005225      n/a   
      bfs_gap_inputs.GAP/GAP-road_8744645      n/a   
      bfs_gap_inputs.GAP/GAP-road_8512023      n/a   
      bfs_gap_inputs.GAP/GAP-road_21912165     n/a   
      bfs_gap_inputs.GAP/GAP-road_1105390      n/a   
      bfs_gap_inputs.GAP/GAP-road_15432163     n/a   
      bfs_gap_inputs.GAP/GAP-road_1600177      n/a   
      bfs_gap_inputs.GAP/GAP-road_19079469     n/a   
      bfs_gap_inputs.GAP/GAP-road_16516637    failed 
      bfs_gap_inputs.GAP/GAP-road_20202566     n/a   
      bfs_gap_inputs.GAP/GAP-road_21372803     n/a   
      bfs_gap_inputs.GAP/GAP-road_2898009      n/a   
      bfs_gap_inputs.GAP/GAP-road_8491277      n/a   
      bfs_gap_inputs.GAP/GAP-road_18798317     n/a   
      bfs_gap_inputs.GAP/GAP-road_23757560     n/a   
      bfs_gap_inputs.GAP/GAP-road_17161819     n/a   
      bfs_gap_inputs.GAP/GAP-road_23180739     n/a   
      bfs_gap_inputs.GAP/GAP-road_10997085     n/a   
      bfs_gap_inputs.GAP/GAP-road_3730630      n/a   
      bfs_gap_inputs.GAP/GAP-road_1079068      n/a   
      bfs_gap_inputs.GAP/GAP-road_15426822     n/a   
      bfs_gap_inputs.GAP/GAP-road_12190925     n/a   
      bfs_gap_inputs.GAP/GAP-road_1155218      n/a   
      bfs_gap_inputs.GAP/GAP-road_10693488     n/a   
      bfs_gap_inputs.GAP/GAP-road_14434835     n/a   
      bfs_gap_inputs.GAP/GAP-road_19963339     n/a   
      bfs_gap_inputs.GAP/GAP-road_3486185      n/a   
      bfs_gap_inputs.GAP/GAP-road_18383269     n/a   
      bfs_gap_inputs.GAP/GAP-road_20269908     n/a   
      bfs_gap_inputs.GAP/GAP-road_12370764     n/a   
      bfs_gap_inputs.GAP/GAP-road_7843140      n/a   
    bfs_gap_inputs.GAP/GAP-twitter_12441072    n/a   
    bfs_gap_inputs.GAP/GAP-twitter_54488257    n/a   
    bfs_gap_inputs.GAP/GAP-twitter_25451915    n/a   
    bfs_gap_inputs.GAP/GAP-twitter_57714473    n/a   
    bfs_gap_inputs.GAP/GAP-twitter_14839494    n/a   
    bfs_gap_inputs.GAP/GAP-twitter_32081104    n/a   
    bfs_gap_inputs.GAP/GAP-twitter_52957357    n/a   
    bfs_gap_inputs.GAP/GAP-twitter_50444380    n/a   
    bfs_gap_inputs.GAP/GAP-twitter_49590701    n/a   
    bfs_gap_inputs.GAP/GAP-twitter_20127816    n/a   
    bfs_gap_inputs.GAP/GAP-twitter_34939333    n/a   
    bfs_gap_inputs.GAP/GAP-twitter_48251001    n/a   
    bfs_gap_inputs.GAP/GAP-twitter_19524253    n/a   
    bfs_gap_inputs.GAP/GAP-twitter_43676726    n/a   
    bfs_gap_inputs.GAP/GAP-twitter_33055508    n/a   
    bfs_gap_inputs.GAP/GAP-twitter_15244687    n/a   
    bfs_gap_inputs.GAP/GAP-twitter_24946738    n/a   
     bfs_gap_inputs.GAP/GAP-twitter_6479472    n/a   
    bfs_gap_inputs.GAP/GAP-twitter_26077682    n/a   
    bfs_gap_inputs.GAP/GAP-twitter_22023875    n/a   
    bfs_gap_inputs.GAP/GAP-twitter_22081915    n/a   
    bfs_gap_inputs.GAP/GAP-twitter_40034162    n/a   
    bfs_gap_inputs.GAP/GAP-twitter_49496014    n/a   
    bfs_gap_inputs.GAP/GAP-twitter_42847507    n/a   
    bfs_gap_inputs.GAP/GAP-twitter_52409557    n/a   
    bfs_gap_inputs.GAP/GAP-twitter_55445388    n/a   
    bfs_gap_inputs.GAP/GAP-twitter_22028097    n/a   
    bfs_gap_inputs.GAP/GAP-twitter_48766648    n/a   
    bfs_gap_inputs.GAP/GAP-twitter_44521241    n/a   
    bfs_gap_inputs.GAP/GAP-twitter_60135542    n/a   
    bfs_gap_inputs.GAP/GAP-twitter_28528671    n/a   
     bfs_gap_inputs.GAP/GAP-twitter_9678012    n/a   
    bfs_gap_inputs.GAP/GAP-twitter_40020306    n/a   
    bfs_gap_inputs.GAP/GAP-twitter_31625735    n/a   
    bfs_gap_inputs.GAP/GAP-twitter_37446892    n/a   
    bfs_gap_inputs.GAP/GAP-twitter_51788952    n/a   
    bfs_gap_inputs.GAP/GAP-twitter_52584255    n/a   
    bfs_gap_inputs.GAP/GAP-twitter_20346696    n/a   
    bfs_gap_inputs.GAP/GAP-twitter_48387909    n/a   
    bfs_gap_inputs.GAP/GAP-twitter_37337427    n/a   
    bfs_gap_inputs.GAP/GAP-twitter_50501084    n/a   
    bfs_gap_inputs.GAP/GAP-twitter_30130061   failed 
    bfs_gap_inputs.GAP/GAP-twitter_41185893    n/a   
    bfs_gap_inputs.GAP/GAP-twitter_56495703    n/a   
    bfs_gap_inputs.GAP/GAP-twitter_45663305    n/a   
    bfs_gap_inputs.GAP/GAP-twitter_33359460    n/a   
    bfs_gap_inputs.GAP/GAP-twitter_48143058    n/a   
    bfs_gap_inputs.GAP/GAP-twitter_33291513    n/a   
    bfs_gap_inputs.GAP/GAP-twitter_53461445    n/a   
    bfs_gap_inputs.GAP/GAP-twitter_29340610    n/a   
    bfs_gap_inputs.GAP/GAP-twitter_34148498    n/a   
    bfs_gap_inputs.GAP/GAP-twitter_49171806    n/a   
    bfs_gap_inputs.GAP/GAP-twitter_35550696    n/a   
    bfs_gap_inputs.GAP/GAP-twitter_14521507    n/a   
    bfs_gap_inputs.GAP/GAP-twitter_51633218    n/a   
    bfs_gap_inputs.GAP/GAP-twitter_46823382    n/a   
    bfs_gap_inputs.GAP/GAP-twitter_19396273    n/a   
    bfs_gap_inputs.GAP/GAP-twitter_19871750    n/a   
    bfs_gap_inputs.GAP/GAP-twitter_36862677    n/a   
    bfs_gap_inputs.GAP/GAP-twitter_49539126    n/a   
    bfs_gap_inputs.GAP/GAP-twitter_34016452    n/a   
    bfs_gap_inputs.GAP/GAP-twitter_36567395    n/a   
    bfs_gap_inputs.GAP/GAP-twitter_55487793    n/a   
    bfs_gap_inputs.GAP/GAP-twitter_14391370    n/a   
      bfs_gap_inputs.GAP/GAP-web_10219452      n/a   
      bfs_gap_inputs.GAP/GAP-web_44758211      n/a   
       bfs_gap_inputs.GAP/GAP-web_890671       n/a   
      bfs_gap_inputs.GAP/GAP-web_13843756      n/a   
      bfs_gap_inputs.GAP/GAP-web_14168062      n/a   
      bfs_gap_inputs.GAP/GAP-web_20906930      n/a   
      bfs_gap_inputs.GAP/GAP-web_12189584      n/a   
      bfs_gap_inputs.GAP/GAP-web_26352335      n/a   
      bfs_gap_inputs.GAP/GAP-web_43500686      n/a   
       bfs_gap_inputs.GAP/GAP-web_8987024      n/a   
       bfs_gap_inputs.GAP/GAP-web_5699762      n/a   
      bfs_gap_inputs.GAP/GAP-web_41436455      n/a   
       bfs_gap_inputs.GAP/GAP-web_5030727      n/a   
      bfs_gap_inputs.GAP/GAP-web_40735218      n/a   
      bfs_gap_inputs.GAP/GAP-web_16533563      n/a   
      bfs_gap_inputs.GAP/GAP-web_28700166      n/a   
        bfs_gap_inputs.GAP/GAP-web_64711       n/a   
      bfs_gap_inputs.GAP/GAP-web_39634750      n/a   
      bfs_gap_inputs.GAP/GAP-web_16037779      n/a   
      bfs_gap_inputs.GAP/GAP-web_27152739      n/a   
      bfs_gap_inputs.GAP/GAP-web_16404061      n/a   
      bfs_gap_inputs.GAP/GAP-web_20491963      n/a   
       bfs_gap_inputs.GAP/GAP-web_5322423      n/a   
      bfs_gap_inputs.GAP/GAP-web_21420953      n/a   
      bfs_gap_inputs.GAP/GAP-web_26622109      n/a   
       bfs_gap_inputs.GAP/GAP-web_5882875      n/a   
      bfs_gap_inputs.GAP/GAP-web_18091040      n/a   
      bfs_gap_inputs.GAP/GAP-web_10665896      n/a   
      bfs_gap_inputs.GAP/GAP-web_18634422      n/a   
      bfs_gap_inputs.GAP/GAP-web_18138715      n/a   
       bfs_gap_inputs.GAP/GAP-web_2355535      n/a   
      bfs_gap_inputs.GAP/GAP-web_32885205      n/a   
      bfs_gap_inputs.GAP/GAP-web_40657440      n/a   
      bfs_gap_inputs.GAP/GAP-web_35196167      n/a   
      bfs_gap_inputs.GAP/GAP-web_45544426      n/a   
       bfs_gap_inputs.GAP/GAP-web_6175519      n/a   
      bfs_gap_inputs.GAP/GAP-web_40058318      n/a   
      bfs_gap_inputs.GAP/GAP-web_50626230      n/a   
      bfs_gap_inputs.GAP/GAP-web_36571019      n/a   
      bfs_gap_inputs.GAP/GAP-web_49397052      n/a   
      bfs_gap_inputs.GAP/GAP-web_23434265      n/a   
       bfs_gap_inputs.GAP/GAP-web_2299444     failed 
      bfs_gap_inputs.GAP/GAP-web_32873823      n/a   
      bfs_gap_inputs.GAP/GAP-web_25978282      n/a   
       bfs_gap_inputs.GAP/GAP-web_2461715      n/a   
      bfs_gap_inputs.GAP/GAP-web_22787314      n/a   
      bfs_gap_inputs.GAP/GAP-web_30759947      n/a   
       bfs_gap_inputs.GAP/GAP-web_7428894      n/a   
      bfs_gap_inputs.GAP/GAP-web_39173870      n/a   
      bfs_gap_inputs.GAP/GAP-web_43194209      n/a   
      bfs_gap_inputs.GAP/GAP-web_26361509      n/a   
      bfs_gap_inputs.GAP/GAP-web_39747211      n/a   
      bfs_gap_inputs.GAP/GAP-web_30670029      n/a   
      bfs_gap_inputs.GAP/GAP-web_41483033      n/a   
       bfs_gap_inputs.GAP/GAP-web_9358666      n/a   
       bfs_gap_inputs.GAP/GAP-web_9945008      n/a   
       bfs_gap_inputs.GAP/GAP-web_3355244      n/a   
      bfs_gap_inputs.GAP/GAP-web_33831269      n/a   
      bfs_gap_inputs.GAP/GAP-web_45124744      n/a   
      bfs_gap_inputs.GAP/GAP-web_16137877      n/a   
      bfs_gap_inputs.GAP/GAP-web_11235448      n/a   
      bfs_gap_inputs.GAP/GAP-web_37509144      n/a   
      bfs_gap_inputs.GAP/GAP-web_27402414      n/a   
      bfs_gap_inputs.GAP/GAP-web_39546083      n/a   
      bfs_gap_inputs.GAP/GAP-kron_2338012      n/a   
      bfs_gap_inputs.GAP/GAP-kron_31997659     n/a   
      bfs_gap_inputs.GAP/GAP-kron_23590940     n/a   
      bfs_gap_inputs.GAP/GAP-kron_43400604     n/a   
      bfs_gap_inputs.GAP/GAP-kron_75337937     n/a   
       bfs_gap_inputs.GAP/GAP-kron_169867      n/a   
     bfs_gap_inputs.GAP/GAP-kron_104041220     n/a   
      bfs_gap_inputs.GAP/GAP-kron_94177942     n/a   
      bfs_gap_inputs.GAP/GAP-kron_32871357     n/a   
      bfs_gap_inputs.GAP/GAP-kron_56230002     n/a   
      bfs_gap_inputs.GAP/GAP-kron_69883037     n/a   
      bfs_gap_inputs.GAP/GAP-kron_9346345      n/a   
      bfs_gap_inputs.GAP/GAP-kron_48915358     n/a   
     bfs_gap_inputs.GAP/GAP-kron_122571173     n/a   
      bfs_gap_inputs.GAP/GAP-kron_6183279      n/a   
      bfs_gap_inputs.GAP/GAP-kron_86323663     n/a   
     bfs_gap_inputs.GAP/GAP-kron_106725780     n/a   
      bfs_gap_inputs.GAP/GAP-kron_92389938     n/a   
      bfs_gap_inputs.GAP/GAP-kron_16210738     n/a   
      bfs_gap_inputs.GAP/GAP-kron_59816700     n/a   
     bfs_gap_inputs.GAP/GAP-kron_111669929     n/a   
     bfs_gap_inputs.GAP/GAP-kron_102831411     n/a   
     bfs_gap_inputs.GAP/GAP-kron_113384800     n/a   
      bfs_gap_inputs.GAP/GAP-kron_43872564     n/a   
      bfs_gap_inputs.GAP/GAP-kron_80508827     n/a   
      bfs_gap_inputs.GAP/GAP-kron_26105648     n/a   
      bfs_gap_inputs.GAP/GAP-kron_8807516      n/a   
     bfs_gap_inputs.GAP/GAP-kron_118452455     n/a   
     bfs_gap_inputs.GAP/GAP-kron_121818859     n/a   
      bfs_gap_inputs.GAP/GAP-kron_42361928     n/a   
      bfs_gap_inputs.GAP/GAP-kron_29493053     n/a   
      bfs_gap_inputs.GAP/GAP-kron_98461503     n/a   
      bfs_gap_inputs.GAP/GAP-kron_71931337     n/a   
     bfs_gap_inputs.GAP/GAP-kron_103808468     n/a   
      bfs_gap_inputs.GAP/GAP-kron_4092345      n/a   
     bfs_gap_inputs.GAP/GAP-kron_115276241     n/a   
      bfs_gap_inputs.GAP/GAP-kron_4649343      n/a   
      bfs_gap_inputs.GAP/GAP-kron_76656189     n/a   
      bfs_gap_inputs.GAP/GAP-kron_31312001     n/a   
     bfs_gap_inputs.GAP/GAP-kron_111334127     n/a   
     bfs_gap_inputs.GAP/GAP-kron_100962918     n/a   
      bfs_gap_inputs.GAP/GAP-kron_41823215    failed 
      bfs_gap_inputs.GAP/GAP-kron_22631240     n/a   
      bfs_gap_inputs.GAP/GAP-kron_42848461     n/a   
      bfs_gap_inputs.GAP/GAP-kron_79485148     n/a   
     bfs_gap_inputs.GAP/GAP-kron_106818742     n/a   
      bfs_gap_inputs.GAP/GAP-kron_73347974     n/a   
      bfs_gap_inputs.GAP/GAP-kron_78848445     n/a   
     bfs_gap_inputs.GAP/GAP-kron_109920510     n/a   
     bfs_gap_inputs.GAP/GAP-kron_121492133     n/a   
     bfs_gap_inputs.GAP/GAP-kron_101037296     n/a   
      bfs_gap_inputs.GAP/GAP-kron_15438600     n/a   
      bfs_gap_inputs.GAP/GAP-kron_4584784      n/a   
     bfs_gap_inputs.GAP/GAP-kron_124503845     n/a   
      bfs_gap_inputs.GAP/GAP-kron_87241743     n/a   
     bfs_gap_inputs.GAP/GAP-kron_108297008     n/a   
      bfs_gap_inputs.GAP/GAP-kron_33955082     n/a   
      bfs_gap_inputs.GAP/GAP-kron_79934823     n/a   
      bfs_gap_inputs.GAP/GAP-kron_8608481      n/a   
      bfs_gap_inputs.GAP/GAP-kron_82435063     n/a   
      bfs_gap_inputs.GAP/GAP-kron_46579271     n/a   
       bfs_gap_inputs.GAP/GAP-kron_515421      n/a   
     bfs_gap_inputs.GAP/GAP-kron_121530467     n/a   
     bfs_gap_inputs.GAP/GAP-kron_127978736     n/a   
     bfs_gap_inputs.GAP/GAP-urand_27691419     n/a   
     bfs_gap_inputs.GAP/GAP-urand_121280314    n/a   
      bfs_gap_inputs.GAP/GAP-urand_2413431     n/a   
     bfs_gap_inputs.GAP/GAP-urand_37512113     n/a   
     bfs_gap_inputs.GAP/GAP-urand_38390877     n/a   
     bfs_gap_inputs.GAP/GAP-urand_56651037     n/a   
     bfs_gap_inputs.GAP/GAP-urand_128461248    n/a   
     bfs_gap_inputs.GAP/GAP-urand_33029842     n/a   
     bfs_gap_inputs.GAP/GAP-urand_71406328     n/a   
     bfs_gap_inputs.GAP/GAP-urand_117872827    n/a   
     bfs_gap_inputs.GAP/GAP-urand_24351938     n/a   
     bfs_gap_inputs.GAP/GAP-urand_15444519     n/a   
     bfs_gap_inputs.GAP/GAP-urand_127526281    n/a   
     bfs_gap_inputs.GAP/GAP-urand_112279428    n/a   
     bfs_gap_inputs.GAP/GAP-urand_13631649     n/a   
     bfs_gap_inputs.GAP/GAP-urand_110379302    n/a   
     bfs_gap_inputs.GAP/GAP-urand_44800623     n/a   
     bfs_gap_inputs.GAP/GAP-urand_77768193     n/a   
      bfs_gap_inputs.GAP/GAP-urand_175347      n/a   
     bfs_gap_inputs.GAP/GAP-urand_107397389    n/a   
     bfs_gap_inputs.GAP/GAP-urand_43457209     n/a   
     bfs_gap_inputs.GAP/GAP-urand_97215940     n/a   
     bfs_gap_inputs.GAP/GAP-urand_73575165     n/a   
     bfs_gap_inputs.GAP/GAP-urand_44449715     n/a   
     bfs_gap_inputs.GAP/GAP-urand_33931724     n/a   
     bfs_gap_inputs.GAP/GAP-urand_55526610     n/a   
     bfs_gap_inputs.GAP/GAP-urand_14422051     n/a   
     bfs_gap_inputs.GAP/GAP-urand_58043873     n/a   
     bfs_gap_inputs.GAP/GAP-urand_72137329     n/a   
      bfs_gap_inputs.GAP/GAP-urand_9647840     n/a   
     bfs_gap_inputs.GAP/GAP-urand_15940695     n/a   
     bfs_gap_inputs.GAP/GAP-urand_14209952     n/a   
     bfs_gap_inputs.GAP/GAP-urand_49020883     n/a   
     bfs_gap_inputs.GAP/GAP-urand_28901138     n/a   
     bfs_gap_inputs.GAP/GAP-urand_50493273     n/a   
     bfs_gap_inputs.GAP/GAP-urand_49150069     n/a   
     bfs_gap_inputs.GAP/GAP-urand_126525082    n/a   
      bfs_gap_inputs.GAP/GAP-urand_6382740     n/a   
     bfs_gap_inputs.GAP/GAP-urand_89108297     n/a   
      bfs_gap_inputs.GAP/GAP-urand_9239735     n/a   
     bfs_gap_inputs.GAP/GAP-urand_110168548    n/a   
     bfs_gap_inputs.GAP/GAP-urand_95370259    failed 
     bfs_gap_inputs.GAP/GAP-urand_116653530    n/a   
     bfs_gap_inputs.GAP/GAP-urand_123410703    n/a   
     bfs_gap_inputs.GAP/GAP-urand_16733665     n/a   
     bfs_gap_inputs.GAP/GAP-urand_49030282     n/a   
     bfs_gap_inputs.GAP/GAP-urand_108545121    n/a   
     bfs_gap_inputs.GAP/GAP-urand_99095665     n/a   
     bfs_gap_inputs.GAP/GAP-urand_133850077    n/a   
     bfs_gap_inputs.GAP/GAP-urand_63499301     n/a   
     bfs_gap_inputs.GAP/GAP-urand_21541382     n/a   
      bfs_gap_inputs.GAP/GAP-urand_6230751     n/a   
     bfs_gap_inputs.GAP/GAP-urand_89077456     n/a   
     bfs_gap_inputs.GAP/GAP-urand_70392765     n/a   
      bfs_gap_inputs.GAP/GAP-urand_6670455     n/a   
     bfs_gap_inputs.GAP/GAP-urand_61746271     n/a   
     bfs_gap_inputs.GAP/GAP-urand_83349535     n/a   
     bfs_gap_inputs.GAP/GAP-urand_115272184    n/a   
     bfs_gap_inputs.GAP/GAP-urand_20129908     n/a   
     bfs_gap_inputs.GAP/GAP-urand_106148553    n/a   
     bfs_gap_inputs.GAP/GAP-urand_117042375    n/a   
     bfs_gap_inputs.GAP/GAP-urand_71431187     n/a   
     bfs_gap_inputs.GAP/GAP-urand_45287808     n/a   
     bfs_gap_inputs.GAP/GAP-urand_107702120    n/a   
   ========================================= ========
   For parameters: bfs_gap_inputs.GAP/GAP-road_16516637
   INFO root: Dataset suitesparse_matrix.GAP/GAP-road manifest metadata is stale.
   INFO root: Dataset suitesparse_matrix.GAP/GAP-road regenerated.
   Traceback (most recent call last):
     File "/storage/scratch1/7/wahrens6/SparseArrayProgrammingSuite/competition/run_13072363/task_2/env/chunk-2/c6e6c30cd4da42ee650d557ff6858c92/lib/python3.12/site-packages/asv_runner/server.py", line 179, in _run_server
       _run(run_args)
     File "/storage/scratch1/7/wahrens6/SparseArrayProgrammingSuite/competition/run_13072363/task_2/env/chunk-2/c6e6c30cd4da42ee650d557ff6858c92/lib/python3.12/site-packages/asv_runner/run.py", line 73, in _run
       result = benchmark.do_run()
                ^^^^^^^^^^^^^^^^^^
     File "/storage/scratch1/7/wahrens6/SparseArrayProgrammingSuite/competition/run_13072363/task_2/env/chunk-2/c6e6c30cd4da42ee650d557ff6858c92/lib/python3.12/site-packages/asv_runner/benchmarks/_base.py", line 758, in do_run
       return self.run(*self._build_params())
              ^^^^^^^^^^^^^^^^^^^^^^^^^^^^^^^
     File "/storage/scratch1/7/wahrens6/SparseArrayProgrammingSuite/competition/run_13072363/task_2/env/chunk-2/c6e6c30cd4da42ee650d557ff6858c92/lib/python3.12/site-packages/asv_runner/benchmarks/time.py", line 235, in run
       samples, number = self.benchmark_timing(
                         ^^^^^^^^^^^^^^^^^^^^^^
     File "/storage/scratch1/7/wahrens6/SparseArrayProgrammingSuite/competition/run_13072363/task_2/env/chunk-2/c6e6c30cd4da42ee650d557ff6858c92/lib/python3.12/site-packages/asv_runner/benchmarks/time.py", line 357, in benchmark_timing
       timing = timer.timeit(number)
                ^^^^^^^^^^^^^^^^^^^^
     File "/storage/pace-apps/spack/packages/linux-rhel9-x86_64_v3/gcc-11.3.1/python-3.12.5-5sase6atfv2x5tf7dy5x5sqfzyguhsia/lib/python3.12/timeit.py", line 180, in timeit
       timing = self.inner(it, self.timer)
                ^^^^^^^^^^^^^^^^^^^^^^^^^^
     File "<timeit-src>", line 6, in inner
     File "/storage/scratch1/7/wahrens6/SparseArrayProgrammingSuite/competition/run_13072363/task_2/env/chunk-2/c6e6c30cd4da42ee650d557ff6858c92/lib/python3.12/site-packages/asv_runner/benchmarks/time.py", line 130, in func
       self.func(*param)
     File "/storage/scratch1/7/wahrens6/SparseArrayProgrammingSuite/competition/run_13072363/task_2/env/chunk-2/c6e6c30cd4da42ee650d557ff6858c92/lib/python3.12/site-packages/saps/benchmark.py", line 360, in _time_run
       self.run(param)
     File "/storage/scratch1/7/wahrens6/SparseArrayProgrammingSuite/competition/run_13072363/task_2/env/chunk-2/c6e6c30cd4da42ee650d557ff6858c92/lib/python3.12/site-packages/saps/benchmark.py", line 432, in run
       input = [xp.from_binsparse(d) for d in self._input]
                ^^^^^^^^^^^^^^^^^^^^
     File "/storage/scratch1/7/wahrens6/SparseArrayProgrammingSuite/frameworks/saps_numpy.py", line 33, in from_binsparse
       return np.asarray(to_sparse(array).todense())
                         ^^^^^^^^^^^^^^^^^^^^^^^^^^
     File "/storage/scratch1/7/wahrens6/SparseArrayProgrammingSuite/competition/run_13072363/task_2/env/chunk-2/c6e6c30cd4da42ee650d557ff6858c92/lib/python3.12/site-packages/sparse/numba_backend/_coo/core.py", line 410, in todense
       x = np.full(self.shape, self.fill_value, self.dtype)
           ^^^^^^^^^^^^^^^^^^^^^^^^^^^^^^^^^^^^^^^^^^^^^^^^
     File "/storage/scratch1/7/wahrens6/SparseArrayProgrammingSuite/competition/run_13072363/task_2/env/chunk-2/c6e6c30cd4da42ee650d557ff6858c92/lib/python3.12/site-packages/numpy/_core/numeric.py", line 386, in full
       a = empty(shape, dtype, order, device=device)
           ^^^^^^^^^^^^^^^^^^^^^^^^^^^^^^^^^^^^^^^^^
   numpy._core._exceptions._ArrayMemoryError: Unable to allocate 4.07 PiB for an array with shape (23947347, 23947347) and data type int64
   
   For parameters: bfs_gap_inputs.GAP/GAP-twitter_30130061
   INFO root: Dataset suitesparse_matrix.GAP/GAP-twitter manifest metadata is stale.
   
   GAP-twitter:   0%|          | 0/9469180207 [00:00<?, ?B/s]
   GAP-twitter:   0%|          | 278528/9469180207 [00:00<58:54, 2679121.90B/s]
   GAP-twitter:   0%|          | 1425408/9469180207 [00:00<20:25, 7727703.56B/s]
   GAP-twitter:   0%|          | 2998272/9469180207 [00:00<13:56, 11321562.41B/s]
   GAP-twitter:   0%|          | 4407296/9469180207 [00:00<12:45, 12362378.41B/s]
   GAP-twitter:   0%|          | 5931008/9469180207 [00:00<11:48, 13349070.91B/s]
   GAP-twitter:   0%|          | 7503872/9469180207 [00:00<11:09, 14138897.70B/s]
   GAP-twitter:   0%|          | 9125888/9469180207 [00:00<10:40, 14778353.62B/s]
   GAP-twitter:   0%|          | 10715136/9469180207 [00:00<10:26, 15088985.53B/s]
   GAP-twitter:   0%|          | 12353536/9469180207 [00:00<10:12, 15451597.51B/s]
   GAP-twitter:   0%|          | 14041088/9469180207 [00:01<09:56, 15857582.72B/s]
   GAP-twitter:   0%|          | 15663104/9469180207 [00:01<09:52, 15955286.88B/s]
   GAP-twitter:   0%|          | 17301504/9469180207 [00:01<09:47, 16083415.61B/s]
   GAP-twitter:   0%|          | 18956288/9469180207 [00:01<09:43, 16209257.84B/s]
   GAP-twitter:   0%|          | 20676608/9469180207 [00:01<09:33, 16466547.75B/s]
   GAP-twitter:   0%|          | 22396928/9469180207 [00:01<09:27, 16642904.14B/s]
   GAP-twitter:   0%|          | 24150016/9469180207 [00:01<09:19, 16881955.72B/s]
   GAP-twitter:   0%|          | 25870336/9469180207 [00:01<09:17, 16936822.05B/s]
   GAP-twitter:   0%|          | 27590656/9469180207 [00:01<09:14, 17012456.94B/s]
   GAP-twitter:   0%|          | 29327360/9469180207 [00:01<09:11, 17110093.75B/s]
   GAP-twitter:   0%|          | 31047680/9469180207 [00:02<09:11, 17117935.45B/s]
   GAP-twitter:   0%|          | 32849920/9469180207 [00:02<09:02, 17380077.04B/s]
   GAP-twitter:   0%|          | 34603008/9469180207 [00:02<09:03, 17360035.53B/s]
   GAP-twitter:   0%|          | 36339712/9469180207 [00:02<09:04, 17318160.38B/s]
   GAP-twitter:   0%|          | 38076416/9469180207 [00:02<09:06, 17245043.47B/s]
   GAP-twitter:   0%|          | 39813120/9469180207 [00:02<09:13, 17030330.48B/s]
   GAP-twitter:   0%|          | 41549824/9469180207 [00:02<09:10, 17124039.74B/s]
   GAP-twitter:   0%|          | 43270144/9469180207 [00:02<09:12, 17063983.54B/s]
   GAP-twitter:   0%|          | 45006848/9469180207 [00:02<09:09, 17144888.28B/s]
   GAP-twitter:   0%|          | 46743552/9469180207 [00:02<09:07, 17200629.64B/s]
   GAP-twitter:   1%|          | 48496640/9469180207 [00:03<09:04, 17287372.34B/s]
   GAP-twitter:   1%|          | 50233344/9469180207 [00:03<09:04, 17306790.96B/s]
   GAP-twitter:   1%|          | 51986432/9469180207 [00:03<09:02, 17372537.54B/s]
   GAP-twitter:   1%|          | 53739520/9469180207 [00:03<09:06, 17228891.62B/s]
   GAP-twitter:   1%|          | 55476224/9469180207 [00:03<09:12, 17052371.14B/s]
   GAP-twitter:   1%|          | 57196544/9469180207 [00:03<09:25, 16652810.77B/s]
   GAP-twitter:   1%|          | 58867712/9469180207 [00:03<09:29, 16532225.18B/s]
   GAP-twitter:   1%|          | 60571648/9469180207 [00:03<09:24, 16658933.86B/s]
   GAP-twitter:   1%|          | 62275584/9469180207 [00:03<09:21, 16740300.02B/s]
   GAP-twitter:   1%|          | 63979520/9469180207 [00:03<09:19, 16813744.20B/s]
   GAP-twitter:   1%|          | 65732608/9469180207 [00:04<09:13, 16995327.25B/s]
   GAP-twitter:   1%|          | 67436544/9469180207 [00:04<09:31, 16456057.76B/s]
   GAP-twitter:   1%|          | 69140480/9469180207 [00:04<09:25, 16609927.11B/s]
   GAP-twitter:   1%|          | 70844416/9469180207 [00:04<09:23, 16693269.68B/s]
   GAP-twitter:   1%|          | 72531968/9469180207 [00:04<09:47, 15980797.71B/s]
   GAP-twitter:   1%|          | 74334208/9469180207 [00:04<09:27, 16555779.54B/s]
   GAP-twitter:   1%|          | 76005376/9469180207 [00:04<10:02, 15591034.22B/s]
   GAP-twitter:   1%|          | 77742080/9469180207 [00:04<09:44, 16080727.73B/s]
   GAP-twitter:   1%|          | 79380480/9469180207 [00:04<10:12, 15338594.66B/s]
   GAP-twitter:   1%|          | 81149952/9469180207 [00:05<09:47, 15990316.77B/s]
   GAP-twitter:   1%|          | 82771968/9469180207 [00:05<09:49, 15910856.72B/s]
   GAP-twitter:   1%|          | 84377600/9469180207 [00:05<10:19, 15139491.29B/s]
   GAP-twitter:   1%|          | 86179840/9469180207 [00:05<09:49, 15929332.47B/s]
   GAP-twitter:   1%|          | 87801856/9469180207 [00:05<10:18, 15180218.75B/s]
   GAP-twitter:   1%|          | 89571328/9469180207 [00:05<09:51, 15870740.04B/s]
   GAP-twitter:   1%|          | 91308032/9469180207 [00:05<09:36, 16275538.89B/s]
   GAP-twitter:   1%|          | 92962816/9469180207 [00:05<10:08, 15414606.65B/s]
   GAP-twitter:   1%|          | 94715904/9469180207 [00:05<09:46, 15970199.68B/s]
   GAP-twitter:   1%|          | 96337920/9469180207 [00:06<10:15, 15224171.16B/s]
   GAP-twitter:   1%|          | 97992704/9469180207 [00:06<10:01, 15574765.67B/s]
   GAP-twitter:   1%|          | 99565568/9469180207 [00:06<10:27, 14922581.80B/s]
   GAP-twitter:   1%|          | 101236736/9469180207 [00:06<10:07, 15411007.08B/s]
   GAP-twitter:   1%|          | 103006208/9469180207 [00:06<09:44, 16036557.77B/s]
   GAP-twitter:   1%|          | 104628224/9469180207 [00:06<10:14, 15244129.41B/s]
   GAP-twitter:   1%|          | 106430464/9469180207 [00:06<09:44, 16017005.56B/s]
   GAP-twitter:   1%|          | 108052480/9469180207 [00:06<10:06, 15432562.11B/s]
   GAP-twitter:   1%|          | 109871104/9469180207 [00:06<09:38, 16168756.46B/s]
   GAP-twitter:   1%|          | 111509504/9469180207 [00:06<10:00, 15581436.97B/s]
   GAP-twitter:   1%|          | 113311744/9469180207 [00:07<09:35, 16261179.80B/s]
   GAP-twitter:   1%|          | 115163136/9469180207 [00:07<09:14, 16873243.40B/s]
   GAP-twitter:   1%|          | 116867072/9469180207 [00:07<09:57, 15658042.91B/s]
   GAP-twitter:   1%|▏         | 118603776/9469180207 [00:07<09:40, 16112999.26B/s]
   GAP-twitter:   1%|▏         | 120242176/9469180207 [00:07<09:43, 16011173.75B/s]
   GAP-twitter:   1%|▏         | 121929728/9469180207 [00:07<09:35, 16241248.50B/s]
   GAP-twitter:   1%|▏         | 123617280/9469180207 [00:07<10:05, 15434306.50B/s]
   GAP-twitter:   1%|▏         | 125353984/9469180207 [00:07<09:44, 15973734.40B/s]
   GAP-twitter:   1%|▏         | 127057920/9469180207 [00:07<09:34, 16255878.60B/s]
   GAP-twitter:   1%|▏         | 128696320/9469180207 [00:08<10:03, 15473717.31B/s]
   GAP-twitter:   1%|▏         | 130531328/9469180207 [00:08<09:33, 16274554.85B/s]
   GAP-twitter:   1%|▏         | 132186112/9469180207 [00:08<09:59, 15577394.51B/s]
   GAP-twitter:   1%|▏         | 133922816/9469180207 [00:08<09:41, 16064360.45B/s]
   GAP-twitter:   1%|▏         | 135692288/9469180207 [00:08<09:25, 16498208.21B/s]
   GAP-twitter:   1%|▏         | 137412608/9469180207 [00:08<09:19, 16686443.47B/s]
   GAP-twitter:   1%|▏         | 139231232/9469180207 [00:08<09:05, 17095568.45B/s]
   GAP-twitter:   1%|▏         | 140984320/9469180207 [00:08<09:02, 17180078.67B/s]
   GAP-twitter:   2%|▏         | 142737408/9469180207 [00:08<09:00, 17251363.31B/s]
   GAP-twitter:   2%|▏         | 144474112/9469180207 [00:08<08:59, 17274307.36B/s]
   GAP-twitter:   2%|▏         | 146210816/9469180207 [00:09<09:18, 16687721.60B/s]
   GAP-twitter:   2%|▏         | 147996672/9469180207 [00:09<09:07, 17009483.76B/s]
   GAP-twitter:   2%|▏         | 149716992/9469180207 [00:09<09:42, 16001806.46B/s]
   GAP-twitter:   2%|▏         | 151519232/9469180207 [00:09<09:22, 16556692.09B/s]
   GAP-twitter:   2%|▏         | 153190400/9469180207 [00:09<09:47, 15867871.61B/s]
   GAP-twitter:   2%|▏         | 154828800/9469180207 [00:09<09:42, 15992869.24B/s]
   GAP-twitter:   2%|▏         | 156614656/9469180207 [00:09<09:24, 16503328.92B/s]
   GAP-twitter:   2%|▏         | 158285824/9469180207 [00:09<09:50, 15759237.93B/s]
   GAP-twitter:   2%|▏         | 160006144/9469180207 [00:09<09:36, 16154949.23B/s]
   GAP-twitter:   2%|▏         | 161644544/9469180207 [00:10<10:00, 15508510.82B/s]
   GAP-twitter:   2%|▏         | 163479552/9469180207 [00:10<09:31, 16275775.54B/s]
   GAP-twitter:   2%|▏         | 165249024/9469180207 [00:10<09:51, 15723298.02B/s]
   GAP-twitter:   2%|▏         | 167002112/9469180207 [00:10<09:34, 16180598.96B/s]
   GAP-twitter:   2%|▏         | 168837120/9469180207 [00:10<09:14, 16774234.68B/s]
   GAP-twitter:   2%|▏         | 170541056/9469180207 [00:10<09:43, 15947643.84B/s]
   GAP-twitter:   2%|▏         | 172294144/9469180207 [00:10<09:27, 16375337.60B/s]
   GAP-twitter:   2%|▏         | 173948928/9469180207 [00:10<09:56, 15582326.61B/s]
   GAP-twitter:   2%|▏         | 175702016/9469180207 [00:10<09:36, 16118602.06B/s]
   GAP-twitter:   2%|▏         | 177340416/9469180207 [00:11<09:41, 15989215.51B/s]
   GAP-twitter:   2%|▏         | 179142656/9469180207 [00:11<09:20, 16560949.75B/s]
   GAP-twitter:   2%|▏         | 180944896/9469180207 [00:11<09:07, 16961800.70B/s]
   GAP-twitter:   2%|▏         | 182648832/9469180207 [00:11<09:33, 16191291.19B/s]
   GAP-twitter:   2%|▏         | 184418304/9469180207 [00:11<09:18, 16619618.81B/s]
   GAP-twitter:   2%|▏         | 186105856/9469180207 [00:11<09:56, 15559705.66B/s]
   GAP-twitter:   2%|▏         | 187842560/9469180207 [00:11<09:38, 16049986.25B/s]
   GAP-twitter:   2%|▏         | 189644800/9469180207 [00:11<09:19, 16579327.71B/s]
   GAP-twitter:   2%|▏         | 191332352/9469180207 [00:11<09:50, 15724359.44B/s]
   GAP-twitter:   2%|▏         | 193134592/9469180207 [00:11<09:27, 16345928.01B/s]
   GAP-twitter:   2%|▏         | 194838528/9469180207 [00:12<09:21, 16507488.27B/s]
   GAP-twitter:   2%|▏         | 196640768/9469180207 [00:12<09:08, 16908414.46B/s]
   GAP-twitter:   2%|▏         | 198410240/9469180207 [00:12<09:01, 17128966.32B/s]
   GAP-twitter:   2%|▏         | 200179712/9469180207 [00:12<08:56, 17286678.86B/s]
   GAP-twitter:   2%|▏         | 201949184/9469180207 [00:12<08:53, 17386704.26B/s]
   GAP-twitter:   2%|▏         | 203702272/9469180207 [00:12<08:57, 17240746.93B/s]
   GAP-twitter:   2%|▏         | 205438976/9469180207 [00:12<08:56, 17271838.42B/s]
   GAP-twitter:   2%|▏         | 207175680/9469180207 [00:12<09:32, 16175086.93B/s]
   GAP-twitter:   2%|▏         | 208945152/9469180207 [00:12<09:17, 16604693.79B/s]
   GAP-twitter:   2%|▏         | 210714624/9469180207 [00:13<09:07, 16907050.41B/s]
   GAP-twitter:   2%|▏         | 212418560/9469180207 [00:13<09:41, 15919431.51B/s]
   GAP-twitter:   2%|▏         | 214237184/9469180207 [00:13<09:19, 16552802.88B/s]
   GAP-twitter:   2%|▏         | 215924736/9469180207 [00:13<09:43, 15850917.25B/s]
   GAP-twitter:   2%|▏         | 217726976/9469180207 [00:13<09:22, 16445759.98B/s]
   GAP-twitter:   2%|▏         | 219398144/9469180207 [00:13<09:45, 15792100.73B/s]
   GAP-twitter:   2%|▏         | 221216768/9469180207 [00:13<09:22, 16432474.96B/s]
   GAP-twitter:   2%|▏         | 223035392/9469180207 [00:13<09:06, 16931446.66B/s]
   GAP-twitter:   2%|▏         | 224755712/9469180207 [00:13<09:38, 15971072.76B/s]
   GAP-twitter:   2%|▏         | 226508800/9469180207 [00:13<09:24, 16371726.71B/s]
   GAP-twitter:   2%|▏         | 228163584/9469180207 [00:14<09:53, 15560382.96B/s]
   GAP-twitter:   2%|▏         | 229867520/9469180207 [00:14<09:39, 15952440.66B/s]
   GAP-twitter:   2%|▏         | 231571456/9469180207 [00:14<10:04, 15281556.45B/s]
   GAP-twitter:   2%|▏         | 233324544/9469180207 [00:14<09:41, 15885310.29B/s]
   GAP-twitter:   2%|▏         | 235094016/9469180207 [00:14<09:24, 16367248.43B/s]
   GAP-twitter:   3%|▎         | 236748800/9469180207 [00:14<09:48, 15683503.27B/s]
   GAP-twitter:   3%|▎         | 238501888/9469180207 [00:14<09:29, 16198050.92B/s]
   GAP-twitter:   3%|▎         | 240140288/9469180207 [00:14<09:56, 15484378.58B/s]
   GAP-twitter:   3%|▎         | 241893376/9469180207 [00:14<09:35, 16036977.29B/s]
   GAP-twitter:   3%|▎         | 243580928/9469180207 [00:15<09:27, 16263895.97B/s]
   GAP-twitter:   3%|▎         | 245219328/9469180207 [00:15<09:38, 15937777.53B/s]
   GAP-twitter:   3%|▎         | 247021568/9469180207 [00:15<09:18, 16508515.11B/s]
   GAP-twitter:   3%|▎         | 248692736/9469180207 [00:15<09:49, 15650123.76B/s]
   GAP-twitter:   3%|▎         | 250478592/9469180207 [00:15<09:27, 16237302.39B/s]
   GAP-twitter:   3%|▎         | 252116992/9469180207 [00:15<09:53, 15533966.23B/s]
   GAP-twitter:   3%|▎         | 253804544/9469180207 [00:15<09:40, 15879420.15B/s]
   GAP-twitter:   3%|▎         | 255524864/9469180207 [00:15<09:27, 16248503.68B/s]
   GAP-twitter:   3%|▎         | 257163264/9469180207 [00:15<09:54, 15489158.04B/s]
   GAP-twitter:   3%|▎         | 259014656/9469180207 [00:16<09:24, 16308498.12B/s]
   GAP-twitter:   3%|▎         | 260669440/9469180207 [00:16<09:50, 15597048.64B/s]
   GAP-twitter:   3%|▎         | 262471680/9469180207 [00:16<09:27, 16235623.94B/s]
   GAP-twitter:   3%|▎         | 264110080/9469180207 [00:16<09:56, 15437148.23B/s]
   GAP-twitter:   3%|▎         | 265879552/9469180207 [00:16<09:33, 16054762.09B/s]
   GAP-twitter:   3%|▎         | 267698176/9469180207 [00:16<09:12, 16657812.42B/s]
   GAP-twitter:   3%|▎         | 269385728/9469180207 [00:16<09:37, 15922839.87B/s]
   GAP-twitter:   3%|▎         | 271237120/9469180207 [00:16<09:13, 16628884.51B/s]
   GAP-twitter:   3%|▎         | 272924672/9469180207 [00:16<09:41, 15813329.27B/s]
   GAP-twitter:   3%|▎         | 274710528/9469180207 [00:17<09:21, 16375739.32B/s]
   GAP-twitter:   3%|▎         | 276365312/9469180207 [00:17<09:46, 15685593.12B/s]
   GAP-twitter:   3%|▎         | 278134784/9469180207 [00:17<09:25, 16239810.75B/s]
   GAP-twitter:   3%|▎         | 279953408/9469180207 [00:17<09:08, 16761648.96B/s]
   GAP-twitter:   3%|▎         | 281657344/9469180207 [00:17<09:47, 15626345.54B/s]
   GAP-twitter:   3%|▎         | 283459584/9469180207 [00:17<09:24, 16262618.10B/s]
   GAP-twitter:   3%|▎         | 285114368/9469180207 [00:17<09:47, 15623232.63B/s]
   GAP-twitter:   3%|▎         | 286932992/9469180207 [00:17<09:23, 16302093.32B/s]
   GAP-twitter:   3%|▎         | 288587776/9469180207 [00:17<09:53, 15456807.52B/s]
   GAP-twitter:   3%|▎         | 290390016/9469180207 [00:17<09:28, 16134176.89B/s]
   GAP-twitter:   3%|▎         | 292175872/9469180207 [00:18<09:13, 16571070.85B/s]
   GAP-twitter:   3%|▎         | 293863424/9469180207 [00:18<09:12, 16595267.06B/s]
   GAP-twitter:   3%|▎         | 295698432/9469180207 [00:18<08:57, 17082439.66B/s]
   GAP-twitter:   3%|▎         | 297418752/9469180207 [00:18<09:24, 16259994.46B/s]
   GAP-twitter:   3%|▎         | 299270144/9469180207 [00:18<09:03, 16883163.91B/s]
   GAP-twitter:   3%|▎         | 300974080/9469180207 [00:18<09:30, 16077399.42B/s]
   GAP-twitter:   3%|▎         | 302825472/9469180207 [00:18<09:07, 16729044.84B/s]
   GAP-twitter:   3%|▎         | 304611328/9469180207 [00:18<08:58, 17013004.13B/s]
   GAP-twitter:   3%|▎         | 306331648/9469180207 [00:18<09:40, 15790200.41B/s]
   GAP-twitter:   3%|▎         | 308019200/9469180207 [00:19<09:30, 16053802.64B/s]
   GAP-twitter:   3%|▎         | 309657600/9469180207 [00:19<10:09, 15038271.91B/s]
   GAP-twitter:   3%|▎         | 311296000/9469180207 [00:19<09:55, 15383513.96B/s]
   GAP-twitter:   3%|▎         | 312868864/9469180207 [00:19<10:28, 14578964.56B/s]
   GAP-twitter:   3%|▎         | 314540032/9469180207 [00:19<10:04, 15150414.71B/s]
   GAP-twitter:   3%|▎         | 316243968/9469180207 [00:19<09:43, 15677511.53B/s]
   GAP-twitter:   3%|▎         | 317833216/9469180207 [00:19<10:10, 14991244.52B/s]
   GAP-twitter:   3%|▎         | 319586304/9469180207 [00:19<09:42, 15699138.59B/s]
   GAP-twitter:   3%|▎         | 321175552/9469180207 [00:19<10:11, 14955917.35B/s]
   GAP-twitter:   3%|▎         | 322961408/9469180207 [00:20<09:41, 15728291.32B/s]
   GAP-twitter:   3%|▎         | 324583424/9469180207 [00:20<09:36, 15849575.05B/s]
   GAP-twitter:   3%|▎         | 326189056/9469180207 [00:20<09:55, 15346882.18B/s]
   GAP-twitter:   3%|▎         | 327892992/9469180207 [00:20<09:38, 15789642.59B/s]
   GAP-twitter:   3%|▎         | 329482240/9469180207 [00:20<10:08, 15010364.49B/s]
   GAP-twitter:   3%|▎         | 331251712/9469180207 [00:20<09:40, 15745784.14B/s]
   GAP-twitter:   4%|▎         | 332840960/9469180207 [00:20<10:03, 15128132.39B/s]
   GAP-twitter:   4%|▎         | 334544896/9469180207 [00:20<09:43, 15649689.84B/s]
   GAP-twitter:   4%|▎         | 336232448/9469180207 [00:20<09:32, 15951578.18B/s]
   GAP-twitter:   4%|▎         | 337838080/9469180207 [00:21<09:38, 15772286.21B/s]
   GAP-twitter:   4%|▎         | 339558400/9469180207 [00:21<09:24, 16165566.90B/s]
   GAP-twitter:   4%|▎         | 341196800/9469180207 [00:21<09:56, 15297312.65B/s]
   GAP-twitter:   4%|▎         | 342753280/9469180207 [00:21<09:53, 15369837.04B/s]
   GAP-twitter:   4%|▎         | 344326144/9469180207 [00:21<09:49, 15472195.72B/s]
   GAP-twitter:   4%|▎         | 345882624/9469180207 [00:21<10:00, 15182538.42B/s]
   GAP-twitter:   4%|▎         | 347422720/9469180207 [00:21<10:04, 15077612.41B/s]
   GAP-twitter:   4%|▎         | 348962816/9469180207 [00:21<10:01, 15151480.43B/s]
   GAP-twitter:   4%|▎         | 350486528/9469180207 [00:21<10:35, 14359784.87B/s]
   GAP-twitter:   4%|▎         | 352010240/9469180207 [00:21<10:25, 14577668.17B/s]
   GAP-twitter:   4%|▎         | 353484800/9469180207 [00:22<10:50, 14020979.71B/s]
   GAP-twitter:   4%|▍         | 355221504/9469180207 [00:22<10:08, 14966709.81B/s]
   GAP-twitter:   4%|▍         | 356941824/9469180207 [00:22<09:44, 15583458.76B/s]
   GAP-twitter:   4%|▍         | 358514688/9469180207 [00:22<10:12, 14877903.12B/s]
   GAP-twitter:   4%|▍         | 360153088/9469180207 [00:22<09:55, 15289648.18B/s]
   GAP-twitter:   4%|▍         | 361709568/9469180207 [00:22<10:34, 14344742.32B/s]
   GAP-twitter:   4%|▍         | 363298816/9469180207 [00:22<10:17, 14744234.01B/s]
   GAP-twitter:   4%|▍         | 365035520/9469180207 [00:22<09:48, 15457712.29B/s]
   GAP-twitter:   4%|▍         | 366608384/9469180207 [00:22<10:12, 14856314.68B/s]
   GAP-twitter:   4%|▍         | 368361472/9469180207 [00:23<09:44, 15581702.11B/s]
   GAP-twitter:   4%|▍         | 369934336/9469180207 [00:23<10:08, 14956026.05B/s]
   GAP-twitter:   4%|▍         | 371474432/9469180207 [00:23<10:03, 15066552.03B/s]
   GAP-twitter:   4%|▍         | 373047296/9469180207 [00:23<09:56, 15241335.00B/s]
   GAP-twitter:   4%|▍         | 374587392/9469180207 [00:23<10:35, 14301719.39B/s]
   GAP-twitter:   4%|▍         | 376242176/9469180207 [00:23<10:10, 14896037.75B/s]
   GAP-twitter:   4%|▍         | 377749504/9469180207 [00:23<10:43, 14131734.29B/s]
   GAP-twitter:   4%|▍         | 379502592/9469180207 [00:23<10:03, 15060371.06B/s]
   GAP-twitter:   4%|▍         | 381222912/9469180207 [00:23<09:40, 15664934.41B/s]
   GAP-twitter:   4%|▍         | 382812160/9469180207 [00:24<09:52, 15332222.35B/s]
   GAP-twitter:   4%|▍         | 384532480/9469180207 [00:24<09:32, 15856978.71B/s]
   GAP-twitter:   4%|▍         | 386138112/9469180207 [00:24<09:50, 15387866.55B/s]
   GAP-twitter:   4%|▍         | 387825664/9469180207 [00:24<09:34, 15813572.84B/s]
   GAP-twitter:   4%|▍         | 389431296/9469180207 [00:24<09:33, 15818868.11B/s]
   GAP-twitter:   4%|▍         | 391020544/9469180207 [00:24<10:10, 14860704.14B/s]
   GAP-twitter:   4%|▍         | 392626176/9469180207 [00:24<09:57, 15195781.55B/s]
   GAP-twitter:   4%|▍         | 394166272/9469180207 [00:24<10:29, 14411693.54B/s]
   GAP-twitter:   4%|▍         | 395821056/9469180207 [00:24<10:05, 14972657.38B/s]
   GAP-twitter:   4%|▍         | 397508608/9469180207 [00:24<09:45, 15506276.85B/s]
   GAP-twitter:   4%|▍         | 399081472/9469180207 [00:25<10:07, 14926547.14B/s]
   GAP-twitter:   4%|▍         | 400703488/9469180207 [00:25<09:53, 15281253.89B/s]
   GAP-twitter:   4%|▍         | 402243584/9469180207 [00:25<10:23, 14530658.74B/s]
   GAP-twitter:   4%|▍         | 403898368/9469180207 [00:25<10:02, 15055192.71B/s]
   GAP-twitter:   4%|▍         | 405454848/9469180207 [00:25<09:56, 15195571.38B/s]
   GAP-twitter:   4%|▍         | 406994944/9469180207 [00:25<10:19, 14625004.30B/s]
   GAP-twitter:   4%|▍         | 408731648/9469180207 [00:25<09:48, 15389712.59B/s]
   GAP-twitter:   4%|▍         | 410288128/9469180207 [00:25<10:11, 14805750.87B/s]
   GAP-twitter:   4%|▍         | 411942912/9469180207 [00:25<09:52, 15283821.71B/s]
   GAP-twitter:   4%|▍         | 413614080/9469180207 [00:26<09:37, 15668623.57B/s]
   GAP-twitter:   4%|▍         | 415203328/9469180207 [00:26<10:02, 15019138.03B/s]
   GAP-twitter:   4%|▍         | 416989184/9469180207 [00:26<09:33, 15797403.70B/s]
   GAP-twitter:   4%|▍         | 418594816/9469180207 [00:26<09:50, 15337045.41B/s]
   GAP-twitter:   4%|▍         | 420184064/9469180207 [00:26<09:44, 15469788.18B/s]
   GAP-twitter:   4%|▍         | 421838848/9469180207 [00:26<09:34, 15760447.78B/s]
   GAP-twitter:   4%|▍         | 423428096/9469180207 [00:26<10:02, 15017520.98B/s]
   GAP-twitter:   4%|▍         | 425230336/9469180207 [00:26<09:31, 15833295.59B/s]
   GAP-twitter:   5%|▍         | 426901504/9469180207 [00:26<09:23, 16050160.63B/s]
   GAP-twitter:   5%|▍         | 428523520/9469180207 [00:26<09:52, 15252086.37B/s]
   GAP-twitter:   5%|▍         | 430309376/9469180207 [00:27<09:25, 15976319.27B/s]
   GAP-twitter:   5%|▍         | 431931392/9469180207 [00:27<09:59, 15083468.53B/s]
   GAP-twitter:   5%|▍         | 433618944/9469180207 [00:27<09:41, 15546893.46B/s]
   GAP-twitter:   5%|▍         | 435191808/9469180207 [00:27<10:11, 14763452.33B/s]
   GAP-twitter:   5%|▍         | 436928512/9469180207 [00:27<09:44, 15442729.22B/s]
   GAP-twitter:   5%|▍         | 438681600/9469180207 [00:27<09:23, 16025070.32B/s]
   GAP-twitter:   5%|▍         | 440303616/9469180207 [00:27<09:48, 15336762.45B/s]
   GAP-twitter:   5%|▍         | 442040320/9469180207 [00:27<09:27, 15893344.05B/s]
   GAP-twitter:   5%|▍         | 443645952/9469180207 [00:27<09:36, 15668627.95B/s]
   GAP-twitter:   5%|▍         | 445399040/9469180207 [00:28<09:17, 16191076.37B/s]
   GAP-twitter:   5%|▍         | 447168512/9469180207 [00:28<09:03, 16586710.58B/s]
   GAP-twitter:   5%|▍         | 448839680/9469180207 [00:28<09:37, 15611728.23B/s]
   GAP-twitter:   5%|▍         | 450609152/9469180207 [00:28<09:16, 16198168.53B/s]
   GAP-twitter:   5%|▍         | 452247552/9469180207 [00:28<09:46, 15377791.41B/s]
   GAP-twitter:   5%|▍         | 454000640/9469180207 [00:28<09:24, 15971171.48B/s]
   GAP-twitter:   5%|▍         | 455622656/9469180207 [00:28<09:50, 15258092.77B/s]
   GAP-twitter:   5%|▍         | 457359360/9469180207 [00:28<09:28, 15844560.06B/s]
   GAP-twitter:   5%|▍         | 459096064/9469180207 [00:28<09:14, 16245107.82B/s]
   GAP-twitter:   5%|▍         | 460734464/9469180207 [00:29<09:31, 15763727.02B/s]
   GAP-twitter:   5%|▍         | 462323712/9469180207 [00:29<09:34, 15677971.75B/s]
   GAP-twitter:   5%|▍         | 463912960/9469180207 [00:29<09:37, 15598785.65B/s]
   GAP-twitter:   5%|▍         | 465502208/9469180207 [00:29<09:35, 15656461.80B/s]
   GAP-twitter:   5%|▍         | 467189760/9469180207 [00:29<09:23, 15987026.45B/s]
   GAP-twitter:   5%|▍         | 468828160/9469180207 [00:29<09:20, 16055385.15B/s]
   GAP-twitter:   5%|▍         | 470564864/9469180207 [00:29<09:08, 16400127.78B/s]
   GAP-twitter:   5%|▍         | 472236032/9469180207 [00:29<09:06, 16470975.80B/s]
   GAP-twitter:   5%|▌         | 473890816/9469180207 [00:29<09:21, 16006893.67B/s]
   GAP-twitter:   5%|▌         | 475545600/9469180207 [00:29<09:17, 16126773.23B/s]
   GAP-twitter:   5%|▌         | 477167616/9469180207 [00:30<09:53, 15145372.32B/s]
   GAP-twitter:   5%|▌         | 478855168/9469180207 [00:30<09:35, 15633539.45B/s]
   GAP-twitter:   5%|▌         | 480542720/9469180207 [00:30<09:22, 15975251.96B/s]
   GAP-twitter:   5%|▌         | 482164736/9469180207 [00:30<09:57, 15032738.92B/s]
   GAP-twitter:   5%|▌         | 483868672/9469180207 [00:30<09:37, 15560340.52B/s]
   GAP-twitter:   5%|▌         | 485441536/9469180207 [00:30<10:14, 14616531.53B/s]
   GAP-twitter:   5%|▌         | 487145472/9469180207 [00:30<09:48, 15265447.35B/s]
   GAP-twitter:   5%|▌         | 488701952/9469180207 [00:30<10:14, 14613319.96B/s]
   GAP-twitter:   5%|▌         | 490405888/9469180207 [00:30<09:47, 15270257.81B/s]
   GAP-twitter:   5%|▌         | 492077056/9469180207 [00:31<09:33, 15645674.76B/s]
   GAP-twitter:   5%|▌         | 493666304/9469180207 [00:31<09:57, 15014853.22B/s]
   GAP-twitter:   5%|▌         | 495386624/9469180207 [00:31<09:34, 15615518.64B/s]
   GAP-twitter:   5%|▌         | 496975872/9469180207 [00:31<09:33, 15649254.34B/s]
   GAP-twitter:   5%|▌         | 498663424/9469180207 [00:31<09:20, 15999358.69B/s]
   GAP-twitter:   5%|▌         | 500449280/9469180207 [00:31<09:03, 16507288.48B/s]
   GAP-twitter:   5%|▌         | 502120448/9469180207 [00:31<09:06, 16402704.01B/s]
   GAP-twitter:   5%|▌         | 503857152/9469180207 [00:31<08:57, 16676248.49B/s]
   GAP-twitter:   5%|▌         | 505544704/9469180207 [00:31<09:30, 15721123.35B/s]
   GAP-twitter:   5%|▌         | 507314176/9469180207 [00:31<09:10, 16275225.92B/s]
   GAP-twitter:   5%|▌         | 509083648/9469180207 [00:32<08:57, 16666144.74B/s]
   GAP-twitter:   5%|▌         | 510771200/9469180207 [00:32<09:27, 15787988.73B/s]
   GAP-twitter:   5%|▌         | 512573440/9469180207 [00:32<09:06, 16380359.54B/s]
   GAP-twitter:   5%|▌         | 514228224/9469180207 [00:32<09:33, 15606283.29B/s]
   GAP-twitter:   5%|▌         | 516030464/9469180207 [00:32<09:11, 16237793.06B/s]
   GAP-twitter:   5%|▌         | 517685248/9469180207 [00:32<09:36, 15524321.84B/s]
   GAP-twitter:   5%|▌         | 519421952/9469180207 [00:32<09:19, 16000384.37B/s]
   GAP-twitter:   6%|▌         | 521158656/9469180207 [00:32<09:07, 16356589.04B/s]
   GAP-twitter:   6%|▌         | 522813440/9469180207 [00:32<09:36, 15517091.14B/s]
   GAP-twitter:   6%|▌         | 524550144/9469180207 [00:33<09:18, 16017540.52B/s]
   GAP-twitter:   6%|▌         | 526172160/9469180207 [00:33<09:52, 15086446.88B/s]
   GAP-twitter:   6%|▌         | 527876096/9469180207 [00:33<09:33, 15597074.24B/s]
   GAP-twitter:   6%|▌         | 529563648/9469180207 [00:33<09:20, 15936789.98B/s]
   GAP-twitter:   6%|▌         | 531185664/9469180207 [00:33<09:44, 15289118.18B/s]
   GAP-twitter:   6%|▌         | 532774912/9469180207 [00:33<09:39, 15414167.53B/s]
   GAP-twitter:   6%|▌         | 534331392/9469180207 [00:33<10:05, 14749479.31B/s]
   GAP-twitter:   6%|▌         | 535986176/9469180207 [00:33<09:45, 15251553.16B/s]
   GAP-twitter:   6%|▌         | 537608192/9469180207 [00:33<09:35, 15524294.12B/s]
   GAP-twitter:   6%|▌         | 539181056/9469180207 [00:34<09:37, 15459557.32B/s]
   GAP-twitter:   6%|▌         | 540868608/9469180207 [00:34<09:23, 15834935.05B/s]
   GAP-twitter:   6%|▌         | 542490624/9469180207 [00:34<09:20, 15924396.72B/s]
   GAP-twitter:   6%|▌         | 544210944/9469180207 [00:34<09:08, 16285749.78B/s]
   GAP-twitter:   6%|▌         | 545914880/9469180207 [00:34<09:01, 16470891.93B/s]
   GAP-twitter:   6%|▌         | 547569664/9469180207 [00:34<09:12, 16134551.47B/s]
   GAP-twitter:   6%|▌         | 549273600/9469180207 [00:34<09:05, 16356892.18B/s]
   GAP-twitter:   6%|▌         | 550912000/9469180207 [00:34<09:08, 16266182.57B/s]
   GAP-twitter:   6%|▌         | 552550400/9469180207 [00:34<09:16, 16023775.97B/s]
   GAP-twitter:   6%|▌         | 554287104/9469180207 [00:34<09:04, 16380470.80B/s]
   GAP-twitter:   6%|▌         | 555941888/9469180207 [00:35<09:46, 15190864.08B/s]
   GAP-twitter:   6%|▌         | 557613056/9469180207 [00:35<09:31, 15599483.09B/s]
   GAP-twitter:   6%|▌         | 559202304/9469180207 [00:35<10:07, 14677795.62B/s]
   GAP-twitter:   6%|▌         | 560955392/9469180207 [00:35<09:36, 15465247.79B/s]
   GAP-twitter:   6%|▌         | 562724864/9469180207 [00:35<09:14, 16072373.68B/s]
   GAP-twitter:   6%|▌         | 564363264/9469180207 [00:35<09:43, 15261009.13B/s]
   GAP-twitter:   6%|▌         | 566099968/9469180207 [00:35<09:22, 15835887.00B/s]
   GAP-twitter:   6%|▌         | 567705600/9469180207 [00:35<09:53, 14997810.86B/s]
   GAP-twitter:   6%|▌         | 569294848/9469180207 [00:35<09:43, 15240551.70B/s]
   GAP-twitter:   6%|▌         | 570949632/9469180207 [00:36<09:31, 15571231.22B/s]
   GAP-twitter:   6%|▌         | 572522496/9469180207 [00:36<09:58, 14876745.71B/s]
   GAP-twitter:   6%|▌         | 574210048/9469180207 [00:36<09:36, 15419130.91B/s]
   GAP-twitter:   6%|▌         | 575766528/9469180207 [00:36<10:01, 14797230.54B/s]
   GAP-twitter:   6%|▌         | 577503232/9469180207 [00:36<09:34, 15489869.30B/s]
   GAP-twitter:   6%|▌         | 579076096/9469180207 [00:36<09:55, 14924267.23B/s]
   GAP-twitter:   6%|▌         | 580796416/9469180207 [00:36<09:31, 15541854.44B/s]
   GAP-twitter:   6%|▌         | 582533120/9469180207 [00:36<09:13, 16055719.81B/s]
   GAP-twitter:   6%|▌         | 584155136/9469180207 [00:36<09:45, 15182085.89B/s]
   GAP-twitter:   6%|▌         | 585891840/9469180207 [00:37<09:23, 15776768.38B/s]
   GAP-twitter:   6%|▌         | 587497472/9469180207 [00:37<09:49, 15078491.91B/s]
   GAP-twitter:   6%|▌         | 589185024/9469180207 [00:37<09:31, 15534200.52B/s]
   GAP-twitter:   6%|▌         | 590921728/9469180207 [00:37<09:13, 16041524.62B/s]
   GAP-twitter:   6%|▋         | 592543744/9469180207 [00:37<09:42, 15251451.19B/s]
   GAP-twitter:   6%|▋         | 594264064/9469180207 [00:37<09:22, 15771311.23B/s]
   GAP-twitter:   6%|▋         | 595869696/9469180207 [00:37<09:51, 15005688.66B/s]
   GAP-twitter:   6%|▋         | 597557248/9469180207 [00:37<09:32, 15487241.36B/s]
   GAP-twitter:   6%|▋         | 599244800/9469180207 [00:37<09:45, 15151022.24B/s]
   GAP-twitter:   6%|▋         | 600948736/9469180207 [00:37<09:25, 15668330.00B/s]
   GAP-twitter:   6%|▋         | 602636288/9469180207 [00:38<09:15, 15973036.73B/s]
   GAP-twitter:   6%|▋         | 604258304/9469180207 [00:38<09:14, 15987121.00B/s]
   GAP-twitter:   6%|▋         | 606011392/9469180207 [00:38<09:00, 16391692.17B/s]
   GAP-twitter:   6%|▋         | 607666176/9469180207 [00:38<09:32, 15491999.17B/s]
   GAP-twitter:   6%|▋         | 609435648/9469180207 [00:38<09:11, 16065635.56B/s]
   GAP-twitter:   6%|▋         | 611123200/9469180207 [00:38<09:03, 16297841.35B/s]
   GAP-twitter:   6%|▋         | 612777984/9469180207 [00:38<09:40, 15259386.01B/s]
   GAP-twitter:   6%|▋         | 614563840/9469180207 [00:38<09:15, 15948806.93B/s]
   GAP-twitter:   7%|▋         | 616185856/9469180207 [00:38<09:43, 15161221.79B/s]
   GAP-twitter:   7%|▋         | 617955328/9469180207 [00:39<09:18, 15850891.65B/s]
   GAP-twitter:   7%|▋         | 619610112/9469180207 [00:39<09:12, 16030628.00B/s]
   GAP-twitter:   7%|▋         | 621232128/9469180207 [00:39<09:14, 15960237.11B/s]
   GAP-twitter:   7%|▋         | 623001600/9469180207 [00:39<08:57, 16452859.63B/s]
   GAP-twitter:   7%|▋         | 624689152/9469180207 [00:39<08:54, 16560981.92B/s]
   GAP-twitter:   7%|▋         | 626475008/9469180207 [00:39<08:42, 16919600.98B/s]
   GAP-twitter:   7%|▋         | 628228096/9469180207 [00:39<08:37, 17098401.67B/s]
   GAP-twitter:   7%|▋         | 629948416/9469180207 [00:39<09:10, 16054027.89B/s]
   GAP-twitter:   7%|▋         | 631685120/9469180207 [00:39<08:58, 16423395.52B/s]
   GAP-twitter:   7%|▋         | 633356288/9469180207 [00:40<09:34, 15382616.84B/s]
   GAP-twitter:   7%|▋         | 635125760/9469180207 [00:40<09:12, 15995348.59B/s]
   GAP-twitter:   7%|▋         | 636747776/9469180207 [00:40<09:34, 15376410.28B/s]
   GAP-twitter:   7%|▋         | 638533632/9469180207 [00:40<09:10, 16050234.02B/s]
   GAP-twitter:   7%|▋         | 640319488/9469180207 [00:40<08:54, 16531354.50B/s]
   GAP-twitter:   7%|▋         | 641990656/9469180207 [00:40<09:19, 15776295.90B/s]
   GAP-twitter:   7%|▋         | 643792896/9469180207 [00:40<08:58, 16381716.09B/s]
   GAP-twitter:   7%|▋         | 645447680/9469180207 [00:40<09:36, 15317297.74B/s]
   GAP-twitter:   7%|▋         | 647217152/9469180207 [00:40<09:12, 15958328.36B/s]
   GAP-twitter:   7%|▋         | 648970240/9469180207 [00:40<08:58, 16366092.14B/s]
   GAP-twitter:   7%|▋         | 650625024/9469180207 [00:41<09:11, 15997415.32B/s]
   GAP-twitter:   7%|▋         | 652312576/9469180207 [00:41<09:03, 16234775.10B/s]
   GAP-twitter:   7%|▋         | 653950976/9469180207 [00:41<09:07, 16092455.20B/s]
   GAP-twitter:   7%|▋         | 655638528/9469180207 [00:41<09:00, 16304211.15B/s]
   GAP-twitter:   7%|▋         | 657375232/9469180207 [00:41<08:51, 16575300.31B/s]
   GAP-twitter:   7%|▋         | 659046400/9469180207 [00:41<09:52, 14877419.29B/s]
   GAP-twitter:   7%|▋         | 660570112/9469180207 [00:41<10:42, 13705815.21B/s]
   GAP-twitter:   7%|▋         | 661979136/9469180207 [00:41<11:58, 12252879.27B/s]
   GAP-twitter:   7%|▋         | 663257088/9469180207 [00:42<12:17, 11947468.77B/s]
   GAP-twitter:   7%|▋         | 664485888/9469180207 [00:42<12:30, 11734336.36B/s]
   GAP-twitter:   7%|▋         | 665681920/9469180207 [00:42<12:51, 11404106.13B/s]
   GAP-twitter:   7%|▋         | 666845184/9469180207 [00:42<12:55, 11357792.43B/s]
   GAP-twitter:   7%|▋         | 667992064/9469180207 [00:42<12:56, 11330491.35B/s]
   GAP-twitter:   7%|▋         | 669155328/9469180207 [00:42<12:51, 11404362.30B/s]
   GAP-twitter:   7%|▋         | 670302208/9469180207 [00:42<12:53, 11376624.75B/s]
   GAP-twitter:   7%|▋         | 671809536/9469180207 [00:42<11:47, 12434728.10B/s]
   GAP-twitter:   7%|▋         | 673300480/9469180207 [00:42<11:08, 13155803.29B/s]
   GAP-twitter:   7%|▋         | 674627584/9469180207 [00:42<11:37, 12611929.09B/s]
   GAP-twitter:   7%|▋         | 676167680/9469180207 [00:43<10:56, 13397733.08B/s]
   GAP-twitter:   7%|▋         | 677806080/9469180207 [00:43<10:17, 14242802.64B/s]
   GAP-twitter:   7%|▋         | 679395328/9469180207 [00:43<09:57, 14720789.55B/s]
   GAP-twitter:   7%|▋         | 681082880/9469180207 [00:43<09:33, 15323668.19B/s]
   GAP-twitter:   7%|▋         | 682622976/9469180207 [00:43<09:58, 14683641.18B/s]
   GAP-twitter:   7%|▋         | 684130304/9469180207 [00:43<09:54, 14782993.36B/s]
   GAP-twitter:   7%|▋         | 685621248/9469180207 [00:43<09:55, 14755347.94B/s]
   GAP-twitter:   7%|▋         | 687112192/9469180207 [00:43<10:42, 13664474.25B/s]
   GAP-twitter:   7%|▋         | 688635904/9469180207 [00:43<10:23, 14084769.82B/s]
   GAP-twitter:   7%|▋         | 690094080/9469180207 [00:44<10:17, 14209530.56B/s]
   GAP-twitter:   7%|▋         | 691535872/9469180207 [00:44<10:33, 13849084.04B/s]
   GAP-twitter:   7%|▋         | 693026816/9469180207 [00:44<10:20, 14151162.64B/s]
   GAP-twitter:   7%|▋         | 694452224/9469180207 [00:44<10:56, 13365877.68B/s]
   GAP-twitter:   7%|▋         | 695926784/9469180207 [00:44<10:39, 13722554.18B/s]
   GAP-twitter:   7%|▋         | 697565184/9469180207 [00:44<10:06, 14466637.16B/s]
   GAP-twitter:   7%|▋         | 699023360/9469180207 [00:44<10:24, 14034663.85B/s]
   GAP-twitter:   7%|▋         | 700481536/9469180207 [00:44<10:17, 14190582.97B/s]
   GAP-twitter:   7%|▋         | 702005248/9469180207 [00:44<10:06, 14461125.07B/s]
   GAP-twitter:   7%|▋         | 703463424/9469180207 [00:44<10:26, 13999670.54B/s]
   GAP-twitter:   7%|▋         | 705167360/9469180207 [00:45<09:50, 14844775.30B/s]
   GAP-twitter:   7%|▋         | 706674688/9469180207 [00:45<10:31, 13872388.81B/s]
   GAP-twitter:   7%|▋         | 708182016/9469180207 [00:45<10:17, 14186739.77B/s]
   GAP-twitter:   7%|▋         | 709623808/9469180207 [00:45<10:15, 14239878.07B/s]
   GAP-twitter:   8%|▊         | 711065600/9469180207 [00:45<10:51, 13432988.76B/s]
   GAP-twitter:   8%|▊         | 712605696/9469180207 [00:45<10:28, 13929261.71B/s]
   GAP-twitter:   8%|▊         | 714211328/9469180207 [00:45<10:03, 14497774.28B/s]
   GAP-twitter:   8%|▊         | 715685888/9469180207 [00:45<10:46, 13543236.15B/s]
   GAP-twitter:   8%|▊         | 717209600/9469180207 [00:45<10:25, 13991501.87B/s]
   GAP-twitter:   8%|▊         | 718635008/9469180207 [00:46<10:58, 13295395.65B/s]
   GAP-twitter:   8%|▊         | 720207872/9469180207 [00:46<10:27, 13940380.45B/s]
   GAP-twitter:   8%|▊         | 721764352/9469180207 [00:46<10:08, 14387072.75B/s]
   GAP-twitter:   8%|▊         | 723222528/9469180207 [00:46<10:46, 13519337.84B/s]
   GAP-twitter:   8%|▊         | 724877312/9469180207 [00:46<10:10, 14329495.33B/s]
   GAP-twitter:   8%|▊         | 726384640/9469180207 [00:46<10:26, 13963642.37B/s]
   GAP-twitter:   8%|▊         | 727826432/9469180207 [00:46<10:21, 14061241.62B/s]
   GAP-twitter:   8%|▊         | 729382912/9469180207 [00:46<10:03, 14473370.83B/s]
   GAP-twitter:   8%|▊         | 730841088/9469180207 [00:46<10:56, 13314630.96B/s]
   GAP-twitter:   8%|▊         | 732495872/9469180207 [00:47<10:16, 14173334.85B/s]
   GAP-twitter:   8%|▊         | 734019584/9469180207 [00:47<10:04, 14441139.37B/s]
   GAP-twitter:   8%|▊         | 735494144/9469180207 [00:47<10:07, 14371650.10B/s]
   GAP-twitter:   8%|▊         | 736985088/9469180207 [00:47<10:01, 14509326.97B/s]
   GAP-twitter:   8%|▊         | 738459648/9469180207 [00:47<10:03, 14472078.48B/s]
   GAP-twitter:   8%|▊         | 739917824/9469180207 [00:47<10:05, 14428212.37B/s]
   GAP-twitter:   8%|▊         | 741490688/9469180207 [00:47<09:50, 14776520.95B/s]
   GAP-twitter:   8%|▊         | 742981632/9469180207 [00:47<10:38, 13670695.13B/s]
   GAP-twitter:   8%|▊         | 744620032/9469180207 [00:47<10:05, 14417053.58B/s]
   GAP-twitter:   8%|▊         | 746274816/9469180207 [00:47<09:42, 14972841.78B/s]
   GAP-twitter:   8%|▊         | 747798528/9469180207 [00:48<10:39, 13644785.28B/s]
   GAP-twitter:   8%|▊         | 749371392/9469180207 [00:48<10:13, 14211972.69B/s]
   GAP-twitter:   8%|▊         | 750878720/9469180207 [00:48<10:04, 14417247.41B/s]
   GAP-twitter:   8%|▊         | 752353280/9469180207 [00:48<10:48, 13447221.78B/s]
   GAP-twitter:   8%|▊         | 754008064/9469180207 [00:48<10:10, 14277167.00B/s]
   GAP-twitter:   8%|▊         | 755466240/9469180207 [00:48<10:26, 13905045.73B/s]
   GAP-twitter:   8%|▊         | 756957184/9469180207 [00:48<10:15, 14157032.41B/s]
   GAP-twitter:   8%|▊         | 758448128/9469180207 [00:48<10:06, 14367421.67B/s]
   GAP-twitter:   8%|▊         | 759906304/9469180207 [00:48<10:36, 13687650.31B/s]
   GAP-twitter:   8%|▊         | 761331712/9469180207 [00:49<10:30, 13817292.98B/s]
   GAP-twitter:   8%|▊         | 763019264/9469180207 [00:49<09:53, 14659721.62B/s]
   GAP-twitter:   8%|▊         | 764510208/9469180207 [00:49<10:39, 13602609.55B/s]
   GAP-twitter:   8%|▊         | 765984768/9469180207 [00:49<10:26, 13889633.73B/s]
   GAP-twitter:   8%|▊         | 767393792/9469180207 [00:49<10:38, 13627164.03B/s]
   GAP-twitter:   8%|▊         | 768884736/9469180207 [00:49<10:22, 13981632.17B/s]
   GAP-twitter:   8%|▊         | 770392064/9469180207 [00:49<10:10, 14258629.59B/s]
   GAP-twitter:   8%|▊         | 771833856/9469180207 [00:49<10:46, 13452464.89B/s]
   GAP-twitter:   8%|▊         | 773324800/9469180207 [00:49<10:28, 13838279.15B/s]
   GAP-twitter:   8%|▊         | 774995968/9469180207 [00:50<09:53, 14653075.14B/s]
   GAP-twitter:   8%|▊         | 776486912/9469180207 [00:50<10:32, 13736964.56B/s]
   GAP-twitter:   8%|▊         | 777961472/9469180207 [00:50<10:20, 14004405.05B/s]
   GAP-twitter:   8%|▊         | 779386880/9469180207 [00:50<10:56, 13246265.39B/s]
   GAP-twitter:   8%|▊         | 781041664/9469180207 [00:50<10:15, 14123147.07B/s]
   GAP-twitter:   8%|▊         | 782532608/9469180207 [00:50<10:06, 14325995.56B/s]
   GAP-twitter:   8%|▊         | 783990784/9469180207 [00:50<10:43, 13494139.03B/s]
   GAP-twitter:   8%|▊         | 785678336/9469180207 [00:50<10:02, 14400743.13B/s]
   GAP-twitter:   8%|▊         | 787152896/9469180207 [00:50<10:41, 13527992.22B/s]
   GAP-twitter:   8%|▊         | 788545536/9469180207 [00:51<10:37, 13621420.71B/s]
   GAP-twitter:   8%|▊         | 790003712/9469180207 [00:51<10:24, 13888321.05B/s]
   GAP-twitter:   8%|▊         | 791412736/9469180207 [00:51<10:51, 13316140.23B/s]
   GAP-twitter:   8%|▊         | 793100288/9469180207 [00:51<10:07, 14288876.52B/s]
   GAP-twitter:   8%|▊         | 794755072/9469180207 [00:51<09:41, 14911757.68B/s]
   GAP-twitter:   8%|▊         | 796262400/9469180207 [00:51<10:09, 14218532.90B/s]
   GAP-twitter:   8%|▊         | 797933568/9469180207 [00:51<09:41, 14915733.21B/s]
   GAP-twitter:   8%|▊         | 799440896/9469180207 [00:51<10:21, 13942427.98B/s]
   GAP-twitter:   8%|▊         | 801128448/9469180207 [00:51<09:53, 14615566.48B/s]
   GAP-twitter:   8%|▊         | 802668544/9469180207 [00:52<09:45, 14800911.74B/s]
   GAP-twitter:   8%|▊         | 804175872/9469180207 [00:52<10:07, 14258149.30B/s]
   GAP-twitter:   9%|▊         | 805814272/9469180207 [00:52<09:44, 14819145.28B/s]
   GAP-twitter:   9%|▊         | 807321600/9469180207 [00:52<10:06, 14280537.69B/s]
   GAP-twitter:   9%|▊         | 808976384/9469180207 [00:52<09:40, 14916467.85B/s]
   GAP-twitter:   9%|▊         | 810663936/9469180207 [00:52<09:20, 15444692.80B/s]
   GAP-twitter:   9%|▊         | 812220416/9469180207 [00:52<10:02, 14375841.84B/s]
   GAP-twitter:   9%|▊         | 813858816/9469180207 [00:52<09:39, 14925338.39B/s]
   GAP-twitter:   9%|▊         | 815382528/9469180207 [00:52<10:01, 14391264.12B/s]
   GAP-twitter:   9%|▊         | 817086464/9469180207 [00:52<09:33, 15095113.04B/s]
   GAP-twitter:   9%|▊         | 818774016/9469180207 [00:53<09:15, 15578565.28B/s]
   GAP-twitter:   9%|▊         | 820346880/9469180207 [00:53<10:01, 14385420.64B/s]
   GAP-twitter:   9%|▊         | 821837824/9469180207 [00:53<09:55, 14527004.76B/s]
   GAP-twitter:   9%|▊         | 823312384/9469180207 [00:53<10:19, 13961404.35B/s]
   GAP-twitter:   9%|▊         | 824803328/9469180207 [00:53<10:07, 14217970.46B/s]
   GAP-twitter:   9%|▊         | 826490880/9469180207 [00:53<09:38, 14940465.41B/s]
   GAP-twitter:   9%|▊         | 827998208/9469180207 [00:53<10:00, 14388843.32B/s]
   GAP-twitter:   9%|▉         | 829489152/9469180207 [00:53<09:54, 14528506.72B/s]
   GAP-twitter:   9%|▉         | 830980096/9469180207 [00:53<09:51, 14605606.49B/s]
   GAP-twitter:   9%|▉         | 832454656/9469180207 [00:54<10:30, 13703922.92B/s]
   GAP-twitter:   9%|▉         | 833912832/9469180207 [00:54<10:19, 13949557.58B/s]
   GAP-twitter:   9%|▉         | 835321856/9469180207 [00:54<10:52, 13225919.73B/s]
   GAP-twitter:   9%|▉         | 836993024/9469180207 [00:54<10:08, 14195651.59B/s]
   GAP-twitter:   9%|▉         | 838500352/9469180207 [00:54<09:58, 14409555.26B/s]
   GAP-twitter:   9%|▉         | 839958528/9469180207 [00:54<10:28, 13732686.06B/s]
   GAP-twitter:   9%|▉         | 841498624/9469180207 [00:54<10:08, 14174621.33B/s]
   GAP-twitter:   9%|▉         | 843005952/9469180207 [00:54<09:59, 14396314.38B/s]
   GAP-twitter:   9%|▉         | 844464128/9469180207 [00:54<10:38, 13499023.87B/s]
   GAP-twitter:   9%|▉         | 846004224/9469180207 [00:55<10:16, 13998506.17B/s]
   GAP-twitter:   9%|▉         | 847577088/9469180207 [00:55<09:55, 14468517.10B/s]
   GAP-twitter:   9%|▉         | 849051648/9469180207 [00:55<10:24, 13797775.88B/s]
   GAP-twitter:   9%|▉         | 850493440/9469180207 [00:55<10:19, 13918202.74B/s]
   GAP-twitter:   9%|▉         | 851902464/9469180207 [00:55<10:39, 13467656.46B/s]
   GAP-twitter:   9%|▉         | 853393408/9469180207 [00:55<10:21, 13864005.35B/s]
   GAP-twitter:   9%|▉         | 854884352/9469180207 [00:55<10:08, 14145053.04B/s]
   GAP-twitter:   9%|▉         | 856309760/9469180207 [00:55<10:44, 13354404.87B/s]
   GAP-twitter:   9%|▉         | 857980928/9469180207 [00:55<10:03, 14278055.14B/s]
   GAP-twitter:   9%|▉         | 859455488/9469180207 [00:56<09:57, 14403592.03B/s]
   GAP-twitter:   9%|▉         | 860913664/9469180207 [00:56<10:35, 13537447.68B/s]
   GAP-twitter:   9%|▉         | 862388224/9469180207 [00:56<10:21, 13846138.26B/s]
   GAP-twitter:   9%|▉         | 863797248/9469180207 [00:56<10:34, 13554141.12B/s]
   GAP-twitter:   9%|▉         | 865501184/9469180207 [00:56<09:52, 14520458.25B/s]
   GAP-twitter:   9%|▉         | 866992128/9469180207 [00:56<09:48, 14620816.43B/s]
   GAP-twitter:   9%|▉         | 868466688/9469180207 [00:56<10:29, 13669993.44B/s]
   GAP-twitter:   9%|▉         | 870121472/9469180207 [00:56<09:54, 14465301.43B/s]
   GAP-twitter:   9%|▉         | 871612416/9469180207 [00:56<09:49, 14586383.88B/s]
   GAP-twitter:   9%|▉         | 873086976/9469180207 [00:56<10:28, 13672677.66B/s]
   GAP-twitter:   9%|▉         | 874577920/9469180207 [00:57<10:14, 13989151.67B/s]
   GAP-twitter:   9%|▉         | 876003328/9469180207 [00:57<10:44, 13324742.52B/s]
   GAP-twitter:   9%|▉         | 877625344/9469180207 [00:57<10:09, 14095213.24B/s]
   GAP-twitter:   9%|▉         | 879116288/9469180207 [00:57<10:00, 14300299.17B/s]
   GAP-twitter:   9%|▉         | 882065408/9469180207 [00:57<07:39, 18667707.66B/s]
   GAP-twitter:   9%|▉         | 885899264/9469180207 [00:57<05:51, 24393609.81B/s]
   GAP-twitter:   9%|▉         | 889372672/9469180207 [00:57<05:12, 27424378.97B/s]
   GAP-twitter:   9%|▉         | 892960768/9469180207 [00:57<04:46, 29912386.47B/s]
   GAP-twitter:   9%|▉         | 896942080/9469180207 [00:57<04:21, 32835169.13B/s]
   GAP-twitter:  10%|▉         | 900448256/9469180207 [00:58<04:15, 33474857.68B/s]
   GAP-twitter:  10%|▉         | 903954432/9469180207 [00:58<04:12, 33914875.27B/s]
   GAP-twitter:  10%|▉         | 907362304/9469180207 [00:58<04:12, 33873576.27B/s]
   GAP-twitter:  10%|▉         | 911458304/9469180207 [00:58<03:57, 35988201.24B/s]
   
   asv: benchmark timed out (timeout 60s)
   
   For parameters: bfs_gap_inputs.GAP/GAP-web_2299444
   INFO root: Dataset suitesparse_matrix.GAP/GAP-web manifest metadata is stale.
   
   GAP-web:   0%|          | 0/8300343137 [00:00<?, ?B/s]
   GAP-web:   0%|          | 262144/8300343137 [00:00<55:40, 2484418.33B/s]
   GAP-web:   0%|          | 1343488/8300343137 [00:00<19:07, 7233825.41B/s]
   GAP-web:   0%|          | 2850816/8300343137 [00:00<12:51, 10751716.15B/s]
   GAP-web:   0%|          | 4440064/8300343137 [00:00<10:52, 12706731.11B/s]
   GAP-web:   0%|          | 6078464/8300343137 [00:00<09:52, 14005110.40B/s]
   GAP-web:   0%|          | 7733248/8300343137 [00:00<09:18, 14841633.32B/s]
   GAP-web:   0%|          | 9453568/8300343137 [00:00<08:51, 15584648.07B/s]
   GAP-web:   0%|          | 11223040/8300343137 [00:00<08:30, 16245906.84B/s]
   GAP-web:   0%|          | 12992512/8300343137 [00:00<08:16, 16689661.43B/s]
   GAP-web:   0%|          | 14811136/8300343137 [00:01<08:03, 17132301.80B/s]
   GAP-web:   0%|          | 16711680/8300343137 [00:01<07:49, 17653870.87B/s]
   GAP-web:   0%|          | 18579456/8300343137 [00:01<07:41, 17926865.92B/s]
   GAP-web:   0%|          | 20381696/8300343137 [00:01<07:48, 17671020.99B/s]
   GAP-web:   0%|          | 22151168/8300343137 [00:01<07:49, 17623486.15B/s]
   GAP-web:   0%|          | 23920640/8300343137 [00:01<07:52, 17533947.85B/s]
   GAP-web:   0%|          | 25690112/8300343137 [00:01<08:02, 17163959.39B/s]
   GAP-web:   0%|          | 27410432/8300343137 [00:01<08:08, 16929544.16B/s]
   GAP-web:   0%|          | 29114368/8300343137 [00:01<08:12, 16802321.71B/s]
   GAP-web:   0%|          | 30801920/8300343137 [00:01<08:12, 16776825.25B/s]
   GAP-web:   0%|          | 32489472/8300343137 [00:02<08:11, 16804642.00B/s]
   GAP-web:   0%|          | 34177024/8300343137 [00:02<08:17, 16609222.09B/s]
   GAP-web:   0%|          | 35848192/8300343137 [00:02<08:35, 16045087.40B/s]
   GAP-web:   0%|          | 37486592/8300343137 [00:02<08:32, 16128594.59B/s]
   GAP-web:   0%|          | 39108608/8300343137 [00:02<08:33, 16100967.81B/s]
   GAP-web:   0%|          | 40927232/8300343137 [00:02<08:14, 16709711.53B/s]
   GAP-web:   1%|          | 42614784/8300343137 [00:02<08:22, 16431364.49B/s]
   GAP-web:   1%|          | 44269568/8300343137 [00:02<08:31, 16149386.95B/s]
   GAP-web:   1%|          | 45891584/8300343137 [00:02<08:42, 15811103.87B/s]
   GAP-web:   1%|          | 47480832/8300343137 [00:02<08:42, 15791211.41B/s]
   GAP-web:   1%|          | 49070080/8300343137 [00:03<08:46, 15657855.03B/s]
   GAP-web:   1%|          | 50642944/8300343137 [00:03<08:51, 15510491.60B/s]
   GAP-web:   1%|          | 52199424/8300343137 [00:03<08:51, 15520563.84B/s]
   GAP-web:   1%|          | 53755904/8300343137 [00:03<09:00, 15248895.64B/s]
   GAP-web:   1%|          | 55296000/8300343137 [00:03<09:03, 15178057.15B/s]
   GAP-web:   1%|          | 56868864/8300343137 [00:03<08:58, 15309005.44B/s]
   GAP-web:   1%|          | 58408960/8300343137 [00:03<09:01, 15232995.22B/s]
   GAP-web:   1%|          | 60096512/8300343137 [00:03<08:45, 15676583.31B/s]
   GAP-web:   1%|          | 61669376/8300343137 [00:03<09:13, 14875098.58B/s]
   GAP-web:   1%|          | 63356928/8300343137 [00:04<08:54, 15414993.30B/s]
   GAP-web:   1%|          | 65011712/8300343137 [00:04<09:20, 14687429.26B/s]
   GAP-web:   1%|          | 66732032/8300343137 [00:04<08:55, 15368751.11B/s]
   GAP-web:   1%|          | 68468736/8300343137 [00:04<08:36, 15934637.85B/s]
   GAP-web:   1%|          | 70090752/8300343137 [00:04<09:00, 15214169.24B/s]
   GAP-web:   1%|          | 71827456/8300343137 [00:04<08:40, 15805330.67B/s]
   GAP-web:   1%|          | 73433088/8300343137 [00:04<08:55, 15360884.33B/s]
   GAP-web:   1%|          | 75317248/8300343137 [00:04<08:23, 16330974.72B/s]
   GAP-web:   1%|          | 77021184/8300343137 [00:04<08:17, 16515243.31B/s]
   GAP-web:   1%|          | 78692352/8300343137 [00:04<08:40, 15791703.05B/s]
   GAP-web:   1%|          | 80330752/8300343137 [00:05<08:35, 15949134.64B/s]
   GAP-web:   1%|          | 81936384/8300343137 [00:05<09:18, 14712560.69B/s]
   GAP-web:   1%|          | 83607552/8300343137 [00:05<08:58, 15248058.63B/s]
   GAP-web:   1%|          | 85245952/8300343137 [00:05<08:47, 15560864.16B/s]
   GAP-web:   1%|          | 86818816/8300343137 [00:05<09:18, 14694057.01B/s]
   GAP-web:   1%|          | 88309760/8300343137 [00:05<09:18, 14696091.39B/s]
   GAP-web:   1%|          | 89800704/8300343137 [00:05<10:15, 13339766.20B/s]
   GAP-web:   1%|          | 91275264/8300343137 [00:05<09:59, 13686224.43B/s]
   GAP-web:   1%|          | 92979200/8300343137 [00:05<09:22, 14582517.47B/s]
   GAP-web:   1%|          | 94470144/8300343137 [00:06<10:03, 13594405.79B/s]
   GAP-web:   1%|          | 96059392/8300343137 [00:06<09:37, 14197308.63B/s]
   GAP-web:   1%|          | 97648640/8300343137 [00:06<09:45, 14004363.24B/s]
   GAP-web:   1%|          | 99483648/8300343137 [00:06<08:59, 15202549.74B/s]
   GAP-web:   1%|          | 101171200/8300343137 [00:06<08:44, 15640704.42B/s]
   GAP-web:   1%|          | 102760448/8300343137 [00:06<09:07, 14984374.20B/s]
   GAP-web:   1%|▏         | 104529920/8300343137 [00:06<08:40, 15744887.47B/s]
   GAP-web:   1%|▏         | 106135552/8300343137 [00:06<09:11, 14859845.97B/s]
   GAP-web:   1%|▏         | 107790336/8300343137 [00:06<08:55, 15313166.37B/s]
   GAP-web:   1%|▏         | 109477888/8300343137 [00:07<09:06, 14981896.25B/s]
   GAP-web:   1%|▏         | 111345664/8300343137 [00:07<08:32, 15991380.12B/s]
   GAP-web:   1%|▏         | 113197056/8300343137 [00:07<08:10, 16695732.23B/s]
   GAP-web:   1%|▏         | 114884608/8300343137 [00:07<08:36, 15843886.22B/s]
   GAP-web:   1%|▏         | 116719616/8300343137 [00:07<08:15, 16523718.14B/s]
   GAP-web:   1%|▏         | 118390784/8300343137 [00:07<08:38, 15792216.94B/s]
   GAP-web:   1%|▏         | 120225792/8300343137 [00:07<08:16, 16484929.50B/s]
   GAP-web:   1%|▏         | 121896960/8300343137 [00:07<08:41, 15692253.33B/s]
   GAP-web:   1%|▏         | 123731968/8300343137 [00:07<08:18, 16396021.10B/s]
   GAP-web:   2%|▏         | 125534208/8300343137 [00:08<08:05, 16824288.87B/s]
   GAP-web:   2%|▏         | 127238144/8300343137 [00:08<08:32, 15958945.10B/s]
   GAP-web:   2%|▏         | 128974848/8300343137 [00:08<08:20, 16313414.95B/s]
   GAP-web:   2%|▏         | 130629632/8300343137 [00:08<08:46, 15519840.04B/s]
   GAP-web:   2%|▏         | 132464640/8300343137 [00:08<08:21, 16299558.92B/s]
   GAP-web:   2%|▏         | 134119424/8300343137 [00:08<08:51, 15370140.80B/s]
   GAP-web:   2%|▏         | 135741440/8300343137 [00:08<08:44, 15568075.85B/s]
   GAP-web:   2%|▏         | 137314304/8300343137 [00:08<08:44, 15553412.07B/s]
   GAP-web:   2%|▏         | 138887168/8300343137 [00:08<09:22, 14507662.69B/s]
   GAP-web:   2%|▏         | 140591104/8300343137 [00:09<08:57, 15190475.43B/s]
   GAP-web:   2%|▏         | 142131200/8300343137 [00:09<10:00, 13594409.47B/s]
   GAP-web:   2%|▏         | 143540224/8300343137 [00:09<10:21, 13128575.23B/s]
   GAP-web:   2%|▏         | 144883712/8300343137 [00:09<10:22, 13091070.77B/s]
   GAP-web:   2%|▏         | 146472960/8300343137 [00:09<09:49, 13832481.80B/s]
   GAP-web:   2%|▏         | 147881984/8300343137 [00:09<10:02, 13529857.19B/s]
   GAP-web:   2%|▏         | 149618688/8300343137 [00:09<09:19, 14576745.09B/s]
   GAP-web:   2%|▏         | 151093248/8300343137 [00:09<10:15, 13237955.77B/s]
   GAP-web:   2%|▏         | 152453120/8300343137 [00:09<10:44, 12637029.96B/s]
   GAP-web:   2%|▏         | 153747456/8300343137 [00:10<11:10, 12157657.86B/s]
   GAP-web:   2%|▏         | 154992640/8300343137 [00:10<11:47, 11515402.61B/s]
   GAP-web:   2%|▏         | 156532736/8300343137 [00:10<10:50, 12522747.59B/s]
   GAP-web:   2%|▏         | 158154752/8300343137 [00:10<10:02, 13510803.28B/s]
   GAP-web:   2%|▏         | 159531008/8300343137 [00:10<10:30, 12913513.50B/s]
   GAP-web:   2%|▏         | 161120256/8300343137 [00:10<09:53, 13708143.69B/s]
   GAP-web:   2%|▏         | 162676736/8300343137 [00:10<10:14, 13243252.52B/s]
   GAP-web:   2%|▏         | 164282368/8300343137 [00:10<09:40, 14004736.47B/s]
   GAP-web:   2%|▏         | 165871616/8300343137 [00:10<09:21, 14496244.81B/s]
   GAP-web:   2%|▏         | 167346176/8300343137 [00:11<09:49, 13801259.18B/s]
   GAP-web:   2%|▏         | 168951808/8300343137 [00:11<09:24, 14416781.03B/s]
   GAP-web:   2%|▏         | 170541056/8300343137 [00:11<09:08, 14813004.47B/s]
   GAP-web:   2%|▏         | 172048384/8300343137 [00:11<09:47, 13834805.72B/s]
   GAP-web:   2%|▏         | 173604864/8300343137 [00:11<09:29, 14281252.56B/s]
   GAP-web:   2%|▏         | 175063040/8300343137 [00:11<09:42, 13943353.22B/s]
   GAP-web:   2%|▏         | 176832512/8300343137 [00:11<09:02, 14972998.44B/s]
   GAP-web:   2%|▏         | 178356224/8300343137 [00:11<09:00, 15032841.72B/s]
   GAP-web:   2%|▏         | 179879936/8300343137 [00:11<09:27, 14299476.11B/s]
   GAP-web:   2%|▏         | 181551104/8300343137 [00:12<09:03, 14943299.27B/s]
   GAP-web:   2%|▏         | 183074816/8300343137 [00:12<09:19, 14518709.99B/s]
   GAP-web:   2%|▏         | 184745984/8300343137 [00:12<08:56, 15135112.47B/s]
   GAP-web:   2%|▏         | 186368000/8300343137 [00:12<08:45, 15426259.78B/s]
   GAP-web:   2%|▏         | 187924480/8300343137 [00:12<09:17, 14543664.25B/s]
   GAP-web:   2%|▏         | 189726720/8300343137 [00:12<08:42, 15517390.81B/s]
   GAP-web:   2%|▏         | 191299584/8300343137 [00:12<09:02, 14947049.90B/s]
   GAP-web:   2%|▏         | 192970752/8300343137 [00:12<08:44, 15444602.36B/s]
   GAP-web:   2%|▏         | 194756608/8300343137 [00:12<08:23, 16105735.50B/s]
   GAP-web:   2%|▏         | 196395008/8300343137 [00:13<08:47, 15374503.35B/s]
   GAP-web:   2%|▏         | 198131712/8300343137 [00:13<08:29, 15916366.67B/s]
   GAP-web:   2%|▏         | 199737344/8300343137 [00:13<09:05, 14841599.88B/s]
   GAP-web:   2%|▏         | 201293824/8300343137 [00:13<08:59, 15017725.53B/s]
   GAP-web:   2%|▏         | 203030528/8300343137 [00:13<08:37, 15658790.38B/s]
   GAP-web:   2%|▏         | 204619776/8300343137 [00:13<08:57, 15048382.92B/s]
   GAP-web:   2%|▏         | 206438400/8300343137 [00:13<08:28, 15929085.08B/s]
   GAP-web:   3%|▎         | 208060416/8300343137 [00:13<08:47, 15353649.98B/s]
   GAP-web:   3%|▎         | 209944576/8300343137 [00:13<08:15, 16323402.97B/s]
   GAP-web:   3%|▎         | 211599360/8300343137 [00:13<08:39, 15575010.84B/s]
   GAP-web:   3%|▎         | 213483520/8300343137 [00:14<08:11, 16458431.33B/s]
   GAP-web:   3%|▎         | 215220224/8300343137 [00:14<08:39, 15569692.03B/s]
   GAP-web:   3%|▎         | 217169920/8300343137 [00:14<08:06, 16620087.70B/s]
   GAP-web:   3%|▎         | 219201536/8300343137 [00:14<08:13, 16378427.73B/s]
   GAP-web:   3%|▎         | 221216768/8300343137 [00:14<07:44, 17395545.09B/s]
   GAP-web:   3%|▎         | 223199232/8300343137 [00:14<07:27, 18044673.88B/s]
   GAP-web:   3%|▎         | 225034240/8300343137 [00:14<08:00, 16789900.19B/s]
   GAP-web:   3%|▎         | 226820096/8300343137 [00:14<07:53, 17060480.25B/s]
   GAP-web:   3%|▎         | 228556800/8300343137 [00:14<08:23, 16036853.08B/s]
   GAP-web:   3%|▎         | 230326272/8300343137 [00:15<08:10, 16457002.03B/s]
   GAP-web:   3%|▎         | 231997440/8300343137 [00:15<08:42, 15453668.80B/s]
   GAP-web:   3%|▎         | 233766912/8300343137 [00:15<08:22, 16043771.27B/s]
   GAP-web:   3%|▎         | 235520000/8300343137 [00:15<08:47, 15286915.98B/s]
   GAP-web:   3%|▎         | 237256704/8300343137 [00:15<08:29, 15826244.59B/s]
   GAP-web:   3%|▎         | 239058944/8300343137 [00:15<08:11, 16416821.29B/s]
   GAP-web:   3%|▎         | 240730112/8300343137 [00:15<08:35, 15646804.89B/s]
   GAP-web:   3%|▎         | 242401280/8300343137 [00:15<08:25, 15930559.12B/s]
   GAP-web:   3%|▎         | 244023296/8300343137 [00:15<08:50, 15184239.11B/s]
   GAP-web:   3%|▎         | 245760000/8300343137 [00:16<08:30, 15778617.56B/s]
   GAP-web:   3%|▎         | 247480320/8300343137 [00:16<08:55, 15047654.98B/s]
   GAP-web:   3%|▎         | 249331712/8300343137 [00:16<08:23, 15985689.76B/s]
   GAP-web:   3%|▎         | 251133952/8300343137 [00:16<08:06, 16557726.39B/s]
   GAP-web:   3%|▎         | 252821504/8300343137 [00:16<08:41, 15423512.84B/s]
   GAP-web:   3%|▎         | 254394368/8300343137 [00:16<08:46, 15272450.65B/s]
   GAP-web:   3%|▎         | 255950848/8300343137 [00:16<09:19, 14371478.84B/s]
   GAP-web:   3%|▎         | 257671168/8300343137 [00:16<08:51, 15127370.37B/s]
   GAP-web:   3%|▎         | 259506176/8300343137 [00:16<08:58, 14934174.37B/s]
   GAP-web:   3%|▎         | 261242880/8300343137 [00:17<08:36, 15569099.59B/s]
   GAP-web:   3%|▎         | 262914048/8300343137 [00:17<08:27, 15846985.12B/s]
   GAP-web:   3%|▎         | 264519680/8300343137 [00:17<09:06, 14713919.02B/s]
   GAP-web:   3%|▎         | 266190848/8300343137 [00:17<08:46, 15257090.20B/s]
   GAP-web:   3%|▎         | 267747328/8300343137 [00:17<09:14, 14477914.09B/s]
   GAP-web:   3%|▎         | 269467648/8300343137 [00:17<08:48, 15205993.17B/s]
   GAP-web:   3%|▎         | 271138816/8300343137 [00:17<08:34, 15603013.94B/s]
   GAP-web:   3%|▎         | 272728064/8300343137 [00:17<09:05, 14726500.95B/s]
   GAP-web:   3%|▎         | 274464768/8300343137 [00:17<08:40, 15431890.32B/s]
   GAP-web:   3%|▎         | 276037632/8300343137 [00:18<09:08, 14625025.43B/s]
   GAP-web:   3%|▎         | 277741568/8300343137 [00:18<08:44, 15282248.26B/s]
   GAP-web:   3%|▎         | 279478272/8300343137 [00:18<08:25, 15861450.38B/s]
   GAP-web:   3%|▎         | 281083904/8300343137 [00:18<09:07, 14654949.14B/s]
   GAP-web:   3%|▎         | 282869760/8300343137 [00:18<08:37, 15490271.16B/s]
   GAP-web:   3%|▎         | 284459008/8300343137 [00:18<09:10, 14548919.37B/s]
   GAP-web:   3%|▎         | 286179328/8300343137 [00:18<08:45, 15238434.83B/s]
   GAP-web:   3%|▎         | 287735808/8300343137 [00:18<09:22, 14249779.49B/s]
   GAP-web:   3%|▎         | 289341440/8300343137 [00:18<09:03, 14736714.27B/s]
   GAP-web:   4%|▎         | 291127296/8300343137 [00:19<08:34, 15564884.61B/s]
   GAP-web:   4%|▎         | 292716544/8300343137 [00:19<08:57, 14899858.60B/s]
   GAP-web:   4%|▎         | 294436864/8300343137 [00:19<08:35, 15520870.71B/s]
   GAP-web:   4%|▎         | 296009728/8300343137 [00:19<09:02, 14758318.71B/s]
   GAP-web:   4%|▎         | 297713664/8300343137 [00:19<08:40, 15365522.10B/s]
   GAP-web:   4%|▎         | 299417600/8300343137 [00:19<08:25, 15823302.72B/s]
   GAP-web:   4%|▎         | 301023232/8300343137 [00:19<09:01, 14783622.21B/s]
   GAP-web:   4%|▎         | 302710784/8300343137 [00:19<08:41, 15343175.50B/s]
   GAP-web:   4%|▎         | 304267264/8300343137 [00:19<09:08, 14569565.12B/s]
   GAP-web:   4%|▎         | 305971200/8300343137 [00:20<08:44, 15238925.35B/s]
   GAP-web:   4%|▎         | 307625984/8300343137 [00:20<09:08, 14576697.13B/s]
   GAP-web:   4%|▎         | 309346304/8300343137 [00:20<08:43, 15267688.24B/s]
   GAP-web:   4%|▎         | 311033856/8300343137 [00:20<08:29, 15682128.59B/s]
   GAP-web:   4%|▍         | 312623104/8300343137 [00:20<08:42, 15292705.10B/s]
   GAP-web:   4%|▍         | 314327040/8300343137 [00:20<08:26, 15768750.64B/s]
   GAP-web:   4%|▍         | 315916288/8300343137 [00:20<09:06, 14618554.07B/s]
   GAP-web:   4%|▍         | 317587456/8300343137 [00:20<08:46, 15171576.59B/s]
   GAP-web:   4%|▍         | 319307776/8300343137 [00:20<08:27, 15715443.53B/s]
   GAP-web:   4%|▍         | 320897024/8300343137 [00:21<08:49, 15075155.23B/s]
   GAP-web:   4%|▍         | 322666496/8300343137 [00:21<08:24, 15811164.29B/s]
   GAP-web:   4%|▍         | 324272128/8300343137 [00:21<08:45, 15163725.11B/s]
   GAP-web:   4%|▍         | 325959680/8300343137 [00:21<08:30, 15612637.59B/s]
   GAP-web:   4%|▍         | 327680000/8300343137 [00:21<08:16, 16042351.13B/s]
   GAP-web:   4%|▍         | 329302016/8300343137 [00:21<08:41, 15292572.24B/s]
   GAP-web:   4%|▍         | 331120640/8300343137 [00:21<08:14, 16107359.65B/s]
   GAP-web:   4%|▍         | 332759040/8300343137 [00:21<08:24, 15782327.94B/s]
   GAP-web:   4%|▍         | 334987264/8300343137 [00:21<07:31, 17634432.29B/s]
   GAP-web:   4%|▍         | 336773120/8300343137 [00:22<07:43, 17178387.70B/s]
   GAP-web:   4%|▍         | 338509824/8300343137 [00:22<07:51, 16895141.56B/s]
   GAP-web:   4%|▍         | 340213760/8300343137 [00:22<08:48, 15068389.90B/s]
   GAP-web:   4%|▍         | 341852160/8300343137 [00:22<08:37, 15379443.59B/s]
   GAP-web:   4%|▍         | 343425024/8300343137 [00:22<08:42, 15241767.12B/s]
   GAP-web:   4%|▍         | 344981504/8300343137 [00:22<09:05, 14571548.42B/s]
   GAP-web:   4%|▍         | 346898432/8300343137 [00:22<08:23, 15806490.40B/s]
   GAP-web:   4%|▍         | 348651520/8300343137 [00:22<08:41, 15233837.07B/s]
   GAP-web:   4%|▍         | 350355456/8300343137 [00:22<08:26, 15698416.26B/s]
   GAP-web:   4%|▍         | 352108544/8300343137 [00:23<08:11, 16175211.89B/s]
   GAP-web:   4%|▍         | 353746944/8300343137 [00:23<09:21, 14151471.84B/s]
   GAP-web:   4%|▍         | 355418112/8300343137 [00:23<08:56, 14804021.44B/s]
   GAP-web:   4%|▍         | 356958208/8300343137 [00:23<09:10, 14418735.57B/s]
   GAP-web:   4%|▍         | 358891520/8300343137 [00:23<08:24, 15753518.80B/s]
   GAP-web:   4%|▍         | 360792064/8300343137 [00:23<08:25, 15698076.71B/s]
   GAP-web:   4%|▍         | 362741760/8300343137 [00:23<07:54, 16722252.99B/s]
   GAP-web:   4%|▍         | 364609536/8300343137 [00:23<07:39, 17255088.21B/s]
   GAP-web:   4%|▍         | 366362624/8300343137 [00:23<08:08, 16233790.27B/s]
   GAP-web:   4%|▍         | 368066560/8300343137 [00:24<08:02, 16425878.61B/s]
   GAP-web:   4%|▍         | 369737728/8300343137 [00:24<08:28, 15584021.56B/s]
   GAP-web:   4%|▍         | 371605504/8300343137 [00:24<08:02, 16416707.15B/s]
   GAP-web:   4%|▍         | 373276672/8300343137 [00:24<08:24, 15723653.02B/s]
   GAP-web:   5%|▍         | 375275520/8300343137 [00:24<07:49, 16897245.50B/s]
   GAP-web:   5%|▍         | 376995840/8300343137 [00:24<08:08, 16214786.84B/s]
   GAP-web:   5%|▍         | 378880000/8300343137 [00:24<07:48, 16907780.24B/s]
   GAP-web:   5%|▍         | 380682240/8300343137 [00:24<07:39, 17218620.50B/s]
   GAP-web:   5%|▍         | 382418944/8300343137 [00:24<08:10, 16145599.16B/s]
   GAP-web:   5%|▍         | 384319488/8300343137 [00:25<07:48, 16904982.93B/s]
   GAP-web:   5%|▍         | 386039808/8300343137 [00:25<08:16, 15929725.44B/s]
   GAP-web:   5%|▍         | 387940352/8300343137 [00:25<07:51, 16773597.49B/s]
   GAP-web:   5%|▍         | 389644288/8300343137 [00:25<08:16, 15943926.92B/s]
   GAP-web:   5%|▍         | 391512064/8300343137 [00:25<07:53, 16688117.17B/s]
   GAP-web:   5%|▍         | 393281536/8300343137 [00:25<08:15, 15945566.51B/s]
   GAP-web:   5%|▍         | 395214848/8300343137 [00:25<07:48, 16871074.98B/s]
   GAP-web:   5%|▍         | 397148160/8300343137 [00:25<07:30, 17548832.18B/s]
   GAP-web:   5%|▍         | 398934016/8300343137 [00:25<07:56, 16570494.18B/s]
   GAP-web:   5%|▍         | 400621568/8300343137 [00:26<08:21, 15754076.60B/s]
   GAP-web:   5%|▍         | 402227200/8300343137 [00:26<08:44, 15058831.07B/s]
   GAP-web:   5%|▍         | 403881984/8300343137 [00:26<08:32, 15418900.06B/s]
   GAP-web:   5%|▍         | 405487616/8300343137 [00:26<09:00, 14616164.61B/s]
   GAP-web:   5%|▍         | 406994944/8300343137 [00:26<08:56, 14719571.12B/s]
   GAP-web:   5%|▍         | 408485888/8300343137 [00:26<09:00, 14594234.61B/s]
   GAP-web:   5%|▍         | 409960448/8300343137 [00:26<09:34, 13734630.26B/s]
   GAP-web:   5%|▍         | 411533312/8300343137 [00:26<09:13, 14262636.73B/s]
   GAP-web:   5%|▍         | 413122560/8300343137 [00:26<08:56, 14692553.04B/s]
   GAP-web:   5%|▍         | 414613504/8300343137 [00:27<09:31, 13807160.34B/s]
   GAP-web:   5%|▌         | 416202752/8300343137 [00:27<09:08, 14369840.54B/s]
   GAP-web:   5%|▌         | 417660928/8300343137 [00:27<09:37, 13651043.34B/s]
   GAP-web:   5%|▌         | 419233792/8300343137 [00:27<09:15, 14189577.49B/s]
   GAP-web:   5%|▌         | 420806656/8300343137 [00:27<08:59, 14605938.55B/s]
   GAP-web:   5%|▌         | 422281216/8300343137 [00:27<09:40, 13567409.44B/s]
   GAP-web:   5%|▌         | 423919616/8300343137 [00:27<09:09, 14322811.10B/s]
   GAP-web:   5%|▌         | 425639936/8300343137 [00:27<08:41, 15096437.44B/s]
   GAP-web:   5%|▌         | 427180032/8300343137 [00:27<09:20, 14045200.94B/s]
   GAP-web:   5%|▌         | 428752896/8300343137 [00:27<09:02, 14504461.99B/s]
   GAP-web:   5%|▌         | 430227456/8300343137 [00:28<09:31, 13763437.09B/s]
   GAP-web:   5%|▌         | 431833088/8300343137 [00:28<09:07, 14373370.11B/s]
   GAP-web:   5%|▌         | 433569792/8300343137 [00:28<08:38, 15186251.11B/s]
   GAP-web:   5%|▌         | 435339264/8300343137 [00:28<08:15, 15867070.94B/s]
   GAP-web:   5%|▌         | 436944896/8300343137 [00:28<08:23, 15612798.83B/s]
   GAP-web:   5%|▌         | 438550528/8300343137 [00:28<08:19, 15738692.77B/s]
   GAP-web:   5%|▌         | 440139776/8300343137 [00:28<08:48, 14876099.70B/s]
   GAP-web:   5%|▌         | 442023936/8300343137 [00:28<08:11, 15986994.95B/s]
   GAP-web:   5%|▌         | 443645952/8300343137 [00:28<08:23, 15607217.28B/s]
   GAP-web:   5%|▌         | 445431808/8300343137 [00:29<08:04, 16226227.77B/s]
   GAP-web:   5%|▌         | 447070208/8300343137 [00:29<08:31, 15365128.65B/s]
   GAP-web:   5%|▌         | 448806912/8300343137 [00:29<08:16, 15799201.00B/s]
   GAP-web:   5%|▌         | 450609152/8300343137 [00:29<07:58, 16402275.77B/s]
   GAP-web:   5%|▌         | 452263936/8300343137 [00:29<08:01, 16309433.48B/s]
   GAP-web:   5%|▌         | 454180864/8300343137 [00:29<07:38, 17118931.39B/s]
   GAP-web:   5%|▌         | 455901184/8300343137 [00:29<08:35, 15226079.51B/s]
   GAP-web:   6%|▌         | 457474048/8300343137 [00:29<08:38, 15128169.69B/s]
   GAP-web:   6%|▌         | 459046912/8300343137 [00:29<08:32, 15291982.67B/s]
   GAP-web:   6%|▌         | 460603392/8300343137 [00:30<09:10, 14253411.93B/s]
   GAP-web:   6%|▌         | 462274560/8300343137 [00:30<08:46, 14891998.84B/s]
   GAP-web:   6%|▌         | 463798272/8300343137 [00:30<09:10, 14227271.02B/s]
   GAP-web:   6%|▌         | 465584128/8300343137 [00:30<08:36, 15179338.49B/s]
   GAP-web:   6%|▌         | 467222528/8300343137 [00:30<08:26, 15473819.58B/s]
   GAP-web:   6%|▌         | 468795392/8300343137 [00:30<08:51, 14742075.82B/s]
   GAP-web:   6%|▌         | 470564864/8300343137 [00:30<08:24, 15523758.71B/s]
   GAP-web:   6%|▌         | 472137728/8300343137 [00:30<08:54, 14638352.10B/s]
   GAP-web:   6%|▌         | 473808896/8300343137 [00:30<08:34, 15208234.04B/s]
   GAP-web:   6%|▌         | 475480064/8300343137 [00:31<08:20, 15627629.94B/s]
   GAP-web:   6%|▌         | 477069312/8300343137 [00:31<08:45, 14883951.72B/s]
   GAP-web:   6%|▌         | 478822400/8300343137 [00:31<08:20, 15617461.93B/s]
   GAP-web:   6%|▌         | 480411648/8300343137 [00:31<08:40, 15016701.79B/s]
   GAP-web:   6%|▌         | 482066432/8300343137 [00:31<08:27, 15412919.72B/s]
   GAP-web:   6%|▌         | 483704832/8300343137 [00:31<08:18, 15673845.04B/s]
   GAP-web:   6%|▌         | 485294080/8300343137 [00:31<08:39, 15052021.44B/s]
   GAP-web:   6%|▌         | 487096320/8300343137 [00:31<08:12, 15858155.07B/s]
   GAP-web:   6%|▌         | 488701952/8300343137 [00:31<08:39, 15027309.83B/s]
   GAP-web:   6%|▌         | 490422272/8300343137 [00:31<08:20, 15589278.84B/s]
   GAP-web:   6%|▌         | 492011520/8300343137 [00:32<08:48, 14768861.41B/s]
   GAP-web:   6%|▌         | 493715456/8300343137 [00:32<08:27, 15379925.52B/s]
   GAP-web:   6%|▌         | 495419392/8300343137 [00:32<08:12, 15834583.98B/s]
   GAP-web:   6%|▌         | 497025024/8300343137 [00:32<08:44, 14863829.79B/s]
   GAP-web:   6%|▌         | 498712576/8300343137 [00:32<08:26, 15414339.15B/s]
   GAP-web:   6%|▌         | 500285440/8300343137 [00:32<09:03, 14349777.53B/s]
   GAP-web:   6%|▌         | 501776384/8300343137 [00:32<08:59, 14462991.76B/s]
   GAP-web:   6%|▌         | 503267328/8300343137 [00:32<08:55, 14558026.46B/s]
   GAP-web:   6%|▌         | 504741888/8300343137 [00:32<09:35, 13538513.83B/s]
   GAP-web:   6%|▌         | 506232832/8300343137 [00:33<09:20, 13913235.44B/s]
   GAP-web:   6%|▌         | 507740160/8300343137 [00:33<09:07, 14235388.81B/s]
   GAP-web:   6%|▌         | 509181952/8300343137 [00:33<09:42, 13385215.56B/s]
   GAP-web:   6%|▌         | 510689280/8300343137 [00:33<09:23, 13816890.28B/s]
   GAP-web:   6%|▌         | 512098304/8300343137 [00:33<09:55, 13071437.34B/s]
   GAP-web:   6%|▌         | 513605632/8300343137 [00:33<09:33, 13580180.68B/s]
   GAP-web:   6%|▌         | 515096576/8300343137 [00:33<09:19, 13913959.78B/s]
   GAP-web:   6%|▌         | 516505600/8300343137 [00:33<09:53, 13110113.42B/s]
   GAP-web:   6%|▌         | 517996544/8300343137 [00:33<09:32, 13588081.14B/s]
   GAP-web:   6%|▋         | 519503872/8300343137 [00:34<09:17, 13966818.89B/s]
   GAP-web:   6%|▋         | 520929280/8300343137 [00:34<09:50, 13183853.84B/s]
   GAP-web:   6%|▋         | 522436608/8300343137 [00:34<09:27, 13698632.68B/s]
   GAP-web:   6%|▋         | 523943936/8300343137 [00:34<09:12, 14067564.66B/s]
   GAP-web:   6%|▋         | 525369344/8300343137 [00:34<09:48, 13217756.98B/s]
   GAP-web:   6%|▋         | 526860288/8300343137 [00:34<09:28, 13668838.38B/s]
   GAP-web:   6%|▋         | 528302080/8300343137 [00:34<09:58, 12995249.83B/s]
   GAP-web:   6%|▋         | 529809408/8300343137 [00:34<09:33, 13556269.07B/s]
   GAP-web:   6%|▋         | 531316736/8300343137 [00:34<09:17, 13943778.46B/s]
   GAP-web:   6%|▋         | 532725760/8300343137 [00:35<09:49, 13171221.59B/s]
   GAP-web:   6%|▋         | 534233088/8300343137 [00:35<09:27, 13691203.51B/s]
   GAP-web:   6%|▋         | 535740416/8300343137 [00:35<09:11, 14067296.62B/s]
   GAP-web:   6%|▋         | 537165824/8300343137 [00:35<09:40, 13363123.59B/s]
   GAP-web:   6%|▋         | 538673152/8300343137 [00:35<09:21, 13817717.28B/s]
   GAP-web:   7%|▋         | 540164096/8300343137 [00:35<09:09, 14121098.19B/s]
   GAP-web:   7%|▋         | 541589504/8300343137 [00:35<09:42, 13316425.47B/s]
   GAP-web:   7%|▋         | 543096832/8300343137 [00:35<09:23, 13770392.15B/s]
   GAP-web:   7%|▋         | 544489472/8300343137 [00:35<09:53, 13057423.37B/s]
   GAP-web:   7%|▋         | 545980416/8300343137 [00:36<09:32, 13545967.76B/s]
   GAP-web:   7%|▋         | 547471360/8300343137 [00:36<09:16, 13919744.07B/s]
   GAP-web:   7%|▋         | 548945920/8300343137 [00:36<09:08, 14129393.75B/s]
   GAP-web:   7%|▋         | 550371328/8300343137 [00:36<09:08, 14123138.06B/s]
   GAP-web:   7%|▋         | 551862272/8300343137 [00:36<09:00, 14344132.00B/s]
   GAP-web:   7%|▋         | 553336832/8300343137 [00:36<08:56, 14441450.42B/s]
   GAP-web:   7%|▋         | 554795008/8300343137 [00:36<09:32, 13529484.70B/s]
   GAP-web:   7%|▋         | 556302336/8300343137 [00:36<09:16, 13926614.88B/s]
   GAP-web:   7%|▋         | 557711360/8300343137 [00:36<09:48, 13147641.39B/s]
   GAP-web:   7%|▋         | 559218688/8300343137 [00:36<09:26, 13656834.89B/s]
   GAP-web:   7%|▋         | 560726016/8300343137 [00:37<09:11, 14035225.23B/s]
   GAP-web:   7%|▋         | 562151424/8300343137 [00:37<09:44, 13233154.60B/s]
   GAP-web:   7%|▋         | 563642368/8300343137 [00:37<09:24, 13697775.35B/s]
   GAP-web:   7%|▋         | 565264384/8300343137 [00:37<08:57, 14404151.71B/s]
   GAP-web:   7%|▋         | 566722560/8300343137 [00:37<09:17, 13862413.31B/s]
   GAP-web:   7%|▋         | 568410112/8300343137 [00:37<08:46, 14690987.00B/s]
   GAP-web:   7%|▋         | 569901056/8300343137 [00:37<09:15, 13918429.40B/s]
   GAP-web:   7%|▋         | 571457536/8300343137 [00:37<08:58, 14341435.20B/s]
   GAP-web:   7%|▋         | 573014016/8300343137 [00:37<08:47, 14656770.50B/s]
   GAP-web:   7%|▋         | 574504960/8300343137 [00:38<09:21, 13759724.27B/s]
   GAP-web:   7%|▋         | 576061440/8300343137 [00:38<09:03, 14221456.98B/s]
   GAP-web:   7%|▋         | 577585152/8300343137 [00:38<09:31, 13518039.18B/s]
   GAP-web:   7%|▋         | 579125248/8300343137 [00:38<09:10, 14015249.33B/s]
   GAP-web:   7%|▋         | 580665344/8300343137 [00:38<08:58, 14327164.61B/s]
   GAP-web:   7%|▋         | 582123520/8300343137 [00:38<09:27, 13609343.37B/s]
   GAP-web:   7%|▋         | 583663616/8300343137 [00:38<09:07, 14087554.93B/s]
   GAP-web:   7%|▋         | 585220096/8300343137 [00:38<08:53, 14472557.70B/s]
   GAP-web:   7%|▋         | 586694656/8300343137 [00:38<09:25, 13646900.89B/s]
   GAP-web:   7%|▋         | 588234752/8300343137 [00:39<09:06, 14103398.71B/s]
   GAP-web:   7%|▋         | 589758464/8300343137 [00:39<08:54, 14425220.83B/s]
   GAP-web:   7%|▋         | 591216640/8300343137 [00:39<09:18, 13812286.50B/s]
   GAP-web:   7%|▋         | 592904192/8300343137 [00:39<08:46, 14646499.10B/s]
   GAP-web:   7%|▋         | 594395136/8300343137 [00:39<09:25, 13632949.06B/s]
   GAP-web:   7%|▋         | 595869696/8300343137 [00:39<09:13, 13925625.09B/s]
   GAP-web:   7%|▋         | 597360640/8300343137 [00:39<09:02, 14193442.51B/s]
   GAP-web:   7%|▋         | 598802432/8300343137 [00:39<09:37, 13343710.60B/s]
   GAP-web:   7%|▋         | 600293376/8300343137 [00:39<09:20, 13740327.89B/s]
   GAP-web:   7%|▋         | 601800704/8300343137 [00:40<09:06, 14080288.51B/s]
   GAP-web:   7%|▋         | 603226112/8300343137 [00:40<09:32, 13438159.67B/s]
   GAP-web:   7%|▋         | 604749824/8300343137 [00:40<09:12, 13935626.91B/s]
   GAP-web:   7%|▋         | 606158848/8300343137 [00:40<09:27, 13546121.83B/s]
   GAP-web:   7%|▋         | 607862784/8300343137 [00:40<08:50, 14501735.89B/s]
   GAP-web:   7%|▋         | 609550336/8300343137 [00:40<08:27, 15159392.60B/s]
   GAP-web:   7%|▋         | 611090432/8300343137 [00:40<08:53, 14400669.65B/s]
   GAP-web:   7%|▋         | 612794368/8300343137 [00:40<08:28, 15126186.15B/s]
   GAP-web:   7%|▋         | 614334464/8300343137 [00:40<08:51, 14458417.81B/s]
   GAP-web:   7%|▋         | 616005632/8300343137 [00:40<08:30, 15061050.06B/s]
   GAP-web:   7%|▋         | 617676800/8300343137 [00:41<08:15, 15496404.11B/s]
   GAP-web:   7%|▋         | 619249664/8300343137 [00:41<08:42, 14713993.39B/s]
   GAP-web:   7%|▋         | 620937216/8300343137 [00:41<08:22, 15292790.16B/s]
   GAP-web:   8%|▊         | 622559232/8300343137 [00:41<08:13, 15556196.06B/s]
   GAP-web:   8%|▊         | 624132096/8300343137 [00:41<09:04, 14094525.08B/s]
   GAP-web:   8%|▊         | 625606656/8300343137 [00:41<08:58, 14264320.72B/s]
   GAP-web:   8%|▊         | 627064832/8300343137 [00:41<09:34, 13359775.20B/s]
   GAP-web:   8%|▊         | 628572160/8300343137 [00:41<09:15, 13798449.72B/s]
   GAP-web:   8%|▊         | 630095872/8300343137 [00:41<09:01, 14154377.56B/s]
   GAP-web:   8%|▊         | 631537664/8300343137 [00:42<09:33, 13366994.33B/s]
   GAP-web:   8%|▊         | 633061376/8300343137 [00:42<09:13, 13860502.55B/s]
   GAP-web:   8%|▊         | 634568704/8300343137 [00:42<08:59, 14196879.77B/s]
   GAP-web:   8%|▊         | 636010496/8300343137 [00:42<09:33, 13354382.98B/s]
   GAP-web:   8%|▊         | 637485056/8300343137 [00:42<09:17, 13735413.06B/s]
   GAP-web:   8%|▊         | 638992384/8300343137 [00:42<09:02, 14112244.01B/s]
   GAP-web:   8%|▊         | 640417792/8300343137 [00:42<09:32, 13375528.95B/s]
   GAP-web:   8%|▊         | 641925120/8300343137 [00:42<09:14, 13822645.51B/s]
   GAP-web:   8%|▊         | 643334144/8300343137 [00:42<09:44, 13091503.04B/s]
   GAP-web:   8%|▊         | 644841472/8300343137 [00:43<09:22, 13604711.78B/s]
   GAP-web:   8%|▊         | 646348800/8300343137 [00:43<09:06, 14012560.63B/s]
   GAP-web:   8%|▊         | 647774208/8300343137 [00:43<09:39, 13215868.46B/s]
   GAP-web:   8%|▊         | 649281536/8300343137 [00:43<09:18, 13697004.81B/s]
   GAP-web:   8%|▊         | 650772480/8300343137 [00:43<09:05, 14019445.56B/s]
   GAP-web:   8%|▊         | 652197888/8300343137 [00:43<09:37, 13244158.43B/s]
   GAP-web:   8%|▊         | 653721600/8300343137 [00:43<09:15, 13770008.18B/s]
   GAP-web:   8%|▊         | 655228928/8300343137 [00:43<09:01, 14108462.00B/s]
   GAP-web:   8%|▊         | 656654336/8300343137 [00:43<09:35, 13277844.76B/s]
   GAP-web:   8%|▊         | 658161664/8300343137 [00:44<09:15, 13764196.75B/s]
   GAP-web:   8%|▊         | 659668992/8300343137 [00:44<09:02, 14095831.54B/s]
   GAP-web:   8%|▊         | 661094400/8300343137 [00:44<09:36, 13252310.18B/s]
   GAP-web:   8%|▊         | 662585344/8300343137 [00:44<09:17, 13695446.82B/s]
   GAP-web:   8%|▊         | 664043520/8300343137 [00:44<09:08, 13918355.81B/s]
   GAP-web:   8%|▊         | 665452544/8300343137 [00:44<09:44, 13054372.53B/s]
   GAP-web:   8%|▊         | 666910720/8300343137 [00:44<09:30, 13389896.11B/s]
   GAP-web:   8%|▊         | 668270592/8300343137 [00:44<09:52, 12873895.70B/s]
   GAP-web:   8%|▊         | 669777920/8300343137 [00:44<09:27, 13456603.25B/s]
   GAP-web:   8%|▊         | 671268864/8300343137 [00:45<09:10, 13860427.08B/s]
   GAP-web:   8%|▊         | 672677888/8300343137 [00:45<09:39, 13169925.57B/s]
   GAP-web:   8%|▊         | 674152448/8300343137 [00:45<09:20, 13599086.36B/s]
   GAP-web:   8%|▊         | 675643392/8300343137 [00:45<09:06, 13941968.09B/s]
   GAP-web:   8%|▊         | 677052416/8300343137 [00:45<09:44, 13047989.23B/s]
   GAP-web:   8%|▊         | 678510592/8300343137 [00:45<09:26, 13460847.53B/s]
   GAP-web:   8%|▊         | 680001536/8300343137 [00:45<09:10, 13849058.75B/s]
   GAP-web:   8%|▊         | 681410560/8300343137 [00:45<09:34, 13255205.31B/s]
   GAP-web:   8%|▊         | 682917888/8300343137 [00:45<09:13, 13755605.26B/s]
   GAP-web:   8%|▊         | 684343296/8300343137 [00:45<09:45, 13002746.04B/s]
   GAP-web:   8%|▊         | 685850624/8300343137 [00:46<09:20, 13574412.76B/s]
   GAP-web:   8%|▊         | 687357952/8300343137 [00:46<09:04, 13972688.72B/s]
   GAP-web:   8%|▊         | 688783360/8300343137 [00:46<09:35, 13226607.54B/s]
   GAP-web:   8%|▊         | 690290688/8300343137 [00:46<09:15, 13704082.18B/s]
   GAP-web:   8%|▊         | 691781632/8300343137 [00:46<09:02, 14027646.58B/s]
   GAP-web:   8%|▊         | 693207040/8300343137 [00:46<09:32, 13296532.54B/s]
   GAP-web:   8%|▊         | 694697984/8300343137 [00:46<09:14, 13726403.89B/s]
   GAP-web:   8%|▊         | 696172544/8300343137 [00:46<09:03, 13989507.83B/s]
   GAP-web:   8%|▊         | 697597952/8300343137 [00:46<09:34, 13224487.55B/s]
   GAP-web:   8%|▊         | 699105280/8300343137 [00:47<09:14, 13710946.95B/s]
   GAP-web:   8%|▊         | 700596224/8300343137 [00:47<09:02, 14020893.99B/s]
   GAP-web:   8%|▊         | 702021632/8300343137 [00:47<09:34, 13225444.74B/s]
   GAP-web:   8%|▊         | 703528960/8300343137 [00:47<09:13, 13733963.61B/s]
   GAP-web:   8%|▊         | 704987136/8300343137 [00:47<09:46, 12955906.37B/s]
   GAP-web:   9%|▊         | 706494464/8300343137 [00:47<09:21, 13525623.34B/s]
   GAP-web:   9%|▊         | 708034560/8300343137 [00:47<09:01, 14015250.48B/s]
   GAP-web:   9%|▊         | 709459968/8300343137 [00:47<09:33, 13225909.00B/s]
   GAP-web:   9%|▊         | 710983680/8300343137 [00:47<09:10, 13774083.78B/s]
   GAP-web:   9%|▊         | 712523776/8300343137 [00:48<08:53, 14211724.98B/s]
   GAP-web:   9%|▊         | 713965568/8300343137 [00:48<09:21, 13502047.47B/s]
   GAP-web:   9%|▊         | 715522048/8300343137 [00:48<08:59, 14050466.95B/s]
   GAP-web:   9%|▊         | 717029376/8300343137 [00:48<08:48, 14341742.90B/s]
   GAP-web:   9%|▊         | 718487552/8300343137 [00:48<09:18, 13569115.55B/s]
   GAP-web:   9%|▊         | 720011264/8300343137 [00:48<09:00, 14032327.73B/s]
   GAP-web:   9%|▊         | 721436672/8300343137 [00:48<09:38, 13105227.70B/s]
   GAP-web:   9%|▊         | 723009536/8300343137 [00:48<09:09, 13792769.25B/s]
   GAP-web:   9%|▊         | 724516864/8300343137 [00:48<08:55, 14151638.62B/s]
   GAP-web:   9%|▊         | 725958656/8300343137 [00:49<09:22, 13475701.58B/s]
   GAP-web:   9%|▉         | 727465984/8300343137 [00:49<09:05, 13894587.72B/s]
   GAP-web:   9%|▉         | 728973312/8300343137 [00:49<08:53, 14204588.13B/s]
   GAP-web:   9%|▉         | 730415104/8300343137 [00:49<09:25, 13374844.28B/s]
   GAP-web:   9%|▉         | 731906048/8300343137 [00:49<09:09, 13782433.86B/s]
   GAP-web:   9%|▉         | 733364224/8300343137 [00:49<09:00, 13998485.46B/s]
   GAP-web:   9%|▉         | 734789632/8300343137 [00:49<09:36, 13126761.14B/s]
   GAP-web:   9%|▉         | 736247808/8300343137 [00:49<09:19, 13519933.28B/s]
   GAP-web:   9%|▉         | 737656832/8300343137 [00:49<09:48, 12843055.56B/s]
   GAP-web:   9%|▉         | 739131392/8300343137 [00:49<09:26, 13344898.42B/s]
   GAP-web:   9%|▉         | 740622336/8300343137 [00:50<09:11, 13710908.58B/s]
   GAP-web:   9%|▉         | 742014976/8300343137 [00:50<09:41, 12999864.73B/s]
   GAP-web:   9%|▉         | 743505920/8300343137 [00:50<09:19, 13498995.21B/s]
   GAP-web:   9%|▉         | 745013248/8300343137 [00:50<09:02, 13921335.11B/s]
   GAP-web:   9%|▉         | 746422272/8300343137 [00:50<09:35, 13128594.79B/s]
   GAP-web:   9%|▉         | 747945984/8300343137 [00:50<09:11, 13682444.53B/s]
   GAP-web:   9%|▉         | 749453312/8300343137 [00:50<08:56, 14066178.59B/s]
   GAP-web:   9%|▉         | 750878720/8300343137 [00:50<09:25, 13350858.04B/s]
   GAP-web:   9%|▉         | 752386048/8300343137 [00:50<09:06, 13814522.45B/s]
   GAP-web:   9%|▉         | 753844224/8300343137 [00:51<09:35, 13122914.89B/s]
   GAP-web:   9%|▉         | 755335168/8300343137 [00:51<09:15, 13592405.85B/s]
   GAP-web:   9%|▉         | 756826112/8300343137 [00:51<09:00, 13945837.82B/s]
   GAP-web:   9%|▉         | 758235136/8300343137 [00:51<09:32, 13170883.12B/s]
   GAP-web:   9%|▉         | 759709696/8300343137 [00:51<09:14, 13604478.65B/s]
   GAP-web:   9%|▉         | 761233408/8300343137 [00:51<08:56, 14054199.02B/s]
   GAP-web:   9%|▉         | 762658816/8300343137 [00:51<09:28, 13268282.69B/s]
   GAP-web:   9%|▉         | 764149760/8300343137 [00:51<09:09, 13709340.21B/s]
   GAP-web:   9%|▉         | 765657088/8300343137 [00:51<08:55, 14072921.36B/s]
   GAP-web:   9%|▉         | 767082496/8300343137 [00:52<09:26, 13288318.08B/s]
   GAP-web:   9%|▉         | 768606208/8300343137 [00:52<09:05, 13795954.25B/s]
   GAP-web:   9%|▉         | 770080768/8300343137 [00:52<09:36, 13070326.93B/s]
   GAP-web:   9%|▉         | 771588096/8300343137 [00:52<09:14, 13588391.98B/s]
   GAP-web:   9%|▉         | 773062656/8300343137 [00:52<09:02, 13875955.67B/s]
   GAP-web:   9%|▉         | 774471680/8300343137 [00:52<09:31, 13163070.84B/s]
   GAP-web:   9%|▉         | 775962624/8300343137 [00:52<09:14, 13563000.11B/s]
   GAP-web:   9%|▉         | 777486336/8300343137 [00:52<08:55, 14036034.13B/s]
   GAP-web:   9%|▉         | 778911744/8300343137 [00:52<09:32, 13144855.16B/s]
   GAP-web:   9%|▉         | 780369920/8300343137 [00:53<09:15, 13537618.75B/s]
   GAP-web:   9%|▉         | 781860864/8300343137 [00:53<09:00, 13912619.99B/s]
   GAP-web:   9%|▉         | 783269888/8300343137 [00:53<09:09, 13687219.37B/s]
   GAP-web:   9%|▉         | 784760832/8300343137 [00:53<08:56, 14005107.69B/s]
   GAP-web:   9%|▉         | 786235392/8300343137 [00:53<08:49, 14203443.39B/s]
   GAP-web:   9%|▉         | 787677184/8300343137 [00:53<09:23, 13338192.21B/s]
   GAP-web:  10%|▉         | 789168128/8300343137 [00:53<09:05, 13768740.03B/s]
   GAP-web:  10%|▉         | 790560768/8300343137 [00:53<09:35, 13056545.34B/s]
   GAP-web:  10%|▉         | 792051712/8300343137 [00:53<09:14, 13547071.41B/s]
   GAP-web:  10%|▉         | 793542656/8300343137 [00:53<08:59, 13926064.09B/s]
   GAP-web:  10%|▉         | 794951680/8300343137 [00:54<09:29, 13167741.80B/s]
   GAP-web:  10%|▉         | 796393472/8300343137 [00:54<09:16, 13494360.50B/s]
   GAP-web:  10%|▉         | 797835264/8300343137 [00:54<09:05, 13757385.98B/s]
   GAP-web:  10%|▉         | 799227904/8300343137 [00:54<09:33, 13070334.20B/s]
   GAP-web:  10%|▉         | 800702464/8300343137 [00:54<09:14, 13522394.86B/s]
   GAP-web:  10%|▉         | 802209792/8300343137 [00:54<08:58, 13926749.84B/s]
   GAP-web:  10%|▉         | 803618816/8300343137 [00:54<09:17, 13439465.49B/s]
   GAP-web:  10%|▉         | 805126144/8300343137 [00:54<08:59, 13889456.50B/s]
   GAP-web:  10%|▉         | 806633472/8300343137 [00:54<08:46, 14221380.50B/s]
   GAP-web:  10%|▉         | 808075264/8300343137 [00:55<09:14, 13504355.80B/s]
   GAP-web:  10%|▉         | 809582592/8300343137 [00:55<08:57, 13930664.32B/s]
   GAP-web:  10%|▉         | 810991616/8300343137 [00:55<09:29, 13151086.85B/s]
   GAP-web:  10%|▉         | 812449792/8300343137 [00:55<09:13, 13537970.99B/s]
   GAP-web:  10%|▉         | 813891584/8300343137 [00:55<09:03, 13761960.23B/s]
   GAP-web:  10%|▉         | 815284224/8300343137 [00:55<09:34, 13039001.77B/s]
   GAP-web:  10%|▉         | 816791552/8300343137 [00:55<09:09, 13608348.17B/s]
   GAP-web:  10%|▉         | 818249728/8300343137 [00:55<08:59, 13873903.02B/s]
   GAP-web:  10%|▉         | 819658752/8300343137 [00:55<09:27, 13182438.46B/s]
   GAP-web:  10%|▉         | 821166080/8300343137 [00:56<09:07, 13670347.86B/s]
   GAP-web:  10%|▉         | 822657024/8300343137 [00:56<08:53, 14009899.05B/s]
   GAP-web:  10%|▉         | 824164352/8300343137 [00:56<08:43, 14292734.93B/s]
   GAP-web:  10%|▉         | 825606144/8300343137 [00:56<09:22, 13298068.95B/s]
   GAP-web:  10%|▉         | 827097088/8300343137 [00:56<09:05, 13712053.09B/s]
   GAP-web:  10%|▉         | 828588032/8300343137 [00:56<08:53, 14011654.02B/s]
   GAP-web:  10%|▉         | 830013440/8300343137 [00:56<09:24, 13228407.63B/s]
   GAP-web:  10%|█         | 831488000/8300343137 [00:56<09:07, 13640873.32B/s]
   GAP-web:  10%|█         | 832962560/8300343137 [00:56<08:56, 13927675.82B/s]
   
   asv: benchmark timed out (timeout 60s)
   
   For parameters: bfs_gap_inputs.GAP/GAP-kron_41823215
   INFO root: Dataset suitesparse_matrix.GAP/GAP-kron manifest metadata is stale.
   
   GAP-kron:   0%|          | 0/14570837178 [00:00<?, ?B/s]
   GAP-kron:   0%|          | 344064/14570837178 [00:00<1:22:08, 2956524.17B/s]
   GAP-kron:   0%|          | 835584/14570837178 [00:00<1:01:56, 3920432.26B/s]
   GAP-kron:   0%|          | 1441792/14570837178 [00:00<50:05, 4846861.11B/s] 
   GAP-kron:   0%|          | 2080768/14570837178 [00:00<44:50, 5414909.32B/s]
   GAP-kron:   0%|          | 2867200/14570837178 [00:00<39:57, 6075194.05B/s]
   GAP-kron:   0%|          | 3768320/14570837178 [00:00<35:36, 6818283.47B/s]
   GAP-kron:   0%|          | 4571136/14570837178 [00:00<33:46, 7188818.18B/s]
   GAP-kron:   0%|          | 5521408/14570837178 [00:00<30:45, 7892459.65B/s]
   GAP-kron:   0%|          | 6471680/14570837178 [00:00<30:51, 7864641.96B/s]
   GAP-kron:   0%|          | 7454720/14570837178 [00:01<28:59, 8370144.60B/s]
   GAP-kron:   0%|          | 8536064/14570837178 [00:01<26:58, 8999483.50B/s]
   GAP-kron:   0%|          | 9748480/14570837178 [00:01<24:50, 9769606.49B/s]
   GAP-kron:   0%|          | 11075584/14570837178 [00:01<22:34, 10747686.52B/s]
   GAP-kron:   0%|          | 12189696/14570837178 [00:01<22:22, 10840492.51B/s]
   GAP-kron:   0%|          | 13451264/14570837178 [00:01<21:24, 11330135.30B/s]
   GAP-kron:   0%|          | 14811136/14570837178 [00:01<20:15, 11975956.97B/s]
   GAP-kron:   0%|          | 16187392/14570837178 [00:01<19:23, 12504647.20B/s]
   GAP-kron:   0%|          | 17448960/14570837178 [00:01<19:21, 12533331.32B/s]
   GAP-kron:   0%|          | 18923520/14570837178 [00:01<18:23, 13185244.08B/s]
   GAP-kron:   0%|          | 20430848/14570837178 [00:02<17:40, 13722629.83B/s]
   GAP-kron:   0%|          | 21938176/14570837178 [00:02<17:09, 14125925.11B/s]
   GAP-kron:   0%|          | 23429120/14570837178 [00:02<16:53, 14352605.97B/s]
   GAP-kron:   0%|          | 24920064/14570837178 [00:02<16:42, 14502731.26B/s]
   GAP-kron:   0%|          | 26411008/14570837178 [00:02<16:41, 14518093.47B/s]
   GAP-kron:   0%|          | 27901952/14570837178 [00:02<16:46, 14447133.79B/s]
   GAP-kron:   0%|          | 29474816/14570837178 [00:02<16:22, 14797219.75B/s]
   GAP-kron:   0%|          | 30998528/14570837178 [00:02<16:15, 14908390.07B/s]
   GAP-kron:   0%|          | 32571392/14570837178 [00:02<16:01, 15113141.75B/s]
   GAP-kron:   0%|          | 34177024/14570837178 [00:02<15:44, 15393424.80B/s]
   GAP-kron:   0%|          | 35782656/14570837178 [00:03<15:33, 15578359.11B/s]
   GAP-kron:   0%|          | 37404672/14570837178 [00:03<15:21, 15768155.11B/s]
   GAP-kron:   0%|          | 39026688/14570837178 [00:03<15:14, 15885214.76B/s]
   GAP-kron:   0%|          | 40714240/14570837178 [00:03<14:58, 16177400.57B/s]
   GAP-kron:   0%|          | 42401792/14570837178 [00:03<14:46, 16381540.42B/s]
   GAP-kron:   0%|          | 44105728/14570837178 [00:03<14:38, 16540658.63B/s]
   GAP-kron:   0%|          | 45793280/14570837178 [00:03<14:33, 16628676.71B/s]
   GAP-kron:   0%|          | 47464448/14570837178 [00:03<14:35, 16593521.37B/s]
   GAP-kron:   0%|          | 49152000/14570837178 [00:03<14:33, 16633540.84B/s]
   GAP-kron:   0%|          | 50872320/14570837178 [00:03<14:25, 16782457.13B/s]
   GAP-kron:   0%|          | 52576256/14570837178 [00:04<14:23, 16821787.86B/s]
   GAP-kron:   0%|          | 54312960/14570837178 [00:04<14:16, 16958505.96B/s]
   GAP-kron:   0%|          | 56098816/14570837178 [00:04<14:03, 17203041.77B/s]
   GAP-kron:   0%|          | 57835520/14570837178 [00:04<14:10, 17054879.20B/s]
   GAP-kron:   0%|          | 59555840/14570837178 [00:04<14:14, 16981955.43B/s]
   GAP-kron:   0%|          | 61341696/14570837178 [00:04<14:02, 17220705.86B/s]
   GAP-kron:   0%|          | 63094784/14570837178 [00:04<14:00, 17265747.14B/s]
   GAP-kron:   0%|          | 64847872/14570837178 [00:04<13:58, 17291234.64B/s]
   GAP-kron:   0%|          | 66584576/14570837178 [00:04<14:01, 17233084.04B/s]
   GAP-kron:   0%|          | 68321280/14570837178 [00:05<14:10, 17049116.17B/s]
   GAP-kron:   0%|          | 70041600/14570837178 [00:05<14:12, 17010704.39B/s]
   GAP-kron:   0%|          | 71745536/14570837178 [00:05<14:23, 16791188.52B/s]
   GAP-kron:   1%|          | 73449472/14570837178 [00:05<14:19, 16863067.01B/s]
   GAP-kron:   1%|          | 75186176/14570837178 [00:05<14:13, 16974855.84B/s]
   GAP-kron:   1%|          | 76939264/14570837178 [00:05<14:06, 17129352.85B/s]
   GAP-kron:   1%|          | 78659584/14570837178 [00:05<14:10, 17040508.84B/s]
   GAP-kron:   1%|          | 80379904/14570837178 [00:05<14:08, 17080463.01B/s]
   GAP-kron:   1%|          | 82100224/14570837178 [00:05<14:12, 16994483.21B/s]
   GAP-kron:   1%|          | 83804160/14570837178 [00:05<14:13, 16982699.01B/s]
   GAP-kron:   1%|          | 85540864/14570837178 [00:06<14:07, 17083636.98B/s]
   GAP-kron:   1%|          | 87261184/14570837178 [00:06<14:09, 17048751.40B/s]
   GAP-kron:   1%|          | 88981504/14570837178 [00:06<14:11, 16999544.24B/s]
   GAP-kron:   1%|          | 90734592/14570837178 [00:06<14:04, 17148186.17B/s]
   GAP-kron:   1%|          | 92520448/14570837178 [00:06<13:54, 17354161.66B/s]
   GAP-kron:   1%|          | 94306304/14570837178 [00:06<13:47, 17491491.91B/s]
   GAP-kron:   1%|          | 96059392/14570837178 [00:06<13:52, 17377562.28B/s]
   GAP-kron:   1%|          | 97894400/14570837178 [00:06<13:40, 17629467.98B/s]
   GAP-kron:   1%|          | 99663872/14570837178 [00:06<13:41, 17612596.62B/s]
   GAP-kron:   1%|          | 101466112/14570837178 [00:06<13:35, 17734373.42B/s]
   GAP-kron:   1%|          | 103251968/14570837178 [00:07<13:37, 17697997.68B/s]
   GAP-kron:   1%|          | 105054208/14570837178 [00:07<13:33, 17788503.11B/s]
   GAP-kron:   1%|          | 106905600/14570837178 [00:07<13:24, 17981231.75B/s]
   GAP-kron:   1%|          | 108707840/14570837178 [00:07<13:27, 17909119.99B/s]
   GAP-kron:   1%|          | 110510080/14570837178 [00:07<13:44, 17542741.84B/s]
   GAP-kron:   1%|          | 112279552/14570837178 [00:07<13:49, 17434931.44B/s]
   GAP-kron:   1%|          | 114032640/14570837178 [00:07<13:54, 17322248.45B/s]
   GAP-kron:   1%|          | 115818496/14570837178 [00:07<13:47, 17465100.31B/s]
   GAP-kron:   1%|          | 117587968/14570837178 [00:07<13:46, 17486264.93B/s]
   GAP-kron:   1%|          | 119357440/14570837178 [00:07<13:44, 17524845.42B/s]
   GAP-kron:   1%|          | 121110528/14570837178 [00:08<13:44, 17525811.77B/s]
   GAP-kron:   1%|          | 122863616/14570837178 [00:08<13:44, 17519833.38B/s]
   GAP-kron:   1%|          | 124649472/14570837178 [00:08<13:40, 17608020.77B/s]
   GAP-kron:   1%|          | 126418944/14570837178 [00:08<13:40, 17606475.38B/s]
   GAP-kron:   1%|          | 128188416/14570837178 [00:08<13:42, 17555701.02B/s]
   GAP-kron:   1%|          | 129957888/14570837178 [00:08<13:48, 17438058.73B/s]
   GAP-kron:   1%|          | 131710976/14570837178 [00:08<13:49, 17400331.39B/s]
   GAP-kron:   1%|          | 133464064/14570837178 [00:08<13:51, 17366257.77B/s]
   GAP-kron:   1%|          | 135233536/14570837178 [00:08<13:46, 17455917.27B/s]
   GAP-kron:   1%|          | 137035776/14570837178 [00:08<13:40, 17589601.89B/s]
   GAP-kron:   1%|          | 138821632/14570837178 [00:09<13:38, 17622660.20B/s]
   GAP-kron:   1%|          | 140607488/14570837178 [00:09<13:35, 17691863.22B/s]
   GAP-kron:   1%|          | 142376960/14570837178 [00:09<13:36, 17673857.94B/s]
   GAP-kron:   1%|          | 144195584/14570837178 [00:09<13:30, 17789421.44B/s]
   GAP-kron:   1%|          | 146014208/14570837178 [00:09<13:26, 17876520.73B/s]
   GAP-kron:   1%|          | 147816448/14570837178 [00:09<13:24, 17919072.59B/s]
   GAP-kron:   1%|          | 149618688/14570837178 [00:09<13:28, 17832606.38B/s]
   GAP-kron:   1%|          | 151404544/14570837178 [00:09<13:32, 17757154.01B/s]
   GAP-kron:   1%|          | 153190400/14570837178 [00:09<13:34, 17711280.45B/s]
   GAP-kron:   1%|          | 154976256/14570837178 [00:09<13:33, 17712360.58B/s]
   GAP-kron:   1%|          | 156794880/14570837178 [00:10<13:28, 17834803.94B/s]
   GAP-kron:   1%|          | 158580736/14570837178 [00:10<13:28, 17836947.05B/s]
   GAP-kron:   1%|          | 160366592/14570837178 [00:10<13:31, 17768317.92B/s]
   GAP-kron:   1%|          | 162152448/14570837178 [00:10<13:34, 17698413.58B/s]
   GAP-kron:   1%|          | 163938304/14570837178 [00:10<13:32, 17731921.61B/s]
   GAP-kron:   1%|          | 165756928/14570837178 [00:10<13:26, 17853211.96B/s]
   GAP-kron:   1%|          | 167559168/14570837178 [00:10<13:25, 17879380.11B/s]
   GAP-kron:   1%|          | 169361408/14570837178 [00:10<13:33, 17703786.07B/s]
   GAP-kron:   1%|          | 171147264/14570837178 [00:10<13:43, 17495112.63B/s]
   GAP-kron:   1%|          | 172900352/14570837178 [00:10<13:46, 17411297.72B/s]
   GAP-kron:   1%|          | 174653440/14570837178 [00:11<13:46, 17425108.91B/s]
   GAP-kron:   1%|          | 176455680/14570837178 [00:11<13:40, 17546550.50B/s]
   GAP-kron:   1%|          | 178225152/14570837178 [00:11<13:38, 17580456.96B/s]
   GAP-kron:   1%|          | 179994624/14570837178 [00:11<13:44, 17459542.12B/s]
   GAP-kron:   1%|          | 181780480/14570837178 [00:11<13:40, 17545492.98B/s]
   GAP-kron:   1%|▏         | 183549952/14570837178 [00:11<13:38, 17585550.78B/s]
   GAP-kron:   1%|▏         | 185335808/14570837178 [00:11<13:36, 17612933.89B/s]
   GAP-kron:   1%|▏         | 187105280/14570837178 [00:11<13:52, 17273331.20B/s]
   GAP-kron:   1%|▏         | 188874752/14570837178 [00:11<13:48, 17368101.64B/s]
   GAP-kron:   1%|▏         | 190660608/14570837178 [00:11<13:42, 17481294.65B/s]
   GAP-kron:   1%|▏         | 192413696/14570837178 [00:12<13:44, 17432414.89B/s]
   GAP-kron:   1%|▏         | 194215936/14570837178 [00:12<13:36, 17603528.39B/s]
   GAP-kron:   1%|▏         | 196050944/14570837178 [00:12<13:27, 17795284.99B/s]
   GAP-kron:   1%|▏         | 197869568/14570837178 [00:12<13:23, 17894421.91B/s]
   GAP-kron:   1%|▏         | 199671808/14570837178 [00:12<13:22, 17913703.32B/s]
   GAP-kron:   1%|▏         | 201474048/14570837178 [00:12<13:31, 17699923.69B/s]
   GAP-kron:   1%|▏         | 203259904/14570837178 [00:12<13:34, 17645983.02B/s]
   GAP-kron:   1%|▏         | 205029376/14570837178 [00:12<13:35, 17620201.45B/s]
   GAP-kron:   1%|▏         | 206798848/14570837178 [00:12<13:44, 17422577.95B/s]
   GAP-kron:   1%|▏         | 208551936/14570837178 [00:13<14:04, 16997930.27B/s]
   GAP-kron:   1%|▏         | 210255872/14570837178 [00:13<14:10, 16888488.80B/s]
   GAP-kron:   1%|▏         | 212058112/14570837178 [00:13<13:54, 17214502.21B/s]
   GAP-kron:   1%|▏         | 213925888/14570837178 [00:13<13:41, 17479903.31B/s]
   GAP-kron:   1%|▏         | 215777280/14570837178 [00:13<13:28, 17757058.41B/s]
   GAP-kron:   1%|▏         | 217563136/14570837178 [00:13<13:50, 17287389.80B/s]
   GAP-kron:   2%|▏         | 219299840/14570837178 [00:13<14:06, 16957756.87B/s]
   GAP-kron:   2%|▏         | 221003776/14570837178 [00:13<14:09, 16900028.46B/s]
   GAP-kron:   2%|▏         | 222707712/14570837178 [00:13<14:21, 16660081.16B/s]
   GAP-kron:   2%|▏         | 224428032/14570837178 [00:13<14:15, 16775349.30B/s]
   GAP-kron:   2%|▏         | 226131968/14570837178 [00:14<14:11, 16852016.67B/s]
   GAP-kron:   2%|▏         | 227835904/14570837178 [00:14<14:10, 16863636.22B/s]
   GAP-kron:   2%|▏         | 229523456/14570837178 [00:14<14:11, 16848129.13B/s]
   GAP-kron:   2%|▏         | 231227392/14570837178 [00:14<14:09, 16876117.21B/s]
   GAP-kron:   2%|▏         | 233029632/14570837178 [00:14<13:54, 17173257.08B/s]
   GAP-kron:   2%|▏         | 234782720/14570837178 [00:14<13:50, 17258049.46B/s]
   GAP-kron:   2%|▏         | 236519424/14570837178 [00:14<13:51, 17232698.08B/s]
   GAP-kron:   2%|▏         | 238256128/14570837178 [00:14<13:57, 17107350.64B/s]
   GAP-kron:   2%|▏         | 239976448/14570837178 [00:14<14:08, 16884253.65B/s]
   GAP-kron:   2%|▏         | 241680384/14570837178 [00:14<14:28, 16494387.90B/s]
   GAP-kron:   2%|▏         | 243335168/14570837178 [00:15<14:49, 16109965.35B/s]
   GAP-kron:   2%|▏         | 244957184/14570837178 [00:15<14:48, 16118973.25B/s]
   GAP-kron:   2%|▏         | 246579200/14570837178 [00:15<14:50, 16085357.66B/s]
   GAP-kron:   2%|▏         | 248315904/14570837178 [00:15<14:31, 16432751.12B/s]
   GAP-kron:   2%|▏         | 250003456/14570837178 [00:15<14:25, 16541032.19B/s]
   GAP-kron:   2%|▏         | 251674624/14570837178 [00:15<14:23, 16587757.27B/s]
   GAP-kron:   2%|▏         | 253345792/14570837178 [00:15<14:37, 16322675.03B/s]
   GAP-kron:   2%|▏         | 255016960/14570837178 [00:15<14:32, 16398939.76B/s]
   GAP-kron:   2%|▏         | 256770048/14570837178 [00:15<14:17, 16694478.93B/s]
   GAP-kron:   2%|▏         | 258473984/14570837178 [00:15<14:12, 16780055.38B/s]
   GAP-kron:   2%|▏         | 260161536/14570837178 [00:16<14:28, 16474053.37B/s]
   GAP-kron:   2%|▏         | 261898240/14570837178 [00:16<14:15, 16726429.55B/s]
   GAP-kron:   2%|▏         | 263651328/14570837178 [00:16<14:05, 16927422.74B/s]
   GAP-kron:   2%|▏         | 265420800/14570837178 [00:16<13:55, 17127847.66B/s]
   GAP-kron:   2%|▏         | 267141120/14570837178 [00:16<13:56, 17104305.07B/s]
   GAP-kron:   2%|▏         | 268861440/14570837178 [00:16<14:14, 16733315.94B/s]
   GAP-kron:   2%|▏         | 270581760/14570837178 [00:16<14:08, 16849084.28B/s]
   GAP-kron:   2%|▏         | 272285696/14570837178 [00:16<14:07, 16864984.87B/s]
   GAP-kron:   2%|▏         | 274006016/14570837178 [00:16<14:03, 16939835.64B/s]
   GAP-kron:   2%|▏         | 275759104/14570837178 [00:17<13:55, 17103617.83B/s]
   GAP-kron:   2%|▏         | 277495808/14570837178 [00:17<13:53, 17142675.99B/s]
   GAP-kron:   2%|▏         | 279216128/14570837178 [00:17<13:52, 17159186.14B/s]
   GAP-kron:   2%|▏         | 280952832/14570837178 [00:17<13:51, 17188145.71B/s]
   GAP-kron:   2%|▏         | 282705920/14570837178 [00:17<13:47, 17268837.14B/s]
   GAP-kron:   2%|▏         | 284475392/14570837178 [00:17<13:41, 17390312.31B/s]
   GAP-kron:   2%|▏         | 286228480/14570837178 [00:17<13:48, 17243545.52B/s]
   GAP-kron:   2%|▏         | 287965184/14570837178 [00:17<13:48, 17233866.38B/s]
   GAP-kron:   2%|▏         | 289701888/14570837178 [00:17<13:51, 17179687.64B/s]
   GAP-kron:   2%|▏         | 291471360/14570837178 [00:17<13:44, 17328293.85B/s]
   GAP-kron:   2%|▏         | 293208064/14570837178 [00:18<13:52, 17157674.86B/s]
   GAP-kron:   2%|▏         | 294928384/14570837178 [00:18<14:52, 15986487.53B/s]
   GAP-kron:   2%|▏         | 296550400/14570837178 [00:18<14:55, 15948297.48B/s]
   GAP-kron:   2%|▏         | 298156032/14570837178 [00:18<15:11, 15666665.02B/s]
   GAP-kron:   2%|▏         | 299745280/14570837178 [00:18<15:20, 15511826.16B/s]
   GAP-kron:   2%|▏         | 301301760/14570837178 [00:18<15:35, 15257321.48B/s]
   GAP-kron:   2%|▏         | 302841856/14570837178 [00:18<15:36, 15243019.06B/s]
   GAP-kron:   2%|▏         | 304381952/14570837178 [00:18<15:36, 15234359.21B/s]
   GAP-kron:   2%|▏         | 305922048/14570837178 [00:18<15:56, 14917440.64B/s]
   GAP-kron:   2%|▏         | 307429376/14570837178 [00:18<16:06, 14753102.54B/s]
   GAP-kron:   2%|▏         | 308920320/14570837178 [00:19<16:19, 14558336.81B/s]
   GAP-kron:   2%|▏         | 310509568/14570837178 [00:19<16:06, 14758984.69B/s]
   GAP-kron:   2%|▏         | 312000512/14570837178 [00:19<16:14, 14631037.84B/s]
   GAP-kron:   2%|▏         | 313475072/14570837178 [00:19<16:55, 14041620.82B/s]
   GAP-kron:   2%|▏         | 314884096/14570837178 [00:19<17:31, 13555950.94B/s]
   GAP-kron:   2%|▏         | 316260352/14570837178 [00:19<17:41, 13427207.80B/s]
   GAP-kron:   2%|▏         | 317751296/14570837178 [00:19<17:10, 13834116.00B/s]
   GAP-kron:   2%|▏         | 319143936/14570837178 [00:19<17:12, 13802869.22B/s]
   GAP-kron:   2%|▏         | 320536576/14570837178 [00:19<17:20, 13700470.14B/s]
   GAP-kron:   2%|▏         | 321912832/14570837178 [00:20<17:35, 13505974.20B/s]
   GAP-kron:   2%|▏         | 323452928/14570837178 [00:20<16:55, 14029014.98B/s]
   GAP-kron:   2%|▏         | 324861952/14570837178 [00:20<17:00, 13956921.06B/s]
   GAP-kron:   2%|▏         | 326270976/14570837178 [00:20<17:04, 13908396.14B/s]
   GAP-kron:   2%|▏         | 327729152/14570837178 [00:20<17:04, 13896434.29B/s]
   GAP-kron:   2%|▏         | 329302016/14570837178 [00:20<16:33, 14335539.25B/s]
   GAP-kron:   2%|▏         | 330760192/14570837178 [00:20<16:29, 14388077.85B/s]
   GAP-kron:   2%|▏         | 332201984/14570837178 [00:20<16:35, 14296137.42B/s]
   GAP-kron:   2%|▏         | 333643776/14570837178 [00:20<16:44, 14176590.40B/s]
   GAP-kron:   2%|▏         | 335151104/14570837178 [00:20<16:27, 14422532.06B/s]
   GAP-kron:   2%|▏         | 336609280/14570837178 [00:21<16:26, 14431427.06B/s]
   GAP-kron:   2%|▏         | 338067456/14570837178 [00:21<16:35, 14296746.13B/s]
   GAP-kron:   2%|▏         | 339509248/14570837178 [00:21<16:42, 14198203.14B/s]
   GAP-kron:   2%|▏         | 341016576/14570837178 [00:21<16:27, 14415431.68B/s]
   GAP-kron:   2%|▏         | 342523904/14570837178 [00:21<16:15, 14590956.22B/s]
   GAP-kron:   2%|▏         | 343998464/14570837178 [00:21<16:32, 14331017.92B/s]
   GAP-kron:   2%|▏         | 345440256/14570837178 [00:21<16:51, 14062341.49B/s]
   GAP-kron:   2%|▏         | 346931200/14570837178 [00:21<16:34, 14301759.86B/s]
   GAP-kron:   2%|▏         | 348372992/14570837178 [00:21<16:33, 14314770.61B/s]
   GAP-kron:   2%|▏         | 349814784/14570837178 [00:21<16:43, 14172350.54B/s]
   GAP-kron:   2%|▏         | 351240192/14570837178 [00:22<16:57, 13975497.78B/s]
   GAP-kron:   2%|▏         | 352698368/14570837178 [00:22<16:46, 14121016.62B/s]
   GAP-kron:   2%|▏         | 354123776/14570837178 [00:22<16:55, 13997139.48B/s]
   GAP-kron:   2%|▏         | 355532800/14570837178 [00:22<17:31, 13518869.12B/s]
   GAP-kron:   2%|▏         | 356892672/14570837178 [00:22<17:55, 13213627.08B/s]
   GAP-kron:   2%|▏         | 358268928/14570837178 [00:22<17:50, 13277194.79B/s]
   GAP-kron:   2%|▏         | 359825408/14570837178 [00:22<17:01, 13912823.49B/s]
   GAP-kron:   2%|▏         | 361234432/14570837178 [00:22<16:59, 13933226.44B/s]
   GAP-kron:   2%|▏         | 362643456/14570837178 [00:22<16:58, 13955209.60B/s]
   GAP-kron:   2%|▏         | 364118016/14570837178 [00:23<16:41, 14178826.33B/s]
   GAP-kron:   3%|▎         | 365543424/14570837178 [00:23<16:57, 13962100.13B/s]
   GAP-kron:   3%|▎         | 366952448/14570837178 [00:23<17:06, 13834113.83B/s]
   GAP-kron:   3%|▎         | 368377856/14570837178 [00:23<17:01, 13901572.37B/s]
   GAP-kron:   3%|▎         | 369917952/14570837178 [00:23<16:33, 14298658.55B/s]
   GAP-kron:   3%|▎         | 371359744/14570837178 [00:23<16:37, 14236574.21B/s]
   GAP-kron:   3%|▎         | 372785152/14570837178 [00:23<16:52, 14028804.91B/s]
   GAP-kron:   3%|▎         | 374243328/14570837178 [00:23<16:51, 14029664.54B/s]
   GAP-kron:   3%|▎         | 375668736/14570837178 [00:23<16:50, 14052621.36B/s]
   GAP-kron:   3%|▎         | 377077760/14570837178 [00:23<17:05, 13843441.76B/s]
   GAP-kron:   3%|▎         | 378535936/14570837178 [00:24<16:51, 14034673.72B/s]
   GAP-kron:   3%|▎         | 379994112/14570837178 [00:24<16:40, 14179903.35B/s]
   GAP-kron:   3%|▎         | 381419520/14570837178 [00:24<16:41, 14168857.49B/s]
   GAP-kron:   3%|▎         | 382877696/14570837178 [00:24<16:33, 14278100.15B/s]
   GAP-kron:   3%|▎         | 384385024/14570837178 [00:24<16:32, 14290247.81B/s]
   GAP-kron:   3%|▎         | 385892352/14570837178 [00:24<16:26, 14381550.16B/s]
   GAP-kron:   3%|▎         | 387334144/14570837178 [00:24<16:35, 14244046.71B/s]
   GAP-kron:   3%|▎         | 388759552/14570837178 [00:24<16:55, 13967313.17B/s]
   GAP-kron:   3%|▎         | 390168576/14570837178 [00:24<17:23, 13585457.34B/s]
   GAP-kron:   3%|▎         | 391692288/14570837178 [00:24<17:03, 13855668.00B/s]
   GAP-kron:   3%|▎         | 393084928/14570837178 [00:25<17:07, 13798724.03B/s]
   GAP-kron:   3%|▎         | 394477568/14570837178 [00:25<17:20, 13619041.51B/s]
   GAP-kron:   3%|▎         | 395853824/14570837178 [00:25<17:36, 13423203.60B/s]
   GAP-kron:   3%|▎         | 397344768/14570837178 [00:25<17:20, 13622776.50B/s]
   GAP-kron:   3%|▎         | 398819328/14570837178 [00:25<16:56, 13937411.05B/s]
   GAP-kron:   3%|▎         | 400228352/14570837178 [00:25<17:14, 13692749.27B/s]
   GAP-kron:   3%|▎         | 401604608/14570837178 [00:25<17:38, 13391448.83B/s]
   GAP-kron:   3%|▎         | 402948096/14570837178 [00:25<17:59, 13128178.89B/s]
   GAP-kron:   3%|▎         | 404357120/14570837178 [00:25<17:37, 13399567.87B/s]
   GAP-kron:   3%|▎         | 405700608/14570837178 [00:26<17:47, 13274954.87B/s]
   GAP-kron:   3%|▎         | 407044096/14570837178 [00:26<18:08, 13007231.89B/s]
   GAP-kron:   3%|▎         | 408354816/14570837178 [00:26<18:42, 12615604.21B/s]
   GAP-kron:   3%|▎         | 409731072/14570837178 [00:26<18:19, 12876531.79B/s]
   GAP-kron:   3%|▎         | 411025408/14570837178 [00:26<18:28, 12778178.48B/s]
   GAP-kron:   3%|▎         | 412319744/14570837178 [00:26<18:49, 12536248.77B/s]
   GAP-kron:   3%|▎         | 413581312/14570837178 [00:26<19:08, 12330727.42B/s]
   GAP-kron:   3%|▎         | 414973952/14570837178 [00:26<18:43, 12600022.86B/s]
   GAP-kron:   3%|▎         | 416284672/14570837178 [00:26<18:31, 12731725.76B/s]
   GAP-kron:   3%|▎         | 417562624/14570837178 [00:26<18:53, 12484380.09B/s]
   GAP-kron:   3%|▎         | 418856960/14570837178 [00:27<18:50, 12512846.55B/s]
   GAP-kron:   3%|▎         | 420315136/14570837178 [00:27<18:00, 13095939.43B/s]
   GAP-kron:   3%|▎         | 421642240/14570837178 [00:27<18:07, 13013459.10B/s]
   GAP-kron:   3%|▎         | 422952960/14570837178 [00:27<18:09, 12984662.86B/s]
   GAP-kron:   3%|▎         | 424312832/14570837178 [00:27<17:58, 13119449.47B/s]
   GAP-kron:   3%|▎         | 425787392/14570837178 [00:27<17:22, 13573239.84B/s]
   GAP-kron:   3%|▎         | 427147264/14570837178 [00:27<17:42, 13307238.72B/s]
   GAP-kron:   3%|▎         | 428490752/14570837178 [00:27<17:53, 13178511.59B/s]
   GAP-kron:   3%|▎         | 429817856/14570837178 [00:27<18:10, 12963244.55B/s]
   GAP-kron:   3%|▎         | 431325184/14570837178 [00:28<17:24, 13534950.12B/s]
   GAP-kron:   3%|▎         | 432685056/14570837178 [00:28<17:41, 13321744.03B/s]
   GAP-kron:   3%|▎         | 434028544/14570837178 [00:28<17:52, 13177305.33B/s]
   GAP-kron:   3%|▎         | 435355648/14570837178 [00:28<17:57, 13113715.38B/s]
   GAP-kron:   3%|▎         | 436797440/14570837178 [00:28<17:28, 13474960.34B/s]
   GAP-kron:   3%|▎         | 438157312/14570837178 [00:28<18:00, 13085279.88B/s]
   GAP-kron:   3%|▎         | 439484416/14570837178 [00:28<18:14, 12913381.25B/s]
   GAP-kron:   3%|▎         | 440909824/14570837178 [00:28<17:43, 13289326.00B/s]
   GAP-kron:   3%|▎         | 442269696/14570837178 [00:28<17:37, 13359471.74B/s]
   GAP-kron:   3%|▎         | 443613184/14570837178 [00:28<17:42, 13298948.07B/s]
   GAP-kron:   3%|▎         | 444956672/14570837178 [00:29<17:48, 13218826.83B/s]
   GAP-kron:   3%|▎         | 446513152/14570837178 [00:29<17:03, 13795256.66B/s]
   GAP-kron:   3%|▎         | 447905792/14570837178 [00:29<17:06, 13756058.41B/s]
   GAP-kron:   3%|▎         | 449282048/14570837178 [00:29<17:18, 13601952.99B/s]
   GAP-kron:   3%|▎         | 450658304/14570837178 [00:29<17:25, 13505423.11B/s]
   GAP-kron:   3%|▎         | 452182016/14570837178 [00:29<16:49, 13988016.34B/s]
   GAP-kron:   3%|▎         | 453591040/14570837178 [00:29<17:07, 13740187.40B/s]
   GAP-kron:   3%|▎         | 454967296/14570837178 [00:29<17:17, 13605978.31B/s]
   GAP-kron:   3%|▎         | 456343552/14570837178 [00:29<17:27, 13469245.44B/s]
   GAP-kron:   3%|▎         | 457834496/14570837178 [00:29<16:59, 13849160.74B/s]
   GAP-kron:   3%|▎         | 459227136/14570837178 [00:30<17:12, 13662016.82B/s]
   GAP-kron:   3%|▎         | 460603392/14570837178 [00:30<17:20, 13564239.20B/s]
   GAP-kron:   3%|▎         | 462077952/14570837178 [00:30<17:09, 13708572.04B/s]
   GAP-kron:   3%|▎         | 463585280/14570837178 [00:30<16:42, 14070237.37B/s]
   GAP-kron:   3%|▎         | 464994304/14570837178 [00:30<16:53, 13911887.48B/s]
   GAP-kron:   3%|▎         | 466386944/14570837178 [00:30<17:09, 13703985.93B/s]
   GAP-kron:   3%|▎         | 467812352/14570837178 [00:30<17:11, 13671259.96B/s]
   GAP-kron:   3%|▎         | 469270528/14570837178 [00:30<16:54, 13905347.47B/s]
   GAP-kron:   3%|▎         | 470663168/14570837178 [00:30<17:08, 13703434.11B/s]
   GAP-kron:   3%|▎         | 472039424/14570837178 [00:31<17:27, 13463706.57B/s]
   GAP-kron:   3%|▎         | 473448448/14570837178 [00:31<17:18, 13574177.76B/s]
   GAP-kron:   3%|▎         | 474808320/14570837178 [00:31<17:24, 13494751.02B/s]
   GAP-kron:   3%|▎         | 476168192/14570837178 [00:31<17:41, 13280421.80B/s]
   GAP-kron:   3%|▎         | 477511680/14570837178 [00:31<17:52, 13138722.74B/s]
   GAP-kron:   3%|▎         | 478904320/14570837178 [00:31<17:35, 13356860.27B/s]
   GAP-kron:   3%|▎         | 480247808/14570837178 [00:31<17:39, 13303409.00B/s]
   GAP-kron:   3%|▎         | 481591296/14570837178 [00:31<17:58, 13065033.97B/s]
   GAP-kron:   3%|▎         | 482902016/14570837178 [00:31<17:58, 13067666.62B/s]
   GAP-kron:   3%|▎         | 484392960/14570837178 [00:31<17:15, 13602220.12B/s]
   GAP-kron:   3%|▎         | 485769216/14570837178 [00:32<17:26, 13458288.15B/s]
   GAP-kron:   3%|▎         | 487129088/14570837178 [00:32<17:41, 13268899.34B/s]
   GAP-kron:   3%|▎         | 488472576/14570837178 [00:32<18:19, 12807956.82B/s]
   GAP-kron:   3%|▎         | 489947136/14570837178 [00:32<17:46, 13200692.69B/s]
   GAP-kron:   3%|▎         | 491274240/14570837178 [00:32<17:45, 13210257.53B/s]
   GAP-kron:   3%|▎         | 492601344/14570837178 [00:32<18:01, 13012745.41B/s]
   GAP-kron:   3%|▎         | 493912064/14570837178 [00:32<18:09, 12923147.41B/s]
   GAP-kron:   3%|▎         | 495403008/14570837178 [00:32<17:23, 13489674.74B/s]
   GAP-kron:   3%|▎         | 496762880/14570837178 [00:32<17:57, 13063140.53B/s]
   GAP-kron:   3%|▎         | 498073600/14570837178 [00:33<18:23, 12754023.27B/s]
   GAP-kron:   3%|▎         | 499367936/14570837178 [00:33<18:23, 12747220.80B/s]
   GAP-kron:   3%|▎         | 500809728/14570837178 [00:33<17:44, 13218237.54B/s]
   GAP-kron:   3%|▎         | 502136832/14570837178 [00:33<17:52, 13116238.34B/s]
   GAP-kron:   3%|▎         | 503463936/14570837178 [00:33<18:11, 12891886.53B/s]
   GAP-kron:   3%|▎         | 504954880/14570837178 [00:33<17:23, 13475465.23B/s]
   GAP-kron:   3%|▎         | 506314752/14570837178 [00:33<17:29, 13404190.76B/s]
   GAP-kron:   3%|▎         | 507658240/14570837178 [00:33<17:45, 13197411.76B/s]
   GAP-kron:   3%|▎         | 508985344/14570837178 [00:33<18:09, 12911071.95B/s]
   GAP-kron:   4%|▎         | 510410752/14570837178 [00:33<17:58, 13034294.96B/s]
   GAP-kron:   4%|▎         | 511721472/14570837178 [00:34<18:01, 12998968.60B/s]
   GAP-kron:   4%|▎         | 513032192/14570837178 [00:34<18:18, 12802054.91B/s]
   GAP-kron:   4%|▎         | 514326528/14570837178 [00:34<18:34, 12612575.63B/s]
   GAP-kron:   4%|▎         | 515735552/14570837178 [00:34<18:08, 12911582.69B/s]
   GAP-kron:   4%|▎         | 517062656/14570837178 [00:34<18:02, 12983887.78B/s]
   GAP-kron:   4%|▎         | 518373376/14570837178 [00:34<18:30, 12657936.70B/s]
   GAP-kron:   4%|▎         | 519651328/14570837178 [00:34<18:44, 12492255.15B/s]
   GAP-kron:   4%|▎         | 521043968/14570837178 [00:34<18:18, 12786703.19B/s]
   GAP-kron:   4%|▎         | 522338304/14570837178 [00:34<18:20, 12768137.24B/s]
   GAP-kron:   4%|▎         | 523616256/14570837178 [00:34<18:43, 12501620.44B/s]
   GAP-kron:   4%|▎         | 524877824/14570837178 [00:35<18:59, 12327134.67B/s]
   GAP-kron:   4%|▎         | 526303232/14570837178 [00:35<18:19, 12774543.04B/s]
   GAP-kron:   4%|▎         | 527597568/14570837178 [00:35<18:26, 12692335.46B/s]
   GAP-kron:   4%|▎         | 528875520/14570837178 [00:35<18:39, 12540428.30B/s]
   GAP-kron:   4%|▎         | 530137088/14570837178 [00:35<18:45, 12469916.82B/s]
   GAP-kron:   4%|▎         | 531628032/14570837178 [00:35<17:49, 13121490.50B/s]
   GAP-kron:   4%|▎         | 532955136/14570837178 [00:35<18:01, 12978884.64B/s]
   GAP-kron:   4%|▎         | 534265856/14570837178 [00:35<18:31, 12632641.53B/s]
   GAP-kron:   4%|▎         | 535543808/14570837178 [00:35<19:07, 12234669.90B/s]
   GAP-kron:   4%|▎         | 536772608/14570837178 [00:36<19:59, 11698009.71B/s]
   GAP-kron:   4%|▎         | 538034176/14570837178 [00:36<19:35, 11934250.38B/s]
   GAP-kron:   4%|▎         | 539246592/14570837178 [00:36<20:25, 11451404.36B/s]
   GAP-kron:   4%|▎         | 540409856/14570837178 [00:36<21:00, 11127431.18B/s]
   GAP-kron:   4%|▎         | 541605888/14570837178 [00:36<21:10, 11042784.99B/s]
   GAP-kron:   4%|▎         | 542982144/14570837178 [00:36<19:50, 11784207.44B/s]
   GAP-kron:   4%|▎         | 544178176/14570837178 [00:36<20:23, 11465931.41B/s]
   GAP-kron:   4%|▎         | 545341440/14570837178 [00:36<20:38, 11328230.41B/s]
   GAP-kron:   4%|▍         | 546603008/14570837178 [00:36<20:29, 11402376.33B/s]
   GAP-kron:   4%|▍         | 547913728/14570837178 [00:37<19:39, 11883956.40B/s]
   GAP-kron:   4%|▍         | 549109760/14570837178 [00:37<20:10, 11581110.47B/s]
   GAP-kron:   4%|▍         | 550273024/14570837178 [00:37<20:17, 11516371.79B/s]
   GAP-kron:   4%|▍         | 551714816/14570837178 [00:37<18:56, 12338245.85B/s]
   GAP-kron:   4%|▍         | 552960000/14570837178 [00:37<19:06, 12225891.65B/s]
   GAP-kron:   4%|▍         | 554188800/14570837178 [00:37<19:27, 12003704.71B/s]
   GAP-kron:   4%|▍         | 555499520/14570837178 [00:37<19:05, 12237914.02B/s]
   GAP-kron:   4%|▍         | 556728320/14570837178 [00:37<19:07, 12212403.11B/s]
   GAP-kron:   4%|▍         | 557957120/14570837178 [00:37<19:26, 12008249.00B/s]
   GAP-kron:   4%|▍         | 559300608/14570837178 [00:37<19:00, 12285223.85B/s]
   GAP-kron:   4%|▍         | 560545792/14570837178 [00:38<19:09, 12192055.48B/s]
   GAP-kron:   4%|▍         | 561774592/14570837178 [00:38<19:28, 11985365.55B/s]
   GAP-kron:   4%|▍         | 563183616/14570837178 [00:38<18:38, 12528834.93B/s]
   GAP-kron:   4%|▍         | 564543488/14570837178 [00:38<18:11, 12829874.67B/s]
   GAP-kron:   4%|▍         | 565837824/14570837178 [00:38<18:09, 12860090.34B/s]
   GAP-kron:   4%|▍         | 567230464/14570837178 [00:38<18:01, 12948545.73B/s]
   GAP-kron:   4%|▍         | 568672256/14570837178 [00:38<17:26, 13376896.26B/s]
   GAP-kron:   4%|▍         | 570015744/14570837178 [00:38<17:32, 13297537.94B/s]
   GAP-kron:   4%|▍         | 571359232/14570837178 [00:38<17:42, 13177035.80B/s]
   GAP-kron:   4%|▍         | 572833792/14570837178 [00:38<17:25, 13388746.31B/s]
   GAP-kron:   4%|▍         | 574177280/14570837178 [00:39<17:27, 13356248.38B/s]
   GAP-kron:   4%|▍         | 575520768/14570837178 [00:39<17:54, 13027649.38B/s]
   GAP-kron:   4%|▍         | 576831488/14570837178 [00:39<18:14, 12790509.39B/s]
   GAP-kron:   4%|▍         | 578256896/14570837178 [00:39<17:45, 13136227.21B/s]
   GAP-kron:   4%|▍         | 579584000/14570837178 [00:39<17:44, 13137906.51B/s]
   GAP-kron:   4%|▍         | 580911104/14570837178 [00:39<18:50, 12380216.52B/s]
   GAP-kron:   4%|▍         | 582172672/14570837178 [00:39<18:59, 12279195.11B/s]
   GAP-kron:   4%|▍         | 583614464/14570837178 [00:39<18:09, 12836840.39B/s]
   GAP-kron:   4%|▍         | 584908800/14570837178 [00:39<18:26, 12637942.30B/s]
   GAP-kron:   4%|▍         | 586186752/14570837178 [00:40<18:45, 12427447.24B/s]
   GAP-kron:   4%|▍         | 587448320/14570837178 [00:40<18:54, 12321068.10B/s]
   GAP-kron:   4%|▍         | 588939264/14570837178 [00:40<18:02, 12911243.81B/s]
   GAP-kron:   4%|▍         | 590299136/14570837178 [00:40<17:48, 13087608.29B/s]
   GAP-kron:   4%|▍         | 591626240/14570837178 [00:40<17:49, 13073736.66B/s]
   GAP-kron:   4%|▍         | 592986112/14570837178 [00:40<17:45, 13122816.55B/s]
   GAP-kron:   4%|▍         | 594558976/14570837178 [00:40<17:14, 13508695.17B/s]
   GAP-kron:   4%|▍         | 596131840/14570837178 [00:40<16:29, 14126875.06B/s]
   GAP-kron:   4%|▍         | 597557248/14570837178 [00:40<16:38, 13994893.45B/s]
   GAP-kron:   4%|▍         | 598966272/14570837178 [00:40<17:04, 13634129.76B/s]
   GAP-kron:   4%|▍         | 600342528/14570837178 [00:41<17:18, 13457509.94B/s]
   GAP-kron:   4%|▍         | 601866240/14570837178 [00:41<17:03, 13647353.84B/s]
   GAP-kron:   4%|▍         | 603340800/14570837178 [00:41<16:41, 13943364.22B/s]
   GAP-kron:   4%|▍         | 604749824/14570837178 [00:41<17:01, 13669403.77B/s]
   GAP-kron:   4%|▍         | 606126080/14570837178 [00:41<17:21, 13407027.98B/s]
   GAP-kron:   4%|▍         | 607469568/14570837178 [00:41<17:27, 13336404.15B/s]
   GAP-kron:   4%|▍         | 608927744/14570837178 [00:41<16:59, 13692424.94B/s]
   GAP-kron:   4%|▍         | 610304000/14570837178 [00:41<17:06, 13601565.31B/s]
   GAP-kron:   4%|▍         | 611680256/14570837178 [00:41<17:16, 13470623.77B/s]
   GAP-kron:   4%|▍         | 613072896/14570837178 [00:42<17:28, 13314365.53B/s]
   GAP-kron:   4%|▍         | 614547456/14570837178 [00:42<16:59, 13692671.22B/s]
   GAP-kron:   4%|▍         | 615923712/14570837178 [00:42<17:34, 13233610.74B/s]
   GAP-kron:   4%|▍         | 617250816/14570837178 [00:42<17:44, 13102531.34B/s]
   GAP-kron:   4%|▍         | 618659840/14570837178 [00:42<17:24, 13360561.09B/s]
   GAP-kron:   4%|▍         | 620085248/14570837178 [00:42<17:04, 13610964.28B/s]
   GAP-kron:   4%|▍         | 621461504/14570837178 [00:42<17:19, 13413057.52B/s]
   GAP-kron:   4%|▍         | 622804992/14570837178 [00:42<17:31, 13269197.12B/s]
   GAP-kron:   4%|▍         | 624214016/14570837178 [00:42<17:31, 13260689.96B/s]
   GAP-kron:   4%|▍         | 625770496/14570837178 [00:42<16:49, 13809850.79B/s]
   GAP-kron:   4%|▍         | 627179520/14570837178 [00:43<16:45, 13863978.66B/s]
   GAP-kron:   4%|▍         | 628572160/14570837178 [00:43<16:57, 13706458.09B/s]
   GAP-kron:   4%|▍         | 629948416/14570837178 [00:43<17:10, 13523788.81B/s]
   GAP-kron:   4%|▍         | 631455744/14570837178 [00:43<16:47, 13830831.78B/s]
   GAP-kron:   4%|▍         | 632881152/14570837178 [00:43<16:39, 13944798.98B/s]
   GAP-kron:   4%|▍         | 634290176/14570837178 [00:43<16:41, 13921805.17B/s]
   GAP-kron:   4%|▍         | 635699200/14570837178 [00:43<16:45, 13862345.18B/s]
   GAP-kron:   4%|▍         | 637321216/14570837178 [00:43<16:06, 14416182.00B/s]
   GAP-kron:   4%|▍         | 638861312/14570837178 [00:43<15:47, 14696350.76B/s]
   GAP-kron:   4%|▍         | 640335872/14570837178 [00:44<16:03, 14457382.39B/s]
   GAP-kron:   4%|▍         | 641794048/14570837178 [00:44<16:35, 13988352.17B/s]
   GAP-kron:   4%|▍         | 643203072/14570837178 [00:44<16:50, 13783095.47B/s]
   GAP-kron:   4%|▍         | 644694016/14570837178 [00:44<16:29, 14070871.15B/s]
   GAP-kron:   4%|▍         | 646119424/14570837178 [00:44<16:50, 13786039.43B/s]
   GAP-kron:   4%|▍         | 647512064/14570837178 [00:44<17:03, 13597285.30B/s]
   GAP-kron:   4%|▍         | 648904704/14570837178 [00:44<17:01, 13627740.75B/s]
   GAP-kron:   4%|▍         | 650330112/14570837178 [00:44<16:50, 13771805.91B/s]
   GAP-kron:   4%|▍         | 651722752/14570837178 [00:44<17:06, 13558962.93B/s]
   GAP-kron:   4%|▍         | 653115392/14570837178 [00:44<17:03, 13592070.47B/s]
   GAP-kron:   4%|▍         | 654671872/14570837178 [00:45<16:22, 14161855.50B/s]
   GAP-kron:   5%|▍         | 656097280/14570837178 [00:45<16:29, 14055315.89B/s]
   GAP-kron:   5%|▍         | 657506304/14570837178 [00:45<16:43, 13866321.12B/s]
   GAP-kron:   5%|▍         | 658898944/14570837178 [00:45<16:45, 13837103.45B/s]
   GAP-kron:   5%|▍         | 660324352/14570837178 [00:45<16:37, 13939388.79B/s]
   GAP-kron:   5%|▍         | 661733376/14570837178 [00:45<17:07, 13538573.87B/s]
   GAP-kron:   5%|▍         | 663093248/14570837178 [00:45<17:24, 13319736.81B/s]
   GAP-kron:   5%|▍         | 664535040/14570837178 [00:45<17:12, 13467970.54B/s]
   GAP-kron:   5%|▍         | 665944064/14570837178 [00:45<16:59, 13635454.41B/s]
   GAP-kron:   5%|▍         | 667320320/14570837178 [00:45<17:16, 13412492.69B/s]
   GAP-kron:   5%|▍         | 668680192/14570837178 [00:46<17:15, 13427527.86B/s]
   GAP-kron:   5%|▍         | 670187520/14570837178 [00:46<16:42, 13872109.81B/s]
   GAP-kron:   5%|▍         | 671580160/14570837178 [00:46<17:08, 13520334.63B/s]
   GAP-kron:   5%|▍         | 672940032/14570837178 [00:46<17:33, 13193270.25B/s]
   GAP-kron:   5%|▍         | 674316288/14570837178 [00:46<17:24, 13306199.62B/s]
   GAP-kron:   5%|▍         | 675725312/14570837178 [00:46<17:06, 13530966.87B/s]
   GAP-kron:   5%|▍         | 677085184/14570837178 [00:46<17:23, 13308713.96B/s]
   GAP-kron:   5%|▍         | 678428672/14570837178 [00:46<17:37, 13131879.41B/s]
   GAP-kron:   5%|▍         | 679837696/14570837178 [00:46<17:30, 13228399.25B/s]
   GAP-kron:   5%|▍         | 681213952/14570837178 [00:47<17:18, 13378186.36B/s]
   GAP-kron:   5%|▍         | 682557440/14570837178 [00:47<17:51, 12957885.03B/s]
   GAP-kron:   5%|▍         | 683868160/14570837178 [00:47<18:05, 12788037.85B/s]
   GAP-kron:   5%|▍         | 685326336/14570837178 [00:47<17:25, 13284621.76B/s]
   GAP-kron:   5%|▍         | 686669824/14570837178 [00:47<17:37, 13133418.23B/s]
   GAP-kron:   5%|▍         | 687996928/14570837178 [00:47<17:57, 12888038.39B/s]
   GAP-kron:   5%|▍         | 689422336/14570837178 [00:47<17:38, 13116405.43B/s]
   GAP-kron:   5%|▍         | 690814976/14570837178 [00:47<17:20, 13341935.71B/s]
   GAP-kron:   5%|▍         | 692158464/14570837178 [00:47<17:54, 12911906.76B/s]
   GAP-kron:   5%|▍         | 693534720/14570837178 [00:47<17:36, 13136233.11B/s]
   GAP-kron:   5%|▍         | 694861824/14570837178 [00:48<17:52, 12943146.43B/s]
   GAP-kron:   5%|▍         | 696172544/14570837178 [00:48<17:58, 12866402.54B/s]
   GAP-kron:   5%|▍         | 697663488/14570837178 [00:48<17:12, 13435254.11B/s]
   GAP-kron:   5%|▍         | 699088896/14570837178 [00:48<16:55, 13664567.34B/s]
   GAP-kron:   5%|▍         | 700465152/14570837178 [00:48<17:00, 13586186.97B/s]
   GAP-kron:   5%|▍         | 701939712/14570837178 [00:48<17:01, 13578790.10B/s]
   GAP-kron:   5%|▍         | 703447040/14570837178 [00:48<16:30, 14004101.13B/s]
   GAP-kron:   5%|▍         | 704856064/14570837178 [00:48<16:51, 13705964.65B/s]
   GAP-kron:   5%|▍         | 706232320/14570837178 [00:48<17:10, 13458465.17B/s]
   GAP-kron:   5%|▍         | 707592192/14570837178 [00:49<17:23, 13279193.21B/s]
   GAP-kron:   5%|▍         | 709050368/14570837178 [00:49<16:56, 13637407.85B/s]
   GAP-kron:   5%|▍         | 710426624/14570837178 [00:49<17:21, 13311300.35B/s]
   GAP-kron:   5%|▍         | 711770112/14570837178 [00:49<17:34, 13146995.18B/s]
   GAP-kron:   5%|▍         | 713097216/14570837178 [00:49<17:46, 12998534.91B/s]
   GAP-kron:   5%|▍         | 714539008/14570837178 [00:49<17:14, 13389687.95B/s]
   GAP-kron:   5%|▍         | 715882496/14570837178 [00:49<17:37, 13101744.06B/s]
   GAP-kron:   5%|▍         | 717209600/14570837178 [00:49<17:47, 12983440.05B/s]
   GAP-kron:   5%|▍         | 718635008/14570837178 [00:49<17:25, 13248691.27B/s]
   GAP-kron:   5%|▍         | 720027648/14570837178 [00:49<17:11, 13430480.31B/s]
   GAP-kron:   5%|▍         | 721387520/14570837178 [00:50<17:24, 13255096.01B/s]
   GAP-kron:   5%|▍         | 722747392/14570837178 [00:50<17:18, 13334010.35B/s]
   GAP-kron:   5%|▍         | 724156416/14570837178 [00:50<17:01, 13555262.44B/s]
   GAP-kron:   5%|▍         | 725516288/14570837178 [00:50<17:09, 13447402.54B/s]
   GAP-kron:   5%|▍         | 726908928/14570837178 [00:50<17:13, 13390352.39B/s]
   GAP-kron:   5%|▍         | 728449024/14570837178 [00:50<16:30, 13971249.88B/s]
   GAP-kron:   5%|▌         | 729858048/14570837178 [00:50<16:43, 13792149.54B/s]
   GAP-kron:   5%|▌         | 731250688/14570837178 [00:50<16:52, 13671928.84B/s]
   GAP-kron:   5%|▌         | 732725248/14570837178 [00:50<16:32, 13936429.60B/s]
   GAP-kron:   5%|▌         | 734134272/14570837178 [00:50<16:31, 13960093.66B/s]
   GAP-kron:   5%|▌         | 735543296/14570837178 [00:51<16:39, 13841556.68B/s]
   GAP-kron:   5%|▌         | 736952320/14570837178 [00:51<16:40, 13824855.64B/s]
   GAP-kron:   5%|▌         | 738459648/14570837178 [00:51<16:16, 14170148.70B/s]
   GAP-kron:   5%|▌         | 739885056/14570837178 [00:51<16:36, 13874338.79B/s]
   GAP-kron:   5%|▌         | 741277696/14570837178 [00:51<16:47, 13727207.09B/s]
   GAP-kron:   5%|▌         | 742785024/14570837178 [00:51<16:20, 14103014.70B/s]
   GAP-kron:   5%|▌         | 744210432/14570837178 [00:51<16:23, 14051979.40B/s]
   GAP-kron:   5%|▌         | 745619456/14570837178 [00:51<16:33, 13909632.99B/s]
   GAP-kron:   5%|▌         | 747061248/14570837178 [00:51<16:35, 13881670.23B/s]
   GAP-kron:   5%|▌         | 748535808/14570837178 [00:52<16:18, 14129425.90B/s]
   GAP-kron:   5%|▌         | 749961216/14570837178 [00:52<16:28, 13983493.17B/s]
   GAP-kron:   5%|▌         | 751370240/14570837178 [00:52<16:32, 13923744.58B/s]
   GAP-kron:   5%|▌         | 752910336/14570837178 [00:52<16:03, 14345274.36B/s]
   GAP-kron:   5%|▌         | 754352128/14570837178 [00:52<16:14, 14183753.56B/s]
   GAP-kron:   5%|▌         | 755777536/14570837178 [00:52<16:32, 13919747.99B/s]
   GAP-kron:   5%|▌         | 757219328/14570837178 [00:52<16:36, 13856159.49B/s]
   GAP-kron:   5%|▌         | 758759424/14570837178 [00:52<16:07, 14270823.17B/s]
   GAP-kron:   5%|▌         | 760201216/14570837178 [00:52<16:21, 14077462.80B/s]
   GAP-kron:   5%|▌         | 761626624/14570837178 [00:52<16:38, 13835610.61B/s]
   GAP-kron:   5%|▌         | 763019264/14570837178 [00:53<16:44, 13748938.60B/s]
   GAP-kron:   5%|▌         | 764477440/14570837178 [00:53<16:27, 13983223.32B/s]
   GAP-kron:   5%|▌         | 765886464/14570837178 [00:53<16:38, 13822220.87B/s]
   GAP-kron:   5%|▌         | 767279104/14570837178 [00:53<16:39, 13804285.62B/s]
   GAP-kron:   5%|▌         | 768835584/14570837178 [00:53<16:05, 14295826.69B/s]
   GAP-kron:   5%|▌         | 770277376/14570837178 [00:53<16:08, 14247011.38B/s]
   GAP-kron:   5%|▌         | 771719168/14570837178 [00:53<16:13, 14170156.57B/s]
   GAP-kron:   5%|▌         | 773226496/14570837178 [00:53<15:56, 14421268.26B/s]
   GAP-kron:   5%|▌         | 774684672/14570837178 [00:53<16:14, 14163275.47B/s]
   GAP-kron:   5%|▌         | 776110080/14570837178 [00:53<16:19, 14082407.42B/s]
   GAP-kron:   5%|▌         | 777535488/14570837178 [00:54<16:18, 14096907.70B/s]
   GAP-kron:   5%|▌         | 779075584/14570837178 [00:54<15:54, 14452164.41B/s]
   GAP-kron:   5%|▌         | 780533760/14570837178 [00:54<16:05, 14281391.80B/s]
   GAP-kron:   5%|▌         | 781975552/14570837178 [00:54<16:16, 14127356.26B/s]
   GAP-kron:   5%|▌         | 783433728/14570837178 [00:54<16:08, 14237000.99B/s]
   GAP-kron:   5%|▌         | 784941056/14570837178 [00:54<15:54, 14443564.03B/s]
   GAP-kron:   5%|▌         | 786399232/14570837178 [00:54<16:01, 14331822.12B/s]
   GAP-kron:   5%|▌         | 787841024/14570837178 [00:54<16:14, 14140324.05B/s]
   GAP-kron:   5%|▌         | 789381120/14570837178 [00:54<15:52, 14464693.93B/s]
   GAP-kron:   5%|▌         | 790839296/14570837178 [00:54<16:00, 14345601.42B/s]
   GAP-kron:   5%|▌         | 792281088/14570837178 [00:55<16:05, 14264675.57B/s]
   GAP-kron:   5%|▌         | 793788416/14570837178 [00:55<15:54, 14436817.90B/s]
   GAP-kron:   5%|▌         | 795246592/14570837178 [00:55<16:01, 14324555.12B/s]
   GAP-kron:   5%|▌         | 796688384/14570837178 [00:55<16:18, 14079052.49B/s]
   GAP-kron:   5%|▌         | 798097408/14570837178 [00:55<16:34, 13848821.04B/s]
   GAP-kron:   5%|▌         | 799621120/14570837178 [00:55<16:08, 14221776.01B/s]
   GAP-kron:   5%|▌         | 801046528/14570837178 [00:55<16:17, 14083389.40B/s]
   GAP-kron:   6%|▌         | 802471936/14570837178 [00:55<16:22, 14019115.32B/s]
   GAP-kron:   6%|▌         | 803930112/14570837178 [00:55<16:13, 14137671.03B/s]
   GAP-kron:   6%|▌         | 805437440/14570837178 [00:56<15:57, 14377837.60B/s]
   GAP-kron:   6%|▌         | 806879232/14570837178 [00:56<16:01, 14317028.22B/s]
   GAP-kron:   6%|▌         | 808370176/14570837178 [00:56<15:49, 14490585.56B/s]
   GAP-kron:   6%|▌         | 809844736/14570837178 [00:56<15:45, 14552678.18B/s]
   GAP-kron:   6%|▌         | 811302912/14570837178 [00:56<15:46, 14542200.92B/s]
   GAP-kron:   6%|▌         | 812761088/14570837178 [00:56<15:57, 14365997.92B/s]
   GAP-kron:   6%|▌         | 814235648/14570837178 [00:56<15:50, 14468519.99B/s]
   
   asv: benchmark timed out (timeout 60s)
   
   For parameters: bfs_gap_inputs.GAP/GAP-urand_95370259
   INFO root: Dataset suitesparse_matrix.GAP/GAP-urand manifest metadata is stale.
   
   GAP-urand:   0%|          | 0/16766984746 [00:00<?, ?B/s]
   GAP-urand:   0%|          | 180224/16766984746 [00:00<2:46:58, 1673568.88B/s]
   GAP-urand:   0%|          | 835584/16766984746 [00:00<1:05:34, 4261478.51B/s]
   GAP-urand:   0%|          | 1654784/16766984746 [00:00<46:45, 5974969.17B/s] 
   GAP-urand:   0%|          | 2326528/16766984746 [00:00<46:40, 5985838.30B/s]
   GAP-urand:   0%|          | 3194880/16766984746 [00:00<40:29, 6900027.84B/s]
   GAP-urand:   0%|          | 4112384/16766984746 [00:00<36:36, 7631225.51B/s]
   GAP-urand:   0%|          | 4997120/16766984746 [00:00<34:50, 8016437.77B/s]
   GAP-urand:   0%|          | 5898240/16766984746 [00:00<33:35, 8317481.07B/s]
   GAP-urand:   0%|          | 6799360/16766984746 [00:00<32:48, 8514014.48B/s]
   GAP-urand:   0%|          | 7782400/16766984746 [00:01<31:48, 8780404.34B/s]
   GAP-urand:   0%|          | 9043968/16766984746 [00:01<29:54, 9340604.45B/s]
   GAP-urand:   0%|          | 10403840/16766984746 [00:01<26:27, 10556708.68B/s]
   GAP-urand:   0%|          | 11468800/16766984746 [00:01<27:06, 10301038.05B/s]
   GAP-urand:   0%|          | 12795904/16766984746 [00:01<26:51, 10396951.80B/s]
   GAP-urand:   0%|          | 14188544/16766984746 [00:01<24:33, 11366446.69B/s]
   GAP-urand:   0%|          | 15515648/16766984746 [00:01<24:57, 11189791.88B/s]
   GAP-urand:   0%|          | 16908288/16766984746 [00:01<23:24, 11928763.11B/s]
   GAP-urand:   0%|          | 18317312/16766984746 [00:01<22:18, 12517323.93B/s]
   GAP-urand:   0%|          | 19759104/16766984746 [00:02<21:22, 13053645.46B/s]
   GAP-urand:   0%|          | 21135360/16766984746 [00:02<21:55, 12725126.61B/s]
   GAP-urand:   0%|          | 22642688/16766984746 [00:02<20:51, 13377360.69B/s]
   GAP-urand:   0%|          | 24133632/16766984746 [00:02<20:14, 13789041.98B/s]
   GAP-urand:   0%|          | 25526272/16766984746 [00:02<20:11, 13817992.59B/s]
   GAP-urand:   0%|          | 26951680/16766984746 [00:02<20:02, 13920641.75B/s]
   GAP-urand:   0%|          | 28524544/16766984746 [00:02<19:34, 14257481.12B/s]
   GAP-urand:   0%|          | 30113792/16766984746 [00:02<18:56, 14730686.34B/s]
   GAP-urand:   0%|          | 31604736/16766984746 [00:02<19:11, 14531152.60B/s]
   GAP-urand:   0%|          | 33079296/16766984746 [00:02<19:08, 14567328.23B/s]
   GAP-urand:   0%|          | 34553856/16766984746 [00:03<19:08, 14570281.42B/s]
   GAP-urand:   0%|          | 36028416/16766984746 [00:03<19:08, 14562876.63B/s]
   GAP-urand:   0%|          | 37896192/16766984746 [00:03<17:44, 15711042.05B/s]
   GAP-urand:   0%|          | 39469056/16766984746 [00:03<17:59, 15490228.10B/s]
   GAP-urand:   0%|          | 41025536/16766984746 [00:03<18:14, 15274977.51B/s]
   GAP-urand:   0%|          | 42565632/16766984746 [00:03<18:37, 14965222.80B/s]
   GAP-urand:   0%|          | 44449792/16766984746 [00:03<17:20, 16076668.57B/s]
   GAP-urand:   0%|          | 46071808/16766984746 [00:03<17:40, 15769253.93B/s]
   GAP-urand:   0%|          | 47661056/16766984746 [00:03<17:51, 15608524.36B/s]
   GAP-urand:   0%|          | 49496064/16766984746 [00:03<16:59, 16398907.92B/s]
   GAP-urand:   0%|          | 51150848/16766984746 [00:04<17:29, 15920832.12B/s]
   GAP-urand:   0%|          | 52936704/16766984746 [00:04<16:57, 16426089.30B/s]
   GAP-urand:   0%|          | 54591488/16766984746 [00:04<17:07, 16265398.21B/s]
   GAP-urand:   0%|          | 56229888/16766984746 [00:04<17:15, 16136738.39B/s]
   GAP-urand:   0%|          | 58081280/16766984746 [00:04<16:37, 16757777.12B/s]
   GAP-urand:   0%|          | 59867136/16766984746 [00:04<16:18, 17079629.19B/s]
   GAP-urand:   0%|          | 61751296/16766984746 [00:04<15:49, 17595021.38B/s]
   GAP-urand:   0%|          | 63520768/16766984746 [00:04<15:52, 17537248.71B/s]
   GAP-urand:   0%|          | 65339392/16766984746 [00:04<15:43, 17702462.53B/s]
   GAP-urand:   0%|          | 67125248/16766984746 [00:05<15:49, 17579775.32B/s]
   GAP-urand:   0%|          | 69042176/16766984746 [00:05<15:26, 18013102.25B/s]
   GAP-urand:   0%|          | 70860800/16766984746 [00:05<15:31, 17924558.92B/s]
   GAP-urand:   0%|          | 72744960/16766984746 [00:05<15:19, 18157386.10B/s]
   GAP-urand:   0%|          | 74563584/16766984746 [00:05<15:27, 18000468.97B/s]
   GAP-urand:   0%|          | 76365824/16766984746 [00:05<15:51, 17537085.61B/s]
   GAP-urand:   0%|          | 78168064/16766984746 [00:05<15:45, 17652471.35B/s]
   GAP-urand:   0%|          | 79937536/16766984746 [00:05<16:59, 16374017.58B/s]
   GAP-urand:   0%|          | 81772544/16766984746 [00:05<16:26, 16920002.88B/s]
   GAP-urand:   0%|          | 83492864/16766984746 [00:05<17:23, 15988261.36B/s]
   GAP-urand:   1%|          | 85360640/16766984746 [00:06<16:37, 16721628.08B/s]
   GAP-urand:   1%|          | 87064576/16766984746 [00:06<17:46, 15636499.55B/s]
   GAP-urand:   1%|          | 88866816/16766984746 [00:06<17:04, 16284021.30B/s]
   GAP-urand:   1%|          | 90701824/16766984746 [00:06<16:28, 16861900.71B/s]
   GAP-urand:   1%|          | 92422144/16766984746 [00:06<17:29, 15882771.19B/s]
   GAP-urand:   1%|          | 94240768/16766984746 [00:06<16:50, 16502965.33B/s]
   GAP-urand:   1%|          | 95928320/16766984746 [00:06<17:39, 15736802.67B/s]
   GAP-urand:   1%|          | 97746944/16766984746 [00:06<16:57, 16377112.30B/s]
   GAP-urand:   1%|          | 99631104/16766984746 [00:06<16:17, 17047284.72B/s]
   GAP-urand:   1%|          | 101367808/16766984746 [00:07<17:19, 16037809.23B/s]
   GAP-urand:   1%|          | 103251968/16766984746 [00:07<16:32, 16794355.92B/s]
   GAP-urand:   1%|          | 104955904/16766984746 [00:07<17:20, 16006849.10B/s]
   GAP-urand:   1%|          | 106774528/16766984746 [00:07<16:44, 16588181.85B/s]
   GAP-urand:   1%|          | 108462080/16766984746 [00:07<17:28, 15883083.81B/s]
   GAP-urand:   1%|          | 110329856/16766984746 [00:07<16:41, 16627064.00B/s]
   GAP-urand:   1%|          | 112164864/16766984746 [00:07<16:14, 17085667.32B/s]
   GAP-urand:   1%|          | 113901568/16766984746 [00:07<17:01, 16299864.00B/s]
   GAP-urand:   1%|          | 115785728/16766984746 [00:07<16:20, 16980189.49B/s]
   GAP-urand:   1%|          | 117506048/16766984746 [00:08<17:16, 16064621.26B/s]
   GAP-urand:   1%|          | 119439360/16766984746 [00:08<16:21, 16958302.51B/s]
   GAP-urand:   1%|          | 121159680/16766984746 [00:08<17:05, 16236481.98B/s]
   GAP-urand:   1%|          | 122929152/16766984746 [00:08<16:40, 16637126.04B/s]
   GAP-urand:   1%|          | 124731392/16766984746 [00:08<16:17, 17030455.98B/s]
   GAP-urand:   1%|          | 126451712/16766984746 [00:08<17:18, 16017267.89B/s]
   GAP-urand:   1%|          | 128303104/16766984746 [00:08<16:37, 16683152.37B/s]
   GAP-urand:   1%|          | 129990656/16766984746 [00:08<17:27, 15878728.69B/s]
   GAP-urand:   1%|          | 131825664/16766984746 [00:08<16:45, 16548236.49B/s]
   GAP-urand:   1%|          | 133513216/16766984746 [00:09<17:41, 15667276.50B/s]
   GAP-urand:   1%|          | 135397376/16766984746 [00:09<16:47, 16515288.87B/s]
   GAP-urand:   1%|          | 137166848/16766984746 [00:09<17:27, 15874189.78B/s]
   GAP-urand:   1%|          | 139034624/16766984746 [00:09<16:41, 16609455.59B/s]
   GAP-urand:   1%|          | 140935168/16766984746 [00:09<16:03, 17249757.44B/s]
   GAP-urand:   1%|          | 142688256/16766984746 [00:09<16:57, 16340837.91B/s]
   GAP-urand:   1%|          | 144556032/16766984746 [00:09<16:19, 16975721.54B/s]
   GAP-urand:   1%|          | 146276352/16766984746 [00:09<17:23, 15931437.90B/s]
   GAP-urand:   1%|          | 148127744/16766984746 [00:09<16:39, 16620955.33B/s]
   GAP-urand:   1%|          | 149815296/16766984746 [00:10<17:40, 15667953.68B/s]
   GAP-urand:   1%|          | 151666688/16766984746 [00:10<16:50, 16436342.52B/s]
   GAP-urand:   1%|          | 153337856/16766984746 [00:10<17:42, 15636268.37B/s]
   GAP-urand:   1%|          | 155156480/16766984746 [00:10<16:57, 16333099.06B/s]
   GAP-urand:   1%|          | 157007872/16766984746 [00:10<16:21, 16919611.47B/s]
   GAP-urand:   1%|          | 158728192/16766984746 [00:10<16:36, 16665860.23B/s]
   GAP-urand:   1%|          | 160628736/16766984746 [00:10<16:00, 17287670.82B/s]
   GAP-urand:   1%|          | 162381824/16766984746 [00:10<16:59, 16288862.75B/s]
   GAP-urand:   1%|          | 164249600/16766984746 [00:10<16:20, 16939684.29B/s]
   GAP-urand:   1%|          | 165969920/16766984746 [00:10<17:12, 16078963.43B/s]
   GAP-urand:   1%|          | 167870464/16766984746 [00:11<16:22, 16886582.65B/s]
   GAP-urand:   1%|          | 169590784/16766984746 [00:11<17:18, 15980516.33B/s]
   GAP-urand:   1%|          | 171393024/16766984746 [00:11<16:44, 16524677.78B/s]
   GAP-urand:   1%|          | 173113344/16766984746 [00:11<17:20, 15949894.27B/s]
   GAP-urand:   1%|          | 174948352/16766984746 [00:11<16:38, 16611701.01B/s]
   GAP-urand:   1%|          | 176783360/16766984746 [00:11<16:10, 17085878.76B/s]
   GAP-urand:   1%|          | 178520064/16766984746 [00:11<16:59, 16278472.83B/s]
   GAP-urand:   1%|          | 180371456/16766984746 [00:11<16:22, 16885971.83B/s]
   GAP-urand:   1%|          | 182075392/16766984746 [00:11<17:08, 16125944.82B/s]
   GAP-urand:   1%|          | 183926784/16766984746 [00:12<16:29, 16750759.04B/s]
   GAP-urand:   1%|          | 185630720/16766984746 [00:12<17:23, 15893634.46B/s]
   GAP-urand:   1%|          | 187482112/16766984746 [00:12<16:37, 16615383.92B/s]
   GAP-urand:   1%|          | 189235200/16766984746 [00:12<17:19, 15954078.98B/s]
   GAP-urand:   1%|          | 191119360/16766984746 [00:12<16:30, 16726446.14B/s]
   GAP-urand:   1%|          | 192954368/16766984746 [00:12<16:06, 17154362.84B/s]
   GAP-urand:   1%|          | 194691072/16766984746 [00:12<16:57, 16288497.80B/s]
   GAP-urand:   1%|          | 196476928/16766984746 [00:12<16:32, 16700749.44B/s]
   GAP-urand:   1%|          | 198164480/16766984746 [00:12<17:31, 15755449.21B/s]
   GAP-urand:   1%|          | 199999488/16766984746 [00:13<16:46, 16454312.68B/s]
   GAP-urand:   1%|          | 201670656/16766984746 [00:13<17:37, 15668698.72B/s]
   GAP-urand:   1%|          | 203522048/16766984746 [00:13<16:48, 16425688.14B/s]
   GAP-urand:   1%|          | 205193216/16766984746 [00:13<17:29, 15774996.16B/s]
   GAP-urand:   1%|          | 207028224/16766984746 [00:13<16:45, 16476715.56B/s]
   GAP-urand:   1%|          | 208896000/16766984746 [00:13<16:10, 17066274.21B/s]
   GAP-urand:   1%|▏         | 210632704/16766984746 [00:13<17:04, 16157270.24B/s]
   GAP-urand:   1%|▏         | 212451328/16766984746 [00:13<16:31, 16701457.71B/s]
   GAP-urand:   1%|▏         | 214138880/16766984746 [00:13<17:24, 15847534.48B/s]
   GAP-urand:   1%|▏         | 215990272/16766984746 [00:14<16:38, 16583404.48B/s]
   GAP-urand:   1%|▏         | 217677824/16766984746 [00:14<17:23, 15864879.97B/s]
   GAP-urand:   1%|▏         | 219529216/16766984746 [00:14<16:37, 16581114.03B/s]
   GAP-urand:   1%|▏         | 221216768/16766984746 [00:14<17:25, 15830961.35B/s]
   GAP-urand:   1%|▏         | 223100928/16766984746 [00:14<16:34, 16632730.32B/s]
   GAP-urand:   1%|▏         | 225017856/16766984746 [00:14<15:55, 17314203.92B/s]
   GAP-urand:   1%|▏         | 226770944/16766984746 [00:14<16:52, 16334034.33B/s]
   GAP-urand:   1%|▏         | 228638720/16766984746 [00:14<16:15, 16956511.41B/s]
   GAP-urand:   1%|▏         | 230359040/16766984746 [00:14<16:14, 16972635.32B/s]
   GAP-urand:   1%|▏         | 232194048/16766984746 [00:15<15:53, 17339942.74B/s]
   GAP-urand:   1%|▏         | 233947136/16766984746 [00:15<16:49, 16372358.23B/s]
   GAP-urand:   1%|▏         | 235831296/16766984746 [00:15<16:08, 17060320.86B/s]
   GAP-urand:   1%|▏         | 237731840/16766984746 [00:15<15:39, 17594085.61B/s]
   GAP-urand:   1%|▏         | 239517696/16766984746 [00:15<16:32, 16645572.42B/s]
   GAP-urand:   1%|▏         | 241467392/16766984746 [00:15<15:49, 17407142.26B/s]
   GAP-urand:   1%|▏         | 243236864/16766984746 [00:15<16:18, 16892677.91B/s]
   GAP-urand:   1%|▏         | 244957184/16766984746 [00:15<16:15, 16935753.57B/s]
   GAP-urand:   1%|▏         | 246661120/16766984746 [00:15<17:36, 15634230.14B/s]
   GAP-urand:   1%|▏         | 248250368/16766984746 [00:15<17:36, 15634206.20B/s]
   GAP-urand:   1%|▏         | 249839616/16766984746 [00:16<17:44, 15519080.20B/s]
   GAP-urand:   1%|▏         | 251412480/16766984746 [00:16<18:54, 14552354.14B/s]
   GAP-urand:   2%|▏         | 253067264/16766984746 [00:16<18:13, 15099200.15B/s]
   GAP-urand:   2%|▏         | 254607360/16766984746 [00:16<19:18, 14257165.62B/s]
   GAP-urand:   2%|▏         | 256196608/16766984746 [00:16<18:43, 14696315.67B/s]
   GAP-urand:   2%|▏         | 257835008/16766984746 [00:16<18:09, 15150087.23B/s]
   GAP-urand:   2%|▏         | 259375104/16766984746 [00:16<19:18, 14247567.84B/s]
   GAP-urand:   2%|▏         | 260997120/16766984746 [00:16<18:36, 14778069.19B/s]
   GAP-urand:   2%|▏         | 262504448/16766984746 [00:16<19:34, 14058021.68B/s]
   GAP-urand:   2%|▏         | 264159232/16766984746 [00:17<18:39, 14736102.67B/s]
   GAP-urand:   2%|▏         | 265781248/16766984746 [00:17<18:08, 15153732.93B/s]
   GAP-urand:   2%|▏         | 267321344/16766984746 [00:17<19:09, 14353529.47B/s]
   GAP-urand:   2%|▏         | 268910592/16766984746 [00:17<18:36, 14782118.05B/s]
   GAP-urand:   2%|▏         | 270417920/16766984746 [00:17<19:40, 13973537.31B/s]
   GAP-urand:   2%|▏         | 271892480/16766984746 [00:17<19:24, 14162114.42B/s]
   GAP-urand:   2%|▏         | 273367040/16766984746 [00:17<19:12, 14314356.05B/s]
   GAP-urand:   2%|▏         | 274825216/16766984746 [00:17<20:46, 13225645.72B/s]
   GAP-urand:   2%|▏         | 276332544/16766984746 [00:17<20:02, 13718027.79B/s]
   GAP-urand:   2%|▏         | 277872640/16766984746 [00:18<20:49, 13201421.75B/s]
   GAP-urand:   2%|▏         | 279527424/16766984746 [00:18<19:30, 14091757.55B/s]
   GAP-urand:   2%|▏         | 281165824/16766984746 [00:18<18:40, 14707072.80B/s]
   GAP-urand:   2%|▏         | 282656768/16766984746 [00:18<19:48, 13873022.53B/s]
   GAP-urand:   2%|▏         | 284147712/16766984746 [00:18<19:27, 14122865.88B/s]
   GAP-urand:   2%|▏         | 285687808/16766984746 [00:18<18:58, 14481468.55B/s]
   GAP-urand:   2%|▏         | 287162368/16766984746 [00:18<19:40, 13961204.43B/s]
   GAP-urand:   2%|▏         | 288784384/16766984746 [00:18<18:49, 14590162.64B/s]
   GAP-urand:   2%|▏         | 290258944/16766984746 [00:18<19:51, 13832949.87B/s]
   GAP-urand:   2%|▏         | 291749888/16766984746 [00:19<19:27, 14111335.72B/s]
   GAP-urand:   2%|▏         | 293339136/16766984746 [00:19<18:48, 14594382.03B/s]
   GAP-urand:   2%|▏         | 294813696/16766984746 [00:19<19:41, 13936620.35B/s]
   GAP-urand:   2%|▏         | 296435712/16766984746 [00:19<18:50, 14566090.37B/s]
   GAP-urand:   2%|▏         | 297975808/16766984746 [00:19<19:43, 13920842.24B/s]
   GAP-urand:   2%|▏         | 299597824/16766984746 [00:19<18:51, 14549994.62B/s]
   GAP-urand:   2%|▏         | 301137920/16766984746 [00:19<18:35, 14757847.55B/s]
   GAP-urand:   2%|▏         | 302628864/16766984746 [00:19<19:55, 13772563.17B/s]
   GAP-urand:   2%|▏         | 304168960/16766984746 [00:19<19:20, 14189984.63B/s]
   GAP-urand:   2%|▏         | 305790976/16766984746 [00:20<18:36, 14738172.88B/s]
   GAP-urand:   2%|▏         | 307281920/16766984746 [00:20<19:45, 13889634.01B/s]
   GAP-urand:   2%|▏         | 308854784/16766984746 [00:20<19:03, 14390009.97B/s]
   GAP-urand:   2%|▏         | 310312960/16766984746 [00:20<19:56, 13753374.24B/s]
   GAP-urand:   2%|▏         | 311951360/16766984746 [00:20<18:56, 14484128.01B/s]
   GAP-urand:   2%|▏         | 313573376/16766984746 [00:20<18:20, 14950502.78B/s]
   GAP-urand:   2%|▏         | 315097088/16766984746 [00:20<19:17, 14214413.29B/s]
   GAP-urand:   2%|▏         | 316784640/16766984746 [00:20<18:22, 14921035.75B/s]
   GAP-urand:   2%|▏         | 318308352/16766984746 [00:20<19:35, 13988801.14B/s]
   GAP-urand:   2%|▏         | 319913984/16766984746 [00:21<18:52, 14518328.35B/s]
   GAP-urand:   2%|▏         | 321568768/16766984746 [00:21<18:11, 15068269.78B/s]
   GAP-urand:   2%|▏         | 323092480/16766984746 [00:21<19:15, 14233611.72B/s]
   GAP-urand:   2%|▏         | 324730880/16766984746 [00:21<18:30, 14809598.88B/s]
   GAP-urand:   2%|▏         | 326352896/16766984746 [00:21<18:03, 15177817.06B/s]
   GAP-urand:   2%|▏         | 327892992/16766984746 [00:21<19:04, 14361089.25B/s]
   GAP-urand:   2%|▏         | 329564160/16766984746 [00:21<18:14, 15015572.21B/s]
   GAP-urand:   2%|▏         | 331087872/16766984746 [00:21<19:14, 14236440.80B/s]
   GAP-urand:   2%|▏         | 332726272/16766984746 [00:21<18:29, 14805911.11B/s]
   GAP-urand:   2%|▏         | 334381056/16766984746 [00:21<17:56, 15262157.75B/s]
   GAP-urand:   2%|▏         | 335937536/16766984746 [00:22<18:57, 14445348.91B/s]
   GAP-urand:   2%|▏         | 337575936/16766984746 [00:22<18:17, 14974558.30B/s]
   GAP-urand:   2%|▏         | 339099648/16766984746 [00:22<19:07, 14316990.32B/s]
   GAP-urand:   2%|▏         | 340787200/16766984746 [00:22<18:12, 15030114.62B/s]
   GAP-urand:   2%|▏         | 342310912/16766984746 [00:22<18:09, 15070138.56B/s]
   GAP-urand:   2%|▏         | 343834624/16766984746 [00:22<19:15, 14212617.74B/s]
   GAP-urand:   2%|▏         | 345505792/16766984746 [00:22<18:21, 14908916.31B/s]
   GAP-urand:   2%|▏         | 347013120/16766984746 [00:22<19:22, 14130389.61B/s]
   GAP-urand:   2%|▏         | 348635136/16766984746 [00:22<18:37, 14687028.44B/s]
   GAP-urand:   2%|▏         | 350273536/16766984746 [00:23<18:04, 15140449.05B/s]
   GAP-urand:   2%|▏         | 351813632/16766984746 [00:23<19:01, 14379521.29B/s]
   GAP-urand:   2%|▏         | 353484800/16766984746 [00:23<18:14, 14995246.36B/s]
   GAP-urand:   2%|▏         | 355008512/16766984746 [00:23<19:11, 14256901.69B/s]
   GAP-urand:   2%|▏         | 356646912/16766984746 [00:23<18:26, 14826435.12B/s]
   GAP-urand:   2%|▏         | 358252544/16766984746 [00:23<18:04, 15128414.16B/s]
   GAP-urand:   2%|▏         | 359792640/16766984746 [00:23<19:12, 14237918.03B/s]
   GAP-urand:   2%|▏         | 361398272/16766984746 [00:23<18:33, 14739725.51B/s]
   GAP-urand:   2%|▏         | 362889216/16766984746 [00:23<19:27, 14046033.74B/s]
   GAP-urand:   2%|▏         | 364560384/16766984746 [00:24<18:30, 14773029.80B/s]
   GAP-urand:   2%|▏         | 366149632/16766984746 [00:24<18:08, 15065972.51B/s]
   GAP-urand:   2%|▏         | 367673344/16766984746 [00:24<19:08, 14279836.43B/s]
   GAP-urand:   2%|▏         | 369328128/16766984746 [00:24<18:19, 14911523.74B/s]
   GAP-urand:   2%|▏         | 370835456/16766984746 [00:24<19:17, 14166657.00B/s]
   GAP-urand:   2%|▏         | 372523008/16766984746 [00:24<18:20, 14901530.75B/s]
   GAP-urand:   2%|▏         | 374177792/16766984746 [00:24<17:47, 15350530.62B/s]
   GAP-urand:   2%|▏         | 375734272/16766984746 [00:24<18:47, 14535976.55B/s]
   GAP-urand:   2%|▏         | 377405440/16766984746 [00:24<18:04, 15118881.98B/s]
   GAP-urand:   2%|▏         | 378945536/16766984746 [00:25<19:00, 14372130.02B/s]
   GAP-urand:   2%|▏         | 380616704/16766984746 [00:25<18:12, 14999850.21B/s]
   GAP-urand:   2%|▏         | 382255104/16766984746 [00:25<17:45, 15372177.73B/s]
   GAP-urand:   2%|▏         | 383811584/16766984746 [00:25<18:43, 14584207.83B/s]
   GAP-urand:   2%|▏         | 385482752/16766984746 [00:25<18:01, 15147211.85B/s]
   GAP-urand:   2%|▏         | 387022848/16766984746 [00:25<18:56, 14414288.60B/s]
   GAP-urand:   2%|▏         | 388694016/16766984746 [00:25<18:08, 15046227.28B/s]
   GAP-urand:   2%|▏         | 390283264/16766984746 [00:25<17:52, 15264662.52B/s]
   GAP-urand:   2%|▏         | 391823360/16766984746 [00:25<19:03, 14320887.99B/s]
   GAP-urand:   2%|▏         | 393412608/16766984746 [00:25<18:30, 14745374.02B/s]
   GAP-urand:   2%|▏         | 394903552/16766984746 [00:26<19:30, 13986043.61B/s]
   GAP-urand:   2%|▏         | 396574720/16766984746 [00:26<18:30, 14739327.42B/s]
   GAP-urand:   2%|▏         | 398245888/16766984746 [00:26<17:50, 15287041.51B/s]
   GAP-urand:   2%|▏         | 399802368/16766984746 [00:26<18:51, 14460510.61B/s]
   GAP-urand:   2%|▏         | 401489920/16766984746 [00:26<18:02, 15113793.26B/s]
   GAP-urand:   2%|▏         | 403030016/16766984746 [00:26<19:03, 14315445.03B/s]
   GAP-urand:   2%|▏         | 404668416/16766984746 [00:26<18:20, 14865654.14B/s]
   GAP-urand:   2%|▏         | 406306816/16766984746 [00:26<17:50, 15285256.21B/s]
   GAP-urand:   2%|▏         | 407863296/16766984746 [00:26<18:52, 14444860.44B/s]
   GAP-urand:   2%|▏         | 409550848/16766984746 [00:27<18:04, 15084198.17B/s]
   GAP-urand:   2%|▏         | 411090944/16766984746 [00:27<19:00, 14339068.22B/s]
   GAP-urand:   2%|▏         | 412663808/16766984746 [00:27<18:30, 14721859.57B/s]
   GAP-urand:   2%|▏         | 414203904/16766984746 [00:27<18:18, 14892435.43B/s]
   GAP-urand:   2%|▏         | 415711232/16766984746 [00:27<19:10, 14212212.91B/s]
   GAP-urand:   2%|▏         | 417316864/16766984746 [00:27<18:30, 14728868.03B/s]
   GAP-urand:   2%|▏         | 418807808/16766984746 [00:27<19:27, 14003292.24B/s]
   GAP-urand:   3%|▎         | 420446208/16766984746 [00:27<18:35, 14651672.28B/s]
   GAP-urand:   3%|▎         | 422084608/16766984746 [00:27<18:01, 15115141.95B/s]
   GAP-urand:   3%|▎         | 423624704/16766984746 [00:28<19:10, 14210056.59B/s]
   GAP-urand:   3%|▎         | 425230336/16766984746 [00:28<18:30, 14712034.85B/s]
   GAP-urand:   3%|▎         | 426754048/16766984746 [00:28<19:36, 13889994.93B/s]
   GAP-urand:   3%|▎         | 428359680/16766984746 [00:28<18:47, 14484847.48B/s]
   GAP-urand:   3%|▎         | 429965312/16766984746 [00:28<18:17, 14887734.29B/s]
   GAP-urand:   3%|▎         | 431472640/16766984746 [00:28<19:14, 14151700.66B/s]
   GAP-urand:   3%|▎         | 433160192/16766984746 [00:28<18:16, 14890477.65B/s]
   GAP-urand:   3%|▎         | 434847744/16766984746 [00:28<17:36, 15455931.97B/s]
   GAP-urand:   3%|▎         | 436420608/16766984746 [00:28<18:35, 14640595.37B/s]
   GAP-urand:   3%|▎         | 438091776/16766984746 [00:29<17:55, 15185374.99B/s]
   GAP-urand:   3%|▎         | 439631872/16766984746 [00:29<18:52, 14419238.57B/s]
   GAP-urand:   3%|▎         | 441303040/16766984746 [00:29<18:07, 15017058.39B/s]
   GAP-urand:   3%|▎         | 442974208/16766984746 [00:29<17:35, 15464852.87B/s]
   GAP-urand:   3%|▎         | 444547072/16766984746 [00:29<18:20, 14827049.90B/s]
   GAP-urand:   3%|▎         | 446201856/16766984746 [00:29<17:48, 15271867.38B/s]
   GAP-urand:   3%|▎         | 447741952/16766984746 [00:29<18:38, 14595798.80B/s]
   GAP-urand:   3%|▎         | 449429504/16766984746 [00:29<17:54, 15189323.81B/s]
   GAP-urand:   3%|▎         | 451117056/16766984746 [00:29<17:22, 15654876.64B/s]
   GAP-urand:   3%|▎         | 452706304/16766984746 [00:30<18:24, 14777068.21B/s]
   GAP-urand:   3%|▎         | 454311936/16766984746 [00:30<17:59, 15110921.41B/s]
   GAP-urand:   3%|▎         | 455852032/16766984746 [00:30<19:02, 14275505.89B/s]
   GAP-urand:   3%|▎         | 457506816/16766984746 [00:30<18:15, 14881155.77B/s]
   GAP-urand:   3%|▎         | 459210752/16766984746 [00:30<17:33, 15480230.24B/s]
   GAP-urand:   3%|▎         | 460783616/16766984746 [00:30<18:36, 14609877.46B/s]
   GAP-urand:   3%|▎         | 462422016/16766984746 [00:30<18:00, 15096554.42B/s]
   GAP-urand:   3%|▎         | 463962112/16766984746 [00:30<19:03, 14252207.08B/s]
   GAP-urand:   3%|▎         | 465584128/16766984746 [00:30<18:24, 14753318.97B/s]
   GAP-urand:   3%|▎         | 467304448/16766984746 [00:30<17:38, 15403192.39B/s]
   GAP-urand:   3%|▎         | 468860928/16766984746 [00:31<18:00, 15090471.55B/s]
   GAP-urand:   3%|▎         | 470548480/16766984746 [00:31<17:26, 15577601.82B/s]
   GAP-urand:   3%|▎         | 472121344/16766984746 [00:31<18:33, 14636056.41B/s]
   GAP-urand:   3%|▎         | 473776128/16766984746 [00:31<17:56, 15129403.70B/s]
   GAP-urand:   3%|▎         | 475447296/16766984746 [00:31<17:26, 15560497.64B/s]
   GAP-urand:   3%|▎         | 477020160/16766984746 [00:31<18:31, 14657065.76B/s]
   GAP-urand:   3%|▎         | 478707712/16766984746 [00:31<17:48, 15244034.04B/s]
   GAP-urand:   3%|▎         | 480264192/16766984746 [00:31<18:43, 14498574.60B/s]
   GAP-urand:   3%|▎         | 481951744/16766984746 [00:31<17:56, 15131607.26B/s]
   GAP-urand:   3%|▎         | 483606528/16766984746 [00:32<17:28, 15525664.46B/s]
   GAP-urand:   3%|▎         | 485179392/16766984746 [00:32<17:39, 15365906.56B/s]
   GAP-urand:   3%|▎         | 486850560/16766984746 [00:32<17:14, 15735284.30B/s]
   GAP-urand:   3%|▎         | 488439808/16766984746 [00:32<18:22, 14770226.57B/s]
   GAP-urand:   3%|▎         | 490061824/16766984746 [00:32<17:54, 15148432.55B/s]
   GAP-urand:   3%|▎         | 491618304/16766984746 [00:32<17:47, 15245853.64B/s]
   GAP-urand:   3%|▎         | 493158400/16766984746 [00:32<19:02, 14238970.20B/s]
   GAP-urand:   3%|▎         | 494780416/16766984746 [00:32<18:22, 14762892.93B/s]
   GAP-urand:   3%|▎         | 496287744/16766984746 [00:32<19:16, 14070214.26B/s]
   GAP-urand:   3%|▎         | 497827840/16766984746 [00:33<18:49, 14409016.85B/s]
   GAP-urand:   3%|▎         | 499384320/16766984746 [00:33<18:24, 14730421.75B/s]
   GAP-urand:   3%|▎         | 500875264/16766984746 [00:33<19:31, 13886878.62B/s]
   GAP-urand:   3%|▎         | 502546432/16766984746 [00:33<18:28, 14667826.36B/s]
   GAP-urand:   3%|▎         | 504037376/16766984746 [00:33<19:10, 14131977.77B/s]
   GAP-urand:   3%|▎         | 505724928/16766984746 [00:33<18:12, 14879730.72B/s]
   GAP-urand:   3%|▎         | 507379712/16766984746 [00:33<17:40, 15335160.15B/s]
   GAP-urand:   3%|▎         | 508936192/16766984746 [00:33<18:39, 14523328.01B/s]
   GAP-urand:   3%|▎         | 510656512/16766984746 [00:33<17:44, 15269557.16B/s]
   GAP-urand:   3%|▎         | 512212992/16766984746 [00:34<18:50, 14379224.20B/s]
   GAP-urand:   3%|▎         | 513867776/16766984746 [00:34<18:06, 14959754.68B/s]
   GAP-urand:   3%|▎         | 515522560/16766984746 [00:34<17:37, 15371212.50B/s]
   GAP-urand:   3%|▎         | 517079040/16766984746 [00:34<18:57, 14287308.56B/s]
   GAP-urand:   3%|▎         | 518619136/16766984746 [00:34<18:33, 14587633.57B/s]
   GAP-urand:   3%|▎         | 520110080/16766984746 [00:34<19:45, 13702763.74B/s]
   GAP-urand:   3%|▎         | 521797632/16766984746 [00:34<18:37, 14534712.56B/s]
   GAP-urand:   3%|▎         | 523419648/16766984746 [00:34<18:04, 14973345.89B/s]
   GAP-urand:   3%|▎         | 524943360/16766984746 [00:34<18:58, 14263581.77B/s]
   GAP-urand:   3%|▎         | 526581760/16766984746 [00:34<18:14, 14832212.58B/s]
   GAP-urand:   3%|▎         | 528089088/16766984746 [00:35<19:16, 14046247.90B/s]
   GAP-urand:   3%|▎         | 529776640/16766984746 [00:35<18:15, 14825607.43B/s]
   GAP-urand:   3%|▎         | 531464192/16766984746 [00:35<17:34, 15393274.92B/s]
   GAP-urand:   3%|▎         | 533020672/16766984746 [00:35<18:44, 14439401.58B/s]
   GAP-urand:   3%|▎         | 534626304/16766984746 [00:35<18:12, 14861088.46B/s]
   GAP-urand:   3%|▎         | 536133632/16766984746 [00:35<19:05, 14174378.42B/s]
   GAP-urand:   3%|▎         | 537804800/16766984746 [00:35<18:12, 14858491.42B/s]
   GAP-urand:   3%|▎         | 539475968/16766984746 [00:35<17:37, 15348842.62B/s]
   GAP-urand:   3%|▎         | 541032448/16766984746 [00:35<18:40, 14479291.32B/s]
   GAP-urand:   3%|▎         | 542687232/16766984746 [00:36<17:58, 15044763.40B/s]
   GAP-urand:   3%|▎         | 544210944/16766984746 [00:36<19:00, 14223727.44B/s]
   GAP-urand:   3%|▎         | 545865728/16766984746 [00:36<18:13, 14834731.77B/s]
   GAP-urand:   3%|▎         | 547553280/16766984746 [00:36<17:33, 15393028.84B/s]
   GAP-urand:   3%|▎         | 549109760/16766984746 [00:36<18:34, 14557373.41B/s]
   GAP-urand:   3%|▎         | 550764544/16766984746 [00:36<17:53, 15105726.19B/s]
   GAP-urand:   3%|▎         | 552304640/16766984746 [00:36<18:56, 14265794.34B/s]
   GAP-urand:   3%|▎         | 553959424/16766984746 [00:36<18:09, 14875500.53B/s]
   GAP-urand:   3%|▎         | 555646976/16766984746 [00:36<17:30, 15437132.68B/s]
   GAP-urand:   3%|▎         | 557219840/16766984746 [00:37<18:33, 14552406.47B/s]
   GAP-urand:   3%|▎         | 558907392/16766984746 [00:37<17:46, 15190727.68B/s]
   GAP-urand:   3%|▎         | 560447488/16766984746 [00:37<18:55, 14271364.30B/s]
   GAP-urand:   3%|▎         | 562036736/16766984746 [00:37<18:23, 14690228.62B/s]
   GAP-urand:   3%|▎         | 563609600/16766984746 [00:37<18:03, 14950514.19B/s]
   GAP-urand:   3%|▎         | 565133312/16766984746 [00:37<19:06, 14136389.38B/s]
   GAP-urand:   3%|▎         | 566804480/16766984746 [00:37<18:12, 14826985.66B/s]
   GAP-urand:   3%|▎         | 568311808/16766984746 [00:37<19:19, 13968175.00B/s]
   GAP-urand:   3%|▎         | 569950208/16766984746 [00:37<18:28, 14605374.72B/s]
   GAP-urand:   3%|▎         | 571621376/16766984746 [00:38<17:47, 15173462.32B/s]
   GAP-urand:   3%|▎         | 573161472/16766984746 [00:38<18:46, 14373310.89B/s]
   GAP-urand:   3%|▎         | 574832640/16766984746 [00:38<17:58, 15017826.93B/s]
   GAP-urand:   3%|▎         | 576356352/16766984746 [00:38<18:47, 14357264.24B/s]
   GAP-urand:   3%|▎         | 577994752/16766984746 [00:38<18:07, 14882047.57B/s]
   GAP-urand:   3%|▎         | 579649536/16766984746 [00:38<17:36, 15322333.43B/s]
   GAP-urand:   3%|▎         | 581206016/16766984746 [00:38<18:28, 14599690.98B/s]
   GAP-urand:   3%|▎         | 582893568/16766984746 [00:38<17:43, 15217067.22B/s]
   GAP-urand:   3%|▎         | 584433664/16766984746 [00:38<18:38, 14474125.80B/s]
   GAP-urand:   3%|▎         | 586088448/16766984746 [00:39<17:56, 15036590.88B/s]
   GAP-urand:   4%|▎         | 587776000/16766984746 [00:39<17:20, 15548482.56B/s]
   GAP-urand:   4%|▎         | 589348864/16766984746 [00:39<18:20, 14693811.67B/s]
   GAP-urand:   4%|▎         | 591020032/16766984746 [00:39<17:41, 15245912.74B/s]
   GAP-urand:   4%|▎         | 592576512/16766984746 [00:39<18:38, 14465261.23B/s]
   GAP-urand:   4%|▎         | 594280448/16766984746 [00:39<17:46, 15162988.26B/s]
   GAP-urand:   4%|▎         | 595836928/16766984746 [00:39<18:46, 14359672.32B/s]
   GAP-urand:   4%|▎         | 597491712/16766984746 [00:39<18:03, 14929310.13B/s]
   GAP-urand:   4%|▎         | 599162880/16766984746 [00:39<17:30, 15394992.86B/s]
   GAP-urand:   4%|▎         | 600719360/16766984746 [00:40<18:28, 14583540.43B/s]
   GAP-urand:   4%|▎         | 602406912/16766984746 [00:40<17:44, 15187314.99B/s]
   GAP-urand:   4%|▎         | 603947008/16766984746 [00:40<18:35, 14486791.98B/s]
   GAP-urand:   4%|▎         | 605650944/16766984746 [00:40<17:46, 15151219.71B/s]
   GAP-urand:   4%|▎         | 607387648/16766984746 [00:40<17:06, 15737642.01B/s]
   GAP-urand:   4%|▎         | 608976896/16766984746 [00:40<18:17, 14724136.64B/s]
   GAP-urand:   4%|▎         | 610648064/16766984746 [00:40<17:39, 15250038.68B/s]
   GAP-urand:   4%|▎         | 612204544/16766984746 [00:40<17:52, 15065150.82B/s]
   GAP-urand:   4%|▎         | 613892096/16766984746 [00:40<17:18, 15549602.23B/s]
   GAP-urand:   4%|▎         | 615596032/16766984746 [00:40<16:52, 15945458.28B/s]
   GAP-urand:   4%|▎         | 617201664/16766984746 [00:41<17:59, 14954926.81B/s]
   GAP-urand:   4%|▎         | 618905600/16766984746 [00:41<17:21, 15505330.39B/s]
   GAP-urand:   4%|▎         | 620478464/16766984746 [00:41<18:27, 14585706.83B/s]
   GAP-urand:   4%|▎         | 622084096/16766984746 [00:41<17:57, 14977470.98B/s]
   GAP-urand:   4%|▎         | 623673344/16766984746 [00:41<17:39, 15233306.65B/s]
   GAP-urand:   4%|▎         | 625213440/16766984746 [00:41<18:45, 14341657.34B/s]
   GAP-urand:   4%|▎         | 626933760/16766984746 [00:41<17:47, 15114601.49B/s]
   GAP-urand:   4%|▎         | 628473856/16766984746 [00:41<18:37, 14441381.02B/s]
   GAP-urand:   4%|▍         | 630161408/16766984746 [00:41<17:47, 15111645.89B/s]
   GAP-urand:   4%|▍         | 631783424/16766984746 [00:42<17:27, 15405211.55B/s]
   GAP-urand:   4%|▍         | 633339904/16766984746 [00:42<19:00, 14142775.22B/s]
   GAP-urand:   4%|▍         | 634945536/16766984746 [00:42<18:22, 14638005.00B/s]
   GAP-urand:   4%|▍         | 636436480/16766984746 [00:42<19:11, 14012910.17B/s]
   GAP-urand:   4%|▍         | 637992960/16766984746 [00:42<18:39, 14409951.81B/s]
   GAP-urand:   4%|▍         | 639598592/16766984746 [00:42<18:04, 14870752.53B/s]
   GAP-urand:   4%|▍         | 641105920/16766984746 [00:42<19:00, 14144005.94B/s]
   GAP-urand:   4%|▍         | 642744320/16766984746 [00:42<18:11, 14767705.56B/s]
   GAP-urand:   4%|▍         | 644251648/16766984746 [00:42<19:11, 13997221.74B/s]
   GAP-urand:   4%|▍         | 645742592/16766984746 [00:43<18:54, 14210908.26B/s]
   GAP-urand:   4%|▍         | 647380992/16766984746 [00:43<18:07, 14819167.82B/s]
   GAP-urand:   4%|▍         | 648888320/16766984746 [00:43<19:02, 14105432.02B/s]
   GAP-urand:   4%|▍         | 650461184/16766984746 [00:43<18:28, 14536089.28B/s]
   GAP-urand:   4%|▍         | 652132352/16766984746 [00:43<17:46, 15117069.94B/s]
   GAP-urand:   4%|▍         | 653656064/16766984746 [00:43<18:41, 14364786.12B/s]
   GAP-urand:   4%|▍         | 655310848/16766984746 [00:43<17:57, 14956704.00B/s]
   GAP-urand:   4%|▍         | 656834560/16766984746 [00:43<18:51, 14240908.10B/s]
   GAP-urand:   4%|▍         | 658505728/16766984746 [00:43<17:58, 14929522.26B/s]
   GAP-urand:   4%|▍         | 660193280/16766984746 [00:44<17:23, 15440399.22B/s]
   GAP-urand:   4%|▍         | 661766144/16766984746 [00:44<18:24, 14578577.34B/s]
   GAP-urand:   4%|▍         | 663453696/16766984746 [00:44<17:39, 15205919.12B/s]
   GAP-urand:   4%|▍         | 664993792/16766984746 [00:44<18:36, 14419848.35B/s]
   GAP-urand:   4%|▍         | 666664960/16766984746 [00:44<17:50, 15037466.32B/s]
   GAP-urand:   4%|▍         | 668188672/16766984746 [00:44<18:39, 14379129.28B/s]
   GAP-urand:   4%|▍         | 669892608/16766984746 [00:44<17:45, 15111790.39B/s]
   GAP-urand:   4%|▍         | 671596544/16766984746 [00:44<17:09, 15627136.75B/s]
   GAP-urand:   4%|▍         | 673185792/16766984746 [00:44<18:07, 14800782.19B/s]
   GAP-urand:   4%|▍         | 674889728/16766984746 [00:45<17:23, 15424669.34B/s]
   GAP-urand:   4%|▍         | 676462592/16766984746 [00:45<18:16, 14672714.48B/s]
   GAP-urand:   4%|▍         | 678150144/16766984746 [00:45<17:33, 15274698.94B/s]
   GAP-urand:   4%|▍         | 679821312/16766984746 [00:45<17:07, 15660616.55B/s]
   GAP-urand:   4%|▍         | 681410560/16766984746 [00:45<18:13, 14713113.03B/s]
   GAP-urand:   4%|▍         | 683065344/16766984746 [00:45<17:36, 15219784.82B/s]
   GAP-urand:   4%|▍         | 684605440/16766984746 [00:45<18:28, 14513979.11B/s]
   GAP-urand:   4%|▍         | 686292992/16766984746 [00:45<17:42, 15134426.96B/s]
   GAP-urand:   4%|▍         | 687947776/16766984746 [00:45<17:16, 15507269.80B/s]
   GAP-urand:   4%|▍         | 689520640/16766984746 [00:45<18:21, 14592426.00B/s]
   GAP-urand:   4%|▍         | 691175424/16766984746 [00:46<17:44, 15103251.11B/s]
   GAP-urand:   4%|▍         | 692715520/16766984746 [00:46<18:34, 14423278.50B/s]
   GAP-urand:   4%|▍         | 694403072/16766984746 [00:46<17:45, 15088421.00B/s]
   GAP-urand:   4%|▍         | 696008704/16766984746 [00:46<17:26, 15356358.44B/s]
   GAP-urand:   4%|▍         | 697565184/16766984746 [00:46<18:33, 14433687.62B/s]
   GAP-urand:   4%|▍         | 699187200/16766984746 [00:46<17:57, 14906245.99B/s]
   GAP-urand:   4%|▍         | 700694528/16766984746 [00:46<18:49, 14228494.52B/s]
   GAP-urand:   4%|▍         | 702414848/16766984746 [00:46<17:47, 15043680.59B/s]
   GAP-urand:   4%|▍         | 704118784/16766984746 [00:46<17:09, 15602872.41B/s]
   GAP-urand:   4%|▍         | 705708032/16766984746 [00:47<18:22, 14571386.15B/s]
   GAP-urand:   4%|▍         | 707379200/16766984746 [00:47<17:39, 15161564.80B/s]
   GAP-urand:   4%|▍         | 708919296/16766984746 [00:47<18:35, 14397419.68B/s]
   GAP-urand:   4%|▍         | 710623232/16766984746 [00:47<17:42, 15110216.61B/s]
   GAP-urand:   4%|▍         | 712327168/16766984746 [00:47<17:07, 15623815.97B/s]
   GAP-urand:   4%|▍         | 713916416/16766984746 [00:47<18:05, 14782566.65B/s]
   GAP-urand:   4%|▍         | 715636736/16766984746 [00:47<17:20, 15425528.14B/s]
   GAP-urand:   4%|▍         | 717209600/16766984746 [00:47<18:16, 14640790.23B/s]
   GAP-urand:   4%|▍         | 718897152/16766984746 [00:47<17:31, 15255424.30B/s]
   GAP-urand:   4%|▍         | 720535552/16766984746 [00:48<17:12, 15538757.67B/s]
   GAP-urand:   4%|▍         | 722108416/16766984746 [00:48<18:13, 14673562.67B/s]
   GAP-urand:   4%|▍         | 723795968/16766984746 [00:48<17:30, 15273126.99B/s]
   GAP-urand:   4%|▍         | 725352448/16766984746 [00:48<18:21, 14565385.45B/s]
   GAP-urand:   4%|▍         | 727072768/16766984746 [00:48<17:28, 15292841.81B/s]
   GAP-urand:   4%|▍         | 728727552/16766984746 [00:48<17:05, 15642642.81B/s]
   GAP-urand:   4%|▍         | 730316800/16766984746 [00:48<18:36, 14368506.39B/s]
   GAP-urand:   4%|▍         | 731906048/16766984746 [00:48<18:07, 14739328.55B/s]
   GAP-urand:   4%|▍         | 733413376/16766984746 [00:48<19:01, 14044468.42B/s]
   GAP-urand:   4%|▍         | 735002624/16766984746 [00:49<18:21, 14548607.69B/s]
   GAP-urand:   4%|▍         | 736624640/16766984746 [00:49<17:47, 15016709.21B/s]
   GAP-urand:   4%|▍         | 738148352/16766984746 [00:49<18:50, 14176843.38B/s]
   GAP-urand:   4%|▍         | 739770368/16766984746 [00:49<18:07, 14738646.32B/s]
   GAP-urand:   4%|▍         | 741277696/16766984746 [00:49<19:18, 13835809.82B/s]
   GAP-urand:   4%|▍         | 742834176/16766984746 [00:49<18:40, 14297156.66B/s]
   GAP-urand:   4%|▍         | 744439808/16766984746 [00:49<18:06, 14748377.74B/s]
   GAP-urand:   4%|▍         | 745930752/16766984746 [00:49<19:09, 13934351.14B/s]
   GAP-urand:   4%|▍         | 747618304/16766984746 [00:49<18:08, 14720387.79B/s]
   GAP-urand:   4%|▍         | 749256704/16766984746 [00:50<18:52, 14141269.59B/s]
   GAP-urand:   4%|▍         | 750927872/16766984746 [00:50<17:59, 14835983.04B/s]
   GAP-urand:   4%|▍         | 752599040/16766984746 [00:50<17:24, 15327761.61B/s]
   GAP-urand:   4%|▍         | 754155520/16766984746 [00:50<18:49, 14179444.35B/s]
   GAP-urand:   5%|▍         | 755761152/16766984746 [00:50<18:10, 14681078.66B/s]
   GAP-urand:   5%|▍         | 757366784/16766984746 [00:50<19:00, 14036159.37B/s]
   GAP-urand:   5%|▍         | 758988800/16766984746 [00:50<18:16, 14599823.04B/s]
   GAP-urand:   5%|▍         | 760610816/16766984746 [00:50<17:44, 15039028.33B/s]
   GAP-urand:   5%|▍         | 762134528/16766984746 [00:50<18:51, 14147154.34B/s]
   GAP-urand:   5%|▍         | 763805696/16766984746 [00:51<17:59, 14819045.27B/s]
   GAP-urand:   5%|▍         | 765345792/16766984746 [00:51<19:01, 14013607.68B/s]
   GAP-urand:   5%|▍         | 766918656/16766984746 [00:51<18:25, 14477490.81B/s]
   GAP-urand:   5%|▍         | 768524288/16766984746 [00:51<17:55, 14875307.42B/s]
   GAP-urand:   5%|▍         | 770031616/16766984746 [00:51<18:55, 14084898.90B/s]
   GAP-urand:   5%|▍         | 771719168/16766984746 [00:51<17:59, 14820683.64B/s]
   GAP-urand:   5%|▍         | 773390336/16766984746 [00:51<17:22, 15336909.77B/s]
   GAP-urand:   5%|▍         | 774946816/16766984746 [00:51<18:20, 14525296.35B/s]
   GAP-urand:   5%|▍         | 776634368/16766984746 [00:51<17:35, 15144202.98B/s]
   GAP-urand:   5%|▍         | 778174464/16766984746 [00:52<19:06, 13948893.85B/s]
   GAP-urand:   5%|▍         | 779665408/16766984746 [00:52<18:48, 14168034.98B/s]
   GAP-urand:   5%|▍         | 781139968/16766984746 [00:52<18:37, 14309487.36B/s]
   GAP-urand:   5%|▍         | 782598144/16766984746 [00:52<19:36, 13588825.52B/s]
   GAP-urand:   5%|▍         | 784220160/16766984746 [00:52<18:36, 14313123.59B/s]
   GAP-urand:   5%|▍         | 785678336/16766984746 [00:52<19:32, 13627310.48B/s]
   GAP-urand:   5%|▍         | 787283968/16766984746 [00:52<18:40, 14267154.13B/s]
   GAP-urand:   5%|▍         | 788856832/16766984746 [00:52<18:11, 14637365.54B/s]
   GAP-urand:   5%|▍         | 790347776/16766984746 [00:52<19:39, 13544752.46B/s]
   GAP-urand:   5%|▍         | 791855104/16766984746 [00:52<19:04, 13958281.62B/s]
   GAP-urand:   5%|▍         | 793280512/16766984746 [00:53<18:57, 14039960.31B/s]
   GAP-urand:   5%|▍         | 794705920/16766984746 [00:53<19:56, 13353344.88B/s]
   GAP-urand:   5%|▍         | 796295168/16766984746 [00:53<18:58, 14029151.33B/s]
   GAP-urand:   5%|▍         | 797720576/16766984746 [00:53<19:42, 13502414.30B/s]
   GAP-urand:   5%|▍         | 799375360/16766984746 [00:53<18:32, 14346623.09B/s]
   GAP-urand:   5%|▍         | 800997376/16766984746 [00:53<17:55, 14846626.32B/s]
   GAP-urand:   5%|▍         | 802504704/16766984746 [00:53<19:13, 13837638.13B/s]
   GAP-urand:   5%|▍         | 804110336/16766984746 [00:53<18:26, 14429917.03B/s]
   GAP-urand:   5%|▍         | 805748736/16766984746 [00:53<17:46, 14972538.90B/s]
   GAP-urand:   5%|▍         | 807272448/16766984746 [00:54<18:49, 14128804.00B/s]
   GAP-urand:   5%|▍         | 808894464/16766984746 [00:54<18:05, 14699319.13B/s]
   GAP-urand:   5%|▍         | 810385408/16766984746 [00:54<19:04, 13943534.87B/s]
   GAP-urand:   5%|▍         | 812007424/16766984746 [00:54<18:14, 14573151.64B/s]
   GAP-urand:   5%|▍         | 813629440/16766984746 [00:54<17:43, 15002307.15B/s]
   GAP-urand:   5%|▍         | 815153152/16766984746 [00:54<18:44, 14182318.06B/s]
   GAP-urand:   5%|▍         | 816775168/16766984746 [00:54<18:02, 14734359.55B/s]
   GAP-urand:   5%|▍         | 818266112/16766984746 [00:54<19:00, 13981772.28B/s]
   GAP-urand:   5%|▍         | 819904512/16766984746 [00:54<18:10, 14618447.87B/s]
   GAP-urand:   5%|▍         | 821510144/16766984746 [00:55<17:42, 15005565.88B/s]
   GAP-urand:   5%|▍         | 823033856/16766984746 [00:55<18:43, 14190989.70B/s]
   GAP-urand:   5%|▍         | 824655872/16766984746 [00:55<18:01, 14739788.44B/s]
   GAP-urand:   5%|▍         | 826146816/16766984746 [00:55<18:59, 13983191.56B/s]
   GAP-urand:   5%|▍         | 827785216/16766984746 [00:55<18:09, 14623431.61B/s]
   GAP-urand:   5%|▍         | 829407232/16766984746 [00:55<17:38, 15058314.48B/s]
   GAP-urand:   5%|▍         | 830930944/16766984746 [00:55<18:41, 14211714.41B/s]
   GAP-urand:   5%|▍         | 832552960/16766984746 [00:55<18:00, 14744486.20B/s]
   GAP-urand:   5%|▍         | 834174976/16766984746 [00:55<17:30, 15160687.18B/s]
   GAP-urand:   5%|▍         | 835715072/16766984746 [00:56<18:39, 14234748.29B/s]
   GAP-urand:   5%|▍         | 837320704/16766984746 [00:56<18:02, 14713869.40B/s]
   GAP-urand:   5%|▌         | 838811648/16766984746 [00:56<19:00, 13972030.63B/s]
   GAP-urand:   5%|▌         | 840433664/16766984746 [00:56<18:13, 14570440.94B/s]
   GAP-urand:   5%|▌         | 842072064/16766984746 [00:56<17:38, 15045502.36B/s]
   GAP-urand:   5%|▌         | 843595776/16766984746 [00:56<18:41, 14199576.24B/s]
   GAP-urand:   5%|▌         | 845217792/16766984746 [00:56<17:59, 14750507.31B/s]
   GAP-urand:   5%|▌         | 846725120/16766984746 [00:56<19:00, 13959367.56B/s]
   
   asv: benchmark timed out (timeout 60s)
INFO:root:GMRES.GMRESBenchmark.time_gmres

·· GMRES.GMRESBenchmark.time_gmres                                 okINFO:root:================================================= =============
                     dataset                                   
------------------------------------------------- -------------
      gmres_test_inputs.test_gmres_random_42           n/a     
     gmres_test_inputs.test_gmres_random_123           n/a     
      gmres_test_inputs.test_gmres_diagonal            n/a     
         gmres_test_inputs.test_gmres_3x3              n/a     
         gmres_test_inputs.test_gmres_4x4              n/a     
           gmres_inputs.Andrews/Andrews                n/a     
           gmres_inputs.Andrianov/ins2                 n/a     
          gmres_inputs.Andrianov/net100                n/a     
          gmres_inputs.Andrianov/net125                n/a     
          gmres_inputs.Andrianov/net150                n/a     
           gmres_inputs.Andrianov/net25                n/a     
           gmres_inputs.Andrianov/net50                n/a     
           gmres_inputs.Andrianov/net75                n/a     
             gmres_inputs.Bai/bfwa62                   n/a     
             gmres_inputs.Bai/bfwb398                  n/a     
             gmres_inputs.Bai/bfwb62                   n/a     
             gmres_inputs.Bai/bfwb782                  n/a     
              gmres_inputs.Bai/ck104                   n/a     
             gmres_inputs.Bai/dw256B                   n/a     
             gmres_inputs.Bai/dwb512                   n/a     
             gmres_inputs.Bai/pde225               14.1±0.04ms 
             gmres_inputs.Bai/rdb200                   n/a     
             gmres_inputs.Bai/rdb200l                  n/a     
            gmres_inputs.Bindel/ted_B                  n/a     
        gmres_inputs.Bindel/ted_B_unscaled             n/a     
       gmres_inputs.Bomhof/circuit_1__rhs0             n/a     
       gmres_inputs.Botonakis/thermomech_TC            n/a     
       gmres_inputs.Botonakis/thermomech_dM            n/a     
     gmres_inputs.Bourchtein/atmosmodd__rhs1           n/a     
     gmres_inputs.Bourchtein/atmosmodj__rhs1           n/a     
     gmres_inputs.Bourchtein/atmosmodl__rhs0           n/a     
     gmres_inputs.Bourchtein/atmosmodl__rhs1           n/a     
     gmres_inputs.Bourchtein/atmosmodm__rhs0           n/a     
     gmres_inputs.Bourchtein/atmosmodm__rhs1           n/a     
         gmres_inputs.Brunetiere/thermal               n/a     
              gmres_inputs.CPM/cz148                   n/a     
         gmres_inputs.Cunningham/m3plates              n/a     
          gmres_inputs.Cunningham/qa8fk                n/a     
          gmres_inputs.Cunningham/qa8fm                n/a     
       gmres_inputs.FEMLAB/poisson2D__rhs0             n/a     
           gmres_inputs.FEMLAB/problem1                n/a     
             gmres_inputs.FIDAP/ex29                   n/a     
             gmres_inputs.FIDAP/ex37                   n/a     
              gmres_inputs.FIDAP/ex5                   n/a     
              gmres_inputs.FIDAP/ex7                   n/a     
       gmres_inputs.Freescale/circuit5M_dc             n/a     
         gmres_inputs.GHS_indef/blockqp1               n/a     
        gmres_inputs.GHS_indef/boyd1__rhs0             n/a     
        gmres_inputs.GHS_indef/boyd2__rhs0             n/a     
           gmres_inputs.GHS_indef/laser                n/a     
          gmres_inputs.GHS_indef/qpband                n/a     
         gmres_inputs.GHS_psdef/jnlbrng1               n/a     
         gmres_inputs.GHS_psdef/minsurfo               n/a     
         gmres_inputs.GHS_psdef/obstclae               n/a     
         gmres_inputs.GHS_psdef/wathen120              n/a     
          gmres_inputs.Grund/b1_ss__rhs0               n/a     
             gmres_inputs.Grund/meg4                   n/a     
          gmres_inputs.Grund/poli__rhs0                n/a     
             gmres_inputs.Grund/poli3                  n/a     
             gmres_inputs.Grund/poli4                  n/a     
          gmres_inputs.Grund/poli_large                n/a     
              gmres_inputs.HB/arc130                   n/a     
             gmres_inputs.HB/bcspwr01                  n/a     
             gmres_inputs.HB/bcspwr02                  n/a     
             gmres_inputs.HB/bcsstk01                  n/a     
             gmres_inputs.HB/bcsstk02                  n/a     
             gmres_inputs.HB/bcsstk20                  n/a     
             gmres_inputs.HB/bcsstm01                  n/a     
             gmres_inputs.HB/bcsstm02                  n/a     
             gmres_inputs.HB/bcsstm03                  n/a     
             gmres_inputs.HB/bcsstm04                  n/a     
             gmres_inputs.HB/bcsstm05                  n/a     
             gmres_inputs.HB/bcsstm06                  n/a     
             gmres_inputs.HB/bcsstm08                  n/a     
             gmres_inputs.HB/bcsstm09                  n/a     
             gmres_inputs.HB/bcsstm11                  n/a     
             gmres_inputs.HB/bcsstm19                  n/a     
             gmres_inputs.HB/bcsstm20                  n/a     
             gmres_inputs.HB/bcsstm21                  n/a     
             gmres_inputs.HB/bcsstm22                  n/a     
             gmres_inputs.HB/can_144                   n/a     
              gmres_inputs.HB/can_24                   n/a     
              gmres_inputs.HB/can_61                   n/a     
              gmres_inputs.HB/can_73                   n/a     
             gmres_inputs.HB/curtis54              10.9±0.01ms 
             gmres_inputs.HB/fs_541_1                  n/a     
             gmres_inputs.HB/fs_760_1                  n/a     
             gmres_inputs.HB/fs_760_2                  n/a     
             gmres_inputs.HB/fs_760_3                  n/a     
             gmres_inputs.HB/gr_30_30                  n/a     
             gmres_inputs.HB/jpwh_991                  n/a     
              gmres_inputs.HB/lap_25                   n/a     
               gmres_inputs.HB/nos4                    n/a     
               gmres_inputs.HB/nos7                    n/a     
          gmres_inputs.HB/orani678__rhs1               n/a     
         gmres_inputs.HB/orani678__rhs10               n/a     
         gmres_inputs.HB/orani678__rhs11               n/a     
         gmres_inputs.HB/orani678__rhs12               n/a     
         gmres_inputs.HB/orani678__rhs14               n/a     
         gmres_inputs.HB/orani678__rhs15               n/a     
         gmres_inputs.HB/orani678__rhs16               n/a     
         gmres_inputs.HB/orani678__rhs17               n/a     
         gmres_inputs.HB/orani678__rhs18               n/a     
         gmres_inputs.HB/orani678__rhs19               n/a     
          gmres_inputs.HB/orani678__rhs2               n/a     
          gmres_inputs.HB/orani678__rhs3               n/a     
          gmres_inputs.HB/orani678__rhs4               n/a     
          gmres_inputs.HB/orani678__rhs5               n/a     
          gmres_inputs.HB/orani678__rhs6               n/a     
         gmres_inputs.HB/orani678__rhs62               n/a     
          gmres_inputs.HB/orani678__rhs7               n/a     
          gmres_inputs.HB/orani678__rhs8               n/a     
             gmres_inputs.HB/pores_1                   n/a     
             gmres_inputs.HB/psmigr_3                  n/a     
              gmres_inputs.HB/steam2                   n/a     
              gmres_inputs.HB/steam3                   n/a     
              gmres_inputs.HB/watt_1                   n/a     
              gmres_inputs.HB/watt_2                   n/a     
        gmres_inputs.Hamrle/Hamrle1__rhs0              n/a     
               gmres_inputs.MKS/fp                     n/a     
            gmres_inputs.MathWorks/Muu                 n/a     
        gmres_inputs.MathWorks/tomography              n/a     
      gmres_inputs.MaxPlanck/shallow_water1            n/a     
      gmres_inputs.MaxPlanck/shallow_water2            n/a     
          gmres_inputs.Morandini/rotor1                n/a     
           gmres_inputs.Mulvey/finan512                n/a     
         gmres_inputs.Nasa/nasa2146__rhs0              n/a     
           gmres_inputs.Nemeth/nemeth02                n/a     
           gmres_inputs.Nemeth/nemeth03                n/a     
           gmres_inputs.Nemeth/nemeth04                n/a     
           gmres_inputs.Nemeth/nemeth05                n/a     
           gmres_inputs.Nemeth/nemeth06                n/a     
           gmres_inputs.Nemeth/nemeth07                n/a     
           gmres_inputs.Nemeth/nemeth08                n/a     
           gmres_inputs.Nemeth/nemeth09                n/a     
           gmres_inputs.Nemeth/nemeth10                n/a     
           gmres_inputs.Nemeth/nemeth11                n/a     
           gmres_inputs.Nemeth/nemeth12                n/a     
           gmres_inputs.Nemeth/nemeth13                n/a     
           gmres_inputs.Nemeth/nemeth16                n/a     
           gmres_inputs.Nemeth/nemeth17                n/a     
           gmres_inputs.Nemeth/nemeth18                n/a     
           gmres_inputs.Nemeth/nemeth19                n/a     
           gmres_inputs.Nemeth/nemeth20                n/a     
           gmres_inputs.Nemeth/nemeth21                n/a     
           gmres_inputs.Nemeth/nemeth22                n/a     
           gmres_inputs.Nemeth/nemeth23                n/a     
           gmres_inputs.Nemeth/nemeth24                n/a     
           gmres_inputs.Nemeth/nemeth25             321±0.6ms  
           gmres_inputs.Nemeth/nemeth26                n/a     
             gmres_inputs.Norris/fv1                   n/a     
             gmres_inputs.Norris/fv2                   n/a     
            gmres_inputs.Norris/torso2                 n/a     
          gmres_inputs.Oberwolfach/LF10                n/a     
          gmres_inputs.Oberwolfach/LFAT5               n/a     
             gmres_inputs.PARSEC/Si2                   n/a     
           gmres_inputs.Pothen/mesh1e1                 n/a     
           gmres_inputs.Pothen/mesh1em1                n/a     
           gmres_inputs.Pothen/mesh1em6                n/a     
           gmres_inputs.Pothen/mesh2e1                 n/a     
           gmres_inputs.Pothen/mesh2em5                n/a     
           gmres_inputs.Pothen/mesh3e1                 n/a     
           gmres_inputs.Pothen/mesh3em5                n/a     
           gmres_inputs.Pothen/sphere2                 n/a     
          gmres_inputs.Precima/analytics               n/a     
            gmres_inputs.Rajat/rajat13                 n/a     
         gmres_inputs.Rommes/bips98_1450               n/a     
          gmres_inputs.Rommes/bips98_606               n/a     
        gmres_inputs.Rommes/ww_36_pmec_36              n/a     
          gmres_inputs.Sandia/ASIC_100k                n/a     
          gmres_inputs.Sandia/ASIC_100ks               n/a     
          gmres_inputs.Sandia/ASIC_320ks               n/a     
          gmres_inputs.Sandia/ASIC_680k                n/a     
          gmres_inputs.Sandia/ASIC_680ks               n/a     
        gmres_inputs.Sandia/adder_dcop_31              n/a     
        gmres_inputs.Sandia/adder_dcop_32              n/a     
        gmres_inputs.Sandia/adder_dcop_33              n/a     
        gmres_inputs.Sandia/adder_dcop_34              n/a     
        gmres_inputs.Sandia/adder_dcop_35              n/a     
        gmres_inputs.Sandia/adder_dcop_36              n/a     
        gmres_inputs.Sandia/adder_dcop_37              n/a     
        gmres_inputs.Sandia/adder_dcop_38              n/a     
        gmres_inputs.Sandia/adder_dcop_40              n/a     
        gmres_inputs.Sandia/adder_dcop_41              n/a     
        gmres_inputs.Sandia/adder_dcop_42              n/a     
        gmres_inputs.Sandia/adder_dcop_43              n/a     
        gmres_inputs.Sandia/adder_dcop_44              n/a     
        gmres_inputs.Sandia/adder_dcop_45              n/a     
        gmres_inputs.Sandia/adder_dcop_46              n/a     
        gmres_inputs.Sandia/adder_dcop_47              n/a     
        gmres_inputs.Sandia/adder_dcop_48              n/a     
        gmres_inputs.Sandia/adder_dcop_49              n/a     
        gmres_inputs.Sandia/adder_dcop_50              n/a     
        gmres_inputs.Sandia/adder_dcop_51              n/a     
        gmres_inputs.Sandia/adder_dcop_52              n/a     
        gmres_inputs.Sandia/adder_dcop_53              n/a     
        gmres_inputs.Sandia/adder_dcop_54              n/a     
        gmres_inputs.Sandia/adder_dcop_55              n/a     
        gmres_inputs.Sandia/adder_dcop_57              n/a     
        gmres_inputs.Sandia/adder_dcop_58              n/a     
        gmres_inputs.Sandia/adder_dcop_59              n/a     
        gmres_inputs.Sandia/adder_dcop_60              n/a     
        gmres_inputs.Sandia/adder_dcop_61              n/a     
        gmres_inputs.Sandia/adder_dcop_62              n/a     
        gmres_inputs.Sandia/adder_dcop_63              n/a     
        gmres_inputs.Sandia/adder_dcop_64              n/a     
        gmres_inputs.Sandia/adder_dcop_65              n/a     
        gmres_inputs.Sandia/adder_dcop_66              n/a     
        gmres_inputs.Sandia/adder_dcop_67              n/a     
        gmres_inputs.Sandia/adder_dcop_68              n/a     
        gmres_inputs.Sandia/adder_dcop_69              n/a     
        gmres_inputs.Sandia/adder_trans_01             n/a     
        gmres_inputs.Sandia/adder_trans_02         33.7±0.04ms 
      gmres_inputs.Sandia/mult_dcop_02__rhs0           n/a     
     gmres_inputs.Schenk_AFE/af_shell3__rhs0           n/a     
     gmres_inputs.Schenk_AFE/af_shell4__rhs0           n/a     
     gmres_inputs.Schenk_AFE/af_shell7__rhs0           n/a     
     gmres_inputs.Schenk_AFE/af_shell8__rhs0           n/a     
        gmres_inputs.Simon/raefsky5__rhs0              n/a     
       gmres_inputs.TOKAMAK/utm1700b__rhs0             n/a     
        gmres_inputs.TOKAMAK/utm3060__rhs0             n/a     
       gmres_inputs.VDOL/hangGlider_1__rhs0            n/a     
 gmres_inputs.VDOL/tumorAntiAngiogenesis_1__rhs0       n/a     
 gmres_inputs.VDOL/tumorAntiAngiogenesis_2__rhs0       n/a     
              gmres_inputs.VLSI/ss1                    n/a     
             gmres_inputs.Wang/swang1                  n/a     
             gmres_inputs.Wang/swang2                  n/a     
             gmres_inputs.Zhao/Zhao1                   n/a     
================================================= =============

·· ================================================= =============
                        dataset                                   
   ------------------------------------------------- -------------
         gmres_test_inputs.test_gmres_random_42           n/a     
        gmres_test_inputs.test_gmres_random_123           n/a     
         gmres_test_inputs.test_gmres_diagonal            n/a     
            gmres_test_inputs.test_gmres_3x3              n/a     
            gmres_test_inputs.test_gmres_4x4              n/a     
              gmres_inputs.Andrews/Andrews                n/a     
              gmres_inputs.Andrianov/ins2                 n/a     
             gmres_inputs.Andrianov/net100                n/a     
             gmres_inputs.Andrianov/net125                n/a     
             gmres_inputs.Andrianov/net150                n/a     
              gmres_inputs.Andrianov/net25                n/a     
              gmres_inputs.Andrianov/net50                n/a     
              gmres_inputs.Andrianov/net75                n/a     
                gmres_inputs.Bai/bfwa62                   n/a     
                gmres_inputs.Bai/bfwb398                  n/a     
                gmres_inputs.Bai/bfwb62                   n/a     
                gmres_inputs.Bai/bfwb782                  n/a     
                 gmres_inputs.Bai/ck104                   n/a     
                gmres_inputs.Bai/dw256B                   n/a     
                gmres_inputs.Bai/dwb512                   n/a     
                gmres_inputs.Bai/pde225               14.1±0.04ms 
                gmres_inputs.Bai/rdb200                   n/a     
                gmres_inputs.Bai/rdb200l                  n/a     
               gmres_inputs.Bindel/ted_B                  n/a     
           gmres_inputs.Bindel/ted_B_unscaled             n/a     
          gmres_inputs.Bomhof/circuit_1__rhs0             n/a     
          gmres_inputs.Botonakis/thermomech_TC            n/a     
          gmres_inputs.Botonakis/thermomech_dM            n/a     
        gmres_inputs.Bourchtein/atmosmodd__rhs1           n/a     
        gmres_inputs.Bourchtein/atmosmodj__rhs1           n/a     
        gmres_inputs.Bourchtein/atmosmodl__rhs0           n/a     
        gmres_inputs.Bourchtein/atmosmodl__rhs1           n/a     
        gmres_inputs.Bourchtein/atmosmodm__rhs0           n/a     
        gmres_inputs.Bourchtein/atmosmodm__rhs1           n/a     
            gmres_inputs.Brunetiere/thermal               n/a     
                 gmres_inputs.CPM/cz148                   n/a     
            gmres_inputs.Cunningham/m3plates              n/a     
             gmres_inputs.Cunningham/qa8fk                n/a     
             gmres_inputs.Cunningham/qa8fm                n/a     
          gmres_inputs.FEMLAB/poisson2D__rhs0             n/a     
              gmres_inputs.FEMLAB/problem1                n/a     
                gmres_inputs.FIDAP/ex29                   n/a     
                gmres_inputs.FIDAP/ex37                   n/a     
                 gmres_inputs.FIDAP/ex5                   n/a     
                 gmres_inputs.FIDAP/ex7                   n/a     
          gmres_inputs.Freescale/circuit5M_dc             n/a     
            gmres_inputs.GHS_indef/blockqp1               n/a     
           gmres_inputs.GHS_indef/boyd1__rhs0             n/a     
           gmres_inputs.GHS_indef/boyd2__rhs0             n/a     
              gmres_inputs.GHS_indef/laser                n/a     
             gmres_inputs.GHS_indef/qpband                n/a     
            gmres_inputs.GHS_psdef/jnlbrng1               n/a     
            gmres_inputs.GHS_psdef/minsurfo               n/a     
            gmres_inputs.GHS_psdef/obstclae               n/a     
            gmres_inputs.GHS_psdef/wathen120              n/a     
             gmres_inputs.Grund/b1_ss__rhs0               n/a     
                gmres_inputs.Grund/meg4                   n/a     
             gmres_inputs.Grund/poli__rhs0                n/a     
                gmres_inputs.Grund/poli3                  n/a     
                gmres_inputs.Grund/poli4                  n/a     
             gmres_inputs.Grund/poli_large                n/a     
                 gmres_inputs.HB/arc130                   n/a     
                gmres_inputs.HB/bcspwr01                  n/a     
                gmres_inputs.HB/bcspwr02                  n/a     
                gmres_inputs.HB/bcsstk01                  n/a     
                gmres_inputs.HB/bcsstk02                  n/a     
                gmres_inputs.HB/bcsstk20                  n/a     
                gmres_inputs.HB/bcsstm01                  n/a     
                gmres_inputs.HB/bcsstm02                  n/a     
                gmres_inputs.HB/bcsstm03                  n/a     
                gmres_inputs.HB/bcsstm04                  n/a     
                gmres_inputs.HB/bcsstm05                  n/a     
                gmres_inputs.HB/bcsstm06                  n/a     
                gmres_inputs.HB/bcsstm08                  n/a     
                gmres_inputs.HB/bcsstm09                  n/a     
                gmres_inputs.HB/bcsstm11                  n/a     
                gmres_inputs.HB/bcsstm19                  n/a     
                gmres_inputs.HB/bcsstm20                  n/a     
                gmres_inputs.HB/bcsstm21                  n/a     
                gmres_inputs.HB/bcsstm22                  n/a     
                gmres_inputs.HB/can_144                   n/a     
                 gmres_inputs.HB/can_24                   n/a     
                 gmres_inputs.HB/can_61                   n/a     
                 gmres_inputs.HB/can_73                   n/a     
                gmres_inputs.HB/curtis54              10.9±0.01ms 
                gmres_inputs.HB/fs_541_1                  n/a     
                gmres_inputs.HB/fs_760_1                  n/a     
                gmres_inputs.HB/fs_760_2                  n/a     
                gmres_inputs.HB/fs_760_3                  n/a     
                gmres_inputs.HB/gr_30_30                  n/a     
                gmres_inputs.HB/jpwh_991                  n/a     
                 gmres_inputs.HB/lap_25                   n/a     
                  gmres_inputs.HB/nos4                    n/a     
                  gmres_inputs.HB/nos7                    n/a     
             gmres_inputs.HB/orani678__rhs1               n/a     
            gmres_inputs.HB/orani678__rhs10               n/a     
            gmres_inputs.HB/orani678__rhs11               n/a     
            gmres_inputs.HB/orani678__rhs12               n/a     
            gmres_inputs.HB/orani678__rhs14               n/a     
            gmres_inputs.HB/orani678__rhs15               n/a     
            gmres_inputs.HB/orani678__rhs16               n/a     
            gmres_inputs.HB/orani678__rhs17               n/a     
            gmres_inputs.HB/orani678__rhs18               n/a     
            gmres_inputs.HB/orani678__rhs19               n/a     
             gmres_inputs.HB/orani678__rhs2               n/a     
             gmres_inputs.HB/orani678__rhs3               n/a     
             gmres_inputs.HB/orani678__rhs4               n/a     
             gmres_inputs.HB/orani678__rhs5               n/a     
             gmres_inputs.HB/orani678__rhs6               n/a     
            gmres_inputs.HB/orani678__rhs62               n/a     
             gmres_inputs.HB/orani678__rhs7               n/a     
             gmres_inputs.HB/orani678__rhs8               n/a     
                gmres_inputs.HB/pores_1                   n/a     
                gmres_inputs.HB/psmigr_3                  n/a     
                 gmres_inputs.HB/steam2                   n/a     
                 gmres_inputs.HB/steam3                   n/a     
                 gmres_inputs.HB/watt_1                   n/a     
                 gmres_inputs.HB/watt_2                   n/a     
           gmres_inputs.Hamrle/Hamrle1__rhs0              n/a     
                  gmres_inputs.MKS/fp                     n/a     
               gmres_inputs.MathWorks/Muu                 n/a     
           gmres_inputs.MathWorks/tomography              n/a     
         gmres_inputs.MaxPlanck/shallow_water1            n/a     
         gmres_inputs.MaxPlanck/shallow_water2            n/a     
             gmres_inputs.Morandini/rotor1                n/a     
              gmres_inputs.Mulvey/finan512                n/a     
            gmres_inputs.Nasa/nasa2146__rhs0              n/a     
              gmres_inputs.Nemeth/nemeth02                n/a     
              gmres_inputs.Nemeth/nemeth03                n/a     
              gmres_inputs.Nemeth/nemeth04                n/a     
              gmres_inputs.Nemeth/nemeth05                n/a     
              gmres_inputs.Nemeth/nemeth06                n/a     
              gmres_inputs.Nemeth/nemeth07                n/a     
              gmres_inputs.Nemeth/nemeth08                n/a     
              gmres_inputs.Nemeth/nemeth09                n/a     
              gmres_inputs.Nemeth/nemeth10                n/a     
              gmres_inputs.Nemeth/nemeth11                n/a     
              gmres_inputs.Nemeth/nemeth12                n/a     
              gmres_inputs.Nemeth/nemeth13                n/a     
              gmres_inputs.Nemeth/nemeth16                n/a     
              gmres_inputs.Nemeth/nemeth17                n/a     
              gmres_inputs.Nemeth/nemeth18                n/a     
              gmres_inputs.Nemeth/nemeth19                n/a     
              gmres_inputs.Nemeth/nemeth20                n/a     
              gmres_inputs.Nemeth/nemeth21                n/a     
              gmres_inputs.Nemeth/nemeth22                n/a     
              gmres_inputs.Nemeth/nemeth23                n/a     
              gmres_inputs.Nemeth/nemeth24                n/a     
              gmres_inputs.Nemeth/nemeth25             321±0.6ms  
              gmres_inputs.Nemeth/nemeth26                n/a     
                gmres_inputs.Norris/fv1                   n/a     
                gmres_inputs.Norris/fv2                   n/a     
               gmres_inputs.Norris/torso2                 n/a     
             gmres_inputs.Oberwolfach/LF10                n/a     
             gmres_inputs.Oberwolfach/LFAT5               n/a     
                gmres_inputs.PARSEC/Si2                   n/a     
              gmres_inputs.Pothen/mesh1e1                 n/a     
              gmres_inputs.Pothen/mesh1em1                n/a     
              gmres_inputs.Pothen/mesh1em6                n/a     
              gmres_inputs.Pothen/mesh2e1                 n/a     
              gmres_inputs.Pothen/mesh2em5                n/a     
              gmres_inputs.Pothen/mesh3e1                 n/a     
              gmres_inputs.Pothen/mesh3em5                n/a     
              gmres_inputs.Pothen/sphere2                 n/a     
             gmres_inputs.Precima/analytics               n/a     
               gmres_inputs.Rajat/rajat13                 n/a     
            gmres_inputs.Rommes/bips98_1450               n/a     
             gmres_inputs.Rommes/bips98_606               n/a     
           gmres_inputs.Rommes/ww_36_pmec_36              n/a     
             gmres_inputs.Sandia/ASIC_100k                n/a     
             gmres_inputs.Sandia/ASIC_100ks               n/a     
             gmres_inputs.Sandia/ASIC_320ks               n/a     
             gmres_inputs.Sandia/ASIC_680k                n/a     
             gmres_inputs.Sandia/ASIC_680ks               n/a     
           gmres_inputs.Sandia/adder_dcop_31              n/a     
           gmres_inputs.Sandia/adder_dcop_32              n/a     
           gmres_inputs.Sandia/adder_dcop_33              n/a     
           gmres_inputs.Sandia/adder_dcop_34              n/a     
           gmres_inputs.Sandia/adder_dcop_35              n/a     
           gmres_inputs.Sandia/adder_dcop_36              n/a     
           gmres_inputs.Sandia/adder_dcop_37              n/a     
           gmres_inputs.Sandia/adder_dcop_38              n/a     
           gmres_inputs.Sandia/adder_dcop_40              n/a     
           gmres_inputs.Sandia/adder_dcop_41              n/a     
           gmres_inputs.Sandia/adder_dcop_42              n/a     
           gmres_inputs.Sandia/adder_dcop_43              n/a     
           gmres_inputs.Sandia/adder_dcop_44              n/a     
           gmres_inputs.Sandia/adder_dcop_45              n/a     
           gmres_inputs.Sandia/adder_dcop_46              n/a     
           gmres_inputs.Sandia/adder_dcop_47              n/a     
           gmres_inputs.Sandia/adder_dcop_48              n/a     
           gmres_inputs.Sandia/adder_dcop_49              n/a     
           gmres_inputs.Sandia/adder_dcop_50              n/a     
           gmres_inputs.Sandia/adder_dcop_51              n/a     
           gmres_inputs.Sandia/adder_dcop_52              n/a     
           gmres_inputs.Sandia/adder_dcop_53              n/a     
           gmres_inputs.Sandia/adder_dcop_54              n/a     
           gmres_inputs.Sandia/adder_dcop_55              n/a     
           gmres_inputs.Sandia/adder_dcop_57              n/a     
           gmres_inputs.Sandia/adder_dcop_58              n/a     
           gmres_inputs.Sandia/adder_dcop_59              n/a     
           gmres_inputs.Sandia/adder_dcop_60              n/a     
           gmres_inputs.Sandia/adder_dcop_61              n/a     
           gmres_inputs.Sandia/adder_dcop_62              n/a     
           gmres_inputs.Sandia/adder_dcop_63              n/a     
           gmres_inputs.Sandia/adder_dcop_64              n/a     
           gmres_inputs.Sandia/adder_dcop_65              n/a     
           gmres_inputs.Sandia/adder_dcop_66              n/a     
           gmres_inputs.Sandia/adder_dcop_67              n/a     
           gmres_inputs.Sandia/adder_dcop_68              n/a     
           gmres_inputs.Sandia/adder_dcop_69              n/a     
           gmres_inputs.Sandia/adder_trans_01             n/a     
           gmres_inputs.Sandia/adder_trans_02         33.7±0.04ms 
         gmres_inputs.Sandia/mult_dcop_02__rhs0           n/a     
        gmres_inputs.Schenk_AFE/af_shell3__rhs0           n/a     
        gmres_inputs.Schenk_AFE/af_shell4__rhs0           n/a     
        gmres_inputs.Schenk_AFE/af_shell7__rhs0           n/a     
        gmres_inputs.Schenk_AFE/af_shell8__rhs0           n/a     
           gmres_inputs.Simon/raefsky5__rhs0              n/a     
          gmres_inputs.TOKAMAK/utm1700b__rhs0             n/a     
           gmres_inputs.TOKAMAK/utm3060__rhs0             n/a     
          gmres_inputs.VDOL/hangGlider_1__rhs0            n/a     
    gmres_inputs.VDOL/tumorAntiAngiogenesis_1__rhs0       n/a     
    gmres_inputs.VDOL/tumorAntiAngiogenesis_2__rhs0       n/a     
                 gmres_inputs.VLSI/ss1                    n/a     
                gmres_inputs.Wang/swang1                  n/a     
                gmres_inputs.Wang/swang2                  n/a     
                gmres_inputs.Zhao/Zhao1                   n/a     
   ================================================= =============
INFO:root:...nford.BellmanFordBenchmark.time_bellman_ford

·· ...nford.BellmanFordBenchmark.time_bellman_ford