---------------------------------------
Begin Slurm Prolog: Sep-10-2026 16:22:49
Job ID:    13072380
User ID:   wahrens6
Account:   gts-wahrens6
Job name:  saps-competition
Partition: cpu-small
QOS:       inferno
---------------------------------------
INFO:root:Using SAPS config: {'//': 'Competition config using ASV-native include entries. Each include is one competitor environment with its own dependencies.', 'environment_type': 'virtualenv', 'install_command': ['in-dir={env_dir} python -mpip install {build_dir} --force-reinstall'], 'timeout': 60, 'resume': True, 'metrics': ['time'], 'tag': ['standard'], 'saps_dir': 'competition/run_local/task_0', 'env_dir': 'competition/run_local/task_0/env', 'results_dir': 'competition/run_local/task_0/results', 'matrix': {'env_nobuild': {'SAPS_LOG_PATH': ['/storage/scratch1/7/wahrens6/SparseArrayProgrammingSuite/competition/run_13072363/task_3/results/chunk-3/diagnostics.log'], 'REMOTE_STORAGE_BACKEND': ['s3'], 'REMOTE_STORAGE_BUCKET': ['sparse-array-programming-suite'], 'SAPS_CACHE_DIR': ['/storage/scratch1/7/wahrens6/SparseArrayProgrammingSuite/.saps/outputs/cache'], 'SAPS_MANIFEST_PATH': ['/storage/scratch1/7/wahrens6/SparseArrayProgrammingSuite/manifest.json']}}, 'exclude': [{'env_nobuild': {'SAPS_FRAMEWORK': None}}], 'include': [{'python': '3.12', 'req': {'array-api-compat': '1.15.0', 'lark': '1.3.1', 'networkx': '3.6', 'numpy': '2.3', 'scipy': '1.17.1', 'sparse': '0.17.0', 'ssgetpy': '1.0rc2'}, 'env_nobuild': {'SAPS_FRAMEWORK': 'frameworks/saps_numpy.py', 'SAPS_REPO_ROOT': '.', 'SAPS_LOG_PATH': '/storage/scratch1/7/wahrens6/SparseArrayProgrammingSuite/competition/run_13072363/task_3/results/chunk-3/diagnostics.log', 'REMOTE_STORAGE_BACKEND': 's3', 'REMOTE_STORAGE_BUCKET': 'sparse-array-programming-suite', 'SAPS_CACHE_DIR': '/storage/scratch1/7/wahrens6/SparseArrayProgrammingSuite/.saps/outputs/cache', 'SAPS_MANIFEST_PATH': '/storage/scratch1/7/wahrens6/SparseArrayProgrammingSuite/manifest.json'}}, {'python': '3.12', 'req': {'array-api-compat': '1.15.0', 'lark': '1.3.1', 'networkx': '3.6', 'numpy': '2.3', 'scipy': '1.17.1', 'sparse': '0.17.0', 'ssgetpy': '1.0rc2'}, 'env_nobuild': {'SAPS_FRAMEWORK': 'frameworks/saps_scipy.py', 'SAPS_REPO_ROOT': '.', 'SAPS_LOG_PATH': '/storage/scratch1/7/wahrens6/SparseArrayProgrammingSuite/competition/run_13072363/task_3/results/chunk-3/diagnostics.log', 'REMOTE_STORAGE_BACKEND': 's3', 'REMOTE_STORAGE_BUCKET': 'sparse-array-programming-suite', 'SAPS_CACHE_DIR': '/storage/scratch1/7/wahrens6/SparseArrayProgrammingSuite/.saps/outputs/cache', 'SAPS_MANIFEST_PATH': '/storage/scratch1/7/wahrens6/SparseArrayProgrammingSuite/manifest.json'}}, {'python': '3.12', 'req': {'array-api-compat': '1.15.0', 'lark': '1.3.1', 'networkx': '3.6', 'numpy': '2.3', 'scipy': '1.17.1', 'sparse': '0.17.0', 'ssgetpy': '1.0rc2'}, 'env_nobuild': {'SAPS_FRAMEWORK': 'frameworks/saps_sparse.py', 'SAPS_REPO_ROOT': '.', 'SAPS_LOG_PATH': '/storage/scratch1/7/wahrens6/SparseArrayProgrammingSuite/competition/run_13072363/task_3/results/chunk-3/diagnostics.log', 'REMOTE_STORAGE_BACKEND': 's3', 'REMOTE_STORAGE_BUCKET': 'sparse-array-programming-suite', 'SAPS_CACHE_DIR': '/storage/scratch1/7/wahrens6/SparseArrayProgrammingSuite/.saps/outputs/cache', 'SAPS_MANIFEST_PATH': '/storage/scratch1/7/wahrens6/SparseArrayProgrammingSuite/manifest.json'}}, {'python': '3.12', 'req': {'array-api-compat': '1.15.0', 'lark': '1.3.1', 'networkx': '3.6', 'numpy': '2.3', 'scipy': '1.17.1', 'sparse': '0.17.0', 'ssgetpy': '1.0rc2', 'torch': '2.12.1'}, 'env_nobuild': {'SAPS_FRAMEWORK': 'frameworks/saps_pytorch.py', 'SAPS_REPO_ROOT': '.', 'SAPS_LOG_PATH': '/storage/scratch1/7/wahrens6/SparseArrayProgrammingSuite/competition/run_13072363/task_3/results/chunk-3/diagnostics.log', 'REMOTE_STORAGE_BACKEND': 's3', 'REMOTE_STORAGE_BUCKET': 'sparse-array-programming-suite', 'SAPS_CACHE_DIR': '/storage/scratch1/7/wahrens6/SparseArrayProgrammingSuite/.saps/outputs/cache', 'SAPS_MANIFEST_PATH': '/storage/scratch1/7/wahrens6/SparseArrayProgrammingSuite/manifest.json'}}]}
· Using SAPS config: {'//': 'Competition config using ASV-native include entries. Each include is one competitor environment with its own dependencies.', 'environment_type': 'virtualenv', 'install_command': ['in-dir={env_dir} python -mpip install {build_dir} --force-reinstall'], 'timeout': 60, 'resume': True, 'metrics': ['time'], 'tag': ['standard'], 'saps_dir': 'competition/run_local/task_0', 'env_dir': 'competition/run_local/task_0/env', 'results_dir': 'competition/run_local/task_0/results', 'matrix': {'env_nobuild': {'SAPS_LOG_PATH': ['/storage/scratch1/7/wahrens6/SparseArrayProgrammingSuite/competition/run_13072363/task_3/results/chunk-3/diagnostics.log'], 'REMOTE_STORAGE_BACKEND': ['s3'], 'REMOTE_STORAGE_BUCKET': ['sparse-array-programming-suite'], 'SAPS_CACHE_DIR': ['/storage/scratch1/7/wahrens6/SparseArrayProgrammingSuite/.saps/outputs/cache'], 'SAPS_MANIFEST_PATH': ['/storage/scratch1/7/wahrens6/SparseArrayProgrammingSuite/manifest.json']}}, 'exclude': [{'env_nobuild': {'SAPS_FRAMEWORK': None}}], 'include': [{'python': '3.12', 'req': {'array-api-compat': '1.15.0', 'lark': '1.3.1', 'networkx': '3.6', 'numpy': '2.3', 'scipy': '1.17.1', 'sparse': '0.17.0', 'ssgetpy': '1.0rc2'}, 'env_nobuild': {'SAPS_FRAMEWORK': 'frameworks/saps_numpy.py', 'SAPS_REPO_ROOT': '.', 'SAPS_LOG_PATH': '/storage/scratch1/7/wahrens6/SparseArrayProgrammingSuite/competition/run_13072363/task_3/results/chunk-3/diagnostics.log', 'REMOTE_STORAGE_BACKEND': 's3', 'REMOTE_STORAGE_BUCKET': 'sparse-array-programming-suite', 'SAPS_CACHE_DIR': '/storage/scratch1/7/wahrens6/SparseArrayProgrammingSuite/.saps/outputs/cache', 'SAPS_MANIFEST_PATH': '/storage/scratch1/7/wahrens6/SparseArrayProgrammingSuite/manifest.json'}}, {'python': '3.12', 'req': {'array-api-compat': '1.15.0', 'lark': '1.3.1', 'networkx': '3.6', 'numpy': '2.3', 'scipy': '1.17.1', 'sparse': '0.17.0', 'ssgetpy': '1.0rc2'}, 'env_nobuild': {'SAPS_FRAMEWORK': 'frameworks/saps_scipy.py', 'SAPS_REPO_ROOT': '.', 'SAPS_LOG_PATH': '/storage/scratch1/7/wahrens6/SparseArrayProgrammingSuite/competition/run_13072363/task_3/results/chunk-3/diagnostics.log', 'REMOTE_STORAGE_BACKEND': 's3', 'REMOTE_STORAGE_BUCKET': 'sparse-array-programming-suite', 'SAPS_CACHE_DIR': '/storage/scratch1/7/wahrens6/SparseArrayProgrammingSuite/.saps/outputs/cache', 'SAPS_MANIFEST_PATH': '/storage/scratch1/7/wahrens6/SparseArrayProgrammingSuite/manifest.json'}}, {'python': '3.12', 'req': {'array-api-compat': '1.15.0', 'lark': '1.3.1', 'networkx': '3.6', 'numpy': '2.3', 'scipy': '1.17.1', 'sparse': '0.17.0', 'ssgetpy': '1.0rc2'}, 'env_nobuild': {'SAPS_FRAMEWORK': 'frameworks/saps_sparse.py', 'SAPS_REPO_ROOT': '.', 'SAPS_LOG_PATH': '/storage/scratch1/7/wahrens6/SparseArrayProgrammingSuite/competition/run_13072363/task_3/results/chunk-3/diagnostics.log', 'REMOTE_STORAGE_BACKEND': 's3', 'REMOTE_STORAGE_BUCKET': 'sparse-array-programming-suite', 'SAPS_CACHE_DIR': '/storage/scratch1/7/wahrens6/SparseArrayProgrammingSuite/.saps/outputs/cache', 'SAPS_MANIFEST_PATH': '/storage/scratch1/7/wahrens6/SparseArrayProgrammingSuite/manifest.json'}}, {'python': '3.12', 'req': {'array-api-compat': '1.15.0', 'lark': '1.3.1', 'networkx': '3.6', 'numpy': '2.3', 'scipy': '1.17.1', 'sparse': '0.17.0', 'ssgetpy': '1.0rc2', 'torch': '2.12.1'}, 'env_nobuild': {'SAPS_FRAMEWORK': 'frameworks/saps_pytorch.py', 'SAPS_REPO_ROOT': '.', 'SAPS_LOG_PATH': '/storage/scratch1/7/wahrens6/SparseArrayProgrammingSuite/competition/run_13072363/task_3/results/chunk-3/diagnostics.log', 'REMOTE_STORAGE_BACKEND': 's3', 'REMOTE_STORAGE_BUCKET': 'sparse-array-programming-suite', 'SAPS_CACHE_DIR': '/storage/scratch1/7/wahrens6/SparseArrayProgrammingSuite/.saps/outputs/cache', 'SAPS_MANIFEST_PATH': '/storage/scratch1/7/wahrens6/SparseArrayProgrammingSuite/manifest.json'}}]}INFO:root:Using SAPS outputs directory: /storage/scratch1/7/wahrens6/SparseArrayProgrammingSuite/competition/run_13072363/task_3/outputs/chunk-3

· Using SAPS outputs directory: /storage/scratch1/7/wahrens6/SparseArrayProgrammingSuite/competition/run_13072363/task_3/outputs/chunk-3INFO:root:Using SAPS dataset cache: /storage/scratch1/7/wahrens6/SparseArrayProgrammingSuite/.saps/outputs/cache

· Using SAPS dataset cache: /storage/scratch1/7/wahrens6/SparseArrayProgrammingSuite/.saps/outputs/cacheINFO:root:Using SAPS machine files directory: /storage/scratch1/7/wahrens6/SparseArrayProgrammingSuite/competition/run_13072363/task_3/machine_files/chunk-3

· Using SAPS machine files directory: /storage/scratch1/7/wahrens6/SparseArrayProgrammingSuite/competition/run_13072363/task_3/machine_files/chunk-3INFO:root:Discovering benchmarks

· Discovering benchmarksINFO:root:Creating environments
Discovered 12 benchmark entries
Using timeout: 60 seconds

· Creating environmentsINFO:root:Uninstalling from virtualenv-py3.12-array-api-compat1.15.0-lark1.3.1-networkx3.6-numpy2.3-scipy1.17.1-sparse0.17.0-ssgetpy1.0rc2-REMOTE_STORAGE_BACKENDs3-REMOTE_STORAGE_BUCKETsparse-array-programming-suite-SAPS_CACHE_DIR_storage_scratch1_7_wahrens6_SparseArrayProgrammingSuite_.saps_outputs_cache-SAPS_FRAMEWORK_storage_scratch1_7_wahrens6_SparseArrayProgrammingSuite_frameworks_saps_numpy.py-SAPS_LOG_PATH_storage_scratch1_7_wahrens6_SparseArrayProgrammingSuite_competition_run_13072363_task_3_results_chunk-3_diagnostics.log-SAPS_MANIFEST_PATH_storage_scratch1_7_wahrens6_SparseArrayProgrammingSuite_manifest.json-SAPS_REPO_ROOT_storage_scratch1_7_wahrens6_SparseArrayProgrammingSuite

· Uninstalling from virtualenv-py3.12-array-api-compat1.15.0-lark1.3.1-networkx3.6-numpy2.3-scipy1.17.1-sparse0.17.0-ssgetpy1.0rc2-REMOTE_STORAGE_BACKENDs3-REMOTE_STORAGE_BUCKETsparse-array-programming-suite-SAPS_CACHE_DIR_storage_scratch1_7_wahrens6_SparseArrayProgrammingSuite_.saps_outputs_cache-SAPS_FRAMEWORK_storage_scratch1_7_wahrens6_SparseArrayProgrammingSuite_frameworks_saps_numpy.py-SAPS_LOG_PATH_storage_scratch1_7_wahrens6_SparseArrayProgrammingSuite_competition_run_13072363_task_3_results_chunk-3_diagnostics.log-SAPS_MANIFEST_PATH_storage_scratch1_7_wahrens6_SparseArrayProgrammingSuite_manifest.json-SAPS_REPO_ROOT_storage_scratch1_7_wahrens6_SparseArrayProgrammingSuiteINFO:root:Building e00ec0f4 <wma/fix-runner> for virtualenv-py3.12-array-api-compat1.15.0-lark1.3.1-networkx3.6-numpy2.3-scipy1.17.1-sparse0.17.0-ssgetpy1.0rc2-REMOTE_STORAGE_BACKENDs3-REMOTE_STORAGE_BUCKETsparse-array-programming-suite-SAPS_CACHE_DIR_storage_scratch1_7_wahrens6_SparseArrayProgrammingSuite_.saps_outputs_cache-SAPS_FRAMEWORK_storage_scratch1_7_wahrens6_SparseArrayProgrammingSuite_frameworks_saps_numpy.py-SAPS_LOG_PATH_storage_scratch1_7_wahrens6_SparseArrayProgrammingSuite_competition_run_13072363_task_3_results_chunk-3_diagnostics.log-SAPS_MANIFEST_PATH_storage_scratch1_7_wahrens6_SparseArrayProgrammingSuite_manifest.json-SAPS_REPO_ROOT_storage_scratch1_7_wahrens6_SparseArrayProgrammingSuite

· Building e00ec0f4 <wma/fix-runner> for virtualenv-py3.12-array-api-compat1.15.0-lark1.3.1-networkx3.6-numpy2.3-scipy1.17.1-sparse0.17.0-ssgetpy1.0rc2-REMOTE_STORAGE_BACKENDs3-REMOTE_STORAGE_BUCKETsparse-array-programming-suite-SAPS_CACHE_DIR_storage_scratch1_7_wahrens6_SparseArrayProgrammingSuite_.saps_outputs_cache-SAPS_FRAMEWORK_storage_scratch1_7_wahrens6_SparseArrayProgrammingSuite_frameworks_saps_numpy.py-SAPS_LOG_PATH_storage_scratch1_7_wahrens6_SparseArrayProgrammingSuite_competition_run_13072363_task_3_results_chunk-3_diagnostics.log-SAPS_MANIFEST_PATH_storage_scratch1_7_wahrens6_SparseArrayProgrammingSuite_manifest.json-SAPS_REPO_ROOT_storage_scratch1_7_wahrens6_SparseArrayProgrammingSuiteINFO:root:Installing e00ec0f4 <wma/fix-runner> into virtualenv-py3.12-array-api-compat1.15.0-lark1.3.1-networkx3.6-numpy2.3-scipy1.17.1-sparse0.17.0-ssgetpy1.0rc2-REMOTE_STORAGE_BACKENDs3-REMOTE_STORAGE_BUCKETsparse-array-programming-suite-SAPS_CACHE_DIR_storage_scratch1_7_wahrens6_SparseArrayProgrammingSuite_.saps_outputs_cache-SAPS_FRAMEWORK_storage_scratch1_7_wahrens6_SparseArrayProgrammingSuite_frameworks_saps_numpy.py-SAPS_LOG_PATH_storage_scratch1_7_wahrens6_SparseArrayProgrammingSuite_competition_run_13072363_task_3_results_chunk-3_diagnostics.log-SAPS_MANIFEST_PATH_storage_scratch1_7_wahrens6_SparseArrayProgrammingSuite_manifest.json-SAPS_REPO_ROOT_storage_scratch1_7_wahrens6_SparseArrayProgrammingSuite

· Installing e00ec0f4 <wma/fix-runner> into virtualenv-py3.12-array-api-compat1.15.0-lark1.3.1-networkx3.6-numpy2.3-scipy1.17.1-sparse0.17.0-ssgetpy1.0rc2-REMOTE_STORAGE_BACKENDs3-REMOTE_STORAGE_BUCKETsparse-array-programming-suite-SAPS_CACHE_DIR_storage_scratch1_7_wahrens6_SparseArrayProgrammingSuite_.saps_outputs_cache-SAPS_FRAMEWORK_storage_scratch1_7_wahrens6_SparseArrayProgrammingSuite_frameworks_saps_numpy.py-SAPS_LOG_PATH_storage_scratch1_7_wahrens6_SparseArrayProgrammingSuite_competition_run_13072363_task_3_results_chunk-3_diagnostics.log-SAPS_MANIFEST_PATH_storage_scratch1_7_wahrens6_SparseArrayProgrammingSuite_manifest.json-SAPS_REPO_ROOT_storage_scratch1_7_wahrens6_SparseArrayProgrammingSuiteINFO:root:Benchmarking virtualenv-py3.12-array-api-compat1.15.0-lark1.3.1-networkx3.6-numpy2.3-scipy1.17.1-sparse0.17.0-ssgetpy1.0rc2-REMOTE_STORAGE_BACKENDs3-REMOTE_STORAGE_BUCKETsparse-array-programming-suite-SAPS_CACHE_DIR_storage_scratch1_7_wahrens6_SparseArrayProgrammingSuite_.saps_outputs_cache-SAPS_FRAMEWORK_storage_scratch1_7_wahrens6_SparseArrayProgrammingSuite_frameworks_saps_numpy.py-SAPS_LOG_PATH_storage_scratch1_7_wahrens6_SparseArrayProgrammingSuite_competition_run_13072363_task_3_results_chunk-3_diagnostics.log-SAPS_MANIFEST_PATH_storage_scratch1_7_wahrens6_SparseArrayProgrammingSuite_manifest.json-SAPS_REPO_ROOT_storage_scratch1_7_wahrens6_SparseArrayProgrammingSuite

· Benchmarking virtualenv-py3.12-array-api-compat1.15.0-lark1.3.1-networkx3.6-numpy2.3-scipy1.17.1-sparse0.17.0-ssgetpy1.0rc2-REMOTE_STORAGE_BACKENDs3-REMOTE_STORAGE_BUCKETsparse-array-programming-suite-SAPS_CACHE_DIR_storage_scratch1_7_wahrens6_SparseArrayProgrammingSuite_.saps_outputs_cache-SAPS_FRAMEWORK_storage_scratch1_7_wahrens6_SparseArrayProgrammingSuite_frameworks_saps_numpy.py-SAPS_LOG_PATH_storage_scratch1_7_wahrens6_SparseArrayProgrammingSuite_competition_run_13072363_task_3_results_chunk-3_diagnostics.log-SAPS_MANIFEST_PATH_storage_scratch1_7_wahrens6_SparseArrayProgrammingSuite_manifest.json-SAPS_REPO_ROOT_storage_scratch1_7_wahrens6_SparseArrayProgrammingSuiteINFO:root:Running (BFS.BreadthFirstSearchBenchmark.time_bfs--)

·· Running (BFS.BreadthFirstSearchBenchmark.time_bfs--).INFO:root:Running (GMRES.GMRESBenchmark.time_gmres--)

·· Running (GMRES.GMRESBenchmark.time_gmres--)..INFO:root:Running (cg.CGBenchmark.time_cg_solver--)

·· Running (cg.CGBenchmark.time_cg_solver--).INFO:root:Running (cp_als.CP_ALS.time_cp_als--)

·· Running (cp_als.CP_ALS.time_cp_als--)......INFO:root:Running (preconditioned_cg.PreconditionedCGBenchmark.time_preconditioned_cg--)

·· Running (preconditioned_cg.PreconditionedCGBenchmark.time_preconditioned_cg--)..INFO:root:BFS.BreadthFirstSearchBenchmark.time_bfs

·· BFS.BreadthFirstSearchBenchmark.time_bfs              5/330 failedINFO:root:========================================= ========
                 dataset                          
----------------------------------------- --------
      bfs_inputs.snap-email-Eu-core         n/a   
    bfs_inputs.snap-facebook_combined       n/a   
         bfs_inputs.snap-ca-GrQc            n/a   
      bfs_inputs.snap-p2p-Gnutella04        n/a   
      bfs_test_inputs.test_bfs_basic        n/a   
   bfs_test_inputs.test_bfs_single_node     n/a   
  bfs_test_inputs.test_bfs_disconnected     n/a   
   bfs_test_inputs.test_bfs_undirected      n/a   
      bfs_test_inputs.test_bfs_cycle        n/a   
    bfs_test_inputs.test_bfs_snap_toy       n/a   
   bfs_gap_inputs.GAP/GAP-road_4795720      n/a   
   bfs_gap_inputs.GAP/GAP-road_21003853     n/a   
    bfs_gap_inputs.GAP/GAP-road_417968      n/a   
   bfs_gap_inputs.GAP/GAP-road_6496511      n/a   
   bfs_gap_inputs.GAP/GAP-road_6648699      n/a   
   bfs_gap_inputs.GAP/GAP-road_9811073      n/a   
   bfs_gap_inputs.GAP/GAP-road_22247478     n/a   
   bfs_gap_inputs.GAP/GAP-road_5720252      n/a   
   bfs_gap_inputs.GAP/GAP-road_12366459     n/a   
   bfs_gap_inputs.GAP/GAP-road_20413729     n/a   
   bfs_gap_inputs.GAP/GAP-road_4217374      n/a   
   bfs_gap_inputs.GAP/GAP-road_2674749      n/a   
   bfs_gap_inputs.GAP/GAP-road_22085557     n/a   
   bfs_gap_inputs.GAP/GAP-road_19445040     n/a   
   bfs_gap_inputs.GAP/GAP-road_2360788      n/a   
   bfs_gap_inputs.GAP/GAP-road_19115968     n/a   
   bfs_gap_inputs.GAP/GAP-road_7758767      n/a   
   bfs_gap_inputs.GAP/GAP-road_13468234     n/a   
    bfs_gap_inputs.GAP/GAP-road_30367       n/a   
   bfs_gap_inputs.GAP/GAP-road_18599547     n/a   
   bfs_gap_inputs.GAP/GAP-road_7526108      n/a   
   bfs_gap_inputs.GAP/GAP-road_16836280     n/a   
   bfs_gap_inputs.GAP/GAP-road_12742067     n/a   
   bfs_gap_inputs.GAP/GAP-road_7697995      n/a   
   bfs_gap_inputs.GAP/GAP-road_5876443      n/a   
   bfs_gap_inputs.GAP/GAP-road_9616340      n/a   
   bfs_gap_inputs.GAP/GAP-road_2497673      n/a   
   bfs_gap_inputs.GAP/GAP-road_10052290     n/a   
   bfs_gap_inputs.GAP/GAP-road_12493057     n/a   
   bfs_gap_inputs.GAP/GAP-road_1670855      n/a   
   bfs_gap_inputs.GAP/GAP-road_2760679      n/a   
   bfs_gap_inputs.GAP/GAP-road_2460941      n/a   
   bfs_gap_inputs.GAP/GAP-road_8489650      n/a   
   bfs_gap_inputs.GAP/GAP-road_5005225      n/a   
   bfs_gap_inputs.GAP/GAP-road_8744645      n/a   
   bfs_gap_inputs.GAP/GAP-road_8512023      n/a   
   bfs_gap_inputs.GAP/GAP-road_21912165     n/a   
   bfs_gap_inputs.GAP/GAP-road_1105390      n/a   
   bfs_gap_inputs.GAP/GAP-road_15432163     n/a   
   bfs_gap_inputs.GAP/GAP-road_1600177      n/a   
   bfs_gap_inputs.GAP/GAP-road_19079469     n/a   
   bfs_gap_inputs.GAP/GAP-road_16516637     n/a   
   bfs_gap_inputs.GAP/GAP-road_20202566    failed 
   bfs_gap_inputs.GAP/GAP-road_21372803     n/a   
   bfs_gap_inputs.GAP/GAP-road_2898009      n/a   
   bfs_gap_inputs.GAP/GAP-road_8491277      n/a   
   bfs_gap_inputs.GAP/GAP-road_18798317     n/a   
   bfs_gap_inputs.GAP/GAP-road_23757560     n/a   
   bfs_gap_inputs.GAP/GAP-road_17161819     n/a   
   bfs_gap_inputs.GAP/GAP-road_23180739     n/a   
   bfs_gap_inputs.GAP/GAP-road_10997085     n/a   
   bfs_gap_inputs.GAP/GAP-road_3730630      n/a   
   bfs_gap_inputs.GAP/GAP-road_1079068      n/a   
   bfs_gap_inputs.GAP/GAP-road_15426822     n/a   
   bfs_gap_inputs.GAP/GAP-road_12190925     n/a   
   bfs_gap_inputs.GAP/GAP-road_1155218      n/a   
   bfs_gap_inputs.GAP/GAP-road_10693488     n/a   
   bfs_gap_inputs.GAP/GAP-road_14434835     n/a   
   bfs_gap_inputs.GAP/GAP-road_19963339     n/a   
   bfs_gap_inputs.GAP/GAP-road_3486185      n/a   
   bfs_gap_inputs.GAP/GAP-road_18383269     n/a   
   bfs_gap_inputs.GAP/GAP-road_20269908     n/a   
   bfs_gap_inputs.GAP/GAP-road_12370764     n/a   
   bfs_gap_inputs.GAP/GAP-road_7843140      n/a   
 bfs_gap_inputs.GAP/GAP-twitter_12441072    n/a   
 bfs_gap_inputs.GAP/GAP-twitter_54488257    n/a   
 bfs_gap_inputs.GAP/GAP-twitter_25451915    n/a   
 bfs_gap_inputs.GAP/GAP-twitter_57714473    n/a   
 bfs_gap_inputs.GAP/GAP-twitter_14839494    n/a   
 bfs_gap_inputs.GAP/GAP-twitter_32081104    n/a   
 bfs_gap_inputs.GAP/GAP-twitter_52957357    n/a   
 bfs_gap_inputs.GAP/GAP-twitter_50444380    n/a   
 bfs_gap_inputs.GAP/GAP-twitter_49590701    n/a   
 bfs_gap_inputs.GAP/GAP-twitter_20127816    n/a   
 bfs_gap_inputs.GAP/GAP-twitter_34939333    n/a   
 bfs_gap_inputs.GAP/GAP-twitter_48251001    n/a   
 bfs_gap_inputs.GAP/GAP-twitter_19524253    n/a   
 bfs_gap_inputs.GAP/GAP-twitter_43676726    n/a   
 bfs_gap_inputs.GAP/GAP-twitter_33055508    n/a   
 bfs_gap_inputs.GAP/GAP-twitter_15244687    n/a   
 bfs_gap_inputs.GAP/GAP-twitter_24946738    n/a   
  bfs_gap_inputs.GAP/GAP-twitter_6479472    n/a   
 bfs_gap_inputs.GAP/GAP-twitter_26077682    n/a   
 bfs_gap_inputs.GAP/GAP-twitter_22023875    n/a   
 bfs_gap_inputs.GAP/GAP-twitter_22081915    n/a   
 bfs_gap_inputs.GAP/GAP-twitter_40034162    n/a   
 bfs_gap_inputs.GAP/GAP-twitter_49496014    n/a   
 bfs_gap_inputs.GAP/GAP-twitter_42847507    n/a   
 bfs_gap_inputs.GAP/GAP-twitter_52409557    n/a   
 bfs_gap_inputs.GAP/GAP-twitter_55445388    n/a   
 bfs_gap_inputs.GAP/GAP-twitter_22028097    n/a   
 bfs_gap_inputs.GAP/GAP-twitter_48766648    n/a   
 bfs_gap_inputs.GAP/GAP-twitter_44521241    n/a   
 bfs_gap_inputs.GAP/GAP-twitter_60135542    n/a   
 bfs_gap_inputs.GAP/GAP-twitter_28528671    n/a   
  bfs_gap_inputs.GAP/GAP-twitter_9678012    n/a   
 bfs_gap_inputs.GAP/GAP-twitter_40020306    n/a   
 bfs_gap_inputs.GAP/GAP-twitter_31625735    n/a   
 bfs_gap_inputs.GAP/GAP-twitter_37446892    n/a   
 bfs_gap_inputs.GAP/GAP-twitter_51788952    n/a   
 bfs_gap_inputs.GAP/GAP-twitter_52584255    n/a   
 bfs_gap_inputs.GAP/GAP-twitter_20346696    n/a   
 bfs_gap_inputs.GAP/GAP-twitter_48387909    n/a   
 bfs_gap_inputs.GAP/GAP-twitter_37337427    n/a   
 bfs_gap_inputs.GAP/GAP-twitter_50501084    n/a   
 bfs_gap_inputs.GAP/GAP-twitter_30130061    n/a   
 bfs_gap_inputs.GAP/GAP-twitter_41185893   failed 
 bfs_gap_inputs.GAP/GAP-twitter_56495703    n/a   
 bfs_gap_inputs.GAP/GAP-twitter_45663305    n/a   
 bfs_gap_inputs.GAP/GAP-twitter_33359460    n/a   
 bfs_gap_inputs.GAP/GAP-twitter_48143058    n/a   
 bfs_gap_inputs.GAP/GAP-twitter_33291513    n/a   
 bfs_gap_inputs.GAP/GAP-twitter_53461445    n/a   
 bfs_gap_inputs.GAP/GAP-twitter_29340610    n/a   
 bfs_gap_inputs.GAP/GAP-twitter_34148498    n/a   
 bfs_gap_inputs.GAP/GAP-twitter_49171806    n/a   
 bfs_gap_inputs.GAP/GAP-twitter_35550696    n/a   
 bfs_gap_inputs.GAP/GAP-twitter_14521507    n/a   
 bfs_gap_inputs.GAP/GAP-twitter_51633218    n/a   
 bfs_gap_inputs.GAP/GAP-twitter_46823382    n/a   
 bfs_gap_inputs.GAP/GAP-twitter_19396273    n/a   
 bfs_gap_inputs.GAP/GAP-twitter_19871750    n/a   
 bfs_gap_inputs.GAP/GAP-twitter_36862677    n/a   
 bfs_gap_inputs.GAP/GAP-twitter_49539126    n/a   
 bfs_gap_inputs.GAP/GAP-twitter_34016452    n/a   
 bfs_gap_inputs.GAP/GAP-twitter_36567395    n/a   
 bfs_gap_inputs.GAP/GAP-twitter_55487793    n/a   
 bfs_gap_inputs.GAP/GAP-twitter_14391370    n/a   
   bfs_gap_inputs.GAP/GAP-web_10219452      n/a   
   bfs_gap_inputs.GAP/GAP-web_44758211      n/a   
    bfs_gap_inputs.GAP/GAP-web_890671       n/a   
   bfs_gap_inputs.GAP/GAP-web_13843756      n/a   
   bfs_gap_inputs.GAP/GAP-web_14168062      n/a   
   bfs_gap_inputs.GAP/GAP-web_20906930      n/a   
   bfs_gap_inputs.GAP/GAP-web_12189584      n/a   
   bfs_gap_inputs.GAP/GAP-web_26352335      n/a   
   bfs_gap_inputs.GAP/GAP-web_43500686      n/a   
    bfs_gap_inputs.GAP/GAP-web_8987024      n/a   
    bfs_gap_inputs.GAP/GAP-web_5699762      n/a   
   bfs_gap_inputs.GAP/GAP-web_41436455      n/a   
    bfs_gap_inputs.GAP/GAP-web_5030727      n/a   
   bfs_gap_inputs.GAP/GAP-web_40735218      n/a   
   bfs_gap_inputs.GAP/GAP-web_16533563      n/a   
   bfs_gap_inputs.GAP/GAP-web_28700166      n/a   
     bfs_gap_inputs.GAP/GAP-web_64711       n/a   
   bfs_gap_inputs.GAP/GAP-web_39634750      n/a   
   bfs_gap_inputs.GAP/GAP-web_16037779      n/a   
   bfs_gap_inputs.GAP/GAP-web_27152739      n/a   
   bfs_gap_inputs.GAP/GAP-web_16404061      n/a   
   bfs_gap_inputs.GAP/GAP-web_20491963      n/a   
    bfs_gap_inputs.GAP/GAP-web_5322423      n/a   
   bfs_gap_inputs.GAP/GAP-web_21420953      n/a   
   bfs_gap_inputs.GAP/GAP-web_26622109      n/a   
    bfs_gap_inputs.GAP/GAP-web_5882875      n/a   
   bfs_gap_inputs.GAP/GAP-web_18091040      n/a   
   bfs_gap_inputs.GAP/GAP-web_10665896      n/a   
   bfs_gap_inputs.GAP/GAP-web_18634422      n/a   
   bfs_gap_inputs.GAP/GAP-web_18138715      n/a   
    bfs_gap_inputs.GAP/GAP-web_2355535      n/a   
   bfs_gap_inputs.GAP/GAP-web_32885205      n/a   
   bfs_gap_inputs.GAP/GAP-web_40657440      n/a   
   bfs_gap_inputs.GAP/GAP-web_35196167      n/a   
   bfs_gap_inputs.GAP/GAP-web_45544426      n/a   
    bfs_gap_inputs.GAP/GAP-web_6175519      n/a   
   bfs_gap_inputs.GAP/GAP-web_40058318      n/a   
   bfs_gap_inputs.GAP/GAP-web_50626230      n/a   
   bfs_gap_inputs.GAP/GAP-web_36571019      n/a   
   bfs_gap_inputs.GAP/GAP-web_49397052      n/a   
   bfs_gap_inputs.GAP/GAP-web_23434265      n/a   
    bfs_gap_inputs.GAP/GAP-web_2299444      n/a   
   bfs_gap_inputs.GAP/GAP-web_32873823     failed 
   bfs_gap_inputs.GAP/GAP-web_25978282      n/a   
    bfs_gap_inputs.GAP/GAP-web_2461715      n/a   
   bfs_gap_inputs.GAP/GAP-web_22787314      n/a   
   bfs_gap_inputs.GAP/GAP-web_30759947      n/a   
    bfs_gap_inputs.GAP/GAP-web_7428894      n/a   
   bfs_gap_inputs.GAP/GAP-web_39173870      n/a   
   bfs_gap_inputs.GAP/GAP-web_43194209      n/a   
   bfs_gap_inputs.GAP/GAP-web_26361509      n/a   
   bfs_gap_inputs.GAP/GAP-web_39747211      n/a   
   bfs_gap_inputs.GAP/GAP-web_30670029      n/a   
   bfs_gap_inputs.GAP/GAP-web_41483033      n/a   
    bfs_gap_inputs.GAP/GAP-web_9358666      n/a   
    bfs_gap_inputs.GAP/GAP-web_9945008      n/a   
    bfs_gap_inputs.GAP/GAP-web_3355244      n/a   
   bfs_gap_inputs.GAP/GAP-web_33831269      n/a   
   bfs_gap_inputs.GAP/GAP-web_45124744      n/a   
   bfs_gap_inputs.GAP/GAP-web_16137877      n/a   
   bfs_gap_inputs.GAP/GAP-web_11235448      n/a   
   bfs_gap_inputs.GAP/GAP-web_37509144      n/a   
   bfs_gap_inputs.GAP/GAP-web_27402414      n/a   
   bfs_gap_inputs.GAP/GAP-web_39546083      n/a   
   bfs_gap_inputs.GAP/GAP-kron_2338012      n/a   
   bfs_gap_inputs.GAP/GAP-kron_31997659     n/a   
   bfs_gap_inputs.GAP/GAP-kron_23590940     n/a   
   bfs_gap_inputs.GAP/GAP-kron_43400604     n/a   
   bfs_gap_inputs.GAP/GAP-kron_75337937     n/a   
    bfs_gap_inputs.GAP/GAP-kron_169867      n/a   
  bfs_gap_inputs.GAP/GAP-kron_104041220     n/a   
   bfs_gap_inputs.GAP/GAP-kron_94177942     n/a   
   bfs_gap_inputs.GAP/GAP-kron_32871357     n/a   
   bfs_gap_inputs.GAP/GAP-kron_56230002     n/a   
   bfs_gap_inputs.GAP/GAP-kron_69883037     n/a   
   bfs_gap_inputs.GAP/GAP-kron_9346345      n/a   
   bfs_gap_inputs.GAP/GAP-kron_48915358     n/a   
  bfs_gap_inputs.GAP/GAP-kron_122571173     n/a   
   bfs_gap_inputs.GAP/GAP-kron_6183279      n/a   
   bfs_gap_inputs.GAP/GAP-kron_86323663     n/a   
  bfs_gap_inputs.GAP/GAP-kron_106725780     n/a   
   bfs_gap_inputs.GAP/GAP-kron_92389938     n/a   
   bfs_gap_inputs.GAP/GAP-kron_16210738     n/a   
   bfs_gap_inputs.GAP/GAP-kron_59816700     n/a   
  bfs_gap_inputs.GAP/GAP-kron_111669929     n/a   
  bfs_gap_inputs.GAP/GAP-kron_102831411     n/a   
  bfs_gap_inputs.GAP/GAP-kron_113384800     n/a   
   bfs_gap_inputs.GAP/GAP-kron_43872564     n/a   
   bfs_gap_inputs.GAP/GAP-kron_80508827     n/a   
   bfs_gap_inputs.GAP/GAP-kron_26105648     n/a   
   bfs_gap_inputs.GAP/GAP-kron_8807516      n/a   
  bfs_gap_inputs.GAP/GAP-kron_118452455     n/a   
  bfs_gap_inputs.GAP/GAP-kron_121818859     n/a   
   bfs_gap_inputs.GAP/GAP-kron_42361928     n/a   
   bfs_gap_inputs.GAP/GAP-kron_29493053     n/a   
   bfs_gap_inputs.GAP/GAP-kron_98461503     n/a   
   bfs_gap_inputs.GAP/GAP-kron_71931337     n/a   
  bfs_gap_inputs.GAP/GAP-kron_103808468     n/a   
   bfs_gap_inputs.GAP/GAP-kron_4092345      n/a   
  bfs_gap_inputs.GAP/GAP-kron_115276241     n/a   
   bfs_gap_inputs.GAP/GAP-kron_4649343      n/a   
   bfs_gap_inputs.GAP/GAP-kron_76656189     n/a   
   bfs_gap_inputs.GAP/GAP-kron_31312001     n/a   
  bfs_gap_inputs.GAP/GAP-kron_111334127     n/a   
  bfs_gap_inputs.GAP/GAP-kron_100962918     n/a   
   bfs_gap_inputs.GAP/GAP-kron_41823215     n/a   
   bfs_gap_inputs.GAP/GAP-kron_22631240    failed 
   bfs_gap_inputs.GAP/GAP-kron_42848461     n/a   
   bfs_gap_inputs.GAP/GAP-kron_79485148     n/a   
  bfs_gap_inputs.GAP/GAP-kron_106818742     n/a   
   bfs_gap_inputs.GAP/GAP-kron_73347974     n/a   
   bfs_gap_inputs.GAP/GAP-kron_78848445     n/a   
  bfs_gap_inputs.GAP/GAP-kron_109920510     n/a   
  bfs_gap_inputs.GAP/GAP-kron_121492133     n/a   
  bfs_gap_inputs.GAP/GAP-kron_101037296     n/a   
   bfs_gap_inputs.GAP/GAP-kron_15438600     n/a   
   bfs_gap_inputs.GAP/GAP-kron_4584784      n/a   
  bfs_gap_inputs.GAP/GAP-kron_124503845     n/a   
   bfs_gap_inputs.GAP/GAP-kron_87241743     n/a   
  bfs_gap_inputs.GAP/GAP-kron_108297008     n/a   
   bfs_gap_inputs.GAP/GAP-kron_33955082     n/a   
   bfs_gap_inputs.GAP/GAP-kron_79934823     n/a   
   bfs_gap_inputs.GAP/GAP-kron_8608481      n/a   
   bfs_gap_inputs.GAP/GAP-kron_82435063     n/a   
   bfs_gap_inputs.GAP/GAP-kron_46579271     n/a   
    bfs_gap_inputs.GAP/GAP-kron_515421      n/a   
  bfs_gap_inputs.GAP/GAP-kron_121530467     n/a   
  bfs_gap_inputs.GAP/GAP-kron_127978736     n/a   
  bfs_gap_inputs.GAP/GAP-urand_27691419     n/a   
  bfs_gap_inputs.GAP/GAP-urand_121280314    n/a   
   bfs_gap_inputs.GAP/GAP-urand_2413431     n/a   
  bfs_gap_inputs.GAP/GAP-urand_37512113     n/a   
  bfs_gap_inputs.GAP/GAP-urand_38390877     n/a   
  bfs_gap_inputs.GAP/GAP-urand_56651037     n/a   
  bfs_gap_inputs.GAP/GAP-urand_128461248    n/a   
  bfs_gap_inputs.GAP/GAP-urand_33029842     n/a   
  bfs_gap_inputs.GAP/GAP-urand_71406328     n/a   
  bfs_gap_inputs.GAP/GAP-urand_117872827    n/a   
  bfs_gap_inputs.GAP/GAP-urand_24351938     n/a   
  bfs_gap_inputs.GAP/GAP-urand_15444519     n/a   
  bfs_gap_inputs.GAP/GAP-urand_127526281    n/a   
  bfs_gap_inputs.GAP/GAP-urand_112279428    n/a   
  bfs_gap_inputs.GAP/GAP-urand_13631649     n/a   
  bfs_gap_inputs.GAP/GAP-urand_110379302    n/a   
  bfs_gap_inputs.GAP/GAP-urand_44800623     n/a   
  bfs_gap_inputs.GAP/GAP-urand_77768193     n/a   
   bfs_gap_inputs.GAP/GAP-urand_175347      n/a   
  bfs_gap_inputs.GAP/GAP-urand_107397389    n/a   
  bfs_gap_inputs.GAP/GAP-urand_43457209     n/a   
  bfs_gap_inputs.GAP/GAP-urand_97215940     n/a   
  bfs_gap_inputs.GAP/GAP-urand_73575165     n/a   
  bfs_gap_inputs.GAP/GAP-urand_44449715     n/a   
  bfs_gap_inputs.GAP/GAP-urand_33931724     n/a   
  bfs_gap_inputs.GAP/GAP-urand_55526610     n/a   
  bfs_gap_inputs.GAP/GAP-urand_14422051     n/a   
  bfs_gap_inputs.GAP/GAP-urand_58043873     n/a   
  bfs_gap_inputs.GAP/GAP-urand_72137329     n/a   
   bfs_gap_inputs.GAP/GAP-urand_9647840     n/a   
  bfs_gap_inputs.GAP/GAP-urand_15940695     n/a   
  bfs_gap_inputs.GAP/GAP-urand_14209952     n/a   
  bfs_gap_inputs.GAP/GAP-urand_49020883     n/a   
  bfs_gap_inputs.GAP/GAP-urand_28901138     n/a   
  bfs_gap_inputs.GAP/GAP-urand_50493273     n/a   
  bfs_gap_inputs.GAP/GAP-urand_49150069     n/a   
  bfs_gap_inputs.GAP/GAP-urand_126525082    n/a   
   bfs_gap_inputs.GAP/GAP-urand_6382740     n/a   
  bfs_gap_inputs.GAP/GAP-urand_89108297     n/a   
   bfs_gap_inputs.GAP/GAP-urand_9239735     n/a   
  bfs_gap_inputs.GAP/GAP-urand_110168548    n/a   
  bfs_gap_inputs.GAP/GAP-urand_95370259     n/a   
  bfs_gap_inputs.GAP/GAP-urand_116653530   failed 
  bfs_gap_inputs.GAP/GAP-urand_123410703    n/a   
  bfs_gap_inputs.GAP/GAP-urand_16733665     n/a   
  bfs_gap_inputs.GAP/GAP-urand_49030282     n/a   
  bfs_gap_inputs.GAP/GAP-urand_108545121    n/a   
  bfs_gap_inputs.GAP/GAP-urand_99095665     n/a   
  bfs_gap_inputs.GAP/GAP-urand_133850077    n/a   
  bfs_gap_inputs.GAP/GAP-urand_63499301     n/a   
  bfs_gap_inputs.GAP/GAP-urand_21541382     n/a   
   bfs_gap_inputs.GAP/GAP-urand_6230751     n/a   
  bfs_gap_inputs.GAP/GAP-urand_89077456     n/a   
  bfs_gap_inputs.GAP/GAP-urand_70392765     n/a   
   bfs_gap_inputs.GAP/GAP-urand_6670455     n/a   
  bfs_gap_inputs.GAP/GAP-urand_61746271     n/a   
  bfs_gap_inputs.GAP/GAP-urand_83349535     n/a   
  bfs_gap_inputs.GAP/GAP-urand_115272184    n/a   
  bfs_gap_inputs.GAP/GAP-urand_20129908     n/a   
  bfs_gap_inputs.GAP/GAP-urand_106148553    n/a   
  bfs_gap_inputs.GAP/GAP-urand_117042375    n/a   
  bfs_gap_inputs.GAP/GAP-urand_71431187     n/a   
  bfs_gap_inputs.GAP/GAP-urand_45287808     n/a   
  bfs_gap_inputs.GAP/GAP-urand_107702120    n/a   
========================================= ========
For parameters: bfs_gap_inputs.GAP/GAP-road_20202566
INFO root: Dataset suitesparse_matrix.GAP/GAP-road manifest metadata is stale.
INFO root: Dataset suitesparse_matrix.GAP/GAP-road regenerated.
Traceback (most recent call last):
  File "/storage/scratch1/7/wahrens6/SparseArrayProgrammingSuite/competition/run_13072363/task_3/env/chunk-3/c6e6c30cd4da42ee650d557ff6858c92/lib/python3.12/site-packages/asv_runner/server.py", line 179, in _run_server
    _run(run_args)
  File "/storage/scratch1/7/wahrens6/SparseArrayProgrammingSuite/competition/run_13072363/task_3/env/chunk-3/c6e6c30cd4da42ee650d557ff6858c92/lib/python3.12/site-packages/asv_runner/run.py", line 73, in _run
    result = benchmark.do_run()
             ^^^^^^^^^^^^^^^^^^
  File "/storage/scratch1/7/wahrens6/SparseArrayProgrammingSuite/competition/run_13072363/task_3/env/chunk-3/c6e6c30cd4da42ee650d557ff6858c92/lib/python3.12/site-packages/asv_runner/benchmarks/_base.py", line 758, in do_run
    return self.run(*self._build_params())
           ^^^^^^^^^^^^^^^^^^^^^^^^^^^^^^^
  File "/storage/scratch1/7/wahrens6/SparseArrayProgrammingSuite/competition/run_13072363/task_3/env/chunk-3/c6e6c30cd4da42ee650d557ff6858c92/lib/python3.12/site-packages/asv_runner/benchmarks/time.py", line 235, in run
    samples, number = self.benchmark_timing(
                      ^^^^^^^^^^^^^^^^^^^^^^
  File "/storage/scratch1/7/wahrens6/SparseArrayProgrammingSuite/competition/run_13072363/task_3/env/chunk-3/c6e6c30cd4da42ee650d557ff6858c92/lib/python3.12/site-packages/asv_runner/benchmarks/time.py", line 357, in benchmark_timing
    timing = timer.timeit(number)
             ^^^^^^^^^^^^^^^^^^^^
  File "/storage/pace-apps/spack/packages/linux-rhel9-x86_64_v3/gcc-11.3.1/python-3.12.5-5sase6atfv2x5tf7dy5x5sqfzyguhsia/lib/python3.12/timeit.py", line 180, in timeit
    timing = self.inner(it, self.timer)
             ^^^^^^^^^^^^^^^^^^^^^^^^^^
  File "<timeit-src>", line 6, in inner
  File "/storage/scratch1/7/wahrens6/SparseArrayProgrammingSuite/competition/run_13072363/task_3/env/chunk-3/c6e6c30cd4da42ee650d557ff6858c92/lib/python3.12/site-packages/asv_runner/benchmarks/time.py", line 130, in func
    self.func(*param)
  File "/storage/scratch1/7/wahrens6/SparseArrayProgrammingSuite/competition/run_13072363/task_3/env/chunk-3/c6e6c30cd4da42ee650d557ff6858c92/lib/python3.12/site-packages/saps/benchmark.py", line 360, in _time_run
    self.run(param)
  File "/storage/scratch1/7/wahrens6/SparseArrayProgrammingSuite/competition/run_13072363/task_3/env/chunk-3/c6e6c30cd4da42ee650d557ff6858c92/lib/python3.12/site-packages/saps/benchmark.py", line 432, in run
    input = [xp.from_binsparse(d) for d in self._input]
             ^^^^^^^^^^^^^^^^^^^^
  File "/storage/scratch1/7/wahrens6/SparseArrayProgrammingSuite/frameworks/saps_numpy.py", line 33, in from_binsparse
    return np.asarray(to_sparse(array).todense())
                      ^^^^^^^^^^^^^^^^^^^^^^^^^^
  File "/storage/scratch1/7/wahrens6/SparseArrayProgrammingSuite/competition/run_13072363/task_3/env/chunk-3/c6e6c30cd4da42ee650d557ff6858c92/lib/python3.12/site-packages/sparse/numba_backend/_coo/core.py", line 410, in todense
    x = np.full(self.shape, self.fill_value, self.dtype)
        ^^^^^^^^^^^^^^^^^^^^^^^^^^^^^^^^^^^^^^^^^^^^^^^^
  File "/storage/scratch1/7/wahrens6/SparseArrayProgrammingSuite/competition/run_13072363/task_3/env/chunk-3/c6e6c30cd4da42ee650d557ff6858c92/lib/python3.12/site-packages/numpy/_core/numeric.py", line 386, in full
    a = empty(shape, dtype, order, device=device)
        ^^^^^^^^^^^^^^^^^^^^^^^^^^^^^^^^^^^^^^^^^
numpy._core._exceptions._ArrayMemoryError: Unable to allocate 4.07 PiB for an array with shape (23947347, 23947347) and data type int64

For parameters: bfs_gap_inputs.GAP/GAP-twitter_41185893
INFO root: Dataset suitesparse_matrix.GAP/GAP-twitter manifest metadata is stale.

GAP-twitter:   0%|          | 0/9469180207 [00:00<?, ?B/s]
GAP-twitter:   0%|          | 278528/9469180207 [00:00<57:57, 2722597.29B/s]
GAP-twitter:   0%|          | 1359872/9469180207 [00:00<21:19, 7402116.93B/s]
GAP-twitter:   0%|          | 2883584/9469180207 [00:00<14:26, 10930734.47B/s]
GAP-twitter:   0%|          | 4292608/9469180207 [00:00<12:57, 12167298.92B/s]
GAP-twitter:   0%|          | 5849088/9469180207 [00:00<11:47, 13369499.72B/s]
GAP-twitter:   0%|          | 7340032/9469180207 [00:00<11:21, 13888832.37B/s]
GAP-twitter:   0%|          | 8962048/9469180207 [00:00<10:47, 14619065.90B/s]
GAP-twitter:   0%|          | 10436608/9469180207 [00:00<10:46, 14632942.86B/s]
GAP-twitter:   0%|          | 12058624/9469180207 [00:00<10:27, 15071861.60B/s]
GAP-twitter:   0%|          | 13697024/9469180207 [00:01<10:12, 15448570.47B/s]
GAP-twitter:   0%|          | 15253504/9469180207 [00:01<10:18, 15276278.59B/s]
GAP-twitter:   0%|          | 16793600/9469180207 [00:01<10:21, 15220229.91B/s]
GAP-twitter:   0%|          | 18350080/9469180207 [00:01<10:17, 15305049.16B/s]
GAP-twitter:   0%|          | 19890176/9469180207 [00:01<10:19, 15257738.30B/s]
GAP-twitter:   0%|          | 21528576/9469180207 [00:01<10:06, 15571867.90B/s]
GAP-twitter:   0%|          | 23134208/9469180207 [00:01<10:01, 15716272.55B/s]
GAP-twitter:   0%|          | 24707072/9469180207 [00:01<10:03, 15637518.25B/s]
GAP-twitter:   0%|          | 26279936/9469180207 [00:01<10:09, 15502930.38B/s]
GAP-twitter:   0%|          | 27852800/9469180207 [00:01<10:07, 15534786.61B/s]
GAP-twitter:   0%|          | 29409280/9469180207 [00:02<10:08, 15507491.76B/s]
GAP-twitter:   0%|          | 30982144/9469180207 [00:02<10:06, 15562741.54B/s]
GAP-twitter:   0%|          | 32620544/9469180207 [00:02<09:57, 15789676.68B/s]
GAP-twitter:   0%|          | 34209792/9469180207 [00:02<09:59, 15725947.98B/s]
GAP-twitter:   0%|          | 35848192/9469180207 [00:02<09:53, 15892133.04B/s]
GAP-twitter:   0%|          | 37453824/9469180207 [00:02<09:53, 15890148.80B/s]
GAP-twitter:   0%|          | 39043072/9469180207 [00:02<09:57, 15778736.27B/s]
GAP-twitter:   0%|          | 40632320/9469180207 [00:02<10:03, 15633738.22B/s]
GAP-twitter:   0%|          | 42205184/9469180207 [00:02<10:04, 15597593.51B/s]
GAP-twitter:   0%|          | 43778048/9469180207 [00:02<10:16, 15287719.53B/s]
GAP-twitter:   0%|          | 45383680/9469180207 [00:03<10:08, 15481334.73B/s]
GAP-twitter:   0%|          | 46989312/9469180207 [00:03<10:03, 15623107.80B/s]
GAP-twitter:   1%|          | 48594944/9469180207 [00:03<09:59, 15715037.32B/s]
GAP-twitter:   1%|          | 50249728/9469180207 [00:03<09:50, 15955288.93B/s]
GAP-twitter:   1%|          | 51855360/9469180207 [00:03<09:50, 15949128.90B/s]
GAP-twitter:   1%|          | 53460992/9469180207 [00:03<09:57, 15765839.76B/s]
GAP-twitter:   1%|          | 55050240/9469180207 [00:03<10:14, 15330237.92B/s]
GAP-twitter:   1%|          | 56590336/9469180207 [00:03<10:20, 15176531.35B/s]
GAP-twitter:   1%|          | 58114048/9469180207 [00:03<10:19, 15187422.42B/s]
GAP-twitter:   1%|          | 59637760/9469180207 [00:03<10:34, 14826943.40B/s]
GAP-twitter:   1%|          | 61259776/9469180207 [00:04<10:19, 15197388.40B/s]
GAP-twitter:   1%|          | 62832640/9469180207 [00:04<10:13, 15341683.05B/s]
GAP-twitter:   1%|          | 64372736/9469180207 [00:04<10:39, 14696034.16B/s]
GAP-twitter:   1%|          | 65961984/9469180207 [00:04<10:25, 15031232.99B/s]
GAP-twitter:   1%|          | 67485696/9469180207 [00:04<11:01, 14202718.69B/s]
GAP-twitter:   1%|          | 69074944/9469180207 [00:04<10:41, 14657293.56B/s]
GAP-twitter:   1%|          | 70631424/9469180207 [00:04<10:30, 14915934.37B/s]
GAP-twitter:   1%|          | 72138752/9469180207 [00:04<10:59, 14250585.08B/s]
GAP-twitter:   1%|          | 73678848/9469180207 [00:04<10:44, 14572527.91B/s]
GAP-twitter:   1%|          | 75186176/9469180207 [00:05<10:38, 14709711.07B/s]
GAP-twitter:   1%|          | 76677120/9469180207 [00:05<11:07, 14078759.13B/s]
GAP-twitter:   1%|          | 78266368/9469180207 [00:05<10:44, 14578760.12B/s]
GAP-twitter:   1%|          | 79740928/9469180207 [00:05<11:25, 13692176.73B/s]
GAP-twitter:   1%|          | 81412096/9469180207 [00:05<10:47, 14508003.41B/s]
GAP-twitter:   1%|          | 82886656/9469180207 [00:05<10:53, 14371468.86B/s]
GAP-twitter:   1%|          | 84344832/9469180207 [00:05<11:29, 13616725.95B/s]
GAP-twitter:   1%|          | 85983232/9469180207 [00:05<10:52, 14369719.30B/s]
GAP-twitter:   1%|          | 87539712/9469180207 [00:05<10:38, 14683615.63B/s]
GAP-twitter:   1%|          | 89030656/9469180207 [00:06<11:08, 14021238.35B/s]
GAP-twitter:   1%|          | 90587136/9469180207 [00:06<10:50, 14419628.21B/s]
GAP-twitter:   1%|          | 92045312/9469180207 [00:06<11:24, 13701238.05B/s]
GAP-twitter:   1%|          | 93552640/9469180207 [00:06<11:06, 14073269.91B/s]
GAP-twitter:   1%|          | 95109120/9469180207 [00:06<10:48, 14464219.95B/s]
GAP-twitter:   1%|          | 96567296/9469180207 [00:06<11:21, 13753355.71B/s]
GAP-twitter:   1%|          | 98123776/9469180207 [00:06<10:58, 14232725.50B/s]
GAP-twitter:   1%|          | 99565568/9469180207 [00:06<11:34, 13481836.95B/s]
GAP-twitter:   1%|          | 101089280/9469180207 [00:06<11:10, 13962397.19B/s]
GAP-twitter:   1%|          | 102678528/9469180207 [00:06<10:46, 14499123.79B/s]
GAP-twitter:   1%|          | 104153088/9469180207 [00:07<11:23, 13701377.99B/s]
GAP-twitter:   1%|          | 105840640/9469180207 [00:07<10:42, 14578286.76B/s]
GAP-twitter:   1%|          | 107397120/9469180207 [00:07<11:17, 13821618.96B/s]
GAP-twitter:   1%|          | 109068288/9469180207 [00:07<10:46, 14467651.15B/s]
GAP-twitter:   1%|          | 110772224/9469180207 [00:07<10:17, 15154025.67B/s]
GAP-twitter:   1%|          | 112312320/9469180207 [00:07<10:57, 14239718.13B/s]
GAP-twitter:   1%|          | 113983488/9469180207 [00:07<10:27, 14910788.88B/s]
GAP-twitter:   1%|          | 115507200/9469180207 [00:07<10:55, 14265306.68B/s]
GAP-twitter:   1%|          | 116998144/9469180207 [00:07<10:48, 14427139.41B/s]
GAP-twitter:   1%|▏         | 118620160/9469180207 [00:08<10:27, 14911833.36B/s]
GAP-twitter:   1%|▏         | 120127488/9469180207 [00:08<11:03, 14092066.69B/s]
GAP-twitter:   1%|▏         | 121634816/9469180207 [00:08<10:50, 14363778.90B/s]
GAP-twitter:   1%|▏         | 123158528/9469180207 [00:08<11:17, 13798623.25B/s]
GAP-twitter:   1%|▏         | 124665856/9469180207 [00:08<11:01, 14125562.00B/s]
GAP-twitter:   1%|▏         | 126287872/9469180207 [00:08<10:35, 14697169.72B/s]
GAP-twitter:   1%|▏         | 127778816/9469180207 [00:08<10:55, 14254446.47B/s]
GAP-twitter:   1%|▏         | 129564672/9469180207 [00:08<10:11, 15271348.96B/s]
GAP-twitter:   1%|▏         | 131252224/9469180207 [00:08<10:27, 14872331.91B/s]
GAP-twitter:   1%|▏         | 133054464/9469180207 [00:09<09:53, 15742431.54B/s]
GAP-twitter:   1%|▏         | 134774784/9469180207 [00:09<09:38, 16123613.01B/s]
GAP-twitter:   1%|▏         | 136413184/9469180207 [00:09<10:07, 15352377.03B/s]
GAP-twitter:   1%|▏         | 138231808/9469180207 [00:09<09:39, 16109532.96B/s]
GAP-twitter:   1%|▏         | 139870208/9469180207 [00:09<09:38, 16122596.29B/s]
GAP-twitter:   1%|▏         | 141672448/9469180207 [00:09<09:19, 16666728.63B/s]
GAP-twitter:   2%|▏         | 143409152/9469180207 [00:09<09:14, 16808429.12B/s]
GAP-twitter:   2%|▏         | 145113088/9469180207 [00:09<09:12, 16872669.86B/s]
GAP-twitter:   2%|▏         | 146882560/9469180207 [00:09<09:05, 17082934.93B/s]
GAP-twitter:   2%|▏         | 148602880/9469180207 [00:09<09:16, 16743184.22B/s]
GAP-twitter:   2%|▏         | 150355968/9469180207 [00:10<09:10, 16940450.92B/s]
GAP-twitter:   2%|▏         | 152141824/9469180207 [00:10<09:43, 15971436.44B/s]
GAP-twitter:   2%|▏         | 153862144/9469180207 [00:10<09:31, 16304908.43B/s]
GAP-twitter:   2%|▏         | 155549696/9469180207 [00:10<09:26, 16446809.45B/s]
GAP-twitter:   2%|▏         | 157204480/9469180207 [00:10<09:59, 15524316.88B/s]
GAP-twitter:   2%|▏         | 159006720/9469180207 [00:10<09:34, 16216138.35B/s]
GAP-twitter:   2%|▏         | 160645120/9469180207 [00:10<09:46, 15861093.29B/s]
GAP-twitter:   2%|▏         | 162447360/9469180207 [00:10<09:24, 16475543.21B/s]
GAP-twitter:   2%|▏         | 164249600/9469180207 [00:10<09:10, 16903838.43B/s]
GAP-twitter:   2%|▏         | 165953536/9469180207 [00:11<09:23, 16512672.57B/s]
GAP-twitter:   2%|▏         | 167739392/9469180207 [00:11<09:11, 16878272.46B/s]
GAP-twitter:   2%|▏         | 169443328/9469180207 [00:11<09:41, 16001910.78B/s]
GAP-twitter:   2%|▏         | 171294720/9469180207 [00:11<09:17, 16672899.37B/s]
GAP-twitter:   2%|▏         | 172982272/9469180207 [00:11<09:50, 15751548.31B/s]
GAP-twitter:   2%|▏         | 174751744/9469180207 [00:11<09:31, 16272564.45B/s]
GAP-twitter:   2%|▏         | 176570368/9469180207 [00:11<09:54, 15628282.95B/s]
GAP-twitter:   2%|▏         | 178421760/9469180207 [00:11<09:26, 16388166.55B/s]
GAP-twitter:   2%|▏         | 180240384/9469180207 [00:11<09:10, 16877668.65B/s]
GAP-twitter:   2%|▏         | 181960704/9469180207 [00:12<09:37, 16080090.50B/s]
GAP-twitter:   2%|▏         | 183779328/9469180207 [00:12<09:17, 16664234.20B/s]
GAP-twitter:   2%|▏         | 185466880/9469180207 [00:12<09:46, 15822550.36B/s]
GAP-twitter:   2%|▏         | 187154432/9469180207 [00:12<09:36, 16114366.43B/s]
GAP-twitter:   2%|▏         | 188792832/9469180207 [00:12<10:01, 15428276.49B/s]
GAP-twitter:   2%|▏         | 190611456/9469180207 [00:12<09:33, 16185086.79B/s]
GAP-twitter:   2%|▏         | 192446464/9469180207 [00:12<09:12, 16800124.18B/s]
GAP-twitter:   2%|▏         | 194150400/9469180207 [00:12<09:42, 15914908.15B/s]
GAP-twitter:   2%|▏         | 195952640/9469180207 [00:12<09:22, 16473671.67B/s]
GAP-twitter:   2%|▏         | 197623808/9469180207 [00:13<09:48, 15745786.06B/s]
GAP-twitter:   2%|▏         | 199442432/9469180207 [00:13<09:25, 16404886.08B/s]
GAP-twitter:   2%|▏         | 201113600/9469180207 [00:13<09:49, 15712949.29B/s]
GAP-twitter:   2%|▏         | 202932224/9469180207 [00:13<09:26, 16352773.57B/s]
GAP-twitter:   2%|▏         | 204701696/9469180207 [00:13<09:13, 16734909.05B/s]
GAP-twitter:   2%|▏         | 206389248/9469180207 [00:13<09:45, 15810772.35B/s]
GAP-twitter:   2%|▏         | 208207872/9469180207 [00:13<09:22, 16458831.07B/s]
GAP-twitter:   2%|▏         | 209879040/9469180207 [00:13<09:24, 16411773.36B/s]
GAP-twitter:   2%|▏         | 211615744/9469180207 [00:13<09:15, 16663582.18B/s]
GAP-twitter:   2%|▏         | 213336064/9469180207 [00:13<09:12, 16754116.52B/s]
GAP-twitter:   2%|▏         | 215171072/9469180207 [00:14<08:57, 17211716.37B/s]
GAP-twitter:   2%|▏         | 217006080/9469180207 [00:14<08:47, 17527551.53B/s]
GAP-twitter:   2%|▏         | 218775552/9469180207 [00:14<09:16, 16620731.56B/s]
GAP-twitter:   2%|▏         | 220610560/9469180207 [00:14<09:01, 17093643.29B/s]
GAP-twitter:   2%|▏         | 222330880/9469180207 [00:14<09:10, 16803670.26B/s]
GAP-twitter:   2%|▏         | 224149504/9469180207 [00:14<08:57, 17202934.38B/s]
GAP-twitter:   2%|▏         | 225968128/9469180207 [00:14<08:49, 17454587.90B/s]
GAP-twitter:   2%|▏         | 227721216/9469180207 [00:14<08:58, 17175936.31B/s]
GAP-twitter:   2%|▏         | 229457920/9469180207 [00:14<09:02, 17027195.63B/s]
GAP-twitter:   2%|▏         | 231178240/9469180207 [00:15<09:24, 16375591.87B/s]
GAP-twitter:   2%|▏         | 232947712/9469180207 [00:15<09:12, 16715320.96B/s]
GAP-twitter:   2%|▏         | 234749952/9469180207 [00:15<09:00, 17077570.56B/s]
GAP-twitter:   2%|▏         | 236470272/9469180207 [00:15<09:33, 16099462.81B/s]
GAP-twitter:   3%|▎         | 238239744/9469180207 [00:15<09:17, 16544850.26B/s]
GAP-twitter:   3%|▎         | 239910912/9469180207 [00:15<09:46, 15724672.46B/s]
GAP-twitter:   3%|▎         | 241713152/9469180207 [00:15<09:24, 16337057.06B/s]
GAP-twitter:   3%|▎         | 243367936/9469180207 [00:15<09:58, 15405439.52B/s]
GAP-twitter:   3%|▎         | 245055488/9469180207 [00:15<09:43, 15804849.83B/s]
GAP-twitter:   3%|▎         | 246857728/9469180207 [00:15<09:22, 16398222.95B/s]
GAP-twitter:   3%|▎         | 248512512/9469180207 [00:16<09:50, 15626186.15B/s]
GAP-twitter:   3%|▎         | 250281984/9469180207 [00:16<09:29, 16191704.61B/s]
GAP-twitter:   3%|▎         | 251920384/9469180207 [00:16<09:53, 15523238.53B/s]
GAP-twitter:   3%|▎         | 253607936/9469180207 [00:16<09:39, 15901010.19B/s]
GAP-twitter:   3%|▎         | 255279104/9469180207 [00:16<09:31, 16122616.74B/s]
GAP-twitter:   3%|▎         | 256901120/9469180207 [00:16<09:30, 16145385.08B/s]
GAP-twitter:   3%|▎         | 258736128/9469180207 [00:16<09:09, 16775675.03B/s]
GAP-twitter:   3%|▎         | 260423680/9469180207 [00:16<09:39, 15887364.52B/s]
GAP-twitter:   3%|▎         | 262193152/9469180207 [00:16<09:21, 16390627.09B/s]
GAP-twitter:   3%|▎         | 263979008/9469180207 [00:17<09:08, 16784443.09B/s]
GAP-twitter:   3%|▎         | 265682944/9469180207 [00:17<09:38, 15895531.60B/s]
GAP-twitter:   3%|▎         | 267534336/9469180207 [00:17<09:14, 16607625.56B/s]
GAP-twitter:   3%|▎         | 269221888/9469180207 [00:17<09:40, 15860954.57B/s]
GAP-twitter:   3%|▎         | 271089664/9469180207 [00:17<09:13, 16613549.14B/s]
GAP-twitter:   3%|▎         | 272777216/9469180207 [00:17<09:38, 15890762.11B/s]
GAP-twitter:   3%|▎         | 274595840/9469180207 [00:17<09:16, 16522067.37B/s]
GAP-twitter:   3%|▎         | 276283392/9469180207 [00:17<09:24, 16286966.91B/s]
GAP-twitter:   3%|▎         | 278069248/9469180207 [00:17<09:09, 16730679.85B/s]
GAP-twitter:   3%|▎         | 279887872/9469180207 [00:18<08:56, 17140349.18B/s]
GAP-twitter:   3%|▎         | 281624576/9469180207 [00:18<09:03, 16891731.03B/s]
GAP-twitter:   3%|▎         | 283443200/9469180207 [00:18<08:52, 17234423.16B/s]
GAP-twitter:   3%|▎         | 285179904/9469180207 [00:18<09:24, 16279907.13B/s]
GAP-twitter:   3%|▎         | 287031296/9469180207 [00:18<09:03, 16894038.29B/s]
GAP-twitter:   3%|▎         | 288735232/9469180207 [00:18<09:36, 15914019.06B/s]
GAP-twitter:   3%|▎         | 290553856/9469180207 [00:18<09:15, 16521396.04B/s]
GAP-twitter:   3%|▎         | 292323328/9469180207 [00:18<09:04, 16853035.64B/s]
GAP-twitter:   3%|▎         | 294027264/9469180207 [00:18<09:34, 15974613.95B/s]
GAP-twitter:   3%|▎         | 295878656/9469180207 [00:18<09:11, 16644989.02B/s]
GAP-twitter:   3%|▎         | 297566208/9469180207 [00:19<09:32, 16027791.83B/s]
GAP-twitter:   3%|▎         | 299466752/9469180207 [00:19<09:04, 16836454.10B/s]
GAP-twitter:   3%|▎         | 301268992/9469180207 [00:19<08:59, 17003415.60B/s]
GAP-twitter:   3%|▎         | 303120384/9469180207 [00:19<08:45, 17437163.34B/s]
GAP-twitter:   3%|▎         | 304873472/9469180207 [00:19<08:45, 17427021.55B/s]
GAP-twitter:   3%|▎         | 306626560/9469180207 [00:19<09:28, 16122046.07B/s]
GAP-twitter:   3%|▎         | 308346880/9469180207 [00:19<09:19, 16385870.76B/s]
GAP-twitter:   3%|▎         | 310018048/9469180207 [00:19<10:05, 15114419.26B/s]
GAP-twitter:   3%|▎         | 311689216/9469180207 [00:19<09:49, 15525446.51B/s]
GAP-twitter:   3%|▎         | 313311232/9469180207 [00:20<09:42, 15717230.83B/s]
GAP-twitter:   3%|▎         | 314916864/9469180207 [00:20<09:39, 15807044.65B/s]
GAP-twitter:   3%|▎         | 316653568/9469180207 [00:20<09:23, 16251766.33B/s]
GAP-twitter:   3%|▎         | 318291968/9469180207 [00:20<09:55, 15357572.48B/s]
GAP-twitter:   3%|▎         | 320061440/9469180207 [00:20<09:32, 15988009.21B/s]
GAP-twitter:   3%|▎         | 321683456/9469180207 [00:20<10:03, 15163262.48B/s]
GAP-twitter:   3%|▎         | 323452928/9469180207 [00:20<09:36, 15856451.78B/s]
GAP-twitter:   3%|▎         | 325156864/9469180207 [00:20<09:24, 16189107.55B/s]
GAP-twitter:   3%|▎         | 326795264/9469180207 [00:20<10:00, 15235996.82B/s]
GAP-twitter:   3%|▎         | 328515584/9469180207 [00:21<09:39, 15777613.64B/s]
GAP-twitter:   3%|▎         | 330121216/9469180207 [00:21<10:05, 15083827.50B/s]
GAP-twitter:   4%|▎         | 331939840/9469180207 [00:21<09:32, 15948235.85B/s]
GAP-twitter:   4%|▎         | 333676544/9469180207 [00:21<09:58, 15265766.67B/s]
GAP-twitter:   4%|▎         | 335380480/9469180207 [00:21<09:39, 15750141.70B/s]
GAP-twitter:   4%|▎         | 337133568/9469180207 [00:21<09:22, 16233134.36B/s]
GAP-twitter:   4%|▎         | 338788352/9469180207 [00:21<09:51, 15443787.97B/s]
GAP-twitter:   4%|▎         | 340475904/9469180207 [00:21<09:36, 15831393.40B/s]
GAP-twitter:   4%|▎         | 342081536/9469180207 [00:21<10:11, 14931352.55B/s]
GAP-twitter:   4%|▎         | 343670784/9469180207 [00:22<10:00, 15195325.07B/s]
GAP-twitter:   4%|▎         | 345260032/9469180207 [00:22<09:53, 15382169.28B/s]
GAP-twitter:   4%|▎         | 346816512/9469180207 [00:22<10:37, 14317574.73B/s]
GAP-twitter:   4%|▎         | 348356608/9469180207 [00:22<10:24, 14604667.79B/s]
GAP-twitter:   4%|▎         | 349847552/9469180207 [00:22<10:47, 14078068.97B/s]
GAP-twitter:   4%|▎         | 351354880/9469180207 [00:22<10:35, 14355361.39B/s]
GAP-twitter:   4%|▎         | 352960512/9469180207 [00:22<10:15, 14799382.86B/s]
GAP-twitter:   4%|▎         | 354451456/9469180207 [00:22<10:31, 14429984.08B/s]
GAP-twitter:   4%|▍         | 356220928/9469180207 [00:22<09:53, 15342388.02B/s]
GAP-twitter:   4%|▍         | 357777408/9469180207 [00:22<10:18, 14741530.12B/s]
GAP-twitter:   4%|▍         | 359481344/9469180207 [00:23<09:53, 15343208.19B/s]
GAP-twitter:   4%|▍         | 361037824/9469180207 [00:23<09:51, 15387698.30B/s]
GAP-twitter:   4%|▍         | 362594304/9469180207 [00:23<10:32, 14388606.93B/s]
GAP-twitter:   4%|▍         | 364314624/9469180207 [00:23<10:00, 15159846.46B/s]
GAP-twitter:   4%|▍         | 365854720/9469180207 [00:23<10:25, 14554801.02B/s]
GAP-twitter:   4%|▍         | 367640576/9469180207 [00:23<09:49, 15436771.53B/s]
GAP-twitter:   4%|▍         | 369410048/9469180207 [00:23<09:26, 16062599.16B/s]
GAP-twitter:   4%|▍         | 371032064/9469180207 [00:23<10:09, 14935868.78B/s]
GAP-twitter:   4%|▍         | 372621312/9469180207 [00:23<09:59, 15182174.00B/s]
GAP-twitter:   4%|▍         | 374161408/9469180207 [00:24<10:38, 14239703.70B/s]
GAP-twitter:   4%|▍         | 375816192/9469180207 [00:24<10:11, 14863706.83B/s]
GAP-twitter:   4%|▍         | 377438208/9469180207 [00:24<09:56, 15245330.15B/s]
GAP-twitter:   4%|▍         | 378994688/9469180207 [00:24<10:17, 14732117.06B/s]
GAP-twitter:   4%|▍         | 380764160/9469180207 [00:24<09:44, 15549797.01B/s]
GAP-twitter:   4%|▍         | 382337024/9469180207 [00:24<09:47, 15455827.03B/s]
GAP-twitter:   4%|▍         | 384073728/9469180207 [00:24<09:28, 15986671.14B/s]
GAP-twitter:   4%|▍         | 385859584/9469180207 [00:24<09:13, 16420701.23B/s]
GAP-twitter:   4%|▍         | 387514368/9469180207 [00:24<09:16, 16332487.45B/s]
GAP-twitter:   4%|▍         | 389169152/9469180207 [00:24<09:13, 16395011.24B/s]
GAP-twitter:   4%|▍         | 390823936/9469180207 [00:25<09:21, 16174162.46B/s]
GAP-twitter:   4%|▍         | 392478720/9469180207 [00:25<09:18, 16254211.35B/s]
GAP-twitter:   4%|▍         | 394149888/9469180207 [00:25<09:14, 16359466.99B/s]
GAP-twitter:   4%|▍         | 395788288/9469180207 [00:25<09:54, 15261200.49B/s]
GAP-twitter:   4%|▍         | 397508608/9469180207 [00:25<09:34, 15795220.74B/s]
GAP-twitter:   4%|▍         | 399114240/9469180207 [00:25<10:00, 15097354.16B/s]
GAP-twitter:   4%|▍         | 400769024/9469180207 [00:25<09:45, 15476793.93B/s]
GAP-twitter:   4%|▍         | 402456576/9469180207 [00:25<09:31, 15867943.43B/s]
GAP-twitter:   4%|▍         | 404062208/9469180207 [00:25<10:06, 14952385.40B/s]
GAP-twitter:   4%|▍         | 405667840/9469180207 [00:26<09:55, 15225379.33B/s]
GAP-twitter:   4%|▍         | 407207936/9469180207 [00:26<10:14, 14746466.06B/s]
GAP-twitter:   4%|▍         | 408993792/9469180207 [00:26<09:40, 15619782.82B/s]
GAP-twitter:   4%|▍         | 410697728/9469180207 [00:26<09:25, 16004788.48B/s]
GAP-twitter:   4%|▍         | 412319744/9469180207 [00:26<09:37, 15688667.41B/s]
GAP-twitter:   4%|▍         | 414056448/9469180207 [00:26<09:20, 16156879.34B/s]
GAP-twitter:   4%|▍         | 415694848/9469180207 [00:26<09:49, 15352571.61B/s]
GAP-twitter:   4%|▍         | 417513472/9469180207 [00:26<09:20, 16144196.93B/s]
GAP-twitter:   4%|▍         | 419151872/9469180207 [00:26<10:01, 15044935.38B/s]
GAP-twitter:   4%|▍         | 420839424/9469180207 [00:27<09:42, 15544647.22B/s]
GAP-twitter:   4%|▍         | 422543360/9469180207 [00:27<09:26, 15955891.15B/s]
GAP-twitter:   4%|▍         | 424165376/9469180207 [00:27<09:51, 15279257.54B/s]
GAP-twitter:   4%|▍         | 425967616/9469180207 [00:27<09:23, 16034894.77B/s]
GAP-twitter:   5%|▍         | 427589632/9469180207 [00:27<09:55, 15191555.26B/s]
GAP-twitter:   5%|▍         | 429359104/9469180207 [00:27<09:29, 15877672.48B/s]
GAP-twitter:   5%|▍         | 431079424/9469180207 [00:27<09:54, 15209987.68B/s]
GAP-twitter:   5%|▍         | 432750592/9469180207 [00:27<09:38, 15621443.87B/s]
GAP-twitter:   5%|▍         | 434470912/9469180207 [00:27<09:23, 16041965.99B/s]
GAP-twitter:   5%|▍         | 436092928/9469180207 [00:28<09:51, 15264177.48B/s]
GAP-twitter:   5%|▍         | 437813248/9469180207 [00:28<09:31, 15798664.02B/s]
GAP-twitter:   5%|▍         | 439418880/9469180207 [00:28<09:52, 15246206.71B/s]
GAP-twitter:   5%|▍         | 441221120/9469180207 [00:28<09:24, 16001050.38B/s]
GAP-twitter:   5%|▍         | 443006976/9469180207 [00:28<09:06, 16512177.75B/s]
GAP-twitter:   5%|▍         | 444678144/9469180207 [00:28<09:36, 15643781.92B/s]
GAP-twitter:   5%|▍         | 446480384/9469180207 [00:28<09:13, 16306162.79B/s]
GAP-twitter:   5%|▍         | 448135168/9469180207 [00:28<09:42, 15473575.45B/s]
GAP-twitter:   5%|▍         | 449888256/9469180207 [00:28<09:22, 16028124.48B/s]
GAP-twitter:   5%|▍         | 451608576/9469180207 [00:28<09:13, 16297355.33B/s]
GAP-twitter:   5%|▍         | 453345280/9469180207 [00:29<09:03, 16588564.51B/s]
GAP-twitter:   5%|▍         | 455163904/9469180207 [00:29<08:50, 17006384.85B/s]
GAP-twitter:   5%|▍         | 456884224/9469180207 [00:29<08:51, 16943040.30B/s]
GAP-twitter:   5%|▍         | 458686464/9469180207 [00:29<08:42, 17246434.53B/s]
GAP-twitter:   5%|▍         | 460423168/9469180207 [00:29<09:27, 15872095.85B/s]
GAP-twitter:   5%|▍         | 462045184/9469180207 [00:29<09:27, 15872192.74B/s]
GAP-twitter:   5%|▍         | 463650816/9469180207 [00:29<09:28, 15849193.35B/s]
GAP-twitter:   5%|▍         | 465256448/9469180207 [00:29<09:58, 15044745.79B/s]
GAP-twitter:   5%|▍         | 466976768/9469180207 [00:29<09:35, 15632136.11B/s]
GAP-twitter:   5%|▍         | 468566016/9469180207 [00:30<10:02, 14937353.88B/s]
GAP-twitter:   5%|▍         | 470319104/9469180207 [00:30<09:34, 15652089.29B/s]
GAP-twitter:   5%|▍         | 471990272/9469180207 [00:30<10:04, 14878118.50B/s]
GAP-twitter:   5%|▌         | 473710592/9469180207 [00:30<09:40, 15506916.74B/s]
GAP-twitter:   5%|▌         | 475398144/9469180207 [00:30<09:25, 15891501.47B/s]
GAP-twitter:   5%|▌         | 477003776/9469180207 [00:30<09:58, 15018263.59B/s]
GAP-twitter:   5%|▌         | 478707712/9469180207 [00:30<09:38, 15544307.81B/s]
GAP-twitter:   5%|▌         | 480296960/9469180207 [00:30<09:47, 15302024.67B/s]
GAP-twitter:   5%|▌         | 481984512/9469180207 [00:30<09:31, 15714633.09B/s]
GAP-twitter:   5%|▌         | 483721216/9469180207 [00:31<09:15, 16168368.01B/s]
GAP-twitter:   5%|▌         | 485359616/9469180207 [00:31<09:48, 15265797.03B/s]
GAP-twitter:   5%|▌         | 487096320/9469180207 [00:31<09:26, 15842835.85B/s]
GAP-twitter:   5%|▌         | 488701952/9469180207 [00:31<09:58, 14999885.36B/s]
GAP-twitter:   5%|▌         | 490438656/9469180207 [00:31<09:34, 15629620.27B/s]
GAP-twitter:   5%|▌         | 492093440/9469180207 [00:31<09:26, 15851388.95B/s]
GAP-twitter:   5%|▌         | 493699072/9469180207 [00:31<09:58, 14996292.53B/s]
GAP-twitter:   5%|▌         | 495386624/9469180207 [00:31<09:38, 15506187.58B/s]
GAP-twitter:   5%|▌         | 496959488/9469180207 [00:31<10:11, 14682505.35B/s]
GAP-twitter:   5%|▌         | 498728960/9469180207 [00:32<09:38, 15501181.92B/s]
GAP-twitter:   5%|▌         | 500400128/9469180207 [00:32<09:57, 15017434.45B/s]
GAP-twitter:   5%|▌         | 502185984/9469180207 [00:32<09:27, 15789539.90B/s]
GAP-twitter:   5%|▌         | 503939072/9469180207 [00:32<09:10, 16275379.31B/s]
GAP-twitter:   5%|▌         | 505593856/9469180207 [00:32<09:38, 15487826.01B/s]
GAP-twitter:   5%|▌         | 507379712/9469180207 [00:32<09:15, 16121850.79B/s]
GAP-twitter:   5%|▌         | 509018112/9469180207 [00:32<09:40, 15425051.36B/s]
GAP-twitter:   5%|▌         | 510853120/9469180207 [00:32<09:11, 16235288.59B/s]
GAP-twitter:   5%|▌         | 512507904/9469180207 [00:32<09:37, 15514372.51B/s]
GAP-twitter:   5%|▌         | 514326528/9469180207 [00:32<09:10, 16252193.71B/s]
GAP-twitter:   5%|▌         | 516128768/9469180207 [00:33<08:54, 16736752.79B/s]
GAP-twitter:   5%|▌         | 517832704/9469180207 [00:33<09:23, 15893214.46B/s]
GAP-twitter:   5%|▌         | 519618560/9469180207 [00:33<09:05, 16407041.44B/s]
GAP-twitter:   6%|▌         | 521289728/9469180207 [00:33<09:35, 15553107.74B/s]
GAP-twitter:   6%|▌         | 523026432/9469180207 [00:33<09:17, 16053045.90B/s]
GAP-twitter:   6%|▌         | 524648448/9469180207 [00:33<09:46, 15256591.43B/s]
GAP-twitter:   6%|▌         | 526385152/9469180207 [00:33<09:24, 15833403.24B/s]
GAP-twitter:   6%|▌         | 528121856/9469180207 [00:33<09:10, 16249560.33B/s]
GAP-twitter:   6%|▌         | 529776640/9469180207 [00:33<09:44, 15289474.35B/s]
GAP-twitter:   6%|▌         | 531447808/9469180207 [00:34<09:30, 15656419.36B/s]
GAP-twitter:   6%|▌         | 533037056/9469180207 [00:34<10:10, 14635056.23B/s]
GAP-twitter:   6%|▌         | 534790144/9469180207 [00:34<09:40, 15400526.09B/s]
GAP-twitter:   6%|▌         | 536444928/9469180207 [00:34<09:29, 15683297.92B/s]
GAP-twitter:   6%|▌         | 538034176/9469180207 [00:34<09:39, 15414736.59B/s]
GAP-twitter:   6%|▌         | 539721728/9469180207 [00:34<09:24, 15819423.81B/s]
GAP-twitter:   6%|▌         | 541327360/9469180207 [00:34<09:52, 15063780.18B/s]
GAP-twitter:   6%|▌         | 543096832/9469180207 [00:34<09:25, 15786540.08B/s]
GAP-twitter:   6%|▌         | 544784384/9469180207 [00:34<09:14, 16097142.74B/s]
GAP-twitter:   6%|▌         | 546406400/9469180207 [00:35<09:43, 15285085.65B/s]
GAP-twitter:   6%|▌         | 548061184/9469180207 [00:35<09:31, 15616734.28B/s]
GAP-twitter:   6%|▌         | 549650432/9469180207 [00:35<10:01, 14818198.76B/s]
GAP-twitter:   6%|▌         | 551337984/9469180207 [00:35<09:39, 15379903.13B/s]
GAP-twitter:   6%|▌         | 553025536/9469180207 [00:35<10:01, 14834498.47B/s]
GAP-twitter:   6%|▌         | 554745856/9469180207 [00:35<09:35, 15479442.08B/s]
GAP-twitter:   6%|▌         | 556400640/9469180207 [00:35<09:25, 15769983.83B/s]
GAP-twitter:   6%|▌         | 558006272/9469180207 [00:35<09:59, 14871749.51B/s]
GAP-twitter:   6%|▌         | 559644672/9469180207 [00:35<09:42, 15282639.05B/s]
GAP-twitter:   6%|▌         | 561332224/9469180207 [00:36<09:32, 15562685.18B/s]
GAP-twitter:   6%|▌         | 563118080/9469180207 [00:36<09:09, 16198961.42B/s]
GAP-twitter:   6%|▌         | 564838400/9469180207 [00:36<09:00, 16475199.53B/s]
GAP-twitter:   6%|▌         | 566542336/9469180207 [00:36<08:56, 16598285.26B/s]
GAP-twitter:   6%|▌         | 568213504/9469180207 [00:36<08:59, 16507124.16B/s]
GAP-twitter:   6%|▌         | 569884672/9469180207 [00:36<09:41, 15296593.32B/s]
GAP-twitter:   6%|▌         | 571555840/9469180207 [00:36<09:27, 15681921.99B/s]
GAP-twitter:   6%|▌         | 573308928/9469180207 [00:36<09:09, 16184654.49B/s]
GAP-twitter:   6%|▌         | 574947328/9469180207 [00:36<09:40, 15324760.56B/s]
GAP-twitter:   6%|▌         | 576700416/9469180207 [00:36<09:18, 15934875.91B/s]
GAP-twitter:   6%|▌         | 578322432/9469180207 [00:37<09:45, 15173982.94B/s]
GAP-twitter:   6%|▌         | 580108288/9469180207 [00:37<09:19, 15896548.85B/s]
GAP-twitter:   6%|▌         | 581746688/9469180207 [00:37<09:44, 15194167.37B/s]
GAP-twitter:   6%|▌         | 583516160/9469180207 [00:37<09:19, 15886426.69B/s]
GAP-twitter:   6%|▌         | 585269248/9469180207 [00:37<09:04, 16330076.04B/s]
GAP-twitter:   6%|▌         | 586924032/9469180207 [00:37<09:34, 15448889.21B/s]
GAP-twitter:   6%|▌         | 588627968/9469180207 [00:37<09:19, 15871429.99B/s]
GAP-twitter:   6%|▌         | 590233600/9469180207 [00:37<09:46, 15134946.38B/s]
GAP-twitter:   6%|▋         | 591970304/9469180207 [00:37<09:24, 15735776.88B/s]
GAP-twitter:   6%|▋         | 593690624/9469180207 [00:38<09:11, 16107302.70B/s]
GAP-twitter:   6%|▋         | 595329024/9469180207 [00:38<09:39, 15309908.68B/s]
GAP-twitter:   6%|▋         | 597082112/9469180207 [00:38<09:18, 15893697.42B/s]
GAP-twitter:   6%|▋         | 598687744/9469180207 [00:38<09:53, 14958610.87B/s]
GAP-twitter:   6%|▋         | 600424448/9469180207 [00:38<09:28, 15596091.08B/s]
GAP-twitter:   6%|▋         | 602128384/9469180207 [00:38<09:14, 15986139.75B/s]
GAP-twitter:   6%|▋         | 603750400/9469180207 [00:38<09:51, 14984216.04B/s]
GAP-twitter:   6%|▋         | 605388800/9469180207 [00:38<09:37, 15356689.85B/s]
GAP-twitter:   6%|▋         | 606945280/9469180207 [00:38<10:16, 14364971.66B/s]
GAP-twitter:   6%|▋         | 608534528/9469180207 [00:39<09:59, 14778446.65B/s]
GAP-twitter:   6%|▋         | 610140160/9469180207 [00:39<09:45, 15118874.05B/s]
GAP-twitter:   6%|▋         | 611680256/9469180207 [00:39<10:23, 14207236.48B/s]
GAP-twitter:   6%|▋         | 613318656/9469180207 [00:39<09:59, 14774937.10B/s]
GAP-twitter:   6%|▋         | 614825984/9469180207 [00:39<10:25, 14155165.92B/s]
GAP-twitter:   7%|▋         | 616464384/9469180207 [00:39<10:00, 14751348.02B/s]
GAP-twitter:   7%|▋         | 618102784/9469180207 [00:39<09:42, 15194144.01B/s]
GAP-twitter:   7%|▋         | 619642880/9469180207 [00:39<10:22, 14219408.40B/s]
GAP-twitter:   7%|▋         | 621264896/9469180207 [00:39<10:00, 14732504.33B/s]
GAP-twitter:   7%|▋         | 622772224/9469180207 [00:40<10:29, 14053567.71B/s]
GAP-twitter:   7%|▋         | 624574464/9469180207 [00:40<09:44, 15140224.86B/s]
GAP-twitter:   7%|▋         | 626327552/9469180207 [00:40<09:19, 15809551.99B/s]
GAP-twitter:   7%|▋         | 627933184/9469180207 [00:40<09:52, 14922537.45B/s]
GAP-twitter:   7%|▋         | 629571584/9469180207 [00:40<09:36, 15327460.46B/s]
GAP-twitter:   7%|▋         | 631128064/9469180207 [00:40<09:57, 14787152.41B/s]
GAP-twitter:   7%|▋         | 632913920/9469180207 [00:40<09:25, 15617678.52B/s]
GAP-twitter:   7%|▋         | 634650624/9469180207 [00:40<09:08, 16114042.72B/s]
GAP-twitter:   7%|▋         | 636289024/9469180207 [00:40<09:34, 15370097.19B/s]
GAP-twitter:   7%|▋         | 638107648/9469180207 [00:40<09:06, 16148048.31B/s]
GAP-twitter:   7%|▋         | 639746048/9469180207 [00:41<09:32, 15411504.02B/s]
GAP-twitter:   7%|▋         | 641581056/9469180207 [00:41<09:03, 16232222.38B/s]
GAP-twitter:   7%|▋         | 643235840/9469180207 [00:41<09:12, 15971579.53B/s]
GAP-twitter:   7%|▋         | 644939776/9469180207 [00:41<09:02, 16271361.51B/s]
GAP-twitter:   7%|▋         | 646709248/9469180207 [00:41<08:50, 16642281.83B/s]
GAP-twitter:   7%|▋         | 648396800/9469180207 [00:41<09:22, 15670710.30B/s]
GAP-twitter:   7%|▋         | 650084352/9469180207 [00:41<09:11, 15978759.20B/s]
GAP-twitter:   7%|▋         | 651706368/9469180207 [00:41<09:38, 15247093.98B/s]
GAP-twitter:   7%|▋         | 653459456/9469180207 [00:41<09:14, 15885725.22B/s]
GAP-twitter:   7%|▋         | 655147008/9469180207 [00:42<09:41, 15167848.24B/s]
GAP-twitter:   7%|▋         | 656916480/9469180207 [00:42<09:15, 15850711.65B/s]
GAP-twitter:   7%|▋         | 658587648/9469180207 [00:42<09:07, 16083662.45B/s]
GAP-twitter:   7%|▋         | 660209664/9469180207 [00:42<10:22, 14155878.78B/s]
GAP-twitter:   7%|▋         | 661897216/9469180207 [00:42<09:53, 14829810.10B/s]
GAP-twitter:   7%|▋         | 663502848/9469180207 [00:42<09:42, 15124060.50B/s]
GAP-twitter:   7%|▋         | 665059328/9469180207 [00:42<09:51, 14887260.24B/s]
GAP-twitter:   7%|▋         | 666746880/9469180207 [00:42<09:31, 15403330.13B/s]
GAP-twitter:   7%|▋         | 668319744/9469180207 [00:42<10:01, 14630269.22B/s]
GAP-twitter:   7%|▋         | 669810688/9469180207 [00:43<10:14, 14318212.67B/s]
GAP-twitter:   7%|▋         | 671268864/9469180207 [00:43<10:25, 14059330.82B/s]
GAP-twitter:   7%|▋         | 672694272/9469180207 [00:43<10:42, 13699615.56B/s]
GAP-twitter:   7%|▋         | 674398208/9469180207 [00:43<10:02, 14597213.06B/s]
GAP-twitter:   7%|▋         | 675872768/9469180207 [00:43<10:25, 14057906.73B/s]
GAP-twitter:   7%|▋         | 677298176/9469180207 [00:43<10:30, 13949675.34B/s]
GAP-twitter:   7%|▋         | 678707200/9469180207 [00:43<10:30, 13949551.05B/s]
GAP-twitter:   7%|▋         | 680116224/9469180207 [00:43<10:49, 13532420.17B/s]
GAP-twitter:   7%|▋         | 681476096/9469180207 [00:43<10:49, 13532588.36B/s]
GAP-twitter:   7%|▋         | 683163648/9469180207 [00:44<10:07, 14464392.99B/s]
GAP-twitter:   7%|▋         | 684621824/9469180207 [00:44<10:28, 13979902.40B/s]
GAP-twitter:   7%|▋         | 686260224/9469180207 [00:44<09:58, 14666881.89B/s]
GAP-twitter:   7%|▋         | 687734784/9469180207 [00:44<10:23, 14089919.69B/s]
GAP-twitter:   7%|▋         | 689192960/9469180207 [00:44<10:17, 14211458.33B/s]
GAP-twitter:   7%|▋         | 690847744/9469180207 [00:44<09:50, 14871255.56B/s]
GAP-twitter:   7%|▋         | 692355072/9469180207 [00:44<10:16, 14231731.79B/s]
GAP-twitter:   7%|▋         | 694026240/9469180207 [00:44<09:47, 14934594.11B/s]
GAP-twitter:   7%|▋         | 695533568/9469180207 [00:44<10:14, 14288098.58B/s]
GAP-twitter:   7%|▋         | 697155584/9469180207 [00:44<09:52, 14816562.59B/s]
GAP-twitter:   7%|▋         | 698810368/9469180207 [00:45<09:34, 15277326.76B/s]
GAP-twitter:   7%|▋         | 700350464/9469180207 [00:45<10:06, 14454101.09B/s]
GAP-twitter:   7%|▋         | 702038016/9469180207 [00:45<09:39, 15125016.04B/s]
GAP-twitter:   7%|▋         | 703578112/9469180207 [00:45<10:08, 14405955.01B/s]
GAP-twitter:   7%|▋         | 705118208/9469180207 [00:45<09:58, 14651005.21B/s]
GAP-twitter:   7%|▋         | 706723840/9469180207 [00:45<09:42, 15035379.13B/s]
GAP-twitter:   7%|▋         | 708247552/9469180207 [00:45<10:34, 13808234.38B/s]
GAP-twitter:   7%|▋         | 709656576/9469180207 [00:45<10:31, 13871252.30B/s]
GAP-twitter:   8%|▊         | 711294976/9469180207 [00:45<10:00, 14575222.42B/s]
GAP-twitter:   8%|▊         | 712785920/9469180207 [00:46<10:04, 14476992.34B/s]
GAP-twitter:   8%|▊         | 714457088/9469180207 [00:46<09:39, 15095824.03B/s]
GAP-twitter:   8%|▊         | 715980800/9469180207 [00:46<10:07, 14410260.71B/s]
GAP-twitter:   8%|▊         | 717504512/9469180207 [00:46<09:58, 14618587.56B/s]
GAP-twitter:   8%|▊         | 719192064/9469180207 [00:46<09:33, 15255282.24B/s]
GAP-twitter:   8%|▊         | 720732160/9469180207 [00:46<10:03, 14499120.78B/s]
GAP-twitter:   8%|▊         | 722386944/9469180207 [00:46<09:40, 15071280.45B/s]
GAP-twitter:   8%|▊         | 723910656/9469180207 [00:46<10:09, 14357759.21B/s]
GAP-twitter:   8%|▊         | 725565440/9469180207 [00:46<09:44, 14960952.01B/s]
GAP-twitter:   8%|▊         | 727252992/9469180207 [00:47<09:25, 15471564.25B/s]
GAP-twitter:   8%|▊         | 728825856/9469180207 [00:47<09:43, 14973081.73B/s]
GAP-twitter:   8%|▊         | 730349568/9469180207 [00:47<09:47, 14885167.88B/s]
GAP-twitter:   8%|▊         | 731856896/9469180207 [00:47<10:38, 13677430.15B/s]
GAP-twitter:   8%|▊         | 733380608/9469180207 [00:47<10:20, 14083429.44B/s]
GAP-twitter:   8%|▊         | 734822400/9469180207 [00:47<11:06, 13103942.70B/s]
GAP-twitter:   8%|▊         | 736165888/9469180207 [00:47<11:50, 12287700.13B/s]
GAP-twitter:   8%|▊         | 737476608/9469180207 [00:47<11:39, 12490423.59B/s]
GAP-twitter:   8%|▊         | 738902016/9469180207 [00:47<11:14, 12939336.98B/s]
GAP-twitter:   8%|▊         | 740212736/9469180207 [00:48<11:57, 12171209.09B/s]
GAP-twitter:   8%|▊         | 741588992/9469180207 [00:48<11:33, 12593682.51B/s]
GAP-twitter:   8%|▊         | 743260160/9469180207 [00:48<10:35, 13724097.59B/s]
GAP-twitter:   8%|▊         | 744652800/9469180207 [00:48<11:27, 12684846.47B/s]
GAP-twitter:   8%|▊         | 746242048/9469180207 [00:48<10:44, 13541063.65B/s]
GAP-twitter:   8%|▊         | 747634688/9469180207 [00:48<11:20, 12822728.33B/s]
GAP-twitter:   8%|▊         | 749158400/9469180207 [00:48<10:48, 13456681.15B/s]
GAP-twitter:   8%|▊         | 750714880/9469180207 [00:48<10:21, 14020524.91B/s]
GAP-twitter:   8%|▊         | 752140288/9469180207 [00:48<11:18, 12842070.98B/s]
GAP-twitter:   8%|▊         | 753827840/9469180207 [00:49<10:26, 13916366.08B/s]
GAP-twitter:   8%|▊         | 755253248/9469180207 [00:49<10:28, 13864795.86B/s]
GAP-twitter:   8%|▊         | 756662272/9469180207 [00:49<10:45, 13497166.43B/s]
GAP-twitter:   8%|▊         | 758038528/9469180207 [00:49<10:42, 13553726.87B/s]
GAP-twitter:   8%|▊         | 759480320/9469180207 [00:49<10:32, 13771704.50B/s]
GAP-twitter:   8%|▊         | 760872960/9469180207 [00:49<10:34, 13716144.83B/s]
GAP-twitter:   8%|▊         | 762560512/9469180207 [00:49<09:54, 14636467.81B/s]
GAP-twitter:   8%|▊         | 764035072/9469180207 [00:49<10:55, 13288027.84B/s]
GAP-twitter:   8%|▊         | 765542400/9469180207 [00:49<10:33, 13748224.26B/s]
GAP-twitter:   8%|▊         | 767049728/9469180207 [00:50<10:16, 14116623.78B/s]
GAP-twitter:   8%|▊         | 768491520/9469180207 [00:50<10:40, 13574273.52B/s]
GAP-twitter:   8%|▊         | 769949696/9469180207 [00:50<10:28, 13833565.90B/s]
GAP-twitter:   8%|▊         | 771358720/9469180207 [00:50<10:32, 13741796.50B/s]
GAP-twitter:   8%|▊         | 772751360/9469180207 [00:50<10:43, 13517739.85B/s]
GAP-twitter:   8%|▊         | 774127616/9469180207 [00:50<10:41, 13558194.86B/s]
GAP-twitter:   8%|▊         | 775503872/9469180207 [00:50<10:54, 13291513.99B/s]
GAP-twitter:   8%|▊         | 776880128/9469180207 [00:50<10:48, 13408802.17B/s]
GAP-twitter:   8%|▊         | 778518528/9469180207 [00:50<10:08, 14273599.90B/s]
GAP-twitter:   8%|▊         | 779960320/9469180207 [00:50<11:03, 13102263.19B/s]
GAP-twitter:   8%|▊         | 781631488/9469180207 [00:51<10:16, 14100875.10B/s]
GAP-twitter:   8%|▊         | 783073280/9469180207 [00:51<10:16, 14087447.35B/s]
GAP-twitter:   8%|▊         | 784498688/9469180207 [00:51<10:45, 13458582.96B/s]
GAP-twitter:   8%|▊         | 785973248/9469180207 [00:51<10:29, 13793968.95B/s]
GAP-twitter:   8%|▊         | 787365888/9469180207 [00:51<10:45, 13440475.64B/s]
GAP-twitter:   8%|▊         | 788824064/9469180207 [00:51<10:33, 13707865.30B/s]
GAP-twitter:   8%|▊         | 790413312/9469180207 [00:51<10:05, 14324544.37B/s]
GAP-twitter:   8%|▊         | 791855104/9469180207 [00:51<10:27, 13819648.29B/s]
GAP-twitter:   8%|▊         | 793247744/9469180207 [00:51<10:29, 13791152.50B/s]
GAP-twitter:   8%|▊         | 794918912/9469180207 [00:52<09:53, 14607520.37B/s]
GAP-twitter:   8%|▊         | 796393472/9469180207 [00:52<10:55, 13222863.16B/s]
GAP-twitter:   8%|▊         | 798048256/9469180207 [00:52<10:15, 14080319.48B/s]
GAP-twitter:   8%|▊         | 799490048/9469180207 [00:52<11:00, 13118858.48B/s]
GAP-twitter:   8%|▊         | 800849920/9469180207 [00:52<10:56, 13210923.50B/s]
GAP-twitter:   8%|▊         | 802226176/9469180207 [00:52<10:48, 13356098.39B/s]
GAP-twitter:   8%|▊         | 803766272/9469180207 [00:52<10:56, 13202725.49B/s]
GAP-twitter:   9%|▊         | 805224448/9469180207 [00:52<10:40, 13535776.84B/s]
GAP-twitter:   9%|▊         | 806731776/9469180207 [00:52<10:21, 13947792.00B/s]
GAP-twitter:   9%|▊         | 808140800/9469180207 [00:53<11:09, 12934832.84B/s]
GAP-twitter:   9%|▊         | 809713664/9469180207 [00:53<10:32, 13698069.00B/s]
GAP-twitter:   9%|▊         | 811171840/9469180207 [00:53<10:21, 13941841.03B/s]
GAP-twitter:   9%|▊         | 812597248/9469180207 [00:53<10:54, 13229268.00B/s]
GAP-twitter:   9%|▊         | 813940736/9469180207 [00:53<10:51, 13278888.98B/s]
GAP-twitter:   9%|▊         | 815546368/9469180207 [00:53<10:15, 14052201.95B/s]
GAP-twitter:   9%|▊         | 816971776/9469180207 [00:53<10:56, 13173218.36B/s]
GAP-twitter:   9%|▊         | 818561024/9469180207 [00:53<10:22, 13906618.68B/s]
GAP-twitter:   9%|▊         | 819970048/9469180207 [00:53<10:39, 13514897.99B/s]
GAP-twitter:   9%|▊         | 821379072/9469180207 [00:53<10:33, 13658255.87B/s]
GAP-twitter:   9%|▊         | 823017472/9469180207 [00:54<09:59, 14432775.94B/s]
GAP-twitter:   9%|▊         | 824475648/9469180207 [00:54<10:51, 13267617.97B/s]
GAP-twitter:   9%|▊         | 826146816/9469180207 [00:54<10:08, 14199018.20B/s]
GAP-twitter:   9%|▊         | 827604992/9469180207 [00:54<10:11, 14136518.36B/s]
GAP-twitter:   9%|▉         | 829046784/9469180207 [00:54<10:49, 13306359.58B/s]
GAP-twitter:   9%|▉         | 830619648/9469180207 [00:54<10:19, 13946876.75B/s]
GAP-twitter:   9%|▉         | 832045056/9469180207 [00:54<10:52, 13240714.22B/s]
GAP-twitter:   9%|▉         | 833536000/9469180207 [00:54<10:31, 13676708.26B/s]
GAP-twitter:   9%|▉         | 834928640/9469180207 [00:54<10:31, 13682997.69B/s]
GAP-twitter:   9%|▉         | 836321280/9469180207 [00:55<10:45, 13375060.97B/s]
GAP-twitter:   9%|▉         | 837812224/9469180207 [00:55<10:26, 13772138.62B/s]
GAP-twitter:   9%|▉         | 839204864/9469180207 [00:55<10:25, 13804231.62B/s]
GAP-twitter:   9%|▉         | 840597504/9469180207 [00:55<11:03, 13011031.89B/s]
GAP-twitter:   9%|▉         | 842285056/9469180207 [00:55<10:13, 14062804.23B/s]
GAP-twitter:   9%|▉         | 843710464/9469180207 [00:55<10:17, 13969323.79B/s]
GAP-twitter:   9%|▉         | 845119488/9469180207 [00:55<11:09, 12888090.37B/s]
GAP-twitter:   9%|▉         | 846790656/9469180207 [00:55<10:20, 13905594.44B/s]
GAP-twitter:   9%|▉         | 848216064/9469180207 [00:55<11:09, 12875101.78B/s]
GAP-twitter:   9%|▉         | 849870848/9469180207 [00:56<10:23, 13831942.87B/s]
GAP-twitter:   9%|▉         | 851296256/9469180207 [00:56<10:23, 13813993.23B/s]
GAP-twitter:   9%|▉         | 852705280/9469180207 [00:56<10:40, 13461741.85B/s]
GAP-twitter:   9%|▉         | 854097920/9469180207 [00:56<10:34, 13586721.78B/s]
GAP-twitter:   9%|▉         | 855687168/9469180207 [00:56<10:42, 13402624.94B/s]
GAP-twitter:   9%|▉         | 857079808/9469180207 [00:56<10:36, 13539529.91B/s]
GAP-twitter:   9%|▉         | 858767360/9469180207 [00:56<09:55, 14450639.11B/s]
GAP-twitter:   9%|▉         | 860225536/9469180207 [00:56<10:47, 13294417.08B/s]
GAP-twitter:   9%|▉         | 861847552/9469180207 [00:56<10:10, 14090791.03B/s]
GAP-twitter:   9%|▉         | 863469568/9469180207 [00:57<09:48, 14632952.28B/s]
GAP-twitter:   9%|▉         | 864960512/9469180207 [00:57<10:32, 13598870.28B/s]
GAP-twitter:   9%|▉         | 866648064/9469180207 [00:57<09:54, 14480314.71B/s]
GAP-twitter:   9%|▉         | 868122624/9469180207 [00:57<10:45, 13331180.36B/s]
GAP-twitter:   9%|▉         | 869498880/9469180207 [00:57<10:40, 13418841.27B/s]
GAP-twitter:   9%|▉         | 871170048/9469180207 [00:57<10:00, 14308249.89B/s]
GAP-twitter:   9%|▉         | 872628224/9469180207 [00:57<10:20, 13861695.98B/s]
GAP-twitter:   9%|▉         | 874037248/9469180207 [00:57<10:21, 13835808.17B/s]
GAP-twitter:   9%|▉         | 875528192/9469180207 [00:57<10:36, 13498272.04B/s]
GAP-twitter:   9%|▉         | 876904448/9469180207 [00:58<10:33, 13562206.54B/s]
GAP-twitter:   9%|▉         | 878608384/9469180207 [00:58<09:51, 14523192.92B/s]
GAP-twitter:   9%|▉         | 880082944/9469180207 [00:58<09:56, 14408755.84B/s]

asv: benchmark timed out (timeout 60s)

For parameters: bfs_gap_inputs.GAP/GAP-web_32873823
INFO root: Dataset suitesparse_matrix.GAP/GAP-web manifest metadata is stale.

GAP-web:   0%|          | 0/8300343137 [00:00<?, ?B/s]
GAP-web:   0%|          | 147456/8300343137 [00:00<1:45:56, 1305794.69B/s]
GAP-web:   0%|          | 507904/8300343137 [00:00<1:00:52, 2272484.60B/s]
GAP-web:   0%|          | 737280/8300343137 [00:00<1:31:02, 1519470.01B/s]
GAP-web:   0%|          | 1130496/8300343137 [00:00<1:05:51, 2100370.79B/s]
GAP-web:   0%|          | 1687552/8300343137 [00:00<46:16, 2988865.62B/s]  
GAP-web:   0%|          | 2326528/8300343137 [00:00<35:13, 3926092.71B/s]
GAP-web:   0%|          | 2850816/8300343137 [00:00<32:12, 4293536.67B/s]
GAP-web:   0%|          | 3489792/8300343137 [00:00<28:20, 4880280.58B/s]
GAP-web:   0%|          | 4292608/8300343137 [00:01<24:10, 5720146.18B/s]
GAP-web:   0%|          | 5275648/8300343137 [00:01<20:08, 6865712.78B/s]
GAP-web:   0%|          | 6225920/8300343137 [00:01<18:07, 7626188.61B/s]
GAP-web:   0%|          | 7356416/8300343137 [00:01<16:34, 8335510.58B/s]
GAP-web:   0%|          | 8404992/8300343137 [00:01<15:33, 8884071.45B/s]
GAP-web:   0%|          | 9568256/8300343137 [00:01<14:17, 9668349.81B/s]
GAP-web:   0%|          | 10665984/8300343137 [00:01<13:46, 10034164.78B/s]
GAP-web:   0%|          | 11829248/8300343137 [00:01<13:13, 10443657.36B/s]
GAP-web:   0%|          | 13205504/8300343137 [00:01<12:06, 11409086.45B/s]
GAP-web:   0%|          | 14352384/8300343137 [00:02<12:19, 11208877.74B/s]
GAP-web:   0%|          | 15597568/8300343137 [00:02<12:21, 11166096.26B/s]
GAP-web:   0%|          | 17072128/8300343137 [00:02<11:19, 12195947.92B/s]
GAP-web:   0%|          | 18382848/8300343137 [00:02<11:06, 12428288.12B/s]
GAP-web:   0%|          | 19644416/8300343137 [00:02<11:03, 12481287.44B/s]
GAP-web:   0%|          | 20987904/8300343137 [00:02<10:52, 12694413.11B/s]
GAP-web:   0%|          | 22495232/8300343137 [00:02<10:18, 13382221.17B/s]
GAP-web:   0%|          | 23937024/8300343137 [00:02<10:04, 13685103.86B/s]
GAP-web:   0%|          | 25313280/8300343137 [00:02<10:11, 13529221.52B/s]
GAP-web:   0%|          | 26689536/8300343137 [00:02<10:09, 13579692.26B/s]
GAP-web:   0%|          | 28098560/8300343137 [00:03<10:04, 13694697.91B/s]
GAP-web:   0%|          | 29474816/8300343137 [00:03<10:08, 13594644.92B/s]
GAP-web:   0%|          | 30851072/8300343137 [00:03<10:07, 13617891.64B/s]
GAP-web:   0%|          | 32276480/8300343137 [00:03<09:59, 13784083.94B/s]
GAP-web:   0%|          | 33669120/8300343137 [00:03<09:59, 13799116.44B/s]
GAP-web:   0%|          | 35225600/8300343137 [00:03<09:37, 14305567.46B/s]
GAP-web:   0%|          | 36667392/8300343137 [00:03<09:49, 14013687.53B/s]
GAP-web:   0%|          | 38092800/8300343137 [00:03<09:47, 14072338.33B/s]
GAP-web:   0%|          | 39518208/8300343137 [00:03<09:46, 14075176.58B/s]
GAP-web:   0%|          | 41336832/8300343137 [00:03<09:01, 15243695.53B/s]
GAP-web:   1%|          | 42876928/8300343137 [00:04<09:16, 14843205.60B/s]
GAP-web:   1%|          | 44367872/8300343137 [00:04<09:28, 14526979.41B/s]
GAP-web:   1%|          | 45957120/8300343137 [00:04<09:14, 14892421.07B/s]
GAP-web:   1%|          | 47464448/8300343137 [00:04<09:21, 14691252.91B/s]
GAP-web:   1%|          | 48939008/8300343137 [00:04<09:29, 14486039.10B/s]
GAP-web:   1%|          | 50528256/8300343137 [00:04<09:14, 14886015.73B/s]
GAP-web:   1%|          | 52035584/8300343137 [00:04<09:24, 14618310.42B/s]
GAP-web:   1%|          | 53592064/8300343137 [00:04<09:13, 14886575.15B/s]
GAP-web:   1%|          | 55099392/8300343137 [00:04<09:31, 14421582.96B/s]
GAP-web:   1%|          | 56721408/8300343137 [00:05<09:14, 14875029.33B/s]
GAP-web:   1%|          | 58228736/8300343137 [00:05<09:36, 14308369.61B/s]
GAP-web:   1%|          | 59916288/8300343137 [00:05<09:09, 14993901.40B/s]
GAP-web:   1%|          | 61423616/8300343137 [00:05<09:20, 14700699.78B/s]
GAP-web:   1%|          | 63062016/8300343137 [00:05<09:03, 15158660.38B/s]
GAP-web:   1%|          | 64585728/8300343137 [00:05<09:05, 15089465.71B/s]
GAP-web:   1%|          | 66273280/8300343137 [00:05<08:48, 15588137.86B/s]
GAP-web:   1%|          | 67846144/8300343137 [00:05<08:51, 15475024.75B/s]
GAP-web:   1%|          | 69632000/8300343137 [00:05<08:29, 16155017.07B/s]
GAP-web:   1%|          | 71254016/8300343137 [00:05<08:30, 16130493.03B/s]
GAP-web:   1%|          | 73056256/8300343137 [00:06<08:13, 16665196.51B/s]
GAP-web:   1%|          | 74792960/8300343137 [00:06<08:08, 16827752.82B/s]
GAP-web:   1%|          | 76578816/8300343137 [00:06<08:00, 17121005.21B/s]
GAP-web:   1%|          | 78299136/8300343137 [00:06<08:11, 16717335.41B/s]
GAP-web:   1%|          | 80019456/8300343137 [00:06<08:09, 16805446.13B/s]
GAP-web:   1%|          | 81707008/8300343137 [00:06<08:16, 16550041.98B/s]
GAP-web:   1%|          | 83378176/8300343137 [00:06<08:46, 15606552.65B/s]
GAP-web:   1%|          | 85032960/8300343137 [00:06<08:39, 15803863.09B/s]
GAP-web:   1%|          | 86638592/8300343137 [00:06<09:09, 14940920.60B/s]
GAP-web:   1%|          | 88162304/8300343137 [00:07<09:10, 14928366.66B/s]
GAP-web:   1%|          | 89669632/8300343137 [00:07<09:24, 14536682.23B/s]
GAP-web:   1%|          | 91144192/8300343137 [00:07<10:05, 13562619.87B/s]
GAP-web:   1%|          | 92815360/8300343137 [00:07<09:29, 14407708.48B/s]
GAP-web:   1%|          | 94289920/8300343137 [00:07<09:31, 14358017.69B/s]
GAP-web:   1%|          | 95748096/8300343137 [00:07<10:02, 13607428.61B/s]
GAP-web:   1%|          | 97566720/8300343137 [00:07<09:12, 14836095.11B/s]
GAP-web:   1%|          | 99074048/8300343137 [00:07<09:18, 14696684.75B/s]
GAP-web:   1%|          | 100892672/8300343137 [00:07<08:44, 15637695.62B/s]
GAP-web:   1%|          | 102531072/8300343137 [00:07<09:08, 14959113.00B/s]
GAP-web:   1%|▏         | 104316928/8300343137 [00:08<08:41, 15729122.85B/s]
GAP-web:   1%|▏         | 106037248/8300343137 [00:08<08:27, 16141081.98B/s]
GAP-web:   1%|▏         | 107675648/8300343137 [00:08<09:00, 15167678.71B/s]
GAP-web:   1%|▏         | 109559808/8300343137 [00:08<08:27, 16154659.42B/s]
GAP-web:   1%|▏         | 111198208/8300343137 [00:08<08:42, 15676401.45B/s]
GAP-web:   1%|▏         | 113049600/8300343137 [00:08<08:17, 16457347.69B/s]
GAP-web:   1%|▏         | 114737152/8300343137 [00:08<08:35, 15893161.99B/s]
GAP-web:   1%|▏         | 116637696/8300343137 [00:08<08:08, 16752255.06B/s]
GAP-web:   1%|▏         | 118521856/8300343137 [00:08<07:53, 17297639.75B/s]
GAP-web:   1%|▏         | 120274944/8300343137 [00:09<08:21, 16316835.52B/s]
GAP-web:   1%|▏         | 122126336/8300343137 [00:09<08:04, 16884985.09B/s]
GAP-web:   1%|▏         | 123846656/8300343137 [00:09<08:26, 16155596.05B/s]
GAP-web:   2%|▏         | 125681664/8300343137 [00:09<08:08, 16746563.39B/s]
GAP-web:   2%|▏         | 127385600/8300343137 [00:09<08:29, 16048185.62B/s]
GAP-web:   2%|▏         | 129122304/8300343137 [00:09<08:18, 16399874.62B/s]
GAP-web:   2%|▏         | 130940928/8300343137 [00:09<08:03, 16887904.16B/s]
GAP-web:   2%|▏         | 132644864/8300343137 [00:09<08:21, 16300234.98B/s]
GAP-web:   2%|▏         | 134397952/8300343137 [00:09<08:11, 16611976.17B/s]
GAP-web:   2%|▏         | 136069120/8300343137 [00:10<08:54, 15276041.32B/s]
GAP-web:   2%|▏         | 137691136/8300343137 [00:10<08:46, 15504150.40B/s]
GAP-web:   2%|▏         | 139264000/8300343137 [00:10<09:22, 14505664.99B/s]
GAP-web:   2%|▏         | 141000704/8300343137 [00:10<08:54, 15269794.84B/s]
GAP-web:   2%|▏         | 142557184/8300343137 [00:10<09:27, 14380385.36B/s]
GAP-web:   2%|▏         | 144031744/8300343137 [00:10<10:42, 12698930.82B/s]
GAP-web:   2%|▏         | 145571840/8300343137 [00:10<10:10, 13362218.71B/s]
GAP-web:   2%|▏         | 147193856/8300343137 [00:10<10:07, 13421476.90B/s]
GAP-web:   2%|▏         | 148914176/8300343137 [00:10<09:25, 14405802.43B/s]
GAP-web:   2%|▏         | 150454272/8300343137 [00:11<09:15, 14669476.92B/s]
GAP-web:   2%|▏         | 151961600/8300343137 [00:11<10:29, 12948274.62B/s]
GAP-web:   2%|▏         | 153321472/8300343137 [00:11<10:59, 12344757.25B/s]
GAP-web:   2%|▏         | 154599424/8300343137 [00:11<11:07, 12200838.14B/s]
GAP-web:   2%|▏         | 155844608/8300343137 [00:11<11:15, 12065078.59B/s]
GAP-web:   2%|▏         | 157368320/8300343137 [00:11<10:31, 12898754.89B/s]
GAP-web:   2%|▏         | 158990336/8300343137 [00:11<09:50, 13792408.90B/s]
GAP-web:   2%|▏         | 160399360/8300343137 [00:11<10:10, 13333733.82B/s]
GAP-web:   2%|▏         | 161955840/8300343137 [00:11<09:43, 13938289.58B/s]
GAP-web:   2%|▏         | 163545088/8300343137 [00:12<09:58, 13596214.14B/s]
GAP-web:   2%|▏         | 165085184/8300343137 [00:12<09:37, 14084374.46B/s]
GAP-web:   2%|▏         | 166690816/8300343137 [00:12<09:16, 14617496.48B/s]
GAP-web:   2%|▏         | 168165376/8300343137 [00:12<09:42, 13966269.69B/s]
GAP-web:   2%|▏         | 169754624/8300343137 [00:12<09:21, 14487549.64B/s]
GAP-web:   2%|▏         | 171327488/8300343137 [00:12<09:09, 14801075.46B/s]
GAP-web:   2%|▏         | 172818432/8300343137 [00:12<09:46, 13846174.95B/s]
GAP-web:   2%|▏         | 174505984/8300343137 [00:12<09:13, 14668343.55B/s]
GAP-web:   2%|▏         | 175996928/8300343137 [00:12<09:29, 14257130.39B/s]
GAP-web:   2%|▏         | 177635328/8300343137 [00:13<09:07, 14822512.97B/s]
GAP-web:   2%|▏         | 179240960/8300343137 [00:13<08:55, 15169398.87B/s]
GAP-web:   2%|▏         | 180781056/8300343137 [00:13<09:11, 14734386.81B/s]
GAP-web:   2%|▏         | 182501376/8300343137 [00:13<08:45, 15435221.77B/s]
GAP-web:   2%|▏         | 184057856/8300343137 [00:13<09:04, 14906183.43B/s]
GAP-web:   2%|▏         | 185663488/8300343137 [00:13<08:54, 15191310.29B/s]
GAP-web:   2%|▏         | 187318272/8300343137 [00:13<08:42, 15539279.55B/s]
GAP-web:   2%|▏         | 188891136/8300343137 [00:13<09:00, 15007466.37B/s]
GAP-web:   2%|▏         | 190693376/8300343137 [00:13<08:31, 15846724.09B/s]
GAP-web:   2%|▏         | 192299008/8300343137 [00:14<08:54, 15173549.04B/s]
GAP-web:   2%|▏         | 194068480/8300343137 [00:14<08:31, 15837740.95B/s]
GAP-web:   2%|▏         | 195870720/8300343137 [00:14<08:13, 16426555.17B/s]
GAP-web:   2%|▏         | 197525504/8300343137 [00:14<08:44, 15447155.03B/s]
GAP-web:   2%|▏         | 199278592/8300343137 [00:14<08:25, 16024753.92B/s]
GAP-web:   2%|▏         | 200900608/8300343137 [00:14<09:03, 14895089.84B/s]
GAP-web:   2%|▏         | 202473472/8300343137 [00:14<08:56, 15100862.06B/s]
GAP-web:   2%|▏         | 204374016/8300343137 [00:14<08:57, 15062821.26B/s]
GAP-web:   2%|▏         | 206209024/8300343137 [00:14<08:27, 15953497.78B/s]
GAP-web:   3%|▎         | 208044032/8300343137 [00:15<08:07, 16602683.21B/s]
GAP-web:   3%|▎         | 209829888/8300343137 [00:15<07:57, 16960592.70B/s]
GAP-web:   3%|▎         | 211664896/8300343137 [00:15<07:45, 17360288.72B/s]
GAP-web:   3%|▎         | 213417984/8300343137 [00:15<08:11, 16467114.47B/s]
GAP-web:   3%|▎         | 215187456/8300343137 [00:15<08:00, 16812143.25B/s]
GAP-web:   3%|▎         | 216891392/8300343137 [00:15<08:16, 16271985.97B/s]
GAP-web:   3%|▎         | 218890240/8300343137 [00:15<07:46, 17321386.78B/s]
GAP-web:   3%|▎         | 220643328/8300343137 [00:15<08:02, 16751845.91B/s]
GAP-web:   3%|▎         | 222560256/8300343137 [00:15<07:43, 17419916.57B/s]
GAP-web:   3%|▎         | 224477184/8300343137 [00:15<07:30, 17919641.02B/s]
GAP-web:   3%|▎         | 226295808/8300343137 [00:16<08:04, 16667997.04B/s]
GAP-web:   3%|▎         | 228114432/8300343137 [00:16<07:53, 17064962.03B/s]
GAP-web:   3%|▎         | 229851136/8300343137 [00:16<08:22, 16070034.56B/s]
GAP-web:   3%|▎         | 231571456/8300343137 [00:16<08:13, 16359245.70B/s]
GAP-web:   3%|▎         | 233226240/8300343137 [00:16<08:36, 15606710.44B/s]
GAP-web:   3%|▎         | 235012096/8300343137 [00:16<08:16, 16229859.36B/s]
GAP-web:   3%|▎         | 236666880/8300343137 [00:16<08:43, 15391622.76B/s]
GAP-web:   3%|▎         | 238419968/8300343137 [00:16<08:24, 15971819.39B/s]
GAP-web:   3%|▎         | 240254976/8300343137 [00:16<08:04, 16638297.86B/s]
GAP-web:   3%|▎         | 241942528/8300343137 [00:17<08:41, 15440744.74B/s]
GAP-web:   3%|▎         | 243728384/8300343137 [00:17<08:21, 16068054.48B/s]
GAP-web:   3%|▎         | 245366784/8300343137 [00:17<08:48, 15241206.91B/s]
GAP-web:   3%|▎         | 247136256/8300343137 [00:17<08:26, 15908041.78B/s]
GAP-web:   3%|▎         | 248856576/8300343137 [00:17<08:46, 15289726.81B/s]
GAP-web:   3%|▎         | 250707968/8300343137 [00:17<08:18, 16144776.36B/s]
GAP-web:   3%|▎         | 252411904/8300343137 [00:17<08:11, 16361092.42B/s]
GAP-web:   3%|▎         | 254066688/8300343137 [00:17<08:58, 14944071.59B/s]
GAP-web:   3%|▎         | 255639552/8300343137 [00:17<08:52, 15110358.49B/s]
GAP-web:   3%|▎         | 257179648/8300343137 [00:18<09:11, 14594889.52B/s]
GAP-web:   3%|▎         | 259047424/8300343137 [00:18<08:32, 15700406.86B/s]
GAP-web:   3%|▎         | 260800512/8300343137 [00:18<08:16, 16197435.42B/s]
GAP-web:   3%|▎         | 262438912/8300343137 [00:18<08:48, 15204101.75B/s]
GAP-web:   3%|▎         | 264011776/8300343137 [00:18<08:43, 15337337.09B/s]
GAP-web:   3%|▎         | 265568256/8300343137 [00:18<09:11, 14572967.10B/s]
GAP-web:   3%|▎         | 267255808/8300343137 [00:18<08:48, 15206772.65B/s]
GAP-web:   3%|▎         | 268959744/8300343137 [00:18<08:31, 15712926.17B/s]
GAP-web:   3%|▎         | 270548992/8300343137 [00:18<08:54, 15024296.13B/s]
GAP-web:   3%|▎         | 272187392/8300343137 [00:19<08:42, 15370283.21B/s]
GAP-web:   3%|▎         | 273743872/8300343137 [00:19<09:05, 14702543.51B/s]
GAP-web:   3%|▎         | 275496960/8300343137 [00:19<08:39, 15461257.00B/s]
GAP-web:   3%|▎         | 277168128/8300343137 [00:19<08:28, 15777863.79B/s]
GAP-web:   3%|▎         | 278757376/8300343137 [00:19<08:51, 15106463.93B/s]
GAP-web:   3%|▎         | 280346624/8300343137 [00:19<08:44, 15292290.80B/s]
GAP-web:   3%|▎         | 281886720/8300343137 [00:19<09:08, 14611517.68B/s]
GAP-web:   3%|▎         | 283508736/8300343137 [00:19<08:53, 15035784.91B/s]
GAP-web:   3%|▎         | 285310976/8300343137 [00:19<08:25, 15854554.41B/s]
GAP-web:   3%|▎         | 286916608/8300343137 [00:20<09:06, 14674255.28B/s]
GAP-web:   3%|▎         | 288489472/8300343137 [00:20<08:55, 14950841.67B/s]
GAP-web:   3%|▎         | 290013184/8300343137 [00:20<09:15, 14423439.18B/s]
GAP-web:   4%|▎         | 291766272/8300343137 [00:20<08:44, 15280643.97B/s]
GAP-web:   4%|▎         | 293502976/8300343137 [00:20<08:25, 15846321.40B/s]
GAP-web:   4%|▎         | 295108608/8300343137 [00:20<08:52, 15041315.39B/s]
GAP-web:   4%|▎         | 296845312/8300343137 [00:20<08:31, 15657434.62B/s]
GAP-web:   4%|▎         | 298434560/8300343137 [00:20<08:56, 14916217.80B/s]
GAP-web:   4%|▎         | 300089344/8300343137 [00:20<08:41, 15347181.00B/s]
GAP-web:   4%|▎         | 301727744/8300343137 [00:20<08:31, 15640469.89B/s]
GAP-web:   4%|▎         | 303316992/8300343137 [00:21<09:01, 14781878.19B/s]
GAP-web:   4%|▎         | 305020928/8300343137 [00:21<08:39, 15382845.52B/s]
GAP-web:   4%|▎         | 306577408/8300343137 [00:21<09:04, 14680311.12B/s]
GAP-web:   4%|▎         | 308281344/8300343137 [00:21<08:41, 15319753.10B/s]
GAP-web:   4%|▎         | 310001664/8300343137 [00:21<08:24, 15835162.10B/s]
GAP-web:   4%|▍         | 311607296/8300343137 [00:21<08:55, 14922352.15B/s]
GAP-web:   4%|▍         | 313311232/8300343137 [00:21<08:35, 15502433.38B/s]
GAP-web:   4%|▍         | 314884096/8300343137 [00:21<09:04, 14670421.32B/s]
GAP-web:   4%|▍         | 316473344/8300343137 [00:21<08:52, 15006037.13B/s]
GAP-web:   4%|▍         | 318160896/8300343137 [00:22<08:34, 15510357.15B/s]
GAP-web:   4%|▍         | 319733760/8300343137 [00:22<08:57, 14851554.38B/s]
GAP-web:   4%|▍         | 321568768/8300343137 [00:22<08:23, 15831804.81B/s]
GAP-web:   4%|▍         | 323174400/8300343137 [00:22<08:49, 15076519.13B/s]
GAP-web:   4%|▍         | 325025792/8300343137 [00:22<08:17, 16036745.09B/s]
GAP-web:   4%|▍         | 326664192/8300343137 [00:22<09:00, 14748852.11B/s]
GAP-web:   4%|▍         | 328531968/8300343137 [00:22<08:24, 15812544.61B/s]
GAP-web:   4%|▍         | 330285056/8300343137 [00:22<08:10, 16257419.07B/s]
GAP-web:   4%|▍         | 331939840/8300343137 [00:22<08:28, 15685199.83B/s]
GAP-web:   4%|▍         | 334151680/8300343137 [00:23<07:35, 17477705.72B/s]
GAP-web:   4%|▍         | 335937536/8300343137 [00:23<07:49, 16963430.35B/s]
GAP-web:   4%|▍         | 337657856/8300343137 [00:23<07:48, 17008372.19B/s]
GAP-web:   4%|▍         | 339378176/8300343137 [00:23<08:46, 15114685.80B/s]
GAP-web:   4%|▍         | 340951040/8300343137 [00:23<08:42, 15238159.81B/s]
GAP-web:   4%|▍         | 342589440/8300343137 [00:23<08:33, 15508985.67B/s]
GAP-web:   4%|▍         | 344178688/8300343137 [00:23<09:18, 14253043.98B/s]
GAP-web:   4%|▍         | 346046464/8300343137 [00:23<08:35, 15437082.19B/s]
GAP-web:   4%|▍         | 347635712/8300343137 [00:23<08:48, 15054456.51B/s]
GAP-web:   4%|▍         | 349437952/8300343137 [00:24<08:21, 15846787.16B/s]
GAP-web:   4%|▍         | 351059968/8300343137 [00:24<08:49, 15020927.25B/s]
GAP-web:   4%|▍         | 352665600/8300343137 [00:24<08:40, 15259969.79B/s]
GAP-web:   4%|▍         | 354222080/8300343137 [00:24<09:04, 14592902.45B/s]
GAP-web:   4%|▍         | 355713024/8300343137 [00:24<09:17, 14241856.51B/s]
GAP-web:   4%|▍         | 357466112/8300343137 [00:24<08:45, 15116587.56B/s]
GAP-web:   4%|▍         | 359006208/8300343137 [00:24<08:46, 15086792.78B/s]
GAP-web:   4%|▍         | 361037824/8300343137 [00:24<07:59, 16560561.58B/s]
GAP-web:   4%|▍         | 362840064/8300343137 [00:24<08:13, 16088873.67B/s]
GAP-web:   4%|▍         | 364675072/8300343137 [00:25<07:54, 16706922.78B/s]
GAP-web:   4%|▍         | 366477312/8300343137 [00:25<07:45, 17046966.17B/s]
GAP-web:   4%|▍         | 368197632/8300343137 [00:25<08:22, 15792873.97B/s]
GAP-web:   4%|▍         | 369999872/8300343137 [00:25<08:03, 16396924.22B/s]
GAP-web:   4%|▍         | 371671040/8300343137 [00:25<08:25, 15689138.94B/s]
GAP-web:   5%|▍         | 373538816/8300343137 [00:25<08:00, 16495607.76B/s]
GAP-web:   5%|▍         | 375209984/8300343137 [00:25<08:12, 16096631.57B/s]
GAP-web:   5%|▍         | 377126912/8300343137 [00:25<07:47, 16935781.11B/s]
GAP-web:   5%|▍         | 378978304/8300343137 [00:25<07:35, 17385419.23B/s]
GAP-web:   5%|▍         | 380731392/8300343137 [00:26<08:08, 16214598.79B/s]
GAP-web:   5%|▍         | 382517248/8300343137 [00:26<07:55, 16668876.83B/s]
GAP-web:   5%|▍         | 384204800/8300343137 [00:26<08:17, 15919137.14B/s]
GAP-web:   5%|▍         | 385990656/8300343137 [00:26<08:01, 16423977.65B/s]
GAP-web:   5%|▍         | 387661824/8300343137 [00:26<08:20, 15807167.30B/s]
GAP-web:   5%|▍         | 389496832/8300343137 [00:26<07:59, 16495934.37B/s]
GAP-web:   5%|▍         | 391168000/8300343137 [00:26<08:18, 15875450.36B/s]
GAP-web:   5%|▍         | 393003008/8300343137 [00:26<07:58, 16532090.12B/s]
GAP-web:   5%|▍         | 394919936/8300343137 [00:26<07:37, 17282028.44B/s]
GAP-web:   5%|▍         | 396673024/8300343137 [00:26<07:57, 16551378.56B/s]
GAP-web:   5%|▍         | 398573568/8300343137 [00:27<07:39, 17211710.79B/s]
GAP-web:   5%|▍         | 400310272/8300343137 [00:27<08:36, 15295883.21B/s]
GAP-web:   5%|▍         | 402014208/8300343137 [00:27<08:21, 15757846.68B/s]
GAP-web:   5%|▍         | 403636224/8300343137 [00:27<08:53, 14788216.51B/s]
GAP-web:   5%|▍         | 405274624/8300343137 [00:27<08:39, 15190394.97B/s]
GAP-web:   5%|▍         | 406831104/8300343137 [00:27<08:39, 15181139.63B/s]
GAP-web:   5%|▍         | 408371200/8300343137 [00:27<09:30, 13828448.40B/s]
GAP-web:   5%|▍         | 409878528/8300343137 [00:27<09:17, 14158573.61B/s]
GAP-web:   5%|▍         | 411435008/8300343137 [00:28<09:38, 13639508.66B/s]
GAP-web:   5%|▍         | 412991488/8300343137 [00:28<09:17, 14152327.34B/s]
GAP-web:   5%|▍         | 414547968/8300343137 [00:28<09:03, 14507212.20B/s]
GAP-web:   5%|▌         | 416022528/8300343137 [00:28<09:32, 13782188.57B/s]
GAP-web:   5%|▌         | 417611776/8300343137 [00:28<09:09, 14345205.37B/s]
GAP-web:   5%|▌         | 419151872/8300343137 [00:28<08:59, 14619054.79B/s]
GAP-web:   5%|▌         | 420642816/8300343137 [00:28<09:19, 14086159.83B/s]
GAP-web:   5%|▌         | 422133760/8300343137 [00:28<09:10, 14302162.07B/s]
GAP-web:   5%|▌         | 423706624/8300343137 [00:28<08:56, 14670438.76B/s]
GAP-web:   5%|▌         | 425197568/8300343137 [00:28<09:07, 14375317.08B/s]
GAP-web:   5%|▌         | 426786816/8300343137 [00:29<08:51, 14809398.24B/s]
GAP-web:   5%|▌         | 428277760/8300343137 [00:29<09:31, 13777665.73B/s]
GAP-web:   5%|▌         | 429899776/8300343137 [00:29<09:04, 14444591.00B/s]
GAP-web:   5%|▌         | 431489024/8300343137 [00:29<08:50, 14836362.31B/s]
GAP-web:   5%|▌         | 432996352/8300343137 [00:29<09:12, 14230272.11B/s]
GAP-web:   5%|▌         | 434814976/8300343137 [00:29<08:33, 15309358.06B/s]
GAP-web:   5%|▌         | 436371456/8300343137 [00:29<08:58, 14601940.46B/s]
GAP-web:   5%|▌         | 437878784/8300343137 [00:29<08:54, 14706561.20B/s]
GAP-web:   5%|▌         | 439615488/8300343137 [00:29<08:29, 15439758.68B/s]
GAP-web:   5%|▌         | 441171968/8300343137 [00:30<08:50, 14822080.66B/s]
GAP-web:   5%|▌         | 443088896/8300343137 [00:30<08:09, 16039331.22B/s]
GAP-web:   5%|▌         | 444710912/8300343137 [00:30<08:23, 15599348.25B/s]
GAP-web:   5%|▌         | 446431232/8300343137 [00:30<08:09, 16052362.35B/s]
GAP-web:   5%|▌         | 448217088/8300343137 [00:30<07:54, 16545699.51B/s]
GAP-web:   5%|▌         | 449888256/8300343137 [00:30<08:29, 15408170.11B/s]
GAP-web:   5%|▌         | 451674112/8300343137 [00:30<08:08, 16082475.98B/s]
GAP-web:   5%|▌         | 453312512/8300343137 [00:30<08:14, 15856002.57B/s]
GAP-web:   5%|▌         | 454918144/8300343137 [00:30<08:15, 15835927.88B/s]
GAP-web:   6%|▌         | 456523776/8300343137 [00:30<08:25, 15506124.24B/s]
GAP-web:   6%|▌         | 458096640/8300343137 [00:31<09:03, 14423879.73B/s]
GAP-web:   6%|▌         | 459636736/8300343137 [00:31<08:55, 14650209.67B/s]
GAP-web:   6%|▌         | 461127680/8300343137 [00:31<09:16, 14097369.26B/s]
GAP-web:   6%|▌         | 462782464/8300343137 [00:31<08:50, 14771450.00B/s]
GAP-web:   6%|▌         | 464486400/8300343137 [00:31<08:28, 15408750.40B/s]
GAP-web:   6%|▌         | 466042880/8300343137 [00:31<08:50, 14767083.23B/s]
GAP-web:   6%|▌         | 467664896/8300343137 [00:31<08:37, 15149485.46B/s]
GAP-web:   6%|▌         | 469204992/8300343137 [00:31<08:53, 14684340.13B/s]
GAP-web:   6%|▌         | 470925312/8300343137 [00:31<08:28, 15383496.12B/s]
GAP-web:   6%|▌         | 472563712/8300343137 [00:32<08:20, 15631147.50B/s]
GAP-web:   6%|▌         | 474136576/8300343137 [00:32<08:49, 14775877.30B/s]
GAP-web:   6%|▌         | 475824128/8300343137 [00:32<08:29, 15366459.94B/s]
GAP-web:   6%|▌         | 477380608/8300343137 [00:32<08:50, 14758488.37B/s]
GAP-web:   6%|▌         | 479166464/8300343137 [00:32<08:21, 15605479.65B/s]
GAP-web:   6%|▌         | 480952320/8300343137 [00:32<08:01, 16246073.44B/s]
GAP-web:   6%|▌         | 482590720/8300343137 [00:32<08:39, 15056547.55B/s]
GAP-web:   6%|▌         | 484294656/8300343137 [00:32<08:21, 15572738.27B/s]
GAP-web:   6%|▌         | 485883904/8300343137 [00:32<08:40, 15017356.59B/s]
GAP-web:   6%|▌         | 487636992/8300343137 [00:33<08:18, 15684746.98B/s]
GAP-web:   6%|▌         | 489340928/8300343137 [00:33<08:07, 16026416.37B/s]
GAP-web:   6%|▌         | 490962944/8300343137 [00:33<08:38, 15048159.98B/s]
GAP-web:   6%|▌         | 492683264/8300343137 [00:33<08:19, 15639046.88B/s]
GAP-web:   6%|▌         | 494272512/8300343137 [00:33<08:43, 14898770.43B/s]
GAP-web:   6%|▌         | 495960064/8300343137 [00:33<08:25, 15435682.02B/s]
GAP-web:   6%|▌         | 497614848/8300343137 [00:33<08:48, 14756031.28B/s]
GAP-web:   6%|▌         | 499302400/8300343137 [00:33<08:30, 15279050.77B/s]
GAP-web:   6%|▌         | 500858880/8300343137 [00:33<09:44, 13349235.67B/s]
GAP-web:   6%|▌         | 502251520/8300343137 [00:34<11:16, 11527167.51B/s]
GAP-web:   6%|▌         | 503480320/8300343137 [00:34<11:39, 11146734.31B/s]
GAP-web:   6%|▌         | 504643584/8300343137 [00:34<11:57, 10871574.35B/s]
GAP-web:   6%|▌         | 505774080/8300343137 [00:34<12:57, 10029053.61B/s]
GAP-web:   6%|▌         | 506806272/8300343137 [00:34<13:07, 9891501.99B/s] 
GAP-web:   6%|▌         | 507822080/8300343137 [00:34<13:16, 9779754.61B/s]
GAP-web:   6%|▌         | 508821504/8300343137 [00:34<13:12, 9836001.29B/s]
GAP-web:   6%|▌         | 509853696/8300343137 [00:34<13:23, 9692770.61B/s]
GAP-web:   6%|▌         | 511361024/8300343137 [00:35<11:38, 11155013.08B/s]
GAP-web:   6%|▌         | 512671744/8300343137 [00:35<11:05, 11696972.16B/s]
GAP-web:   6%|▌         | 513884160/8300343137 [00:35<11:41, 11100230.67B/s]
GAP-web:   6%|▌         | 515375104/8300343137 [00:35<10:41, 12143451.68B/s]
GAP-web:   6%|▌         | 516669440/8300343137 [00:35<10:29, 12355986.72B/s]
GAP-web:   6%|▌         | 517931008/8300343137 [00:35<10:45, 12055834.86B/s]
GAP-web:   6%|▋         | 519438336/8300343137 [00:35<10:02, 12911096.83B/s]
GAP-web:   6%|▋         | 520749056/8300343137 [00:35<10:01, 12940253.55B/s]
GAP-web:   6%|▋         | 522059776/8300343137 [00:35<10:17, 12594446.45B/s]
GAP-web:   6%|▋         | 523370496/8300343137 [00:35<10:11, 12712718.31B/s]
GAP-web:   6%|▋         | 524845056/8300343137 [00:36<09:44, 13295526.23B/s]
GAP-web:   6%|▋         | 526188544/8300343137 [00:36<10:34, 12251165.00B/s]
GAP-web:   6%|▋         | 527499264/8300343137 [00:36<10:23, 12471262.78B/s]
GAP-web:   6%|▋         | 529006592/8300343137 [00:36<09:49, 13190865.60B/s]
GAP-web:   6%|▋         | 530350080/8300343137 [00:36<10:09, 12752031.81B/s]
GAP-web:   6%|▋         | 531857408/8300343137 [00:36<09:39, 13398747.76B/s]
GAP-web:   6%|▋         | 533217280/8300343137 [00:36<09:40, 13373584.50B/s]
GAP-web:   6%|▋         | 534577152/8300343137 [00:36<09:52, 13117827.82B/s]
GAP-web:   6%|▋         | 535904256/8300343137 [00:36<09:51, 13131661.88B/s]
GAP-web:   6%|▋         | 537362432/8300343137 [00:37<09:33, 13544891.71B/s]
GAP-web:   6%|▋         | 538722304/8300343137 [00:37<10:20, 12514310.18B/s]
GAP-web:   7%|▋         | 540213248/8300343137 [00:37<09:48, 13179450.59B/s]
GAP-web:   7%|▋         | 541720576/8300343137 [00:37<09:27, 13666423.54B/s]
GAP-web:   7%|▋         | 543113216/8300343137 [00:37<10:17, 12556804.18B/s]
GAP-web:   7%|▋         | 544620544/8300343137 [00:37<09:46, 13218698.44B/s]
GAP-web:   7%|▋         | 546111488/8300343137 [00:37<09:26, 13682343.77B/s]
GAP-web:   7%|▋         | 547504128/8300343137 [00:37<10:14, 12616973.94B/s]
GAP-web:   7%|▋         | 548798464/8300343137 [00:37<10:17, 12557716.34B/s]
GAP-web:   7%|▋         | 550256640/8300343137 [00:38<09:51, 13095732.84B/s]
GAP-web:   7%|▋         | 551583744/8300343137 [00:38<10:15, 12593014.54B/s]
GAP-web:   7%|▋         | 552894464/8300343137 [00:38<10:09, 12713914.16B/s]
GAP-web:   7%|▋         | 554385408/8300343137 [00:38<09:41, 13329727.52B/s]
GAP-web:   7%|▋         | 555745280/8300343137 [00:38<10:06, 12776267.83B/s]
GAP-web:   7%|▋         | 557252608/8300343137 [00:38<09:38, 13391451.22B/s]
GAP-web:   7%|▋         | 558694400/8300343137 [00:38<10:01, 12870386.46B/s]
GAP-web:   7%|▋         | 560005120/8300343137 [00:38<10:01, 12866045.06B/s]
GAP-web:   7%|▋         | 561496064/8300343137 [00:38<09:36, 13417463.67B/s]
GAP-web:   7%|▋         | 562855936/8300343137 [00:39<10:14, 12593646.67B/s]
GAP-web:   7%|▋         | 564396032/8300343137 [00:39<09:39, 13340077.96B/s]
GAP-web:   7%|▋         | 565837824/8300343137 [00:39<09:27, 13621232.09B/s]
GAP-web:   7%|▋         | 567214080/8300343137 [00:39<09:51, 13067810.16B/s]
GAP-web:   7%|▋         | 568754176/8300343137 [00:39<09:24, 13700580.69B/s]
GAP-web:   7%|▋         | 570212352/8300343137 [00:39<09:14, 13936287.96B/s]
GAP-web:   7%|▋         | 571621376/8300343137 [00:39<09:48, 13142633.02B/s]
GAP-web:   7%|▋         | 573046784/8300343137 [00:39<09:36, 13403164.57B/s]
GAP-web:   7%|▋         | 574537728/8300343137 [00:39<09:20, 13794675.22B/s]
GAP-web:   7%|▋         | 575930368/8300343137 [00:40<10:07, 12717860.36B/s]
GAP-web:   7%|▋         | 577454080/8300343137 [00:40<09:37, 13373080.31B/s]
GAP-web:   7%|▋         | 578813952/8300343137 [00:40<09:39, 13333131.53B/s]
GAP-web:   7%|▋         | 580173824/8300343137 [00:40<09:47, 13150899.47B/s]
GAP-web:   7%|▋         | 581500928/8300343137 [00:40<09:46, 13155626.72B/s]
GAP-web:   7%|▋         | 582844416/8300343137 [00:40<09:43, 13220997.57B/s]
GAP-web:   7%|▋         | 584187904/8300343137 [00:40<09:54, 12969442.64B/s]
GAP-web:   7%|▋         | 585564160/8300343137 [00:40<09:44, 13198448.73B/s]
GAP-web:   7%|▋         | 587120640/8300343137 [00:40<09:15, 13883747.19B/s]
GAP-web:   7%|▋         | 588529664/8300343137 [00:40<10:02, 12790104.04B/s]
GAP-web:   7%|▋         | 590020608/8300343137 [00:41<09:36, 13363585.33B/s]
GAP-web:   7%|▋         | 591462400/8300343137 [00:41<09:59, 12859414.41B/s]
GAP-web:   7%|▋         | 593035264/8300343137 [00:41<09:25, 13630637.59B/s]
GAP-web:   7%|▋         | 594427904/8300343137 [00:41<09:37, 13337847.41B/s]
GAP-web:   7%|▋         | 595787776/8300343137 [00:41<10:02, 12796979.15B/s]
GAP-web:   7%|▋         | 597082112/8300343137 [00:41<10:04, 12750901.93B/s]
GAP-web:   7%|▋         | 598589440/8300343137 [00:41<09:34, 13403066.03B/s]
GAP-web:   7%|▋         | 599949312/8300343137 [00:41<10:23, 12356754.94B/s]
GAP-web:   7%|▋         | 601325568/8300343137 [00:41<10:05, 12705170.40B/s]
GAP-web:   7%|▋         | 602718208/8300343137 [00:42<09:49, 13046858.20B/s]
GAP-web:   7%|▋         | 604045312/8300343137 [00:42<10:25, 12296271.04B/s]
GAP-web:   7%|▋         | 605552640/8300343137 [00:42<09:49, 13050927.77B/s]
GAP-web:   7%|▋         | 607027200/8300343137 [00:42<09:29, 13516516.70B/s]
GAP-web:   7%|▋         | 608403456/8300343137 [00:42<09:44, 13164871.67B/s]
GAP-web:   7%|▋         | 609910784/8300343137 [00:42<09:22, 13664622.73B/s]
GAP-web:   7%|▋         | 611434496/8300343137 [00:42<09:05, 14097525.06B/s]
GAP-web:   7%|▋         | 612859904/8300343137 [00:42<09:33, 13409409.10B/s]
GAP-web:   7%|▋         | 614334464/8300343137 [00:42<09:18, 13771823.72B/s]
GAP-web:   7%|▋         | 615972864/8300343137 [00:43<09:23, 13637286.22B/s]
GAP-web:   7%|▋         | 617644032/8300343137 [00:43<08:51, 14452558.25B/s]
GAP-web:   7%|▋         | 619184128/8300343137 [00:43<08:42, 14691356.91B/s]
GAP-web:   7%|▋         | 620675072/8300343137 [00:43<09:12, 13911616.89B/s]
GAP-web:   7%|▋         | 622346240/8300343137 [00:43<08:43, 14671312.65B/s]
GAP-web:   8%|▊         | 623837184/8300343137 [00:43<08:41, 14732286.87B/s]
GAP-web:   8%|▊         | 625328128/8300343137 [00:43<09:48, 13047157.03B/s]
GAP-web:   8%|▊         | 626802688/8300343137 [00:43<09:30, 13459150.78B/s]
GAP-web:   8%|▊         | 628195328/8300343137 [00:43<09:38, 13259208.89B/s]
GAP-web:   8%|▊         | 629555200/8300343137 [00:44<10:26, 12249683.19B/s]
GAP-web:   8%|▊         | 631046144/8300343137 [00:44<09:51, 12956801.95B/s]
GAP-web:   8%|▊         | 632373248/8300343137 [00:44<09:53, 12919401.65B/s]
GAP-web:   8%|▊         | 633700352/8300343137 [00:44<10:13, 12499343.48B/s]
GAP-web:   8%|▊         | 635224064/8300343137 [00:44<09:39, 13230521.78B/s]
GAP-web:   8%|▊         | 636665856/8300343137 [00:44<10:03, 12700480.93B/s]
GAP-web:   8%|▊         | 638189568/8300343137 [00:44<09:33, 13369244.77B/s]
GAP-web:   8%|▊         | 639631360/8300343137 [00:44<09:20, 13657098.31B/s]
GAP-web:   8%|▊         | 641024000/8300343137 [00:44<09:48, 13019471.05B/s]
GAP-web:   8%|▊         | 642531328/8300343137 [00:44<09:23, 13582634.90B/s]
GAP-web:   8%|▊         | 643907584/8300343137 [00:45<09:23, 13596961.43B/s]
GAP-web:   8%|▊         | 645283840/8300343137 [00:45<09:52, 12916506.70B/s]
GAP-web:   8%|▊         | 646594560/8300343137 [00:45<09:55, 12852380.84B/s]
GAP-web:   8%|▊         | 648101888/8300343137 [00:45<09:27, 13475381.93B/s]
GAP-web:   8%|▊         | 649461760/8300343137 [00:45<09:53, 12894379.17B/s]
GAP-web:   8%|▊         | 650772480/8300343137 [00:45<09:54, 12860769.34B/s]
GAP-web:   8%|▊         | 652099584/8300343137 [00:45<09:50, 12959785.65B/s]
GAP-web:   8%|▊         | 653410304/8300343137 [00:45<10:14, 12451713.81B/s]
GAP-web:   8%|▊         | 654671872/8300343137 [00:45<10:13, 12454868.28B/s]
GAP-web:   8%|▊         | 656179200/8300343137 [00:46<09:39, 13188081.50B/s]
GAP-web:   8%|▊         | 657506304/8300343137 [00:46<10:27, 12182140.78B/s]
GAP-web:   8%|▊         | 659030016/8300343137 [00:46<09:46, 13022296.24B/s]
GAP-web:   8%|▊         | 660357120/8300343137 [00:46<09:47, 13004792.38B/s]
GAP-web:   8%|▊         | 661684224/8300343137 [00:46<10:09, 12528724.47B/s]
GAP-web:   8%|▊         | 663191552/8300343137 [00:46<09:37, 13230381.97B/s]
GAP-web:   8%|▊         | 664567808/8300343137 [00:46<09:30, 13374230.38B/s]
GAP-web:   8%|▊         | 665927680/8300343137 [00:46<10:24, 12230553.58B/s]
GAP-web:   8%|▊         | 667435008/8300343137 [00:46<09:48, 12975745.86B/s]
GAP-web:   8%|▊         | 668778496/8300343137 [00:47<09:43, 13083804.35B/s]
GAP-web:   8%|▊         | 670105600/8300343137 [00:47<10:15, 12391189.22B/s]
GAP-web:   8%|▊         | 671367168/8300343137 [00:47<10:13, 12427145.57B/s]
GAP-web:   8%|▊         | 672808960/8300343137 [00:47<09:47, 12986588.70B/s]
GAP-web:   8%|▊         | 674119680/8300343137 [00:47<10:09, 12516568.45B/s]
GAP-web:   8%|▊         | 675610624/8300343137 [00:47<09:38, 13171727.98B/s]
GAP-web:   8%|▊         | 676954112/8300343137 [00:47<09:50, 12899630.66B/s]
GAP-web:   8%|▊         | 678264832/8300343137 [00:47<10:15, 12386376.44B/s]
GAP-web:   8%|▊         | 679739392/8300343137 [00:47<09:44, 13040353.14B/s]
GAP-web:   8%|▊         | 681082880/8300343137 [00:48<09:40, 13129020.58B/s]
GAP-web:   8%|▊         | 682409984/8300343137 [00:48<10:13, 12421993.25B/s]
GAP-web:   8%|▊         | 683900928/8300343137 [00:48<09:41, 13096955.14B/s]
GAP-web:   8%|▊         | 685228032/8300343137 [00:48<09:54, 12808932.13B/s]
GAP-web:   8%|▊         | 686522368/8300343137 [00:48<10:19, 12298217.67B/s]
GAP-web:   8%|▊         | 688013312/8300343137 [00:48<09:44, 13013358.64B/s]
GAP-web:   8%|▊         | 689422336/8300343137 [00:48<09:32, 13297865.37B/s]
GAP-web:   8%|▊         | 690765824/8300343137 [00:48<09:57, 12731319.76B/s]
GAP-web:   8%|▊         | 692158464/8300343137 [00:48<09:42, 13055437.26B/s]
GAP-web:   8%|▊         | 693649408/8300343137 [00:48<09:20, 13559752.77B/s]
GAP-web:   8%|▊         | 695025664/8300343137 [00:49<09:54, 12802070.39B/s]
GAP-web:   8%|▊         | 696385536/8300343137 [00:49<09:43, 13022225.06B/s]
GAP-web:   8%|▊         | 697892864/8300343137 [00:49<09:20, 13573451.77B/s]
GAP-web:   8%|▊         | 699269120/8300343137 [00:49<10:02, 12625650.43B/s]
GAP-web:   8%|▊         | 700678144/8300343137 [00:49<09:43, 13016272.09B/s]
GAP-web:   8%|▊         | 702087168/8300343137 [00:49<09:59, 12677035.08B/s]
GAP-web:   8%|▊         | 703463424/8300343137 [00:49<09:46, 12962584.21B/s]
GAP-web:   8%|▊         | 704987136/8300343137 [00:49<09:19, 13580384.22B/s]
GAP-web:   9%|▊         | 706363392/8300343137 [00:49<09:54, 12778445.97B/s]
GAP-web:   9%|▊         | 707870720/8300343137 [00:50<09:26, 13402868.66B/s]
GAP-web:   9%|▊         | 709312512/8300343137 [00:50<09:15, 13653421.19B/s]
GAP-web:   9%|▊         | 710705152/8300343137 [00:50<09:46, 12941211.33B/s]
GAP-web:   9%|▊         | 712196096/8300343137 [00:50<09:23, 13462356.54B/s]
GAP-web:   9%|▊         | 713736192/8300343137 [00:50<09:02, 13980211.25B/s]
GAP-web:   9%|▊         | 715161600/8300343137 [00:50<09:38, 13110153.04B/s]
GAP-web:   9%|▊         | 716701696/8300343137 [00:50<09:12, 13716644.26B/s]
GAP-web:   9%|▊         | 718274560/8300343137 [00:50<08:51, 14261747.62B/s]
GAP-web:   9%|▊         | 719716352/8300343137 [00:50<09:21, 13509883.73B/s]
GAP-web:   9%|▊         | 721092608/8300343137 [00:51<09:20, 13527876.57B/s]
GAP-web:   9%|▊         | 722567168/8300343137 [00:51<09:37, 13128068.76B/s]
GAP-web:   9%|▊         | 724025344/8300343137 [00:51<09:21, 13502222.83B/s]
GAP-web:   9%|▊         | 725483520/8300343137 [00:51<09:08, 13799074.37B/s]
GAP-web:   9%|▉         | 726876160/8300343137 [00:51<09:37, 13112020.54B/s]
GAP-web:   9%|▉         | 728383488/8300343137 [00:51<09:15, 13641747.24B/s]
GAP-web:   9%|▉         | 729776128/8300343137 [00:51<09:12, 13696571.21B/s]
GAP-web:   9%|▉         | 731168768/8300343137 [00:51<09:40, 13044688.79B/s]
GAP-web:   9%|▉         | 732659712/8300343137 [00:51<09:19, 13532168.76B/s]
GAP-web:   9%|▉         | 734035968/8300343137 [00:51<09:22, 13459897.05B/s]
GAP-web:   9%|▉         | 735395840/8300343137 [00:52<09:40, 13041735.01B/s]
GAP-web:   9%|▉         | 736837632/8300343137 [00:52<09:23, 13431020.47B/s]
GAP-web:   9%|▉         | 738263040/8300343137 [00:52<09:13, 13662355.36B/s]
GAP-web:   9%|▉         | 739639296/8300343137 [00:52<09:55, 12699407.36B/s]
GAP-web:   9%|▉         | 741097472/8300343137 [00:52<09:31, 13221337.16B/s]
GAP-web:   9%|▉         | 742572032/8300343137 [00:52<09:13, 13647970.91B/s]
GAP-web:   9%|▉         | 743964672/8300343137 [00:52<09:49, 12807456.99B/s]
GAP-web:   9%|▉         | 745406464/8300343137 [00:52<09:30, 13232911.62B/s]
GAP-web:   9%|▉         | 746766336/8300343137 [00:52<09:26, 13336788.78B/s]
GAP-web:   9%|▉         | 748126208/8300343137 [00:53<10:01, 12551421.15B/s]
GAP-web:   9%|▉         | 749453312/8300343137 [00:53<09:53, 12733362.52B/s]
GAP-web:   9%|▉         | 750977024/8300343137 [00:53<09:23, 13406165.39B/s]
GAP-web:   9%|▉         | 752336896/8300343137 [00:53<10:03, 12496865.53B/s]
GAP-web:   9%|▉         | 753844224/8300343137 [00:53<09:31, 13194097.27B/s]
GAP-web:   9%|▉         | 755187712/8300343137 [00:53<09:34, 13130522.31B/s]
GAP-web:   9%|▉         | 756514816/8300343137 [00:53<09:44, 12912618.42B/s]
GAP-web:   9%|▉         | 757825536/8300343137 [00:53<09:45, 12889069.81B/s]
GAP-web:   9%|▉         | 759267328/8300343137 [00:53<09:25, 13324522.33B/s]
GAP-web:   9%|▉         | 760610816/8300343137 [00:54<09:56, 12641284.63B/s]
GAP-web:   9%|▉         | 762036224/8300343137 [00:54<09:35, 13089772.03B/s]
GAP-web:   9%|▉         | 763527168/8300343137 [00:54<09:15, 13566906.84B/s]
GAP-web:   9%|▉         | 764903424/8300343137 [00:54<10:03, 12493712.89B/s]
GAP-web:   9%|▉         | 766312448/8300343137 [00:54<09:43, 12913547.79B/s]
GAP-web:   9%|▉         | 767803392/8300343137 [00:54<09:21, 13418671.15B/s]
GAP-web:   9%|▉         | 769163264/8300343137 [00:54<10:02, 12499428.92B/s]
GAP-web:   9%|▉         | 770670592/8300343137 [00:54<09:30, 13197506.42B/s]
GAP-web:   9%|▉         | 772014080/8300343137 [00:54<09:32, 13149610.22B/s]
GAP-web:   9%|▉         | 773357568/8300343137 [00:55<10:01, 12517234.34B/s]
GAP-web:   9%|▉         | 774750208/8300343137 [00:55<09:44, 12869524.78B/s]
GAP-web:   9%|▉         | 776060928/8300343137 [00:55<09:45, 12853672.93B/s]
GAP-web:   9%|▉         | 777355264/8300343137 [00:55<10:10, 12313469.31B/s]
GAP-web:   9%|▉         | 778665984/8300343137 [00:55<10:01, 12500951.89B/s]
GAP-web:   9%|▉         | 780091392/8300343137 [00:55<09:38, 12997889.93B/s]
GAP-web:   9%|▉         | 781402112/8300343137 [00:55<10:24, 12041539.70B/s]
GAP-web:   9%|▉         | 782778368/8300343137 [00:55<10:00, 12518254.40B/s]
GAP-web:   9%|▉         | 784121856/8300343137 [00:55<09:49, 12750055.90B/s]
GAP-web:   9%|▉         | 785416192/8300343137 [00:56<10:31, 11901522.95B/s]
GAP-web:   9%|▉         | 786644992/8300343137 [00:56<10:26, 12001662.70B/s]
GAP-web:   9%|▉         | 788021248/8300343137 [00:56<10:01, 12479861.79B/s]
GAP-web:  10%|▉         | 789282816/8300343137 [00:56<10:31, 11896503.29B/s]
GAP-web:  10%|▉         | 790626304/8300343137 [00:56<10:10, 12304797.31B/s]
GAP-web:  10%|▉         | 792068096/8300343137 [00:56<09:43, 12869177.26B/s]
GAP-web:  10%|▉         | 793378816/8300343137 [00:56<10:18, 12141629.38B/s]
GAP-web:  10%|▉         | 794722304/8300343137 [00:56<10:00, 12491687.00B/s]

asv: benchmark timed out (timeout 60s)

For parameters: bfs_gap_inputs.GAP/GAP-kron_22631240
INFO root: Dataset suitesparse_matrix.GAP/GAP-kron manifest metadata is stale.

GAP-kron:   0%|          | 0/14570837178 [00:00<?, ?B/s]
GAP-kron:   0%|          | 344064/14570837178 [00:00<1:22:46, 2933995.20B/s]
GAP-kron:   0%|          | 1048576/14570837178 [00:00<46:48, 5187158.57B/s] 
GAP-kron:   0%|          | 1802240/14570837178 [00:00<39:03, 6216819.66B/s]
GAP-kron:   0%|          | 2637824/14570837178 [00:00<35:14, 6890637.85B/s]
GAP-kron:   0%|          | 3670016/14570837178 [00:00<31:13, 7774921.53B/s]
GAP-kron:   0%|          | 4603904/14570837178 [00:00<29:22, 8264101.61B/s]
GAP-kron:   0%|          | 5734400/14570837178 [00:00<26:21, 9211183.15B/s]
GAP-kron:   0%|          | 6815744/14570837178 [00:00<25:05, 9673844.89B/s]
GAP-kron:   0%|          | 7929856/14570837178 [00:00<24:00, 10109104.94B/s]
GAP-kron:   0%|          | 9060352/14570837178 [00:01<23:12, 10460433.93B/s]
GAP-kron:   0%|          | 10190848/14570837178 [00:01<22:40, 10702014.03B/s]
GAP-kron:   0%|          | 11386880/14570837178 [00:01<22:00, 11023437.95B/s]
GAP-kron:   0%|          | 12877824/14570837178 [00:01<19:54, 12188798.07B/s]
GAP-kron:   0%|          | 14123008/14570837178 [00:01<19:48, 12248806.41B/s]
GAP-kron:   0%|          | 15646720/14570837178 [00:01<18:29, 13121769.45B/s]
GAP-kron:   0%|          | 16973824/14570837178 [00:01<18:30, 13103047.68B/s]
GAP-kron:   0%|          | 18448384/14570837178 [00:01<17:51, 13577337.37B/s]
GAP-kron:   0%|          | 20070400/14570837178 [00:01<16:53, 14361216.18B/s]
GAP-kron:   0%|          | 21659648/14570837178 [00:01<16:21, 14817832.63B/s]
GAP-kron:   0%|          | 23216128/14570837178 [00:02<16:07, 15030367.60B/s]
GAP-kron:   0%|          | 24788992/14570837178 [00:02<15:55, 15224437.14B/s]
GAP-kron:   0%|          | 26394624/14570837178 [00:02<15:40, 15463631.99B/s]
GAP-kron:   0%|          | 28033024/14570837178 [00:02<15:25, 15706857.31B/s]
GAP-kron:   0%|          | 29720576/14570837178 [00:02<15:05, 16050555.93B/s]
GAP-kron:   0%|          | 31424512/14570837178 [00:02<14:50, 16324103.14B/s]
GAP-kron:   0%|          | 33144832/14570837178 [00:02<14:37, 16557804.44B/s]
GAP-kron:   0%|          | 34914304/14570837178 [00:02<14:22, 16860766.56B/s]
GAP-kron:   0%|          | 36667392/14570837178 [00:02<14:14, 17008649.17B/s]
GAP-kron:   0%|          | 38371328/14570837178 [00:02<14:20, 16894283.30B/s]
GAP-kron:   0%|          | 40124416/14570837178 [00:03<14:11, 17068812.70B/s]
GAP-kron:   0%|          | 41926656/14570837178 [00:03<13:59, 17301915.59B/s]
GAP-kron:   0%|          | 43745280/14570837178 [00:03<13:48, 17534666.54B/s]
GAP-kron:   0%|          | 45514752/14570837178 [00:03<13:52, 17455690.76B/s]
GAP-kron:   0%|          | 47267840/14570837178 [00:03<13:58, 17327247.76B/s]
GAP-kron:   0%|          | 49020928/14570837178 [00:03<13:56, 17362746.55B/s]
GAP-kron:   0%|          | 50757632/14570837178 [00:03<13:57, 17342371.45B/s]
GAP-kron:   0%|          | 52527104/14570837178 [00:03<13:53, 17426499.35B/s]
GAP-kron:   0%|          | 54280192/14570837178 [00:03<13:57, 17338914.93B/s]
GAP-kron:   0%|          | 56115200/14570837178 [00:03<13:44, 17598376.95B/s]
GAP-kron:   0%|          | 57884672/14570837178 [00:04<13:55, 17380215.53B/s]
GAP-kron:   0%|          | 59637760/14570837178 [00:04<13:59, 17278081.20B/s]
GAP-kron:   0%|          | 61472768/14570837178 [00:04<13:47, 17527541.33B/s]
GAP-kron:   0%|          | 63242240/14570837178 [00:04<13:49, 17487747.51B/s]
GAP-kron:   0%|          | 65028096/14570837178 [00:04<13:45, 17575479.29B/s]
GAP-kron:   0%|          | 66797568/14570837178 [00:04<13:49, 17487163.96B/s]
GAP-kron:   0%|          | 68550656/14570837178 [00:04<13:59, 17268483.68B/s]
GAP-kron:   0%|          | 70287360/14570837178 [00:04<13:59, 17275149.47B/s]
GAP-kron:   0%|          | 72024064/14570837178 [00:04<14:15, 16952850.52B/s]
GAP-kron:   1%|          | 73777152/14570837178 [00:04<14:06, 17117087.74B/s]
GAP-kron:   1%|          | 75497472/14570837178 [00:05<14:08, 17075584.83B/s]
GAP-kron:   1%|          | 77299712/14570837178 [00:05<13:56, 17334564.53B/s]
GAP-kron:   1%|          | 79036416/14570837178 [00:05<13:56, 17333549.72B/s]
GAP-kron:   1%|          | 80773120/14570837178 [00:05<14:04, 17148926.19B/s]
GAP-kron:   1%|          | 82509824/14570837178 [00:05<14:04, 17164115.57B/s]
GAP-kron:   1%|          | 84230144/14570837178 [00:05<14:56, 16158473.19B/s]
GAP-kron:   1%|          | 85999616/14570837178 [00:05<14:33, 16577033.83B/s]
GAP-kron:   1%|          | 87736320/14570837178 [00:05<14:22, 16784666.83B/s]
GAP-kron:   1%|          | 89423872/14570837178 [00:05<15:12, 15872581.13B/s]
GAP-kron:   1%|          | 91193344/14570837178 [00:06<14:44, 16363493.71B/s]
GAP-kron:   1%|          | 92848128/14570837178 [00:06<15:18, 15760283.02B/s]
GAP-kron:   1%|          | 94666752/14570837178 [00:06<14:41, 16426491.34B/s]
GAP-kron:   1%|          | 96337920/14570837178 [00:06<15:22, 15684418.16B/s]
GAP-kron:   1%|          | 98189312/14570837178 [00:06<14:40, 16442919.43B/s]
GAP-kron:   1%|          | 99860480/14570837178 [00:06<15:26, 15627349.58B/s]
GAP-kron:   1%|          | 101711872/14570837178 [00:06<14:41, 16420591.47B/s]
GAP-kron:   1%|          | 103546880/14570837178 [00:06<14:13, 16941230.30B/s]
GAP-kron:   1%|          | 105267200/14570837178 [00:06<14:55, 16147923.57B/s]
GAP-kron:   1%|          | 107134976/14570837178 [00:07<14:19, 16818773.63B/s]
GAP-kron:   1%|          | 108838912/14570837178 [00:07<15:00, 16051681.96B/s]
GAP-kron:   1%|          | 110559232/14570837178 [00:07<14:44, 16339738.10B/s]
GAP-kron:   1%|          | 112214016/14570837178 [00:07<15:30, 15538833.21B/s]
GAP-kron:   1%|          | 113950720/14570837178 [00:07<15:00, 16046639.38B/s]
GAP-kron:   1%|          | 115785728/14570837178 [00:07<14:26, 16687104.17B/s]
GAP-kron:   1%|          | 117473280/14570837178 [00:07<15:15, 15795779.65B/s]
GAP-kron:   1%|          | 119291904/14570837178 [00:07<14:38, 16458192.39B/s]
GAP-kron:   1%|          | 120963072/14570837178 [00:07<15:18, 15730977.30B/s]
GAP-kron:   1%|          | 122781696/14570837178 [00:07<14:41, 16384149.46B/s]
GAP-kron:   1%|          | 124436480/14570837178 [00:08<15:14, 15792724.05B/s]
GAP-kron:   1%|          | 126238720/14570837178 [00:08<14:39, 16414605.56B/s]
GAP-kron:   1%|          | 127909888/14570837178 [00:08<15:24, 15622991.28B/s]
GAP-kron:   1%|          | 129662976/14570837178 [00:08<14:55, 16134462.46B/s]
GAP-kron:   1%|          | 131416064/14570837178 [00:08<14:34, 16512527.42B/s]
GAP-kron:   1%|          | 133087232/14570837178 [00:08<15:19, 15704154.97B/s]
GAP-kron:   1%|          | 134873088/14570837178 [00:08<14:45, 16308106.08B/s]
GAP-kron:   1%|          | 136527872/14570837178 [00:08<15:19, 15690365.18B/s]
GAP-kron:   1%|          | 138330112/14570837178 [00:08<14:43, 16326866.84B/s]
GAP-kron:   1%|          | 139984896/14570837178 [00:09<15:18, 15707405.86B/s]
GAP-kron:   1%|          | 141803520/14570837178 [00:09<14:41, 16371555.10B/s]
GAP-kron:   1%|          | 143605760/14570837178 [00:09<14:18, 16800125.22B/s]
GAP-kron:   1%|          | 145358848/14570837178 [00:09<14:08, 16997049.17B/s]
GAP-kron:   1%|          | 147128320/14570837178 [00:09<13:59, 17184572.16B/s]
GAP-kron:   1%|          | 148897792/14570837178 [00:09<13:53, 17300982.45B/s]
GAP-kron:   1%|          | 150634496/14570837178 [00:09<13:53, 17303126.18B/s]
GAP-kron:   1%|          | 152403968/14570837178 [00:09<13:49, 17387558.69B/s]
GAP-kron:   1%|          | 154157056/14570837178 [00:09<14:43, 16315259.54B/s]
GAP-kron:   1%|          | 155959296/14570837178 [00:10<14:18, 16786523.12B/s]
GAP-kron:   1%|          | 157663232/14570837178 [00:10<15:02, 15970607.59B/s]
GAP-kron:   1%|          | 159399936/14570837178 [00:10<14:43, 16315880.57B/s]
GAP-kron:   1%|          | 161234944/14570837178 [00:10<14:13, 16873467.32B/s]
GAP-kron:   1%|          | 162938880/14570837178 [00:10<15:09, 15839277.25B/s]
GAP-kron:   1%|          | 164741120/14570837178 [00:10<14:35, 16446496.58B/s]
GAP-kron:   1%|          | 166412288/14570837178 [00:10<15:16, 15719761.24B/s]
GAP-kron:   1%|          | 168214528/14570837178 [00:10<14:42, 16321627.67B/s]
GAP-kron:   1%|          | 169869312/14570837178 [00:10<15:27, 15530370.84B/s]
GAP-kron:   1%|          | 171589632/14570837178 [00:10<15:02, 15960469.86B/s]
GAP-kron:   1%|          | 173326336/14570837178 [00:11<14:42, 16315269.81B/s]
GAP-kron:   1%|          | 174981120/14570837178 [00:11<15:26, 15530875.03B/s]
GAP-kron:   1%|          | 176750592/14570837178 [00:11<14:52, 16119460.58B/s]
GAP-kron:   1%|          | 178388992/14570837178 [00:11<15:34, 15406644.63B/s]
GAP-kron:   1%|          | 180076544/14570837178 [00:11<15:10, 15807261.12B/s]
GAP-kron:   1%|          | 181682176/14570837178 [00:11<15:45, 15220647.85B/s]
GAP-kron:   1%|▏         | 183451648/14570837178 [00:11<15:04, 15905147.73B/s]
GAP-kron:   1%|▏         | 185253888/14570837178 [00:11<14:32, 16480283.36B/s]
GAP-kron:   1%|▏         | 186925056/14570837178 [00:11<15:39, 15306540.12B/s]
GAP-kron:   1%|▏         | 188678144/14570837178 [00:12<15:04, 15908914.18B/s]
GAP-kron:   1%|▏         | 190300160/14570837178 [00:12<15:40, 15289417.84B/s]
GAP-kron:   1%|▏         | 192069632/14570837178 [00:12<15:01, 15941739.01B/s]
GAP-kron:   1%|▏         | 193691648/14570837178 [00:12<15:40, 15291673.13B/s]
GAP-kron:   1%|▏         | 195477504/14570837178 [00:12<14:59, 15981416.62B/s]
GAP-kron:   1%|▏         | 197279744/14570837178 [00:12<14:27, 16563227.12B/s]
GAP-kron:   1%|▏         | 198950912/14570837178 [00:12<15:11, 15766929.69B/s]
GAP-kron:   1%|▏         | 200704000/14570837178 [00:12<14:44, 16243011.59B/s]
GAP-kron:   1%|▏         | 202342400/14570837178 [00:12<15:33, 15387016.72B/s]
GAP-kron:   1%|▏         | 204111872/14570837178 [00:13<14:56, 16026826.26B/s]
GAP-kron:   1%|▏         | 205733888/14570837178 [00:13<15:36, 15331704.35B/s]
GAP-kron:   1%|▏         | 207372288/14570837178 [00:13<15:19, 15619951.77B/s]
GAP-kron:   1%|▏         | 208961536/14570837178 [00:13<15:21, 15581022.32B/s]
GAP-kron:   1%|▏         | 210534400/14570837178 [00:13<15:58, 14989423.36B/s]
GAP-kron:   1%|▏         | 212353024/14570837178 [00:13<15:04, 15878110.60B/s]
GAP-kron:   1%|▏         | 213958656/14570837178 [00:13<15:37, 15322124.44B/s]
GAP-kron:   1%|▏         | 215760896/14570837178 [00:13<14:52, 16081616.57B/s]
GAP-kron:   1%|▏         | 217382912/14570837178 [00:13<15:57, 14995764.15B/s]
GAP-kron:   2%|▏         | 219004928/14570837178 [00:14<15:36, 15320528.45B/s]
GAP-kron:   2%|▏         | 220692480/14570837178 [00:14<15:11, 15741710.28B/s]
GAP-kron:   2%|▏         | 222281728/14570837178 [00:14<16:10, 14788612.17B/s]
GAP-kron:   2%|▏         | 223969280/14570837178 [00:14<15:34, 15358317.55B/s]
GAP-kron:   2%|▏         | 225525760/14570837178 [00:14<16:17, 14668148.55B/s]
GAP-kron:   2%|▏         | 227246080/14570837178 [00:14<15:34, 15352319.76B/s]
GAP-kron:   2%|▏         | 228917248/14570837178 [00:14<15:11, 15737045.74B/s]
GAP-kron:   2%|▏         | 230506496/14570837178 [00:14<16:01, 14910632.91B/s]
GAP-kron:   2%|▏         | 232226816/14570837178 [00:14<15:23, 15522745.56B/s]
GAP-kron:   2%|▏         | 233799680/14570837178 [00:14<15:56, 14991257.71B/s]
GAP-kron:   2%|▏         | 235536384/14570837178 [00:15<15:17, 15623707.74B/s]
GAP-kron:   2%|▏         | 237207552/14570837178 [00:15<14:59, 15927119.71B/s]
GAP-kron:   2%|▏         | 238813184/14570837178 [00:15<15:46, 15149952.14B/s]
GAP-kron:   2%|▏         | 240451584/14570837178 [00:15<15:24, 15497854.00B/s]
GAP-kron:   2%|▏         | 242024448/14570837178 [00:15<16:32, 14436291.41B/s]
GAP-kron:   2%|▏         | 243564544/14570837178 [00:15<16:16, 14667247.14B/s]
GAP-kron:   2%|▏         | 245170176/14570837178 [00:15<15:53, 15023887.99B/s]
GAP-kron:   2%|▏         | 246693888/14570837178 [00:15<16:46, 14227312.18B/s]
GAP-kron:   2%|▏         | 248381440/14570837178 [00:15<15:57, 14963100.73B/s]
GAP-kron:   2%|▏         | 249905152/14570837178 [00:16<16:35, 14382652.68B/s]
GAP-kron:   2%|▏         | 251641856/14570837178 [00:16<15:42, 15194611.49B/s]
GAP-kron:   2%|▏         | 253198336/14570837178 [00:16<16:44, 14258254.77B/s]
GAP-kron:   2%|▏         | 254820352/14570837178 [00:16<16:09, 14773270.79B/s]
GAP-kron:   2%|▏         | 256524288/14570837178 [00:16<15:28, 15410525.29B/s]
GAP-kron:   2%|▏         | 258097152/14570837178 [00:16<16:07, 14788218.48B/s]
GAP-kron:   2%|▏         | 259653632/14570837178 [00:16<15:55, 14973178.69B/s]
GAP-kron:   2%|▏         | 261210112/14570837178 [00:16<16:30, 14445769.26B/s]
GAP-kron:   2%|▏         | 262946816/14570837178 [00:16<15:37, 15264947.06B/s]
GAP-kron:   2%|▏         | 264667136/14570837178 [00:17<15:04, 15812568.44B/s]
GAP-kron:   2%|▏         | 266272768/14570837178 [00:17<15:43, 15154780.31B/s]
GAP-kron:   2%|▏         | 267911168/14570837178 [00:17<15:24, 15477177.13B/s]
GAP-kron:   2%|▏         | 269484032/14570837178 [00:17<16:18, 14621582.10B/s]
GAP-kron:   2%|▏         | 271204352/14570837178 [00:17<15:34, 15308926.61B/s]
GAP-kron:   2%|▏         | 272875520/14570837178 [00:17<15:11, 15678694.01B/s]
GAP-kron:   2%|▏         | 274464768/14570837178 [00:17<15:51, 15027111.51B/s]
GAP-kron:   2%|▏         | 276168704/14570837178 [00:17<15:18, 15571131.07B/s]
GAP-kron:   2%|▏         | 277741568/14570837178 [00:17<15:58, 14907872.42B/s]
GAP-kron:   2%|▏         | 279461888/14570837178 [00:18<15:21, 15516448.88B/s]
GAP-kron:   2%|▏         | 281034752/14570837178 [00:18<16:10, 14720721.76B/s]
GAP-kron:   2%|▏         | 282820608/14570837178 [00:18<15:17, 15572524.59B/s]
GAP-kron:   2%|▏         | 284573696/14570837178 [00:18<14:47, 16099359.13B/s]
GAP-kron:   2%|▏         | 286212096/14570837178 [00:18<15:43, 15144583.43B/s]
GAP-kron:   2%|▏         | 287948800/14570837178 [00:18<15:08, 15726662.95B/s]
GAP-kron:   2%|▏         | 289554432/14570837178 [00:18<15:48, 15061250.90B/s]
GAP-kron:   2%|▏         | 291307520/14570837178 [00:18<15:07, 15743078.19B/s]
GAP-kron:   2%|▏         | 293044224/14570837178 [00:18<14:42, 16177109.15B/s]
GAP-kron:   2%|▏         | 294682624/14570837178 [00:19<15:31, 15327775.81B/s]
GAP-kron:   2%|▏         | 296386560/14570837178 [00:19<15:03, 15795686.71B/s]
GAP-kron:   2%|▏         | 297992192/14570837178 [00:19<15:35, 15263605.98B/s]
GAP-kron:   2%|▏         | 299794432/14570837178 [00:19<14:51, 16003774.69B/s]
GAP-kron:   2%|▏         | 301416448/14570837178 [00:19<15:50, 15013893.55B/s]
GAP-kron:   2%|▏         | 303087616/14570837178 [00:19<15:23, 15454797.85B/s]
GAP-kron:   2%|▏         | 304824320/14570837178 [00:19<14:53, 15974175.66B/s]
GAP-kron:   2%|▏         | 306446336/14570837178 [00:19<15:42, 15130744.90B/s]
GAP-kron:   2%|▏         | 308166656/14570837178 [00:19<15:09, 15683849.76B/s]
GAP-kron:   2%|▏         | 309755904/14570837178 [00:19<15:43, 15112812.67B/s]
GAP-kron:   2%|▏         | 311525376/14570837178 [00:20<15:01, 15822069.88B/s]
GAP-kron:   2%|▏         | 313131008/14570837178 [00:20<15:47, 15045310.52B/s]
GAP-kron:   2%|▏         | 314654720/14570837178 [00:20<15:45, 15070835.57B/s]
GAP-kron:   2%|▏         | 316358656/14570837178 [00:20<15:13, 15602247.57B/s]
GAP-kron:   2%|▏         | 317931520/14570837178 [00:20<16:04, 14771052.05B/s]
GAP-kron:   2%|▏         | 319651840/14570837178 [00:20<15:22, 15446386.28B/s]
GAP-kron:   2%|▏         | 321224704/14570837178 [00:20<15:58, 14871029.22B/s]
GAP-kron:   2%|▏         | 322945024/14570837178 [00:20<15:18, 15517465.48B/s]
GAP-kron:   2%|▏         | 324681728/14570837178 [00:20<14:49, 16020963.24B/s]
GAP-kron:   2%|▏         | 326303744/14570837178 [00:21<15:35, 15231108.50B/s]
GAP-kron:   2%|▏         | 328073216/14570837178 [00:21<14:56, 15889742.66B/s]
GAP-kron:   2%|▏         | 329678848/14570837178 [00:21<15:32, 15266681.84B/s]
GAP-kron:   2%|▏         | 331464704/14570837178 [00:21<14:50, 15984586.17B/s]
GAP-kron:   2%|▏         | 333086720/14570837178 [00:21<15:31, 15281112.36B/s]
GAP-kron:   2%|▏         | 334856192/14570837178 [00:21<14:53, 15937251.32B/s]
GAP-kron:   2%|▏         | 336642048/14570837178 [00:21<14:24, 16469367.70B/s]
GAP-kron:   2%|▏         | 338313216/14570837178 [00:21<15:09, 15657071.14B/s]
GAP-kron:   2%|▏         | 340082688/14570837178 [00:21<14:38, 16201752.14B/s]
GAP-kron:   2%|▏         | 341721088/14570837178 [00:22<15:19, 15470594.47B/s]
GAP-kron:   2%|▏         | 343326720/14570837178 [00:22<15:10, 15629464.04B/s]
GAP-kron:   2%|▏         | 344997888/14570837178 [00:22<14:54, 15902455.63B/s]
GAP-kron:   2%|▏         | 346603520/14570837178 [00:22<15:40, 15129425.34B/s]
GAP-kron:   2%|▏         | 348340224/14570837178 [00:22<15:04, 15732216.77B/s]
GAP-kron:   2%|▏         | 349978624/14570837178 [00:22<14:53, 15916159.94B/s]
GAP-kron:   2%|▏         | 351715328/14570837178 [00:22<14:31, 16318399.66B/s]
GAP-kron:   2%|▏         | 353370112/14570837178 [00:22<15:16, 15517786.27B/s]
GAP-kron:   2%|▏         | 355057664/14570837178 [00:22<14:54, 15892165.89B/s]
GAP-kron:   2%|▏         | 356712448/14570837178 [00:22<14:44, 16077500.39B/s]
GAP-kron:   2%|▏         | 358334464/14570837178 [00:23<15:29, 15288766.64B/s]
GAP-kron:   2%|▏         | 360103936/14570837178 [00:23<14:50, 15952846.68B/s]
GAP-kron:   2%|▏         | 361725952/14570837178 [00:23<15:29, 15281497.56B/s]
GAP-kron:   2%|▏         | 363429888/14570837178 [00:23<15:02, 15745041.20B/s]
GAP-kron:   3%|▎         | 365084672/14570837178 [00:23<14:51, 15938143.89B/s]
GAP-kron:   3%|▎         | 366690304/14570837178 [00:23<16:02, 14758125.50B/s]
GAP-kron:   3%|▎         | 368410624/14570837178 [00:23<15:22, 15400049.33B/s]
GAP-kron:   3%|▎         | 369983488/14570837178 [00:23<16:00, 14790183.53B/s]
GAP-kron:   3%|▎         | 371720192/14570837178 [00:23<15:17, 15473313.44B/s]
GAP-kron:   3%|▎         | 373293056/14570837178 [00:24<15:59, 14796790.57B/s]
GAP-kron:   3%|▎         | 374996992/14570837178 [00:24<15:22, 15388166.76B/s]
GAP-kron:   3%|▎         | 376586240/14570837178 [00:24<15:15, 15512143.64B/s]
GAP-kron:   3%|▎         | 378159104/14570837178 [00:24<16:02, 14750007.52B/s]
GAP-kron:   3%|▎         | 379830272/14570837178 [00:24<15:29, 15260753.66B/s]
GAP-kron:   3%|▎         | 381370368/14570837178 [00:24<16:02, 14742324.01B/s]
GAP-kron:   3%|▎         | 383172608/14570837178 [00:24<15:06, 15644403.18B/s]
GAP-kron:   3%|▎         | 384811008/14570837178 [00:24<14:56, 15828198.23B/s]
GAP-kron:   3%|▎         | 386416640/14570837178 [00:24<15:36, 15145600.30B/s]
GAP-kron:   3%|▎         | 388153344/14570837178 [00:25<14:59, 15770584.75B/s]
GAP-kron:   3%|▎         | 389742592/14570837178 [00:25<15:36, 15138310.33B/s]
GAP-kron:   3%|▎         | 391512064/14570837178 [00:25<14:55, 15825564.07B/s]
GAP-kron:   3%|▎         | 393117696/14570837178 [00:25<15:38, 15105489.32B/s]
GAP-kron:   3%|▎         | 394821632/14570837178 [00:25<15:06, 15633876.01B/s]
GAP-kron:   3%|▎         | 396558336/14570837178 [00:25<14:39, 16107339.88B/s]
GAP-kron:   3%|▎         | 398180352/14570837178 [00:25<14:48, 15943531.10B/s]
GAP-kron:   3%|▎         | 399933440/14570837178 [00:25<14:23, 16402652.68B/s]
GAP-kron:   3%|▎         | 401588224/14570837178 [00:25<15:15, 15478617.24B/s]
GAP-kron:   3%|▎         | 403341312/14570837178 [00:25<14:42, 16049078.30B/s]
GAP-kron:   3%|▎         | 405028864/14570837178 [00:26<14:30, 16278141.53B/s]
GAP-kron:   3%|▎         | 406667264/14570837178 [00:26<15:15, 15475766.78B/s]
GAP-kron:   3%|▎         | 408387584/14570837178 [00:26<14:48, 15945355.90B/s]
GAP-kron:   3%|▎         | 410009600/14570837178 [00:26<15:27, 15263777.32B/s]
GAP-kron:   3%|▎         | 411746304/14570837178 [00:26<14:54, 15828704.17B/s]
GAP-kron:   3%|▎         | 413351936/14570837178 [00:26<15:31, 15190736.57B/s]
GAP-kron:   3%|▎         | 415088640/14570837178 [00:26<14:58, 15763586.10B/s]
GAP-kron:   3%|▎         | 416841728/14570837178 [00:26<14:33, 16212873.75B/s]
GAP-kron:   3%|▎         | 418480128/14570837178 [00:26<15:16, 15433980.66B/s]
GAP-kron:   3%|▎         | 420249600/14570837178 [00:27<14:40, 16066090.45B/s]
GAP-kron:   3%|▎         | 421871616/14570837178 [00:27<15:17, 15414330.78B/s]
GAP-kron:   3%|▎         | 423641088/14570837178 [00:27<14:45, 15979117.31B/s]
GAP-kron:   3%|▎         | 425279488/14570837178 [00:27<15:17, 15417105.48B/s]
GAP-kron:   3%|▎         | 426999808/14570837178 [00:27<14:49, 15891966.38B/s]
GAP-kron:   3%|▎         | 428687360/14570837178 [00:27<14:36, 16137378.28B/s]
GAP-kron:   3%|▎         | 430325760/14570837178 [00:27<15:38, 15060451.54B/s]
GAP-kron:   3%|▎         | 431947776/14570837178 [00:27<15:21, 15336125.64B/s]
GAP-kron:   3%|▎         | 433504256/14570837178 [00:27<16:19, 14436003.35B/s]
GAP-kron:   3%|▎         | 435126272/14570837178 [00:28<15:48, 14899403.74B/s]
GAP-kron:   3%|▎         | 436699136/14570837178 [00:28<15:35, 15103666.12B/s]
GAP-kron:   3%|▎         | 438222848/14570837178 [00:28<16:36, 14182891.06B/s]
GAP-kron:   3%|▎         | 439812096/14570837178 [00:28<16:05, 14631822.05B/s]
GAP-kron:   3%|▎         | 441303040/14570837178 [00:28<16:46, 14033958.05B/s]
GAP-kron:   3%|▎         | 442908672/14570837178 [00:28<16:10, 14560279.22B/s]
GAP-kron:   3%|▎         | 444563456/14570837178 [00:28<15:34, 15120172.67B/s]
GAP-kron:   3%|▎         | 446103552/14570837178 [00:28<16:16, 14469588.00B/s]
GAP-kron:   3%|▎         | 447741952/14570837178 [00:28<15:43, 14975384.07B/s]
GAP-kron:   3%|▎         | 449265664/14570837178 [00:29<16:24, 14347269.34B/s]
GAP-kron:   3%|▎         | 450920448/14570837178 [00:29<15:44, 14953324.96B/s]
GAP-kron:   3%|▎         | 452493312/14570837178 [00:29<15:30, 15165896.51B/s]
GAP-kron:   3%|▎         | 454033408/14570837178 [00:29<16:21, 14376022.09B/s]
GAP-kron:   3%|▎         | 455688192/14570837178 [00:29<15:44, 14944041.24B/s]
GAP-kron:   3%|▎         | 457211904/14570837178 [00:29<16:48, 13994899.59B/s]
GAP-kron:   3%|▎         | 458784768/14570837178 [00:29<16:16, 14455690.18B/s]
GAP-kron:   3%|▎         | 460357632/14570837178 [00:29<15:52, 14812810.13B/s]
GAP-kron:   3%|▎         | 461864960/14570837178 [00:29<16:43, 14060172.07B/s]
GAP-kron:   3%|▎         | 463470592/14570837178 [00:29<16:07, 14582587.41B/s]
GAP-kron:   3%|▎         | 465059840/14570837178 [00:30<16:47, 14001343.05B/s]
GAP-kron:   3%|▎         | 466616320/14570837178 [00:30<16:20, 14390572.54B/s]
GAP-kron:   3%|▎         | 468238336/14570837178 [00:30<15:46, 14900340.71B/s]
GAP-kron:   3%|▎         | 469745664/14570837178 [00:30<16:46, 14012478.78B/s]
GAP-kron:   3%|▎         | 471400448/14570837178 [00:30<16:00, 14675075.56B/s]
GAP-kron:   3%|▎         | 472956928/14570837178 [00:30<15:46, 14897362.98B/s]
GAP-kron:   3%|▎         | 474464256/14570837178 [00:30<16:32, 14196125.79B/s]
GAP-kron:   3%|▎         | 476086272/14570837178 [00:30<15:55, 14755326.29B/s]
GAP-kron:   3%|▎         | 477577216/14570837178 [00:30<16:33, 14184834.45B/s]
GAP-kron:   3%|▎         | 479215616/14570837178 [00:31<15:52, 14800456.46B/s]
GAP-kron:   3%|▎         | 480788480/14570837178 [00:31<15:37, 15033098.32B/s]
GAP-kron:   3%|▎         | 482312192/14570837178 [00:31<16:20, 14370377.44B/s]
GAP-kron:   3%|▎         | 483999744/14570837178 [00:31<15:36, 15044653.13B/s]
GAP-kron:   3%|▎         | 485523456/14570837178 [00:31<16:17, 14404616.84B/s]
GAP-kron:   3%|▎         | 487129088/14570837178 [00:31<15:49, 14837383.86B/s]
GAP-kron:   3%|▎         | 488636416/14570837178 [00:31<15:53, 14764409.36B/s]
GAP-kron:   3%|▎         | 490127360/14570837178 [00:31<16:31, 14207832.21B/s]
GAP-kron:   3%|▎         | 491798528/14570837178 [00:31<15:45, 14886322.37B/s]
GAP-kron:   3%|▎         | 493305856/14570837178 [00:32<16:32, 14179737.18B/s]
GAP-kron:   3%|▎         | 494993408/14570837178 [00:32<15:42, 14931683.81B/s]
GAP-kron:   3%|▎         | 496500736/14570837178 [00:32<15:44, 14897337.81B/s]
GAP-kron:   3%|▎         | 498008064/14570837178 [00:32<16:46, 13981603.75B/s]
GAP-kron:   3%|▎         | 499580928/14570837178 [00:32<16:13, 14448215.90B/s]
GAP-kron:   3%|▎         | 501055488/14570837178 [00:32<17:00, 13785148.34B/s]
GAP-kron:   3%|▎         | 502792192/14570837178 [00:32<15:52, 14768760.45B/s]
GAP-kron:   3%|▎         | 504430592/14570837178 [00:32<15:25, 15202983.45B/s]
GAP-kron:   3%|▎         | 505970688/14570837178 [00:32<15:57, 14693062.13B/s]
GAP-kron:   3%|▎         | 507658240/14570837178 [00:33<15:20, 15271089.71B/s]
GAP-kron:   3%|▎         | 509198336/14570837178 [00:33<16:04, 14586483.70B/s]
GAP-kron:   4%|▎         | 510803968/14570837178 [00:33<15:37, 14989440.55B/s]
GAP-kron:   4%|▎         | 512409600/14570837178 [00:33<15:20, 15274132.44B/s]
GAP-kron:   4%|▎         | 513949696/14570837178 [00:33<16:10, 14477657.80B/s]
GAP-kron:   4%|▎         | 515604480/14570837178 [00:33<15:34, 15043642.92B/s]
GAP-kron:   4%|▎         | 517128192/14570837178 [00:33<16:15, 14410984.46B/s]
GAP-kron:   4%|▎         | 518766592/14570837178 [00:33<15:39, 14958613.73B/s]
GAP-kron:   4%|▎         | 520454144/14570837178 [00:33<15:07, 15489786.37B/s]
GAP-kron:   4%|▎         | 522027008/14570837178 [00:33<16:00, 14626961.00B/s]
GAP-kron:   4%|▎         | 523698176/14570837178 [00:34<15:24, 15192749.12B/s]
GAP-kron:   4%|▎         | 525238272/14570837178 [00:34<16:16, 14380028.60B/s]
GAP-kron:   4%|▎         | 526843904/14570837178 [00:34<15:49, 14788807.89B/s]
GAP-kron:   4%|▎         | 528449536/14570837178 [00:34<15:27, 15133798.71B/s]
GAP-kron:   4%|▎         | 529989632/14570837178 [00:34<16:00, 14621411.31B/s]
GAP-kron:   4%|▎         | 531660800/14570837178 [00:34<15:23, 15208212.95B/s]
GAP-kron:   4%|▎         | 533200896/14570837178 [00:34<16:01, 14602126.08B/s]
GAP-kron:   4%|▎         | 534872064/14570837178 [00:34<15:25, 15172697.55B/s]
GAP-kron:   4%|▎         | 536494080/14570837178 [00:34<15:08, 15449935.86B/s]
GAP-kron:   4%|▎         | 538050560/14570837178 [00:35<16:02, 14578100.31B/s]
GAP-kron:   4%|▎         | 539688960/14570837178 [00:35<15:30, 15080776.42B/s]
GAP-kron:   4%|▎         | 541212672/14570837178 [00:35<16:06, 14519628.13B/s]
GAP-kron:   4%|▎         | 542851072/14570837178 [00:35<15:33, 15030493.28B/s]
GAP-kron:   4%|▎         | 544489472/14570837178 [00:35<15:10, 15404971.74B/s]
GAP-kron:   4%|▎         | 546045952/14570837178 [00:35<16:00, 14596661.21B/s]
GAP-kron:   4%|▍         | 547651584/14570837178 [00:35<15:36, 14975345.62B/s]
GAP-kron:   4%|▍         | 549175296/14570837178 [00:35<16:31, 14135553.07B/s]
GAP-kron:   4%|▍         | 550846464/14570837178 [00:35<15:44, 14836546.22B/s]
GAP-kron:   4%|▍         | 552517632/14570837178 [00:36<15:12, 15368653.03B/s]
GAP-kron:   4%|▍         | 554074112/14570837178 [00:36<16:00, 14598127.01B/s]
GAP-kron:   4%|▍         | 555646976/14570837178 [00:36<15:40, 14897994.46B/s]
GAP-kron:   4%|▍         | 557154304/14570837178 [00:36<16:40, 14008078.20B/s]
GAP-kron:   4%|▍         | 558678016/14570837178 [00:36<16:19, 14312372.05B/s]
GAP-kron:   4%|▍         | 560267264/14570837178 [00:36<15:49, 14753118.50B/s]
GAP-kron:   4%|▍         | 561758208/14570837178 [00:36<16:58, 13758386.31B/s]
GAP-kron:   4%|▍         | 563331072/14570837178 [00:36<16:20, 14291489.14B/s]
GAP-kron:   4%|▍         | 564920320/14570837178 [00:36<16:49, 13880321.37B/s]
GAP-kron:   4%|▍         | 566542336/14570837178 [00:37<16:04, 14524016.49B/s]
GAP-kron:   4%|▍         | 568115200/14570837178 [00:37<15:45, 14817148.19B/s]
GAP-kron:   4%|▍         | 569622528/14570837178 [00:37<16:34, 14076578.75B/s]
GAP-kron:   4%|▍         | 571228160/14570837178 [00:37<15:57, 14625040.10B/s]
GAP-kron:   4%|▍         | 572784640/14570837178 [00:37<15:44, 14819909.50B/s]
GAP-kron:   4%|▍         | 574291968/14570837178 [00:37<16:18, 14309283.93B/s]
GAP-kron:   4%|▍         | 575897600/14570837178 [00:37<15:47, 14768512.02B/s]
GAP-kron:   4%|▍         | 577388544/14570837178 [00:37<16:22, 14238108.12B/s]
GAP-kron:   4%|▍         | 579026944/14570837178 [00:37<15:43, 14824866.57B/s]
GAP-kron:   4%|▍         | 580534272/14570837178 [00:37<15:44, 14817940.49B/s]
GAP-kron:   4%|▍         | 582025216/14570837178 [00:38<16:50, 13841353.49B/s]
GAP-kron:   4%|▍         | 583663616/14570837178 [00:38<16:02, 14534576.23B/s]
GAP-kron:   4%|▍         | 585138176/14570837178 [00:38<16:44, 13925467.76B/s]
GAP-kron:   4%|▍         | 586760192/14570837178 [00:38<16:00, 14555542.79B/s]
GAP-kron:   4%|▍         | 588333056/14570837178 [00:38<15:41, 14852434.63B/s]
GAP-kron:   4%|▍         | 589840384/14570837178 [00:38<16:22, 14224762.26B/s]
GAP-kron:   4%|▍         | 591544320/14570837178 [00:38<15:33, 14977756.98B/s]
GAP-kron:   4%|▍         | 593068032/14570837178 [00:38<16:14, 14347520.05B/s]
GAP-kron:   4%|▍         | 594771968/14570837178 [00:38<15:26, 15077905.69B/s]
GAP-kron:   4%|▍         | 596459520/14570837178 [00:39<14:58, 15559265.69B/s]
GAP-kron:   4%|▍         | 598032384/14570837178 [00:39<15:45, 14771366.80B/s]
GAP-kron:   4%|▍         | 599605248/14570837178 [00:39<15:30, 15017274.01B/s]
GAP-kron:   4%|▍         | 601128960/14570837178 [00:39<16:19, 14255082.72B/s]
GAP-kron:   4%|▍         | 602767360/14570837178 [00:39<15:41, 14834537.35B/s]
GAP-kron:   4%|▍         | 604438528/14570837178 [00:39<15:09, 15354172.87B/s]
GAP-kron:   4%|▍         | 605995008/14570837178 [00:39<15:57, 14580074.00B/s]
GAP-kron:   4%|▍         | 607584256/14570837178 [00:39<15:35, 14928101.56B/s]
GAP-kron:   4%|▍         | 609091584/14570837178 [00:39<16:20, 14236683.87B/s]
GAP-kron:   4%|▍         | 610729984/14570837178 [00:40<15:41, 14827551.36B/s]
GAP-kron:   4%|▍         | 612368384/14570837178 [00:40<15:14, 15264929.05B/s]
GAP-kron:   4%|▍         | 613908480/14570837178 [00:40<16:17, 14282963.79B/s]
GAP-kron:   4%|▍         | 615383040/14570837178 [00:40<16:08, 14404301.39B/s]
GAP-kron:   4%|▍         | 616906752/14570837178 [00:40<16:41, 13927784.64B/s]
GAP-kron:   4%|▍         | 618577920/14570837178 [00:40<15:48, 14703898.72B/s]
GAP-kron:   4%|▍         | 620216320/14570837178 [00:40<15:20, 15154821.97B/s]
GAP-kron:   4%|▍         | 621756416/14570837178 [00:40<16:04, 14467768.81B/s]
GAP-kron:   4%|▍         | 623378432/14570837178 [00:40<15:34, 14926274.66B/s]
GAP-kron:   4%|▍         | 624885760/14570837178 [00:41<16:23, 14175530.12B/s]
GAP-kron:   4%|▍         | 626622464/14570837178 [00:41<15:26, 15046868.40B/s]
GAP-kron:   4%|▍         | 628326400/14570837178 [00:41<14:55, 15573055.18B/s]
GAP-kron:   4%|▍         | 629899264/14570837178 [00:41<15:44, 14759905.04B/s]
GAP-kron:   4%|▍         | 631586816/14570837178 [00:41<15:08, 15336164.48B/s]
GAP-kron:   4%|▍         | 633143296/14570837178 [00:41<15:58, 14542315.58B/s]
GAP-kron:   4%|▍         | 634716160/14570837178 [00:41<15:39, 14838054.49B/s]
GAP-kron:   4%|▍         | 636354560/14570837178 [00:41<15:12, 15265885.42B/s]
GAP-kron:   4%|▍         | 637894656/14570837178 [00:41<15:52, 14629575.84B/s]
GAP-kron:   4%|▍         | 639549440/14570837178 [00:41<15:19, 15145726.49B/s]
GAP-kron:   4%|▍         | 641089536/14570837178 [00:42<16:21, 14199287.35B/s]
GAP-kron:   4%|▍         | 642662400/14570837178 [00:42<15:52, 14618622.37B/s]
GAP-kron:   4%|▍         | 644284416/14570837178 [00:42<15:25, 15054161.88B/s]
GAP-kron:   4%|▍         | 645808128/14570837178 [00:42<16:16, 14256378.60B/s]
GAP-kron:   4%|▍         | 647380992/14570837178 [00:42<15:51, 14629345.56B/s]
GAP-kron:   4%|▍         | 648871936/14570837178 [00:42<16:38, 13940040.96B/s]
GAP-kron:   4%|▍         | 650395648/14570837178 [00:42<16:15, 14272101.26B/s]
GAP-kron:   4%|▍         | 651984896/14570837178 [00:42<15:47, 14689166.90B/s]
GAP-kron:   4%|▍         | 653475840/14570837178 [00:42<16:39, 13919865.50B/s]
GAP-kron:   4%|▍         | 655065088/14570837178 [00:43<16:03, 14447509.92B/s]
GAP-kron:   5%|▍         | 656670720/14570837178 [00:43<16:37, 13946546.80B/s]
GAP-kron:   5%|▍         | 658325504/14570837178 [00:43<15:49, 14660026.01B/s]
GAP-kron:   5%|▍         | 659881984/14570837178 [00:43<15:34, 14890035.01B/s]
GAP-kron:   5%|▍         | 661389312/14570837178 [00:43<16:35, 13966398.62B/s]
GAP-kron:   5%|▍         | 662994944/14570837178 [00:43<15:57, 14531281.35B/s]
GAP-kron:   5%|▍         | 664567808/14570837178 [00:43<15:35, 14869698.37B/s]
GAP-kron:   5%|▍         | 666075136/14570837178 [00:43<16:26, 14092243.84B/s]
GAP-kron:   5%|▍         | 667598848/14570837178 [00:43<16:05, 14394108.26B/s]
GAP-kron:   5%|▍         | 669057024/14570837178 [00:44<16:48, 13782206.50B/s]
GAP-kron:   5%|▍         | 670662656/14570837178 [00:44<16:06, 14381879.02B/s]
GAP-kron:   5%|▍         | 672235520/14570837178 [00:44<15:43, 14728713.37B/s]
GAP-kron:   5%|▍         | 673726464/14570837178 [00:44<16:40, 13893656.18B/s]
GAP-kron:   5%|▍         | 675348480/14570837178 [00:44<15:55, 14543643.51B/s]
GAP-kron:   5%|▍         | 676823040/14570837178 [00:44<16:36, 13942914.78B/s]
GAP-kron:   5%|▍         | 678477824/14570837178 [00:44<15:49, 14634886.94B/s]
GAP-kron:   5%|▍         | 680050688/14570837178 [00:44<15:29, 14939191.10B/s]
GAP-kron:   5%|▍         | 681558016/14570837178 [00:44<16:40, 13884931.18B/s]
GAP-kron:   5%|▍         | 682999808/14570837178 [00:45<16:31, 14006514.10B/s]
GAP-kron:   5%|▍         | 684507136/14570837178 [00:45<16:11, 14289565.76B/s]
GAP-kron:   5%|▍         | 685948928/14570837178 [00:45<16:54, 13692171.34B/s]
GAP-kron:   5%|▍         | 687489024/14570837178 [00:45<16:22, 14132967.73B/s]
GAP-kron:   5%|▍         | 688914432/14570837178 [00:45<17:05, 13538558.93B/s]
GAP-kron:   5%|▍         | 690487296/14570837178 [00:45<16:21, 14148717.06B/s]
GAP-kron:   5%|▍         | 691929088/14570837178 [00:45<16:24, 14097889.30B/s]
GAP-kron:   5%|▍         | 693354496/14570837178 [00:45<17:18, 13366412.22B/s]
GAP-kron:   5%|▍         | 694763520/14570837178 [00:45<17:03, 13559667.77B/s]
GAP-kron:   5%|▍         | 696254464/14570837178 [00:45<16:36, 13926568.14B/s]
GAP-kron:   5%|▍         | 697663488/14570837178 [00:46<17:18, 13354832.36B/s]
GAP-kron:   5%|▍         | 699269120/14570837178 [00:46<16:24, 14091432.46B/s]
GAP-kron:   5%|▍         | 700694528/14570837178 [00:46<17:04, 13539850.73B/s]
GAP-kron:   5%|▍         | 702218240/14570837178 [00:46<16:31, 13993158.82B/s]
GAP-kron:   5%|▍         | 703774720/14570837178 [00:46<16:01, 14426295.59B/s]
GAP-kron:   5%|▍         | 705232896/14570837178 [00:46<16:46, 13775586.03B/s]
GAP-kron:   5%|▍         | 706822144/14570837178 [00:46<16:05, 14357157.07B/s]
GAP-kron:   5%|▍         | 708378624/14570837178 [00:46<15:45, 14667659.58B/s]
GAP-kron:   5%|▍         | 709869568/14570837178 [00:46<16:36, 13910838.12B/s]
GAP-kron:   5%|▍         | 711491584/14570837178 [00:47<15:53, 14538068.36B/s]
GAP-kron:   5%|▍         | 712966144/14570837178 [00:47<16:36, 13904904.01B/s]
GAP-kron:   5%|▍         | 714506240/14570837178 [00:47<16:09, 14288588.76B/s]
GAP-kron:   5%|▍         | 715997184/14570837178 [00:47<16:00, 14430883.11B/s]
GAP-kron:   5%|▍         | 717455360/14570837178 [00:47<17:05, 13514925.74B/s]
GAP-kron:   5%|▍         | 719028224/14570837178 [00:47<16:22, 14101356.09B/s]
GAP-kron:   5%|▍         | 720470016/14570837178 [00:47<17:11, 13424875.16B/s]
GAP-kron:   5%|▍         | 722010112/14570837178 [00:47<16:33, 13945366.31B/s]
GAP-kron:   5%|▍         | 723533824/14570837178 [00:47<16:08, 14296985.62B/s]
GAP-kron:   5%|▍         | 724992000/14570837178 [00:48<17:05, 13499904.40B/s]
GAP-kron:   5%|▍         | 726515712/14570837178 [00:48<16:32, 13952578.67B/s]
GAP-kron:   5%|▍         | 728055808/14570837178 [00:48<16:05, 14340377.50B/s]
GAP-kron:   5%|▌         | 729513984/14570837178 [00:48<17:08, 13451679.69B/s]
GAP-kron:   5%|▌         | 731021312/14570837178 [00:48<16:36, 13891733.76B/s]
GAP-kron:   5%|▌         | 732430336/14570837178 [00:48<17:23, 13261265.04B/s]
GAP-kron:   5%|▌         | 733970432/14570837178 [00:48<16:41, 13822341.14B/s]
GAP-kron:   5%|▌         | 735461376/14570837178 [00:48<16:21, 14099266.46B/s]
GAP-kron:   5%|▌         | 736886784/14570837178 [00:48<17:12, 13400101.85B/s]
GAP-kron:   5%|▌         | 738410496/14570837178 [00:49<16:35, 13896971.25B/s]
GAP-kron:   5%|▌         | 739868672/14570837178 [00:49<16:23, 14066575.86B/s]
GAP-kron:   5%|▌         | 741294080/14570837178 [00:49<17:20, 13295378.45B/s]
GAP-kron:   5%|▌         | 742801408/14570837178 [00:49<16:46, 13745546.37B/s]
GAP-kron:   5%|▌         | 744275968/14570837178 [00:49<16:26, 14022652.31B/s]
GAP-kron:   5%|▌         | 745701376/14570837178 [00:49<17:11, 13400569.66B/s]
GAP-kron:   5%|▌         | 747159552/14570837178 [00:49<16:48, 13705409.86B/s]
GAP-kron:   5%|▌         | 748552192/14570837178 [00:49<17:46, 12965750.20B/s]
GAP-kron:   5%|▌         | 750075904/14570837178 [00:49<16:59, 13555800.50B/s]
GAP-kron:   5%|▌         | 751566848/14570837178 [00:49<16:35, 13881735.66B/s]
GAP-kron:   5%|▌         | 752975872/14570837178 [00:50<17:18, 13310107.71B/s]
GAP-kron:   5%|▌         | 754450432/14570837178 [00:50<16:49, 13681495.55B/s]
GAP-kron:   5%|▌         | 755924992/14570837178 [00:50<16:28, 13970497.00B/s]
GAP-kron:   5%|▌         | 757334016/14570837178 [00:50<17:15, 13341628.39B/s]
GAP-kron:   5%|▌         | 758808576/14570837178 [00:50<16:45, 13736118.06B/s]
GAP-kron:   5%|▌         | 760299520/14570837178 [00:50<16:22, 14063507.71B/s]
GAP-kron:   5%|▌         | 761724928/14570837178 [00:50<17:16, 13317960.29B/s]
GAP-kron:   5%|▌         | 763183104/14570837178 [00:50<16:51, 13656544.78B/s]
GAP-kron:   5%|▌         | 764575744/14570837178 [00:50<17:33, 13103032.39B/s]
GAP-kron:   5%|▌         | 766115840/14570837178 [00:51<16:44, 13741951.39B/s]
GAP-kron:   5%|▌         | 767574016/14570837178 [00:51<16:31, 13919712.09B/s]
GAP-kron:   5%|▌         | 768983040/14570837178 [00:51<17:13, 13358058.94B/s]
GAP-kron:   5%|▌         | 770555904/14570837178 [00:51<16:26, 13995963.12B/s]
GAP-kron:   5%|▌         | 772014080/14570837178 [00:51<16:16, 14132938.80B/s]
GAP-kron:   5%|▌         | 773439488/14570837178 [00:51<17:12, 13365122.04B/s]
GAP-kron:   5%|▌         | 774963200/14570837178 [00:51<16:34, 13868953.40B/s]
GAP-kron:   5%|▌         | 776372224/14570837178 [00:51<17:25, 13198985.63B/s]
GAP-kron:   5%|▌         | 777928704/14570837178 [00:51<16:37, 13825668.97B/s]
GAP-kron:   5%|▌         | 779452416/14570837178 [00:52<16:09, 14220438.47B/s]
GAP-kron:   5%|▌         | 780894208/14570837178 [00:52<17:06, 13433709.63B/s]
GAP-kron:   5%|▌         | 782385152/14570837178 [00:52<16:37, 13828531.31B/s]
GAP-kron:   5%|▌         | 783908864/14570837178 [00:52<16:11, 14198665.81B/s]
GAP-kron:   5%|▌         | 785350656/14570837178 [00:52<17:04, 13449799.65B/s]
GAP-kron:   5%|▌         | 786874368/14570837178 [00:52<16:30, 13914731.38B/s]
GAP-kron:   5%|▌         | 788283392/14570837178 [00:52<17:29, 13133549.70B/s]
GAP-kron:   5%|▌         | 789790720/14570837178 [00:52<16:48, 13666089.52B/s]
GAP-kron:   5%|▌         | 791281664/14570837178 [00:52<16:23, 14011514.17B/s]
GAP-kron:   5%|▌         | 792707072/14570837178 [00:52<17:07, 13412988.16B/s]
GAP-kron:   5%|▌         | 794181632/14570837178 [00:53<16:41, 13756330.11B/s]
GAP-kron:   5%|▌         | 795688960/14570837178 [00:53<16:15, 14114578.17B/s]
GAP-kron:   5%|▌         | 797114368/14570837178 [00:53<17:18, 13263018.58B/s]
GAP-kron:   5%|▌         | 798572544/14570837178 [00:53<16:50, 13624484.47B/s]
GAP-kron:   5%|▌         | 800063488/14570837178 [00:53<16:24, 13990374.62B/s]
GAP-kron:   6%|▌         | 801488896/14570837178 [00:53<17:22, 13213616.32B/s]
GAP-kron:   6%|▌         | 802996224/14570837178 [00:53<16:44, 13705993.72B/s]
GAP-kron:   6%|▌         | 804388864/14570837178 [00:53<17:40, 12982942.72B/s]
GAP-kron:   6%|▌         | 805912576/14570837178 [00:53<16:53, 13575175.29B/s]
GAP-kron:   6%|▌         | 807419904/14570837178 [00:54<16:24, 13980166.56B/s]
GAP-kron:   6%|▌         | 808845312/14570837178 [00:54<17:13, 13313342.80B/s]
GAP-kron:   6%|▌         | 810319872/14570837178 [00:54<16:46, 13678031.26B/s]
GAP-kron:   6%|▌         | 811827200/14570837178 [00:54<16:17, 14075798.57B/s]
GAP-kron:   6%|▌         | 813252608/14570837178 [00:54<17:15, 13291761.81B/s]
GAP-kron:   6%|▌         | 814694400/14570837178 [00:54<16:53, 13567628.75B/s]
GAP-kron:   6%|▌         | 816070656/14570837178 [00:54<17:35, 13032056.86B/s]
GAP-kron:   6%|▌         | 817545216/14570837178 [00:54<16:58, 13506059.68B/s]
GAP-kron:   6%|▌         | 819068928/14570837178 [00:54<16:22, 13993080.41B/s]
GAP-kron:   6%|▌         | 820494336/14570837178 [00:55<17:28, 13112530.43B/s]
GAP-kron:   6%|▌         | 821985280/14570837178 [00:55<16:53, 13570847.39B/s]
GAP-kron:   6%|▌         | 823476224/14570837178 [00:55<16:27, 13918549.77B/s]
GAP-kron:   6%|▌         | 824885248/14570837178 [00:55<17:11, 13326954.08B/s]
GAP-kron:   6%|▌         | 826327040/14570837178 [00:55<16:48, 13634495.63B/s]
GAP-kron:   6%|▌         | 827867136/14570837178 [00:55<16:13, 14114783.81B/s]
GAP-kron:   6%|▌         | 829292544/14570837178 [00:55<17:10, 13329792.46B/s]
GAP-kron:   6%|▌         | 830783488/14570837178 [00:55<16:38, 13754816.12B/s]
GAP-kron:   6%|▌         | 832176128/14570837178 [00:55<17:21, 13193656.26B/s]
GAP-kron:   6%|▌         | 833667072/14570837178 [00:56<16:48, 13625945.36B/s]
GAP-kron:   6%|▌         | 835141632/14570837178 [00:56<16:25, 13936194.23B/s]
GAP-kron:   6%|▌         | 836550656/14570837178 [00:56<17:19, 13210172.41B/s]
GAP-kron:   6%|▌         | 838074368/14570837178 [00:56<16:39, 13744253.63B/s]
GAP-kron:   6%|▌         | 839630848/14570837178 [00:56<16:04, 14238691.59B/s]
GAP-kron:   6%|▌         | 841072640/14570837178 [00:56<17:14, 13270468.96B/s]
GAP-kron:   6%|▌         | 842547200/14570837178 [00:56<16:43, 13673788.08B/s]
GAP-kron:   6%|▌         | 844005376/14570837178 [00:56<17:27, 13098549.79B/s]
GAP-kron:   6%|▌         | 845529088/14570837178 [00:56<16:44, 13659350.02B/s]

asv: benchmark timed out (timeout 60s)

For parameters: bfs_gap_inputs.GAP/GAP-urand_116653530
INFO root: Dataset suitesparse_matrix.GAP/GAP-urand manifest metadata is stale.

GAP-urand:   0%|          | 0/16766984746 [00:00<?, ?B/s]
GAP-urand:   0%|          | 245760/16766984746 [00:00<2:02:52, 2274279.47B/s]
GAP-urand:   0%|          | 1228800/16766984746 [00:00<42:29, 6576059.51B/s] 
GAP-urand:   0%|          | 2785280/16766984746 [00:00<26:22, 10592571.72B/s]
GAP-urand:   0%|          | 4358144/16766984746 [00:00<22:14, 12562265.99B/s]
GAP-urand:   0%|          | 6193152/16766984746 [00:00<19:08, 14590958.35B/s]
GAP-urand:   0%|          | 7782400/16766984746 [00:00<18:35, 15020839.96B/s]
GAP-urand:   0%|          | 9420800/16766984746 [00:00<18:06, 15427918.89B/s]
GAP-urand:   0%|          | 11288576/16766984746 [00:00<17:01, 16409987.50B/s]
GAP-urand:   0%|          | 13041664/16766984746 [00:00<16:42, 16715753.01B/s]
GAP-urand:   0%|          | 14860288/16766984746 [00:01<16:17, 17136188.77B/s]
GAP-urand:   0%|          | 16760832/16766984746 [00:01<15:48, 17663081.90B/s]
GAP-urand:   0%|          | 18563072/16766984746 [00:01<15:44, 17738951.26B/s]
GAP-urand:   0%|          | 20381696/16766984746 [00:01<15:37, 17861149.38B/s]
GAP-urand:   0%|          | 22249472/16766984746 [00:01<15:26, 18075311.36B/s]
GAP-urand:   0%|          | 24068096/16766984746 [00:01<15:27, 18051650.29B/s]
GAP-urand:   0%|          | 25886720/16766984746 [00:01<15:34, 17913906.45B/s]
GAP-urand:   0%|          | 27688960/16766984746 [00:01<15:54, 17536648.30B/s]
GAP-urand:   0%|          | 29458432/16766984746 [00:01<15:59, 17450583.21B/s]
GAP-urand:   0%|          | 31211520/16766984746 [00:01<16:11, 17222934.01B/s]
GAP-urand:   0%|          | 33013760/16766984746 [00:02<16:00, 17419144.03B/s]
GAP-urand:   0%|          | 34783232/16766984746 [00:02<15:57, 17483766.33B/s]
GAP-urand:   0%|          | 36552704/16766984746 [00:02<15:54, 17527931.96B/s]
GAP-urand:   0%|          | 38387712/16766984746 [00:02<15:43, 17732440.14B/s]
GAP-urand:   0%|          | 40173568/16766984746 [00:02<15:45, 17699793.09B/s]
GAP-urand:   0%|          | 41959424/16766984746 [00:02<15:50, 17591052.10B/s]
GAP-urand:   0%|          | 43728896/16766984746 [00:02<16:14, 17153467.58B/s]
GAP-urand:   0%|          | 45547520/16766984746 [00:02<15:58, 17454239.40B/s]
GAP-urand:   0%|          | 47300608/16766984746 [00:02<16:55, 16456745.89B/s]
GAP-urand:   0%|          | 49135616/16766984746 [00:02<16:24, 16979870.14B/s]
GAP-urand:   0%|          | 50855936/16766984746 [00:03<17:29, 15927111.83B/s]
GAP-urand:   0%|          | 52625408/16766984746 [00:03<16:59, 16402694.38B/s]
GAP-urand:   0%|          | 54444032/16766984746 [00:03<16:29, 16891715.17B/s]
GAP-urand:   0%|          | 56147968/16766984746 [00:03<17:30, 15907036.39B/s]
GAP-urand:   0%|          | 57917440/16766984746 [00:03<17:00, 16381250.48B/s]
GAP-urand:   0%|          | 59588608/16766984746 [00:03<17:46, 15664846.73B/s]
GAP-urand:   0%|          | 61456384/16766984746 [00:03<16:54, 16472463.89B/s]
GAP-urand:   0%|          | 63127552/16766984746 [00:03<17:50, 15597858.10B/s]
GAP-urand:   0%|          | 64897024/16766984746 [00:03<17:12, 16174429.28B/s]
GAP-urand:   0%|          | 66535424/16766984746 [00:04<18:03, 15416444.01B/s]
GAP-urand:   0%|          | 68304896/16766984746 [00:04<17:22, 16014511.17B/s]
GAP-urand:   0%|          | 70074368/16766984746 [00:04<16:53, 16478010.68B/s]
GAP-urand:   0%|          | 71745536/16766984746 [00:04<17:47, 15634565.79B/s]
GAP-urand:   0%|          | 73498624/16766984746 [00:04<17:13, 16152226.00B/s]
GAP-urand:   0%|          | 75137024/16766984746 [00:04<18:11, 15295134.69B/s]
GAP-urand:   0%|          | 76890112/16766984746 [00:04<17:30, 15895016.99B/s]
GAP-urand:   0%|          | 78512128/16766984746 [00:04<18:32, 14994976.19B/s]
GAP-urand:   0%|          | 80216064/16766984746 [00:04<17:54, 15525003.61B/s]
GAP-urand:   0%|          | 81920000/16766984746 [00:05<17:26, 15946640.01B/s]
GAP-urand:   0%|          | 83542016/16766984746 [00:05<18:32, 14996101.23B/s]
GAP-urand:   1%|          | 85065728/16766984746 [00:05<23:21, 11904335.60B/s]
GAP-urand:   1%|          | 86376448/16766984746 [00:05<22:54, 12132170.34B/s]
GAP-urand:   1%|          | 87670784/16766984746 [00:05<23:09, 12005163.56B/s]
GAP-urand:   1%|          | 89374720/16766984746 [00:05<20:55, 13286474.79B/s]
GAP-urand:   1%|          | 91013120/16766984746 [00:05<19:41, 14113574.50B/s]
GAP-urand:   1%|          | 92667904/16766984746 [00:05<18:48, 14770921.66B/s]
GAP-urand:   1%|          | 94355456/16766984746 [00:05<18:07, 15337149.78B/s]
GAP-urand:   1%|          | 96108544/16766984746 [00:06<17:26, 15936629.58B/s]
GAP-urand:   1%|          | 97796096/16766984746 [00:06<17:10, 16178187.04B/s]
GAP-urand:   1%|          | 99532800/16766984746 [00:06<16:49, 16503663.70B/s]
GAP-urand:   1%|          | 101285888/16766984746 [00:06<16:33, 16777657.03B/s]
GAP-urand:   1%|          | 103038976/16766984746 [00:06<16:21, 16985516.34B/s]
GAP-urand:   1%|          | 104808448/16766984746 [00:06<16:10, 17172556.88B/s]
GAP-urand:   1%|          | 106545152/16766984746 [00:06<16:08, 17195591.32B/s]
GAP-urand:   1%|          | 108314624/16766984746 [00:06<16:01, 17332688.13B/s]
GAP-urand:   1%|          | 110084096/16766984746 [00:06<15:56, 17413491.47B/s]
GAP-urand:   1%|          | 111837184/16766984746 [00:06<15:58, 17384207.24B/s]
GAP-urand:   1%|          | 113623040/16766984746 [00:07<15:51, 17507615.60B/s]
GAP-urand:   1%|          | 115392512/16766984746 [00:07<15:49, 17529740.52B/s]
GAP-urand:   1%|          | 117178368/16766984746 [00:07<15:46, 17588383.41B/s]
GAP-urand:   1%|          | 119013376/16766984746 [00:07<15:36, 17786244.22B/s]
GAP-urand:   1%|          | 120799232/16766984746 [00:07<15:40, 17700097.50B/s]
GAP-urand:   1%|          | 122585088/16766984746 [00:07<15:52, 17468798.03B/s]
GAP-urand:   1%|          | 124338176/16766984746 [00:07<16:00, 17331731.35B/s]
GAP-urand:   1%|          | 126074880/16766984746 [00:07<16:06, 17212285.22B/s]
GAP-urand:   1%|          | 127827968/16766984746 [00:07<16:03, 17277267.77B/s]
GAP-urand:   1%|          | 129613824/16766984746 [00:08<15:54, 17428072.78B/s]
GAP-urand:   1%|          | 131366912/16766984746 [00:08<15:59, 17338437.23B/s]
GAP-urand:   1%|          | 133103616/16766984746 [00:08<15:59, 17328540.25B/s]
GAP-urand:   1%|          | 134856704/16766984746 [00:08<15:57, 17365833.78B/s]
GAP-urand:   1%|          | 136626176/16766984746 [00:08<15:54, 17425361.53B/s]
GAP-urand:   1%|          | 138395648/16766984746 [00:08<15:50, 17501278.75B/s]
GAP-urand:   1%|          | 140148736/16766984746 [00:08<15:50, 17500392.51B/s]
GAP-urand:   1%|          | 141918208/16766984746 [00:08<15:48, 17527538.43B/s]
GAP-urand:   1%|          | 143704064/16766984746 [00:08<15:43, 17615442.78B/s]
GAP-urand:   1%|          | 145473536/16766984746 [00:08<15:51, 17462914.39B/s]
GAP-urand:   1%|          | 147226624/16766984746 [00:09<15:58, 17343134.53B/s]
GAP-urand:   1%|          | 149012480/16766984746 [00:09<15:52, 17452957.75B/s]
GAP-urand:   1%|          | 150765568/16766984746 [00:09<16:00, 17291253.12B/s]
GAP-urand:   1%|          | 152502272/16766984746 [00:09<16:00, 17294549.25B/s]
GAP-urand:   1%|          | 154271744/16766984746 [00:09<15:55, 17382200.52B/s]
GAP-urand:   1%|          | 156024832/16766984746 [00:09<15:55, 17381856.63B/s]
GAP-urand:   1%|          | 157777920/16766984746 [00:09<15:54, 17399703.30B/s]
GAP-urand:   1%|          | 159531008/16766984746 [00:09<15:52, 17438152.13B/s]
GAP-urand:   1%|          | 161284096/16766984746 [00:09<15:52, 17438842.90B/s]
GAP-urand:   1%|          | 163037184/16766984746 [00:09<15:56, 17365553.89B/s]
GAP-urand:   1%|          | 164790272/16766984746 [00:10<15:54, 17387058.18B/s]
GAP-urand:   1%|          | 166576128/16766984746 [00:10<15:49, 17489107.58B/s]
GAP-urand:   1%|          | 168361984/16766984746 [00:10<15:45, 17551339.95B/s]
GAP-urand:   1%|          | 170131456/16766984746 [00:10<15:46, 17543846.87B/s]
GAP-urand:   1%|          | 171900928/16766984746 [00:10<15:54, 17391982.90B/s]
GAP-urand:   1%|          | 173654016/16766984746 [00:10<15:58, 17312784.57B/s]
GAP-urand:   1%|          | 175423488/16766984746 [00:10<15:52, 17412124.18B/s]
GAP-urand:   1%|          | 177176576/16766984746 [00:10<15:56, 17349312.24B/s]
GAP-urand:   1%|          | 178946048/16766984746 [00:10<15:51, 17436525.02B/s]
GAP-urand:   1%|          | 180715520/16766984746 [00:10<15:48, 17481342.71B/s]
GAP-urand:   1%|          | 182468608/16766984746 [00:11<15:49, 17457817.44B/s]
GAP-urand:   1%|          | 184221696/16766984746 [00:11<15:54, 17379280.69B/s]
GAP-urand:   1%|          | 185974784/16766984746 [00:11<15:59, 17281813.39B/s]
GAP-urand:   1%|          | 187744256/16766984746 [00:11<15:54, 17360623.44B/s]
GAP-urand:   1%|          | 189513728/16766984746 [00:11<15:50, 17447279.01B/s]
GAP-urand:   1%|          | 191283200/16766984746 [00:11<15:47, 17502557.31B/s]
GAP-urand:   1%|          | 193036288/16766984746 [00:11<15:47, 17487162.20B/s]
GAP-urand:   1%|          | 194789376/16766984746 [00:11<15:49, 17454397.79B/s]
GAP-urand:   1%|          | 196542464/16766984746 [00:11<15:58, 17285269.35B/s]
GAP-urand:   1%|          | 198279168/16766984746 [00:11<16:02, 17209022.76B/s]
GAP-urand:   1%|          | 200015872/16766984746 [00:12<16:03, 17193305.64B/s]
GAP-urand:   1%|          | 201752576/16766984746 [00:12<16:02, 17217768.53B/s]
GAP-urand:   1%|          | 203489280/16766984746 [00:12<16:05, 17157904.32B/s]
GAP-urand:   1%|          | 205209600/16766984746 [00:12<16:05, 17146004.43B/s]
GAP-urand:   1%|          | 206929920/16766984746 [00:12<16:04, 17162269.81B/s]
GAP-urand:   1%|          | 208683008/16766984746 [00:12<16:01, 17225491.87B/s]
GAP-urand:   1%|▏         | 210436096/16766984746 [00:12<15:56, 17307148.30B/s]
GAP-urand:   1%|▏         | 212172800/16766984746 [00:12<16:02, 17191369.26B/s]
GAP-urand:   1%|▏         | 213893120/16766984746 [00:12<16:08, 17097817.73B/s]
GAP-urand:   1%|▏         | 215646208/16766984746 [00:12<16:01, 17206837.49B/s]
GAP-urand:   1%|▏         | 217399296/16766984746 [00:13<15:57, 17292312.12B/s]
GAP-urand:   1%|▏         | 219152384/16766984746 [00:13<15:54, 17331325.22B/s]
GAP-urand:   1%|▏         | 220889088/16766984746 [00:13<15:55, 17321864.29B/s]
GAP-urand:   1%|▏         | 222674944/16766984746 [00:13<15:47, 17464215.59B/s]
GAP-urand:   1%|▏         | 224477184/16766984746 [00:13<15:39, 17602044.82B/s]
GAP-urand:   1%|▏         | 226246656/16766984746 [00:13<15:39, 17611336.57B/s]
GAP-urand:   1%|▏         | 228016128/16766984746 [00:13<15:43, 17534311.97B/s]
GAP-urand:   1%|▏         | 229785600/16766984746 [00:13<15:40, 17579803.60B/s]
GAP-urand:   1%|▏         | 231555072/16766984746 [00:13<15:50, 17403968.10B/s]
GAP-urand:   1%|▏         | 233308160/16766984746 [00:13<15:48, 17422365.59B/s]
GAP-urand:   1%|▏         | 235126784/16766984746 [00:14<15:38, 17608445.28B/s]
GAP-urand:   1%|▏         | 236896256/16766984746 [00:14<15:38, 17610709.52B/s]
GAP-urand:   1%|▏         | 238682112/16766984746 [00:14<15:36, 17648531.91B/s]
GAP-urand:   1%|▏         | 240549888/16766984746 [00:14<15:22, 17922500.29B/s]
GAP-urand:   1%|▏         | 242352128/16766984746 [00:14<15:22, 17913611.61B/s]
GAP-urand:   1%|▏         | 244154368/16766984746 [00:14<15:39, 17582569.22B/s]
GAP-urand:   1%|▏         | 245923840/16766984746 [00:14<16:01, 17175011.60B/s]
GAP-urand:   1%|▏         | 247644160/16766984746 [00:14<16:28, 16704802.30B/s]
GAP-urand:   1%|▏         | 249331712/16766984746 [00:14<16:42, 16483605.51B/s]
GAP-urand:   1%|▏         | 251002880/16766984746 [00:15<16:39, 16522622.66B/s]
GAP-urand:   2%|▏         | 252674048/16766984746 [00:15<16:37, 16556858.98B/s]
GAP-urand:   2%|▏         | 254394368/16766984746 [00:15<16:26, 16730945.99B/s]
GAP-urand:   2%|▏         | 256081920/16766984746 [00:15<16:37, 16544811.60B/s]
GAP-urand:   2%|▏         | 257753088/16766984746 [00:15<16:36, 16575136.08B/s]
GAP-urand:   2%|▏         | 259424256/16766984746 [00:15<16:39, 16508015.95B/s]
GAP-urand:   2%|▏         | 261144576/16766984746 [00:15<16:29, 16686714.27B/s]
GAP-urand:   2%|▏         | 262897664/16766984746 [00:15<16:16, 16894773.25B/s]
GAP-urand:   2%|▏         | 264601600/16766984746 [00:15<16:15, 16909341.72B/s]
GAP-urand:   2%|▏         | 266354688/16766984746 [00:15<16:07, 17063634.15B/s]
GAP-urand:   2%|▏         | 268075008/16766984746 [00:16<16:13, 16940347.94B/s]
GAP-urand:   2%|▏         | 269778944/16766984746 [00:16<16:20, 16828031.45B/s]
GAP-urand:   2%|▏         | 271466496/16766984746 [00:16<16:41, 16466048.41B/s]
GAP-urand:   2%|▏         | 273121280/16766984746 [00:16<17:04, 16101090.68B/s]
GAP-urand:   2%|▏         | 274743296/16766984746 [00:16<17:34, 15638640.92B/s]
GAP-urand:   2%|▏         | 276332544/16766984746 [00:16<17:32, 15670112.44B/s]
GAP-urand:   2%|▏         | 277954560/16766984746 [00:16<17:22, 15820846.57B/s]
GAP-urand:   2%|▏         | 279674880/16766984746 [00:16<16:56, 16223389.31B/s]
GAP-urand:   2%|▏         | 281411584/16766984746 [00:16<16:37, 16534631.28B/s]
GAP-urand:   2%|▏         | 283082752/16766984746 [00:16<16:43, 16428213.14B/s]
GAP-urand:   2%|▏         | 284737536/16766984746 [00:17<16:58, 16183380.38B/s]
GAP-urand:   2%|▏         | 286425088/16766984746 [00:17<16:47, 16353553.75B/s]
GAP-urand:   2%|▏         | 288112640/16766984746 [00:17<16:39, 16492445.95B/s]
GAP-urand:   2%|▏         | 289849344/16766984746 [00:17<16:26, 16710210.52B/s]
GAP-urand:   2%|▏         | 291536896/16766984746 [00:17<16:49, 16320020.61B/s]
GAP-urand:   2%|▏         | 293175296/16766984746 [00:17<16:52, 16267632.58B/s]
GAP-urand:   2%|▏         | 294912000/16766984746 [00:17<16:33, 16582130.99B/s]
GAP-urand:   2%|▏         | 296599552/16766984746 [00:17<16:29, 16650982.14B/s]
GAP-urand:   2%|▏         | 298319872/16766984746 [00:17<16:21, 16787434.21B/s]
GAP-urand:   2%|▏         | 300007424/16766984746 [00:17<16:20, 16794673.08B/s]
GAP-urand:   2%|▏         | 301694976/16766984746 [00:18<16:38, 16484197.53B/s]
GAP-urand:   2%|▏         | 303349760/16766984746 [00:18<16:49, 16316300.58B/s]
GAP-urand:   2%|▏         | 304988160/16766984746 [00:18<16:49, 16303746.98B/s]
GAP-urand:   2%|▏         | 306692096/16766984746 [00:18<16:36, 16513207.39B/s]
GAP-urand:   2%|▏         | 308346880/16766984746 [00:18<16:38, 16486761.78B/s]
GAP-urand:   2%|▏         | 310034432/16766984746 [00:18<16:32, 16573931.13B/s]
GAP-urand:   2%|▏         | 311754752/16766984746 [00:18<16:23, 16734221.57B/s]
GAP-urand:   2%|▏         | 313442304/16766984746 [00:18<16:24, 16717056.57B/s]
GAP-urand:   2%|▏         | 315162624/16766984746 [00:18<16:17, 16829759.90B/s]
GAP-urand:   2%|▏         | 316899328/16766984746 [00:18<16:10, 16953792.94B/s]
GAP-urand:   2%|▏         | 318603264/16766984746 [00:19<16:17, 16831050.02B/s]
GAP-urand:   2%|▏         | 320290816/16766984746 [00:19<16:19, 16789551.57B/s]
GAP-urand:   2%|▏         | 321994752/16766984746 [00:19<16:17, 16827961.20B/s]
GAP-urand:   2%|▏         | 323731456/16766984746 [00:19<16:10, 16943775.40B/s]
GAP-urand:   2%|▏         | 325435392/16766984746 [00:19<16:15, 16846257.78B/s]
GAP-urand:   2%|▏         | 327122944/16766984746 [00:19<16:19, 16786682.07B/s]
GAP-urand:   2%|▏         | 328826880/16766984746 [00:19<16:17, 16818554.81B/s]
GAP-urand:   2%|▏         | 330514432/16766984746 [00:19<16:18, 16792940.12B/s]
GAP-urand:   2%|▏         | 332201984/16766984746 [00:19<16:20, 16764280.63B/s]
GAP-urand:   2%|▏         | 333889536/16766984746 [00:20<16:19, 16781568.26B/s]
GAP-urand:   2%|▏         | 335609856/16766984746 [00:20<16:11, 16905323.65B/s]
GAP-urand:   2%|▏         | 337313792/16766984746 [00:20<16:16, 16821859.54B/s]
GAP-urand:   2%|▏         | 339001344/16766984746 [00:20<16:15, 16835047.92B/s]
GAP-urand:   2%|▏         | 340721664/16766984746 [00:20<16:11, 16906717.84B/s]
GAP-urand:   2%|▏         | 342425600/16766984746 [00:20<16:33, 16527407.16B/s]
GAP-urand:   2%|▏         | 344080384/16766984746 [00:20<16:38, 16446529.49B/s]
GAP-urand:   2%|▏         | 345751552/16766984746 [00:20<16:34, 16519871.69B/s]
GAP-urand:   2%|▏         | 347406336/16766984746 [00:20<16:39, 16425063.94B/s]
GAP-urand:   2%|▏         | 349061120/16766984746 [00:20<16:43, 16363130.12B/s]
GAP-urand:   2%|▏         | 350715904/16766984746 [00:21<16:41, 16390358.38B/s]
GAP-urand:   2%|▏         | 352387072/16766984746 [00:21<16:35, 16483226.71B/s]
GAP-urand:   2%|▏         | 354041856/16766984746 [00:21<16:38, 16430006.11B/s]
GAP-urand:   2%|▏         | 355696640/16766984746 [00:21<16:40, 16406605.43B/s]
GAP-urand:   2%|▏         | 357351424/16766984746 [00:21<16:44, 16338748.23B/s]
GAP-urand:   2%|▏         | 358989824/16766984746 [00:21<16:53, 16194749.65B/s]
GAP-urand:   2%|▏         | 360611840/16766984746 [00:21<16:56, 16133376.44B/s]
GAP-urand:   2%|▏         | 362250240/16766984746 [00:21<16:53, 16193042.76B/s]
GAP-urand:   2%|▏         | 363921408/16766984746 [00:21<16:44, 16330228.85B/s]
GAP-urand:   2%|▏         | 365576192/16766984746 [00:21<16:42, 16357936.33B/s]
GAP-urand:   2%|▏         | 367214592/16766984746 [00:22<16:46, 16291791.03B/s]
GAP-urand:   2%|▏         | 368852992/16766984746 [00:22<16:45, 16305435.29B/s]
GAP-urand:   2%|▏         | 370491392/16766984746 [00:22<16:45, 16306122.19B/s]
GAP-urand:   2%|▏         | 372162560/16766984746 [00:22<16:38, 16420243.88B/s]
GAP-urand:   2%|▏         | 373850112/16766984746 [00:22<16:32, 16511233.15B/s]
GAP-urand:   2%|▏         | 375537664/16766984746 [00:22<16:29, 16568147.67B/s]
GAP-urand:   2%|▏         | 377225216/16766984746 [00:22<16:26, 16616290.67B/s]
GAP-urand:   2%|▏         | 378896384/16766984746 [00:22<16:24, 16640572.11B/s]
GAP-urand:   2%|▏         | 380567552/16766984746 [00:22<16:26, 16615109.13B/s]
GAP-urand:   2%|▏         | 382238720/16766984746 [00:22<16:24, 16642380.33B/s]
GAP-urand:   2%|▏         | 383926272/16766984746 [00:23<16:21, 16696517.37B/s]
GAP-urand:   2%|▏         | 385597440/16766984746 [00:23<16:20, 16700592.44B/s]
GAP-urand:   2%|▏         | 387268608/16766984746 [00:23<16:22, 16674545.75B/s]
GAP-urand:   2%|▏         | 388956160/16766984746 [00:23<16:19, 16720674.59B/s]
GAP-urand:   2%|▏         | 390643712/16766984746 [00:23<16:41, 16345865.20B/s]
GAP-urand:   2%|▏         | 392282112/16766984746 [00:23<16:45, 16280801.89B/s]
GAP-urand:   2%|▏         | 393920512/16766984746 [00:23<16:56, 16104729.21B/s]
GAP-urand:   2%|▏         | 395575296/16766984746 [00:23<16:49, 16223635.32B/s]
GAP-urand:   2%|▏         | 397262848/16766984746 [00:23<16:38, 16390872.22B/s]
GAP-urand:   2%|▏         | 398934016/16766984746 [00:23<16:35, 16445619.06B/s]
GAP-urand:   2%|▏         | 400605184/16766984746 [00:24<16:33, 16473344.06B/s]
GAP-urand:   2%|▏         | 402259968/16766984746 [00:24<16:33, 16467005.59B/s]
GAP-urand:   2%|▏         | 403914752/16766984746 [00:24<16:35, 16443536.81B/s]
GAP-urand:   2%|▏         | 405569536/16766984746 [00:24<16:43, 16299681.25B/s]
GAP-urand:   2%|▏         | 407207936/16766984746 [00:24<16:43, 16300533.30B/s]
GAP-urand:   2%|▏         | 408879104/16766984746 [00:24<16:37, 16392468.45B/s]
GAP-urand:   2%|▏         | 410566656/16766984746 [00:24<16:30, 16507776.84B/s]
GAP-urand:   2%|▏         | 412237824/16766984746 [00:24<16:29, 16525355.76B/s]
GAP-urand:   2%|▏         | 413892608/16766984746 [00:24<16:39, 16365975.41B/s]
GAP-urand:   2%|▏         | 415531008/16766984746 [00:24<16:58, 16062162.76B/s]
GAP-urand:   2%|▏         | 417153024/16766984746 [00:25<17:05, 15945432.11B/s]
GAP-urand:   2%|▏         | 418824192/16766984746 [00:25<16:52, 16144829.32B/s]
GAP-urand:   3%|▎         | 420446208/16766984746 [00:25<16:55, 16097068.59B/s]
GAP-urand:   3%|▎         | 422068224/16766984746 [00:25<16:53, 16125432.40B/s]
GAP-urand:   3%|▎         | 423690240/16766984746 [00:25<16:53, 16121143.00B/s]
GAP-urand:   3%|▎         | 425312256/16766984746 [00:25<16:55, 16098311.09B/s]
GAP-urand:   3%|▎         | 426934272/16766984746 [00:25<17:02, 15983096.03B/s]
GAP-urand:   3%|▎         | 428539904/16766984746 [00:25<17:03, 15960569.67B/s]
GAP-urand:   3%|▎         | 430161920/16766984746 [00:25<17:00, 16007214.80B/s]
GAP-urand:   3%|▎         | 431816704/16766984746 [00:25<16:52, 16128453.76B/s]
GAP-urand:   3%|▎         | 433504256/16766984746 [00:26<16:40, 16332316.16B/s]
GAP-urand:   3%|▎         | 435208192/16766984746 [00:26<16:28, 16514119.97B/s]
GAP-urand:   3%|▎         | 436862976/16766984746 [00:26<16:31, 16473208.45B/s]
GAP-urand:   3%|▎         | 438534144/16766984746 [00:26<16:27, 16539553.73B/s]
GAP-urand:   3%|▎         | 440188928/16766984746 [00:26<16:28, 16513061.78B/s]
GAP-urand:   3%|▎         | 441860096/16766984746 [00:26<16:26, 16554483.65B/s]
GAP-urand:   3%|▎         | 443547648/16766984746 [00:26<16:23, 16604538.11B/s]
GAP-urand:   3%|▎         | 445235200/16766984746 [00:26<16:18, 16676735.93B/s]
GAP-urand:   3%|▎         | 446906368/16766984746 [00:26<16:25, 16564787.29B/s]
GAP-urand:   3%|▎         | 448577536/16766984746 [00:26<16:28, 16515995.11B/s]
GAP-urand:   3%|▎         | 450248704/16766984746 [00:27<16:24, 16570286.32B/s]
GAP-urand:   3%|▎         | 451919872/16766984746 [00:27<16:23, 16587135.83B/s]
GAP-urand:   3%|▎         | 453591040/16766984746 [00:27<16:25, 16561384.99B/s]
GAP-urand:   3%|▎         | 455262208/16766984746 [00:27<16:32, 16442360.09B/s]
GAP-urand:   3%|▎         | 456916992/16766984746 [00:27<16:35, 16382584.55B/s]
GAP-urand:   3%|▎         | 458620928/16766984746 [00:27<16:26, 16530030.56B/s]
GAP-urand:   3%|▎         | 460308480/16766984746 [00:27<16:21, 16606414.55B/s]
GAP-urand:   3%|▎         | 461979648/16766984746 [00:27<16:25, 16536762.29B/s]
GAP-urand:   3%|▎         | 463634432/16766984746 [00:27<16:28, 16501187.71B/s]
GAP-urand:   3%|▎         | 465321984/16766984746 [00:28<16:23, 16582915.59B/s]
GAP-urand:   3%|▎         | 466993152/16766984746 [00:28<16:21, 16608234.67B/s]
GAP-urand:   3%|▎         | 468680704/16766984746 [00:28<16:16, 16686600.64B/s]
GAP-urand:   3%|▎         | 470368256/16766984746 [00:28<16:14, 16714688.78B/s]
GAP-urand:   3%|▎         | 472055808/16766984746 [00:28<16:17, 16673653.07B/s]
GAP-urand:   3%|▎         | 473726976/16766984746 [00:28<16:19, 16637324.96B/s]
GAP-urand:   3%|▎         | 475414528/16766984746 [00:28<16:15, 16697319.12B/s]
GAP-urand:   3%|▎         | 477085696/16766984746 [00:28<16:17, 16666776.19B/s]
GAP-urand:   3%|▎         | 478806016/16766984746 [00:28<16:09, 16802494.34B/s]
GAP-urand:   3%|▎         | 480493568/16766984746 [00:28<16:09, 16796633.40B/s]
GAP-urand:   3%|▎         | 482230272/16766984746 [00:29<16:02, 16912014.40B/s]
GAP-urand:   3%|▎         | 483950592/16766984746 [00:29<15:58, 16994716.26B/s]
GAP-urand:   3%|▎         | 485670912/16766984746 [00:29<15:55, 17034485.29B/s]
GAP-urand:   3%|▎         | 487374848/16766984746 [00:29<16:05, 16865480.06B/s]
GAP-urand:   3%|▎         | 489062400/16766984746 [00:29<16:11, 16761270.93B/s]
GAP-urand:   3%|▎         | 490749952/16766984746 [00:29<16:46, 16170304.67B/s]
GAP-urand:   3%|▎         | 492371968/16766984746 [00:29<16:47, 16157050.13B/s]
GAP-urand:   3%|▎         | 493993984/16766984746 [00:29<16:54, 16037988.75B/s]
GAP-urand:   3%|▎         | 495632384/16766984746 [00:29<16:49, 16120422.65B/s]
GAP-urand:   3%|▎         | 497254400/16766984746 [00:29<16:50, 16101588.77B/s]
GAP-urand:   3%|▎         | 498876416/16766984746 [00:30<17:03, 15889740.48B/s]
GAP-urand:   3%|▎         | 500482048/16766984746 [00:30<17:10, 15777712.53B/s]
GAP-urand:   3%|▎         | 502120448/16766984746 [00:30<17:00, 15930529.68B/s]
GAP-urand:   3%|▎         | 503791616/16766984746 [00:30<16:47, 16137515.12B/s]
GAP-urand:   3%|▎         | 505495552/16766984746 [00:30<16:33, 16368679.64B/s]
GAP-urand:   3%|▎         | 507166720/16766984746 [00:30<16:30, 16423692.18B/s]
GAP-urand:   3%|▎         | 508837888/16766984746 [00:30<16:27, 16466143.94B/s]
GAP-urand:   3%|▎         | 510574592/16766984746 [00:30<16:13, 16703732.97B/s]
GAP-urand:   3%|▎         | 512245760/16766984746 [00:30<16:28, 16441713.85B/s]
GAP-urand:   3%|▎         | 513900544/16766984746 [00:30<16:27, 16467052.95B/s]
GAP-urand:   3%|▎         | 515555328/16766984746 [00:31<16:35, 16318707.28B/s]
GAP-urand:   3%|▎         | 517193728/16766984746 [00:31<16:47, 16125818.90B/s]
GAP-urand:   3%|▎         | 518815744/16766984746 [00:31<17:04, 15866466.63B/s]
GAP-urand:   3%|▎         | 520421376/16766984746 [00:31<17:01, 15898606.13B/s]
GAP-urand:   3%|▎         | 522027008/16766984746 [00:31<17:00, 15924961.79B/s]
GAP-urand:   3%|▎         | 523632640/16766984746 [00:31<17:05, 15836996.12B/s]
GAP-urand:   3%|▎         | 525320192/16766984746 [00:31<16:47, 16114207.47B/s]
GAP-urand:   3%|▎         | 526942208/16766984746 [00:31<16:47, 16127011.50B/s]
GAP-urand:   3%|▎         | 528564224/16766984746 [00:31<16:46, 16127399.30B/s]
GAP-urand:   3%|▎         | 530251776/16766984746 [00:31<16:33, 16347252.99B/s]
GAP-urand:   3%|▎         | 531906560/16766984746 [00:32<16:31, 16367596.31B/s]
GAP-urand:   3%|▎         | 533544960/16766984746 [00:32<16:38, 16254346.87B/s]
GAP-urand:   3%|▎         | 535183360/16766984746 [00:32<16:46, 16123751.85B/s]
GAP-urand:   3%|▎         | 536838144/16766984746 [00:32<16:40, 16220586.63B/s]
GAP-urand:   3%|▎         | 538509312/16766984746 [00:32<16:34, 16323205.87B/s]
GAP-urand:   3%|▎         | 540180480/16766984746 [00:32<16:28, 16419995.56B/s]
GAP-urand:   3%|▎         | 541835264/16766984746 [00:32<16:25, 16456889.89B/s]
GAP-urand:   3%|▎         | 543490048/16766984746 [00:32<16:28, 16416418.63B/s]
GAP-urand:   3%|▎         | 545144832/16766984746 [00:32<16:32, 16345645.67B/s]
GAP-urand:   3%|▎         | 546832384/16766984746 [00:32<16:25, 16464777.82B/s]
GAP-urand:   3%|▎         | 548536320/16766984746 [00:33<16:19, 16559465.19B/s]
GAP-urand:   3%|▎         | 550207488/16766984746 [00:33<16:18, 16568153.96B/s]
GAP-urand:   3%|▎         | 551878656/16766984746 [00:33<16:28, 16406043.30B/s]
GAP-urand:   3%|▎         | 553533440/16766984746 [00:33<16:39, 16224937.97B/s]
GAP-urand:   3%|▎         | 555204608/16766984746 [00:33<16:30, 16366343.29B/s]
GAP-urand:   3%|▎         | 556843008/16766984746 [00:33<16:34, 16298699.69B/s]
GAP-urand:   3%|▎         | 558530560/16766984746 [00:33<16:25, 16448544.16B/s]
GAP-urand:   3%|▎         | 560185344/16766984746 [00:33<16:34, 16295539.64B/s]
GAP-urand:   3%|▎         | 561823744/16766984746 [00:33<16:52, 15999118.46B/s]
GAP-urand:   3%|▎         | 563429376/16766984746 [00:34<17:01, 15865068.38B/s]
GAP-urand:   3%|▎         | 565018624/16766984746 [00:34<17:01, 15859202.04B/s]
GAP-urand:   3%|▎         | 566689792/16766984746 [00:34<16:47, 16077195.69B/s]
GAP-urand:   3%|▎         | 568311808/16766984746 [00:34<16:58, 15900739.28B/s]
GAP-urand:   3%|▎         | 569917440/16766984746 [00:34<16:56, 15940401.27B/s]
GAP-urand:   3%|▎         | 571588608/16766984746 [00:34<16:41, 16167193.12B/s]
GAP-urand:   3%|▎         | 573243392/16766984746 [00:34<16:35, 16269352.24B/s]
GAP-urand:   3%|▎         | 574881792/16766984746 [00:34<16:37, 16228737.03B/s]
GAP-urand:   3%|▎         | 576569344/16766984746 [00:34<16:26, 16408400.12B/s]
GAP-urand:   3%|▎         | 578224128/16766984746 [00:34<16:39, 16194130.90B/s]
GAP-urand:   3%|▎         | 579878912/16766984746 [00:35<16:33, 16291434.90B/s]
GAP-urand:   3%|▎         | 581582848/16766984746 [00:35<16:20, 16509959.95B/s]
GAP-urand:   3%|▎         | 583237632/16766984746 [00:35<16:24, 16444308.56B/s]
GAP-urand:   3%|▎         | 584892416/16766984746 [00:35<16:23, 16457270.89B/s]
GAP-urand:   3%|▎         | 586547200/16766984746 [00:35<16:34, 16272809.84B/s]
GAP-urand:   4%|▎         | 588234752/16766984746 [00:35<16:24, 16436709.87B/s]
GAP-urand:   4%|▎         | 589889536/16766984746 [00:35<16:35, 16257094.54B/s]
GAP-urand:   4%|▎         | 591560704/16766984746 [00:35<16:26, 16389486.85B/s]
GAP-urand:   4%|▎         | 593248256/16766984746 [00:35<16:20, 16499753.81B/s]
GAP-urand:   4%|▎         | 594903040/16766984746 [00:35<16:32, 16291458.67B/s]
GAP-urand:   4%|▎         | 596574208/16766984746 [00:36<16:27, 16370934.69B/s]
GAP-urand:   4%|▎         | 598212608/16766984746 [00:36<16:39, 16181025.91B/s]
GAP-urand:   4%|▎         | 599900160/16766984746 [00:36<16:28, 16360563.86B/s]
GAP-urand:   4%|▎         | 601604096/16766984746 [00:36<16:16, 16554614.96B/s]
GAP-urand:   4%|▎         | 603275264/16766984746 [00:36<16:26, 16378040.23B/s]
GAP-urand:   4%|▎         | 604995584/16766984746 [00:36<16:14, 16588457.59B/s]
GAP-urand:   4%|▎         | 606666752/16766984746 [00:36<16:27, 16372440.49B/s]
GAP-urand:   4%|▎         | 608354304/16766984746 [00:36<16:19, 16498356.27B/s]
GAP-urand:   4%|▎         | 610058240/16766984746 [00:36<16:11, 16626352.14B/s]
GAP-urand:   4%|▎         | 611729408/16766984746 [00:36<16:29, 16330835.62B/s]
GAP-urand:   4%|▎         | 613416960/16766984746 [00:37<16:20, 16481620.11B/s]
GAP-urand:   4%|▎         | 615137280/16766984746 [00:37<16:08, 16682746.44B/s]
GAP-urand:   4%|▎         | 616808448/16766984746 [00:37<16:10, 16634386.04B/s]
GAP-urand:   4%|▎         | 618496000/16766984746 [00:37<16:07, 16690439.05B/s]
GAP-urand:   4%|▎         | 620199936/16766984746 [00:37<16:02, 16773811.44B/s]
GAP-urand:   4%|▎         | 621887488/16766984746 [00:37<16:13, 16581939.61B/s]
GAP-urand:   4%|▎         | 623558656/16766984746 [00:37<16:43, 16084889.08B/s]
GAP-urand:   4%|▎         | 625180672/16766984746 [00:37<16:41, 16118294.25B/s]
GAP-urand:   4%|▎         | 626819072/16766984746 [00:37<16:38, 16171016.28B/s]
GAP-urand:   4%|▎         | 628539392/16766984746 [00:37<16:21, 16446722.66B/s]
GAP-urand:   4%|▍         | 630194176/16766984746 [00:38<16:27, 16339425.92B/s]
GAP-urand:   4%|▍         | 631848960/16766984746 [00:38<16:26, 16349433.98B/s]
GAP-urand:   4%|▍         | 633487360/16766984746 [00:38<16:57, 15853857.04B/s]
GAP-urand:   4%|▍         | 635076608/16766984746 [00:38<16:57, 15851202.04B/s]
GAP-urand:   4%|▍         | 636747776/16766984746 [00:38<16:41, 16098577.34B/s]
GAP-urand:   4%|▍         | 638369792/16766984746 [00:38<16:54, 15898117.64B/s]
GAP-urand:   4%|▍         | 639991808/16766984746 [00:38<16:49, 15974246.36B/s]
GAP-urand:   4%|▍         | 641662976/16766984746 [00:38<16:38, 16151213.70B/s]
GAP-urand:   4%|▍         | 643334144/16766984746 [00:38<16:29, 16294621.17B/s]
GAP-urand:   4%|▍         | 644972544/16766984746 [00:39<16:43, 16057832.41B/s]
GAP-urand:   4%|▍         | 646594560/16766984746 [00:39<16:57, 15836317.55B/s]
GAP-urand:   4%|▍         | 648249344/16766984746 [00:39<16:46, 16010480.85B/s]
GAP-urand:   4%|▍         | 649854976/16766984746 [00:39<16:46, 16017638.28B/s]
GAP-urand:   4%|▍         | 651460608/16766984746 [00:39<16:50, 15946761.39B/s]
GAP-urand:   4%|▍         | 653164544/16766984746 [00:39<16:33, 16222708.94B/s]
GAP-urand:   4%|▍         | 654835712/16766984746 [00:39<16:25, 16356698.17B/s]
GAP-urand:   4%|▍         | 656506880/16766984746 [00:39<16:20, 16424039.46B/s]
GAP-urand:   4%|▍         | 658178048/16766984746 [00:39<16:17, 16478864.89B/s]
GAP-urand:   4%|▍         | 659865600/16766984746 [00:39<16:12, 16566961.42B/s]
GAP-urand:   4%|▍         | 661553152/16766984746 [00:40<16:07, 16645828.76B/s]
GAP-urand:   4%|▍         | 663240704/16766984746 [00:40<16:05, 16683822.86B/s]
GAP-urand:   4%|▍         | 664911872/16766984746 [00:40<16:12, 16552326.21B/s]
GAP-urand:   4%|▍         | 666599424/16766984746 [00:40<16:09, 16613132.96B/s]
GAP-urand:   4%|▍         | 668303360/16766984746 [00:40<16:03, 16706014.32B/s]
GAP-urand:   4%|▍         | 670007296/16766984746 [00:40<15:58, 16790399.40B/s]
GAP-urand:   4%|▍         | 671727616/16766984746 [00:40<15:52, 16893882.45B/s]
GAP-urand:   4%|▍         | 673464320/16766984746 [00:40<15:47, 16991903.47B/s]
GAP-urand:   4%|▍         | 675184640/16766984746 [00:40<15:45, 17018752.71B/s]
GAP-urand:   4%|▍         | 676921344/16766984746 [00:40<15:42, 17074902.96B/s]
GAP-urand:   4%|▍         | 678641664/16766984746 [00:41<15:49, 16951519.76B/s]
GAP-urand:   4%|▍         | 680345600/16766984746 [00:41<15:55, 16834701.23B/s]
GAP-urand:   4%|▍         | 682033152/16766984746 [00:41<16:06, 16646665.23B/s]
GAP-urand:   4%|▍         | 683704320/16766984746 [00:41<16:12, 16536295.66B/s]
GAP-urand:   4%|▍         | 685424640/16766984746 [00:41<16:02, 16703557.08B/s]
GAP-urand:   4%|▍         | 687112192/16766984746 [00:41<16:01, 16724004.13B/s]
GAP-urand:   4%|▍         | 688799744/16766984746 [00:41<16:16, 16472882.90B/s]
GAP-urand:   4%|▍         | 690454528/16766984746 [00:41<16:20, 16400168.72B/s]
GAP-urand:   4%|▍         | 692142080/16766984746 [00:41<16:12, 16521353.19B/s]
GAP-urand:   4%|▍         | 693829632/16766984746 [00:41<16:06, 16626017.19B/s]
GAP-urand:   4%|▍         | 695500800/16766984746 [00:42<16:12, 16524353.89B/s]
GAP-urand:   4%|▍         | 697155584/16766984746 [00:42<16:21, 16368079.46B/s]
GAP-urand:   4%|▍         | 698793984/16766984746 [00:42<16:34, 16151908.81B/s]
GAP-urand:   4%|▍         | 700448768/16766984746 [00:42<16:27, 16264929.48B/s]
GAP-urand:   4%|▍         | 702152704/16766984746 [00:42<16:15, 16475211.87B/s]
GAP-urand:   4%|▍         | 703807488/16766984746 [00:42<16:28, 16253613.81B/s]
GAP-urand:   4%|▍         | 705445888/16766984746 [00:42<16:26, 16277830.79B/s]
GAP-urand:   4%|▍         | 707084288/16766984746 [00:42<16:32, 16185628.19B/s]
GAP-urand:   4%|▍         | 708739072/16766984746 [00:42<16:25, 16291136.34B/s]
GAP-urand:   4%|▍         | 710443008/16766984746 [00:42<16:13, 16502015.94B/s]
GAP-urand:   4%|▍         | 712097792/16766984746 [00:43<16:26, 16274295.42B/s]
GAP-urand:   4%|▍         | 713801728/16766984746 [00:43<16:14, 16476338.59B/s]
GAP-urand:   4%|▍         | 715456512/16766984746 [00:43<16:15, 16458097.76B/s]
GAP-urand:   4%|▍         | 717144064/16766984746 [00:43<16:08, 16576992.10B/s]
GAP-urand:   4%|▍         | 718831616/16766984746 [00:43<16:04, 16644120.01B/s]
GAP-urand:   4%|▍         | 720502784/16766984746 [00:43<16:19, 16376431.67B/s]
GAP-urand:   4%|▍         | 722157568/16766984746 [00:43<16:16, 16422961.79B/s]
GAP-urand:   4%|▍         | 723812352/16766984746 [00:43<16:20, 16358416.09B/s]
GAP-urand:   4%|▍         | 725549056/16766984746 [00:43<16:04, 16636329.56B/s]
GAP-urand:   4%|▍         | 727220224/16766984746 [00:43<16:06, 16588688.11B/s]
GAP-urand:   4%|▍         | 728891392/16766984746 [00:44<16:11, 16507025.80B/s]
GAP-urand:   4%|▍         | 730546176/16766984746 [00:44<16:38, 16056275.92B/s]
GAP-urand:   4%|▍         | 732168192/16766984746 [00:44<16:44, 15962174.99B/s]
GAP-urand:   4%|▍         | 733790208/16766984746 [00:44<16:41, 16012326.02B/s]
GAP-urand:   4%|▍         | 735412224/16766984746 [00:44<16:38, 16059980.02B/s]
GAP-urand:   4%|▍         | 737034240/16766984746 [00:44<16:37, 16066415.33B/s]
GAP-urand:   4%|▍         | 738656256/16766984746 [00:44<16:39, 16035232.50B/s]
GAP-urand:   4%|▍         | 740294656/16766984746 [00:44<16:35, 16098548.39B/s]
GAP-urand:   4%|▍         | 741916672/16766984746 [00:44<16:55, 15785677.43B/s]
GAP-urand:   4%|▍         | 743505920/16766984746 [00:45<16:57, 15754413.43B/s]
GAP-urand:   4%|▍         | 745095168/16766984746 [00:45<17:03, 15649516.92B/s]
GAP-urand:   4%|▍         | 746733568/16766984746 [00:45<16:51, 15839688.59B/s]
GAP-urand:   4%|▍         | 748388352/16766984746 [00:45<16:38, 16037637.97B/s]
GAP-urand:   4%|▍         | 750059520/16766984746 [00:45<16:27, 16226409.80B/s]
GAP-urand:   4%|▍         | 751747072/16766984746 [00:45<16:17, 16378434.91B/s]
GAP-urand:   4%|▍         | 753401856/16766984746 [00:45<16:30, 16162528.56B/s]
GAP-urand:   5%|▍         | 755023872/16766984746 [00:45<16:42, 15968318.27B/s]
GAP-urand:   5%|▍         | 756629504/16766984746 [00:45<16:41, 15987870.29B/s]
GAP-urand:   5%|▍         | 758235136/16766984746 [00:45<16:41, 15982237.15B/s]
GAP-urand:   5%|▍         | 759840768/16766984746 [00:46<16:44, 15936262.20B/s]
GAP-urand:   5%|▍         | 761446400/16766984746 [00:46<16:49, 15854006.15B/s]
GAP-urand:   5%|▍         | 763068416/16766984746 [00:46<16:43, 15955629.30B/s]
GAP-urand:   5%|▍         | 764706816/16766984746 [00:46<16:35, 16074610.79B/s]
GAP-urand:   5%|▍         | 766328832/16766984746 [00:46<16:41, 15976425.33B/s]
GAP-urand:   5%|▍         | 767934464/16766984746 [00:46<16:49, 15854141.12B/s]
GAP-urand:   5%|▍         | 769540096/16766984746 [00:46<16:47, 15871916.14B/s]
GAP-urand:   5%|▍         | 771211264/16766984746 [00:46<16:34, 16077428.77B/s]
GAP-urand:   5%|▍         | 772882432/16766984746 [00:46<16:24, 16251844.16B/s]
GAP-urand:   5%|▍         | 774553600/16766984746 [00:46<16:17, 16352709.24B/s]
GAP-urand:   5%|▍         | 776224768/16766984746 [00:47<16:11, 16456325.22B/s]
GAP-urand:   5%|▍         | 777879552/16766984746 [00:47<16:34, 16076402.53B/s]
GAP-urand:   5%|▍         | 779501568/16766984746 [00:47<17:02, 15641910.97B/s]
GAP-urand:   5%|▍         | 781074432/16766984746 [00:47<17:23, 15312527.23B/s]
GAP-urand:   5%|▍         | 782647296/16766984746 [00:47<17:17, 15411740.13B/s]
GAP-urand:   5%|▍         | 784269312/16766984746 [00:47<17:02, 15628754.13B/s]
GAP-urand:   5%|▍         | 785858560/16766984746 [00:47<16:59, 15682655.49B/s]
GAP-urand:   5%|▍         | 787464192/16766984746 [00:47<16:53, 15761956.79B/s]
GAP-urand:   5%|▍         | 789053440/16766984746 [00:47<17:02, 15621579.35B/s]
GAP-urand:   5%|▍         | 790626304/16766984746 [00:47<17:18, 15377593.44B/s]
GAP-urand:   5%|▍         | 792166400/16766984746 [00:48<17:35, 15134604.50B/s]
GAP-urand:   5%|▍         | 793690112/16766984746 [00:48<17:38, 15091350.14B/s]
GAP-urand:   5%|▍         | 795213824/16766984746 [00:48<17:41, 15044746.00B/s]
GAP-urand:   5%|▍         | 796835840/16766984746 [00:48<17:18, 15374666.17B/s]
GAP-urand:   5%|▍         | 798490624/16766984746 [00:48<16:57, 15698779.32B/s]
GAP-urand:   5%|▍         | 800112640/16766984746 [00:48<16:48, 15832474.50B/s]
GAP-urand:   5%|▍         | 801701888/16766984746 [00:48<16:55, 15721909.77B/s]
GAP-urand:   5%|▍         | 803291136/16766984746 [00:48<17:00, 15649280.10B/s]
GAP-urand:   5%|▍         | 804929536/16766984746 [00:48<16:47, 15847583.50B/s]
GAP-urand:   5%|▍         | 806567936/16766984746 [00:49<16:38, 15979177.60B/s]
GAP-urand:   5%|▍         | 808255488/16766984746 [00:49<16:24, 16215331.44B/s]
GAP-urand:   5%|▍         | 809975808/16766984746 [00:49<16:07, 16489966.87B/s]
GAP-urand:   5%|▍         | 811630592/16766984746 [00:49<16:21, 16251547.45B/s]
GAP-urand:   5%|▍         | 813350912/16766984746 [00:49<16:05, 16530646.03B/s]
GAP-urand:   5%|▍         | 815005696/16766984746 [00:49<16:39, 15955514.20B/s]
GAP-urand:   5%|▍         | 816742400/16766984746 [00:49<16:15, 16350764.45B/s]
GAP-urand:   5%|▍         | 818397184/16766984746 [00:49<16:53, 15729369.41B/s]
GAP-urand:   5%|▍         | 820133888/16766984746 [00:49<16:26, 16171517.64B/s]
GAP-urand:   5%|▍         | 821870592/16766984746 [00:49<16:06, 16492628.27B/s]
GAP-urand:   5%|▍         | 823541760/16766984746 [00:50<16:43, 15880598.12B/s]
GAP-urand:   5%|▍         | 825278464/16766984746 [00:50<16:19, 16283267.14B/s]
GAP-urand:   5%|▍         | 826916864/16766984746 [00:50<16:51, 15766385.13B/s]
GAP-urand:   5%|▍         | 828637184/16766984746 [00:50<16:26, 16150838.58B/s]
GAP-urand:   5%|▍         | 830357504/16766984746 [00:50<16:11, 16409243.14B/s]
GAP-urand:   5%|▍         | 832012288/16766984746 [00:50<16:43, 15875641.59B/s]
GAP-urand:   5%|▍         | 833748992/16766984746 [00:50<16:19, 16258865.65B/s]
GAP-urand:   5%|▍         | 835387392/16766984746 [00:50<16:51, 15755531.25B/s]
GAP-urand:   5%|▍         | 837107712/16766984746 [00:50<16:25, 16167919.16B/s]
GAP-urand:   5%|▌         | 838746112/16766984746 [00:51<16:55, 15683725.92B/s]
GAP-urand:   5%|▌         | 840466432/16766984746 [00:51<16:31, 16070572.33B/s]
GAP-urand:   5%|▌         | 842186752/16766984746 [00:51<16:12, 16371857.68B/s]
GAP-urand:   5%|▌         | 843841536/16766984746 [00:51<16:43, 15869202.14B/s]
GAP-urand:   5%|▌         | 845561856/16766984746 [00:51<16:21, 16221532.43B/s]
GAP-urand:   5%|▌         | 847200256/16766984746 [00:51<16:51, 15738945.76B/s]
GAP-urand:   5%|▌         | 848936960/16766984746 [00:51<16:23, 16180446.04B/s]
GAP-urand:   5%|▌         | 850657280/16766984746 [00:51<16:06, 16460567.49B/s]
GAP-urand:   5%|▌         | 852312064/16766984746 [00:51<16:36, 15968572.52B/s]
GAP-urand:   5%|▌         | 854048768/16766984746 [00:51<16:13, 16345483.18B/s]
GAP-urand:   5%|▌         | 855703552/16766984746 [00:52<16:53, 15701715.02B/s]
GAP-urand:   5%|▌         | 857440256/16766984746 [00:52<16:25, 16138493.81B/s]
GAP-urand:   5%|▌         | 859062272/16766984746 [00:52<16:49, 15759911.58B/s]
GAP-urand:   5%|▌         | 860815360/16766984746 [00:52<16:20, 16224638.86B/s]
GAP-urand:   5%|▌         | 862568448/16766984746 [00:52<15:59, 16567112.54B/s]
GAP-urand:   5%|▌         | 864239616/16766984746 [00:52<16:43, 15840709.19B/s]
GAP-urand:   5%|▌         | 865976320/16766984746 [00:52<16:17, 16269465.82B/s]
GAP-urand:   5%|▌         | 867614720/16766984746 [00:52<16:47, 15774283.84B/s]
GAP-urand:   5%|▌         | 869351424/16766984746 [00:52<16:20, 16214723.69B/s]
GAP-urand:   5%|▌         | 871022592/16766984746 [00:53<16:51, 15720205.58B/s]
GAP-urand:   5%|▌         | 872759296/16766984746 [00:53<16:21, 16186281.67B/s]
GAP-urand:   5%|▌         | 874496000/16766984746 [00:53<16:01, 16525003.31B/s]
GAP-urand:   5%|▌         | 876167168/16766984746 [00:53<16:38, 15919255.02B/s]
GAP-urand:   5%|▌         | 877903872/16766984746 [00:53<16:13, 16322277.65B/s]
GAP-urand:   5%|▌         | 879558656/16766984746 [00:53<16:43, 15829579.66B/s]
GAP-urand:   5%|▌         | 881295360/16766984746 [00:53<16:18, 16240015.50B/s]
GAP-urand:   5%|▌         | 883032064/16766984746 [00:53<15:59, 16562077.15B/s]
GAP-urand:   5%|▌         | 884703232/16766984746 [00:53<16:39, 15893361.23B/s]
GAP-urand:   5%|▌         | 886439936/16766984746 [00:53<16:15, 16279504.23B/s]
GAP-urand:   5%|▌         | 888078336/16766984746 [00:54<16:43, 15819050.51B/s]
GAP-urand:   5%|▌         | 889815040/16766984746 [00:54<16:16, 16255621.59B/s]
GAP-urand:   5%|▌         | 891453440/16766984746 [00:54<16:46, 15777697.78B/s]
GAP-urand:   5%|▌         | 893190144/16766984746 [00:54<16:18, 16225397.60B/s]
GAP-urand:   5%|▌         | 894910464/16766984746 [00:54<16:01, 16506256.25B/s]
GAP-urand:   5%|▌         | 896581632/16766984746 [00:54<16:43, 15811584.39B/s]
GAP-urand:   5%|▌         | 898318336/16766984746 [00:54<16:17, 16241776.72B/s]
GAP-urand:   5%|▌         | 899956736/16766984746 [00:54<16:51, 15690416.47B/s]
GAP-urand:   5%|▌         | 901693440/16766984746 [00:54<16:21, 16163334.55B/s]
GAP-urand:   5%|▌         | 903413760/16766984746 [00:55<16:04, 16455773.34B/s]
GAP-urand:   5%|▌         | 905068544/16766984746 [00:55<16:38, 15893205.24B/s]
GAP-urand:   5%|▌         | 906772480/16766984746 [00:55<16:18, 16201343.00B/s]
GAP-urand:   5%|▌         | 908410880/16766984746 [00:55<16:43, 15800504.08B/s]
GAP-urand:   5%|▌         | 910147584/16766984746 [00:55<16:16, 16240519.15B/s]
GAP-urand:   5%|▌         | 911785984/16766984746 [00:55<16:50, 15692650.40B/s]
GAP-urand:   5%|▌         | 913522688/16766984746 [00:55<16:21, 16144541.18B/s]
GAP-urand:   5%|▌         | 915275776/16766984746 [00:55<16:00, 16509528.13B/s]
GAP-urand:   5%|▌         | 916946944/16766984746 [00:55<16:37, 15896731.47B/s]

asv: benchmark timed out (timeout 60s)

·· ========================================= ========
                    dataset                          
   ----------------------------------------- --------
         bfs_inputs.snap-email-Eu-core         n/a   
       bfs_inputs.snap-facebook_combined       n/a   
            bfs_inputs.snap-ca-GrQc            n/a   
         bfs_inputs.snap-p2p-Gnutella04        n/a   
         bfs_test_inputs.test_bfs_basic        n/a   
      bfs_test_inputs.test_bfs_single_node     n/a   
     bfs_test_inputs.test_bfs_disconnected     n/a   
      bfs_test_inputs.test_bfs_undirected      n/a   
         bfs_test_inputs.test_bfs_cycle        n/a   
       bfs_test_inputs.test_bfs_snap_toy       n/a   
      bfs_gap_inputs.GAP/GAP-road_4795720      n/a   
      bfs_gap_inputs.GAP/GAP-road_21003853     n/a   
       bfs_gap_inputs.GAP/GAP-road_417968      n/a   
      bfs_gap_inputs.GAP/GAP-road_6496511      n/a   
      bfs_gap_inputs.GAP/GAP-road_6648699      n/a   
      bfs_gap_inputs.GAP/GAP-road_9811073      n/a   
      bfs_gap_inputs.GAP/GAP-road_22247478     n/a   
      bfs_gap_inputs.GAP/GAP-road_5720252      n/a   
      bfs_gap_inputs.GAP/GAP-road_12366459     n/a   
      bfs_gap_inputs.GAP/GAP-road_20413729     n/a   
      bfs_gap_inputs.GAP/GAP-road_4217374      n/a   
      bfs_gap_inputs.GAP/GAP-road_2674749      n/a   
      bfs_gap_inputs.GAP/GAP-road_22085557     n/a   
      bfs_gap_inputs.GAP/GAP-road_19445040     n/a   
      bfs_gap_inputs.GAP/GAP-road_2360788      n/a   
      bfs_gap_inputs.GAP/GAP-road_19115968     n/a   
      bfs_gap_inputs.GAP/GAP-road_7758767      n/a   
      bfs_gap_inputs.GAP/GAP-road_13468234     n/a   
       bfs_gap_inputs.GAP/GAP-road_30367       n/a   
      bfs_gap_inputs.GAP/GAP-road_18599547     n/a   
      bfs_gap_inputs.GAP/GAP-road_7526108      n/a   
      bfs_gap_inputs.GAP/GAP-road_16836280     n/a   
      bfs_gap_inputs.GAP/GAP-road_12742067     n/a   
      bfs_gap_inputs.GAP/GAP-road_7697995      n/a   
      bfs_gap_inputs.GAP/GAP-road_5876443      n/a   
      bfs_gap_inputs.GAP/GAP-road_9616340      n/a   
      bfs_gap_inputs.GAP/GAP-road_2497673      n/a   
      bfs_gap_inputs.GAP/GAP-road_10052290     n/a   
      bfs_gap_inputs.GAP/GAP-road_12493057     n/a   
      bfs_gap_inputs.GAP/GAP-road_1670855      n/a   
      bfs_gap_inputs.GAP/GAP-road_2760679      n/a   
      bfs_gap_inputs.GAP/GAP-road_2460941      n/a   
      bfs_gap_inputs.GAP/GAP-road_8489650      n/a   
      bfs_gap_inputs.GAP/GAP-road_5005225      n/a   
      bfs_gap_inputs.GAP/GAP-road_8744645      n/a   
      bfs_gap_inputs.GAP/GAP-road_8512023      n/a   
      bfs_gap_inputs.GAP/GAP-road_21912165     n/a   
      bfs_gap_inputs.GAP/GAP-road_1105390      n/a   
      bfs_gap_inputs.GAP/GAP-road_15432163     n/a   
      bfs_gap_inputs.GAP/GAP-road_1600177      n/a   
      bfs_gap_inputs.GAP/GAP-road_19079469     n/a   
      bfs_gap_inputs.GAP/GAP-road_16516637     n/a   
      bfs_gap_inputs.GAP/GAP-road_20202566    failed 
      bfs_gap_inputs.GAP/GAP-road_21372803     n/a   
      bfs_gap_inputs.GAP/GAP-road_2898009      n/a   
      bfs_gap_inputs.GAP/GAP-road_8491277      n/a   
      bfs_gap_inputs.GAP/GAP-road_18798317     n/a   
      bfs_gap_inputs.GAP/GAP-road_23757560     n/a   
      bfs_gap_inputs.GAP/GAP-road_17161819     n/a   
      bfs_gap_inputs.GAP/GAP-road_23180739     n/a   
      bfs_gap_inputs.GAP/GAP-road_10997085     n/a   
      bfs_gap_inputs.GAP/GAP-road_3730630      n/a   
      bfs_gap_inputs.GAP/GAP-road_1079068      n/a   
      bfs_gap_inputs.GAP/GAP-road_15426822     n/a   
      bfs_gap_inputs.GAP/GAP-road_12190925     n/a   
      bfs_gap_inputs.GAP/GAP-road_1155218      n/a   
      bfs_gap_inputs.GAP/GAP-road_10693488     n/a   
      bfs_gap_inputs.GAP/GAP-road_14434835     n/a   
      bfs_gap_inputs.GAP/GAP-road_19963339     n/a   
      bfs_gap_inputs.GAP/GAP-road_3486185      n/a   
      bfs_gap_inputs.GAP/GAP-road_18383269     n/a   
      bfs_gap_inputs.GAP/GAP-road_20269908     n/a   
      bfs_gap_inputs.GAP/GAP-road_12370764     n/a   
      bfs_gap_inputs.GAP/GAP-road_7843140      n/a   
    bfs_gap_inputs.GAP/GAP-twitter_12441072    n/a   
    bfs_gap_inputs.GAP/GAP-twitter_54488257    n/a   
    bfs_gap_inputs.GAP/GAP-twitter_25451915    n/a   
    bfs_gap_inputs.GAP/GAP-twitter_57714473    n/a   
    bfs_gap_inputs.GAP/GAP-twitter_14839494    n/a   
    bfs_gap_inputs.GAP/GAP-twitter_32081104    n/a   
    bfs_gap_inputs.GAP/GAP-twitter_52957357    n/a   
    bfs_gap_inputs.GAP/GAP-twitter_50444380    n/a   
    bfs_gap_inputs.GAP/GAP-twitter_49590701    n/a   
    bfs_gap_inputs.GAP/GAP-twitter_20127816    n/a   
    bfs_gap_inputs.GAP/GAP-twitter_34939333    n/a   
    bfs_gap_inputs.GAP/GAP-twitter_48251001    n/a   
    bfs_gap_inputs.GAP/GAP-twitter_19524253    n/a   
    bfs_gap_inputs.GAP/GAP-twitter_43676726    n/a   
    bfs_gap_inputs.GAP/GAP-twitter_33055508    n/a   
    bfs_gap_inputs.GAP/GAP-twitter_15244687    n/a   
    bfs_gap_inputs.GAP/GAP-twitter_24946738    n/a   
     bfs_gap_inputs.GAP/GAP-twitter_6479472    n/a   
    bfs_gap_inputs.GAP/GAP-twitter_26077682    n/a   
    bfs_gap_inputs.GAP/GAP-twitter_22023875    n/a   
    bfs_gap_inputs.GAP/GAP-twitter_22081915    n/a   
    bfs_gap_inputs.GAP/GAP-twitter_40034162    n/a   
    bfs_gap_inputs.GAP/GAP-twitter_49496014    n/a   
    bfs_gap_inputs.GAP/GAP-twitter_42847507    n/a   
    bfs_gap_inputs.GAP/GAP-twitter_52409557    n/a   
    bfs_gap_inputs.GAP/GAP-twitter_55445388    n/a   
    bfs_gap_inputs.GAP/GAP-twitter_22028097    n/a   
    bfs_gap_inputs.GAP/GAP-twitter_48766648    n/a   
    bfs_gap_inputs.GAP/GAP-twitter_44521241    n/a   
    bfs_gap_inputs.GAP/GAP-twitter_60135542    n/a   
    bfs_gap_inputs.GAP/GAP-twitter_28528671    n/a   
     bfs_gap_inputs.GAP/GAP-twitter_9678012    n/a   
    bfs_gap_inputs.GAP/GAP-twitter_40020306    n/a   
    bfs_gap_inputs.GAP/GAP-twitter_31625735    n/a   
    bfs_gap_inputs.GAP/GAP-twitter_37446892    n/a   
    bfs_gap_inputs.GAP/GAP-twitter_51788952    n/a   
    bfs_gap_inputs.GAP/GAP-twitter_52584255    n/a   
    bfs_gap_inputs.GAP/GAP-twitter_20346696    n/a   
    bfs_gap_inputs.GAP/GAP-twitter_48387909    n/a   
    bfs_gap_inputs.GAP/GAP-twitter_37337427    n/a   
    bfs_gap_inputs.GAP/GAP-twitter_50501084    n/a   
    bfs_gap_inputs.GAP/GAP-twitter_30130061    n/a   
    bfs_gap_inputs.GAP/GAP-twitter_41185893   failed 
    bfs_gap_inputs.GAP/GAP-twitter_56495703    n/a   
    bfs_gap_inputs.GAP/GAP-twitter_45663305    n/a   
    bfs_gap_inputs.GAP/GAP-twitter_33359460    n/a   
    bfs_gap_inputs.GAP/GAP-twitter_48143058    n/a   
    bfs_gap_inputs.GAP/GAP-twitter_33291513    n/a   
    bfs_gap_inputs.GAP/GAP-twitter_53461445    n/a   
    bfs_gap_inputs.GAP/GAP-twitter_29340610    n/a   
    bfs_gap_inputs.GAP/GAP-twitter_34148498    n/a   
    bfs_gap_inputs.GAP/GAP-twitter_49171806    n/a   
    bfs_gap_inputs.GAP/GAP-twitter_35550696    n/a   
    bfs_gap_inputs.GAP/GAP-twitter_14521507    n/a   
    bfs_gap_inputs.GAP/GAP-twitter_51633218    n/a   
    bfs_gap_inputs.GAP/GAP-twitter_46823382    n/a   
    bfs_gap_inputs.GAP/GAP-twitter_19396273    n/a   
    bfs_gap_inputs.GAP/GAP-twitter_19871750    n/a   
    bfs_gap_inputs.GAP/GAP-twitter_36862677    n/a   
    bfs_gap_inputs.GAP/GAP-twitter_49539126    n/a   
    bfs_gap_inputs.GAP/GAP-twitter_34016452    n/a   
    bfs_gap_inputs.GAP/GAP-twitter_36567395    n/a   
    bfs_gap_inputs.GAP/GAP-twitter_55487793    n/a   
    bfs_gap_inputs.GAP/GAP-twitter_14391370    n/a   
      bfs_gap_inputs.GAP/GAP-web_10219452      n/a   
      bfs_gap_inputs.GAP/GAP-web_44758211      n/a   
       bfs_gap_inputs.GAP/GAP-web_890671       n/a   
      bfs_gap_inputs.GAP/GAP-web_13843756      n/a   
      bfs_gap_inputs.GAP/GAP-web_14168062      n/a   
      bfs_gap_inputs.GAP/GAP-web_20906930      n/a   
      bfs_gap_inputs.GAP/GAP-web_12189584      n/a   
      bfs_gap_inputs.GAP/GAP-web_26352335      n/a   
      bfs_gap_inputs.GAP/GAP-web_43500686      n/a   
       bfs_gap_inputs.GAP/GAP-web_8987024      n/a   
       bfs_gap_inputs.GAP/GAP-web_5699762      n/a   
      bfs_gap_inputs.GAP/GAP-web_41436455      n/a   
       bfs_gap_inputs.GAP/GAP-web_5030727      n/a   
      bfs_gap_inputs.GAP/GAP-web_40735218      n/a   
      bfs_gap_inputs.GAP/GAP-web_16533563      n/a   
      bfs_gap_inputs.GAP/GAP-web_28700166      n/a   
        bfs_gap_inputs.GAP/GAP-web_64711       n/a   
      bfs_gap_inputs.GAP/GAP-web_39634750      n/a   
      bfs_gap_inputs.GAP/GAP-web_16037779      n/a   
      bfs_gap_inputs.GAP/GAP-web_27152739      n/a   
      bfs_gap_inputs.GAP/GAP-web_16404061      n/a   
      bfs_gap_inputs.GAP/GAP-web_20491963      n/a   
       bfs_gap_inputs.GAP/GAP-web_5322423      n/a   
      bfs_gap_inputs.GAP/GAP-web_21420953      n/a   
      bfs_gap_inputs.GAP/GAP-web_26622109      n/a   
       bfs_gap_inputs.GAP/GAP-web_5882875      n/a   
      bfs_gap_inputs.GAP/GAP-web_18091040      n/a   
      bfs_gap_inputs.GAP/GAP-web_10665896      n/a   
      bfs_gap_inputs.GAP/GAP-web_18634422      n/a   
      bfs_gap_inputs.GAP/GAP-web_18138715      n/a   
       bfs_gap_inputs.GAP/GAP-web_2355535      n/a   
      bfs_gap_inputs.GAP/GAP-web_32885205      n/a   
      bfs_gap_inputs.GAP/GAP-web_40657440      n/a   
      bfs_gap_inputs.GAP/GAP-web_35196167      n/a   
      bfs_gap_inputs.GAP/GAP-web_45544426      n/a   
       bfs_gap_inputs.GAP/GAP-web_6175519      n/a   
      bfs_gap_inputs.GAP/GAP-web_40058318      n/a   
      bfs_gap_inputs.GAP/GAP-web_50626230      n/a   
      bfs_gap_inputs.GAP/GAP-web_36571019      n/a   
      bfs_gap_inputs.GAP/GAP-web_49397052      n/a   
      bfs_gap_inputs.GAP/GAP-web_23434265      n/a   
       bfs_gap_inputs.GAP/GAP-web_2299444      n/a   
      bfs_gap_inputs.GAP/GAP-web_32873823     failed 
      bfs_gap_inputs.GAP/GAP-web_25978282      n/a   
       bfs_gap_inputs.GAP/GAP-web_2461715      n/a   
      bfs_gap_inputs.GAP/GAP-web_22787314      n/a   
      bfs_gap_inputs.GAP/GAP-web_30759947      n/a   
       bfs_gap_inputs.GAP/GAP-web_7428894      n/a   
      bfs_gap_inputs.GAP/GAP-web_39173870      n/a   
      bfs_gap_inputs.GAP/GAP-web_43194209      n/a   
      bfs_gap_inputs.GAP/GAP-web_26361509      n/a   
      bfs_gap_inputs.GAP/GAP-web_39747211      n/a   
      bfs_gap_inputs.GAP/GAP-web_30670029      n/a   
      bfs_gap_inputs.GAP/GAP-web_41483033      n/a   
       bfs_gap_inputs.GAP/GAP-web_9358666      n/a   
       bfs_gap_inputs.GAP/GAP-web_9945008      n/a   
       bfs_gap_inputs.GAP/GAP-web_3355244      n/a   
      bfs_gap_inputs.GAP/GAP-web_33831269      n/a   
      bfs_gap_inputs.GAP/GAP-web_45124744      n/a   
      bfs_gap_inputs.GAP/GAP-web_16137877      n/a   
      bfs_gap_inputs.GAP/GAP-web_11235448      n/a   
      bfs_gap_inputs.GAP/GAP-web_37509144      n/a   
      bfs_gap_inputs.GAP/GAP-web_27402414      n/a   
      bfs_gap_inputs.GAP/GAP-web_39546083      n/a   
      bfs_gap_inputs.GAP/GAP-kron_2338012      n/a   
      bfs_gap_inputs.GAP/GAP-kron_31997659     n/a   
      bfs_gap_inputs.GAP/GAP-kron_23590940     n/a   
      bfs_gap_inputs.GAP/GAP-kron_43400604     n/a   
      bfs_gap_inputs.GAP/GAP-kron_75337937     n/a   
       bfs_gap_inputs.GAP/GAP-kron_169867      n/a   
     bfs_gap_inputs.GAP/GAP-kron_104041220     n/a   
      bfs_gap_inputs.GAP/GAP-kron_94177942     n/a   
      bfs_gap_inputs.GAP/GAP-kron_32871357     n/a   
      bfs_gap_inputs.GAP/GAP-kron_56230002     n/a   
      bfs_gap_inputs.GAP/GAP-kron_69883037     n/a   
      bfs_gap_inputs.GAP/GAP-kron_9346345      n/a   
      bfs_gap_inputs.GAP/GAP-kron_48915358     n/a   
     bfs_gap_inputs.GAP/GAP-kron_122571173     n/a   
      bfs_gap_inputs.GAP/GAP-kron_6183279      n/a   
      bfs_gap_inputs.GAP/GAP-kron_86323663     n/a   
     bfs_gap_inputs.GAP/GAP-kron_106725780     n/a   
      bfs_gap_inputs.GAP/GAP-kron_92389938     n/a   
      bfs_gap_inputs.GAP/GAP-kron_16210738     n/a   
      bfs_gap_inputs.GAP/GAP-kron_59816700     n/a   
     bfs_gap_inputs.GAP/GAP-kron_111669929     n/a   
     bfs_gap_inputs.GAP/GAP-kron_102831411     n/a   
     bfs_gap_inputs.GAP/GAP-kron_113384800     n/a   
      bfs_gap_inputs.GAP/GAP-kron_43872564     n/a   
      bfs_gap_inputs.GAP/GAP-kron_80508827     n/a   
      bfs_gap_inputs.GAP/GAP-kron_26105648     n/a   
      bfs_gap_inputs.GAP/GAP-kron_8807516      n/a   
     bfs_gap_inputs.GAP/GAP-kron_118452455     n/a   
     bfs_gap_inputs.GAP/GAP-kron_121818859     n/a   
      bfs_gap_inputs.GAP/GAP-kron_42361928     n/a   
      bfs_gap_inputs.GAP/GAP-kron_29493053     n/a   
      bfs_gap_inputs.GAP/GAP-kron_98461503     n/a   
      bfs_gap_inputs.GAP/GAP-kron_71931337     n/a   
     bfs_gap_inputs.GAP/GAP-kron_103808468     n/a   
      bfs_gap_inputs.GAP/GAP-kron_4092345      n/a   
     bfs_gap_inputs.GAP/GAP-kron_115276241     n/a   
      bfs_gap_inputs.GAP/GAP-kron_4649343      n/a   
      bfs_gap_inputs.GAP/GAP-kron_76656189     n/a   
      bfs_gap_inputs.GAP/GAP-kron_31312001     n/a   
     bfs_gap_inputs.GAP/GAP-kron_111334127     n/a   
     bfs_gap_inputs.GAP/GAP-kron_100962918     n/a   
      bfs_gap_inputs.GAP/GAP-kron_41823215     n/a   
      bfs_gap_inputs.GAP/GAP-kron_22631240    failed 
      bfs_gap_inputs.GAP/GAP-kron_42848461     n/a   
      bfs_gap_inputs.GAP/GAP-kron_79485148     n/a   
     bfs_gap_inputs.GAP/GAP-kron_106818742     n/a   
      bfs_gap_inputs.GAP/GAP-kron_73347974     n/a   
      bfs_gap_inputs.GAP/GAP-kron_78848445     n/a   
     bfs_gap_inputs.GAP/GAP-kron_109920510     n/a   
     bfs_gap_inputs.GAP/GAP-kron_121492133     n/a   
     bfs_gap_inputs.GAP/GAP-kron_101037296     n/a   
      bfs_gap_inputs.GAP/GAP-kron_15438600     n/a   
      bfs_gap_inputs.GAP/GAP-kron_4584784      n/a   
     bfs_gap_inputs.GAP/GAP-kron_124503845     n/a   
      bfs_gap_inputs.GAP/GAP-kron_87241743     n/a   
     bfs_gap_inputs.GAP/GAP-kron_108297008     n/a   
      bfs_gap_inputs.GAP/GAP-kron_33955082     n/a   
      bfs_gap_inputs.GAP/GAP-kron_79934823     n/a   
      bfs_gap_inputs.GAP/GAP-kron_8608481      n/a   
      bfs_gap_inputs.GAP/GAP-kron_82435063     n/a   
      bfs_gap_inputs.GAP/GAP-kron_46579271     n/a   
       bfs_gap_inputs.GAP/GAP-kron_515421      n/a   
     bfs_gap_inputs.GAP/GAP-kron_121530467     n/a   
     bfs_gap_inputs.GAP/GAP-kron_127978736     n/a   
     bfs_gap_inputs.GAP/GAP-urand_27691419     n/a   
     bfs_gap_inputs.GAP/GAP-urand_121280314    n/a   
      bfs_gap_inputs.GAP/GAP-urand_2413431     n/a   
     bfs_gap_inputs.GAP/GAP-urand_37512113     n/a   
     bfs_gap_inputs.GAP/GAP-urand_38390877     n/a   
     bfs_gap_inputs.GAP/GAP-urand_56651037     n/a   
     bfs_gap_inputs.GAP/GAP-urand_128461248    n/a   
     bfs_gap_inputs.GAP/GAP-urand_33029842     n/a   
     bfs_gap_inputs.GAP/GAP-urand_71406328     n/a   
     bfs_gap_inputs.GAP/GAP-urand_117872827    n/a   
     bfs_gap_inputs.GAP/GAP-urand_24351938     n/a   
     bfs_gap_inputs.GAP/GAP-urand_15444519     n/a   
     bfs_gap_inputs.GAP/GAP-urand_127526281    n/a   
     bfs_gap_inputs.GAP/GAP-urand_112279428    n/a   
     bfs_gap_inputs.GAP/GAP-urand_13631649     n/a   
     bfs_gap_inputs.GAP/GAP-urand_110379302    n/a   
     bfs_gap_inputs.GAP/GAP-urand_44800623     n/a   
     bfs_gap_inputs.GAP/GAP-urand_77768193     n/a   
      bfs_gap_inputs.GAP/GAP-urand_175347      n/a   
     bfs_gap_inputs.GAP/GAP-urand_107397389    n/a   
     bfs_gap_inputs.GAP/GAP-urand_43457209     n/a   
     bfs_gap_inputs.GAP/GAP-urand_97215940     n/a   
     bfs_gap_inputs.GAP/GAP-urand_73575165     n/a   
     bfs_gap_inputs.GAP/GAP-urand_44449715     n/a   
     bfs_gap_inputs.GAP/GAP-urand_33931724     n/a   
     bfs_gap_inputs.GAP/GAP-urand_55526610     n/a   
     bfs_gap_inputs.GAP/GAP-urand_14422051     n/a   
     bfs_gap_inputs.GAP/GAP-urand_58043873     n/a   
     bfs_gap_inputs.GAP/GAP-urand_72137329     n/a   
      bfs_gap_inputs.GAP/GAP-urand_9647840     n/a   
     bfs_gap_inputs.GAP/GAP-urand_15940695     n/a   
     bfs_gap_inputs.GAP/GAP-urand_14209952     n/a   
     bfs_gap_inputs.GAP/GAP-urand_49020883     n/a   
     bfs_gap_inputs.GAP/GAP-urand_28901138     n/a   
     bfs_gap_inputs.GAP/GAP-urand_50493273     n/a   
     bfs_gap_inputs.GAP/GAP-urand_49150069     n/a   
     bfs_gap_inputs.GAP/GAP-urand_126525082    n/a   
      bfs_gap_inputs.GAP/GAP-urand_6382740     n/a   
     bfs_gap_inputs.GAP/GAP-urand_89108297     n/a   
      bfs_gap_inputs.GAP/GAP-urand_9239735     n/a   
     bfs_gap_inputs.GAP/GAP-urand_110168548    n/a   
     bfs_gap_inputs.GAP/GAP-urand_95370259     n/a   
     bfs_gap_inputs.GAP/GAP-urand_116653530   failed 
     bfs_gap_inputs.GAP/GAP-urand_123410703    n/a   
     bfs_gap_inputs.GAP/GAP-urand_16733665     n/a   
     bfs_gap_inputs.GAP/GAP-urand_49030282     n/a   
     bfs_gap_inputs.GAP/GAP-urand_108545121    n/a   
     bfs_gap_inputs.GAP/GAP-urand_99095665     n/a   
     bfs_gap_inputs.GAP/GAP-urand_133850077    n/a   
     bfs_gap_inputs.GAP/GAP-urand_63499301     n/a   
     bfs_gap_inputs.GAP/GAP-urand_21541382     n/a   
      bfs_gap_inputs.GAP/GAP-urand_6230751     n/a   
     bfs_gap_inputs.GAP/GAP-urand_89077456     n/a   
     bfs_gap_inputs.GAP/GAP-urand_70392765     n/a   
      bfs_gap_inputs.GAP/GAP-urand_6670455     n/a   
     bfs_gap_inputs.GAP/GAP-urand_61746271     n/a   
     bfs_gap_inputs.GAP/GAP-urand_83349535     n/a   
     bfs_gap_inputs.GAP/GAP-urand_115272184    n/a   
     bfs_gap_inputs.GAP/GAP-urand_20129908     n/a   
     bfs_gap_inputs.GAP/GAP-urand_106148553    n/a   
     bfs_gap_inputs.GAP/GAP-urand_117042375    n/a   
     bfs_gap_inputs.GAP/GAP-urand_71431187     n/a   
     bfs_gap_inputs.GAP/GAP-urand_45287808     n/a   
     bfs_gap_inputs.GAP/GAP-urand_107702120    n/a   
   ========================================= ========
   For parameters: bfs_gap_inputs.GAP/GAP-road_20202566
   INFO root: Dataset suitesparse_matrix.GAP/GAP-road manifest metadata is stale.
   INFO root: Dataset suitesparse_matrix.GAP/GAP-road regenerated.
   Traceback (most recent call last):
     File "/storage/scratch1/7/wahrens6/SparseArrayProgrammingSuite/competition/run_13072363/task_3/env/chunk-3/c6e6c30cd4da42ee650d557ff6858c92/lib/python3.12/site-packages/asv_runner/server.py", line 179, in _run_server
       _run(run_args)
     File "/storage/scratch1/7/wahrens6/SparseArrayProgrammingSuite/competition/run_13072363/task_3/env/chunk-3/c6e6c30cd4da42ee650d557ff6858c92/lib/python3.12/site-packages/asv_runner/run.py", line 73, in _run
       result = benchmark.do_run()
                ^^^^^^^^^^^^^^^^^^
     File "/storage/scratch1/7/wahrens6/SparseArrayProgrammingSuite/competition/run_13072363/task_3/env/chunk-3/c6e6c30cd4da42ee650d557ff6858c92/lib/python3.12/site-packages/asv_runner/benchmarks/_base.py", line 758, in do_run
       return self.run(*self._build_params())
              ^^^^^^^^^^^^^^^^^^^^^^^^^^^^^^^
     File "/storage/scratch1/7/wahrens6/SparseArrayProgrammingSuite/competition/run_13072363/task_3/env/chunk-3/c6e6c30cd4da42ee650d557ff6858c92/lib/python3.12/site-packages/asv_runner/benchmarks/time.py", line 235, in run
       samples, number = self.benchmark_timing(
                         ^^^^^^^^^^^^^^^^^^^^^^
     File "/storage/scratch1/7/wahrens6/SparseArrayProgrammingSuite/competition/run_13072363/task_3/env/chunk-3/c6e6c30cd4da42ee650d557ff6858c92/lib/python3.12/site-packages/asv_runner/benchmarks/time.py", line 357, in benchmark_timing
       timing = timer.timeit(number)
                ^^^^^^^^^^^^^^^^^^^^
     File "/storage/pace-apps/spack/packages/linux-rhel9-x86_64_v3/gcc-11.3.1/python-3.12.5-5sase6atfv2x5tf7dy5x5sqfzyguhsia/lib/python3.12/timeit.py", line 180, in timeit
       timing = self.inner(it, self.timer)
                ^^^^^^^^^^^^^^^^^^^^^^^^^^
     File "<timeit-src>", line 6, in inner
     File "/storage/scratch1/7/wahrens6/SparseArrayProgrammingSuite/competition/run_13072363/task_3/env/chunk-3/c6e6c30cd4da42ee650d557ff6858c92/lib/python3.12/site-packages/asv_runner/benchmarks/time.py", line 130, in func
       self.func(*param)
     File "/storage/scratch1/7/wahrens6/SparseArrayProgrammingSuite/competition/run_13072363/task_3/env/chunk-3/c6e6c30cd4da42ee650d557ff6858c92/lib/python3.12/site-packages/saps/benchmark.py", line 360, in _time_run
       self.run(param)
     File "/storage/scratch1/7/wahrens6/SparseArrayProgrammingSuite/competition/run_13072363/task_3/env/chunk-3/c6e6c30cd4da42ee650d557ff6858c92/lib/python3.12/site-packages/saps/benchmark.py", line 432, in run
       input = [xp.from_binsparse(d) for d in self._input]
                ^^^^^^^^^^^^^^^^^^^^
     File "/storage/scratch1/7/wahrens6/SparseArrayProgrammingSuite/frameworks/saps_numpy.py", line 33, in from_binsparse
       return np.asarray(to_sparse(array).todense())
                         ^^^^^^^^^^^^^^^^^^^^^^^^^^
     File "/storage/scratch1/7/wahrens6/SparseArrayProgrammingSuite/competition/run_13072363/task_3/env/chunk-3/c6e6c30cd4da42ee650d557ff6858c92/lib/python3.12/site-packages/sparse/numba_backend/_coo/core.py", line 410, in todense
       x = np.full(self.shape, self.fill_value, self.dtype)
           ^^^^^^^^^^^^^^^^^^^^^^^^^^^^^^^^^^^^^^^^^^^^^^^^
     File "/storage/scratch1/7/wahrens6/SparseArrayProgrammingSuite/competition/run_13072363/task_3/env/chunk-3/c6e6c30cd4da42ee650d557ff6858c92/lib/python3.12/site-packages/numpy/_core/numeric.py", line 386, in full
       a = empty(shape, dtype, order, device=device)
           ^^^^^^^^^^^^^^^^^^^^^^^^^^^^^^^^^^^^^^^^^
   numpy._core._exceptions._ArrayMemoryError: Unable to allocate 4.07 PiB for an array with shape (23947347, 23947347) and data type int64
   
   For parameters: bfs_gap_inputs.GAP/GAP-twitter_41185893
   INFO root: Dataset suitesparse_matrix.GAP/GAP-twitter manifest metadata is stale.
   
   GAP-twitter:   0%|          | 0/9469180207 [00:00<?, ?B/s]
   GAP-twitter:   0%|          | 278528/9469180207 [00:00<57:57, 2722597.29B/s]
   GAP-twitter:   0%|          | 1359872/9469180207 [00:00<21:19, 7402116.93B/s]
   GAP-twitter:   0%|          | 2883584/9469180207 [00:00<14:26, 10930734.47B/s]
   GAP-twitter:   0%|          | 4292608/9469180207 [00:00<12:57, 12167298.92B/s]
   GAP-twitter:   0%|          | 5849088/9469180207 [00:00<11:47, 13369499.72B/s]
   GAP-twitter:   0%|          | 7340032/9469180207 [00:00<11:21, 13888832.37B/s]
   GAP-twitter:   0%|          | 8962048/9469180207 [00:00<10:47, 14619065.90B/s]
   GAP-twitter:   0%|          | 10436608/9469180207 [00:00<10:46, 14632942.86B/s]
   GAP-twitter:   0%|          | 12058624/9469180207 [00:00<10:27, 15071861.60B/s]
   GAP-twitter:   0%|          | 13697024/9469180207 [00:01<10:12, 15448570.47B/s]
   GAP-twitter:   0%|          | 15253504/9469180207 [00:01<10:18, 15276278.59B/s]
   GAP-twitter:   0%|          | 16793600/9469180207 [00:01<10:21, 15220229.91B/s]
   GAP-twitter:   0%|          | 18350080/9469180207 [00:01<10:17, 15305049.16B/s]
   GAP-twitter:   0%|          | 19890176/9469180207 [00:01<10:19, 15257738.30B/s]
   GAP-twitter:   0%|          | 21528576/9469180207 [00:01<10:06, 15571867.90B/s]
   GAP-twitter:   0%|          | 23134208/9469180207 [00:01<10:01, 15716272.55B/s]
   GAP-twitter:   0%|          | 24707072/9469180207 [00:01<10:03, 15637518.25B/s]
   GAP-twitter:   0%|          | 26279936/9469180207 [00:01<10:09, 15502930.38B/s]
   GAP-twitter:   0%|          | 27852800/9469180207 [00:01<10:07, 15534786.61B/s]
   GAP-twitter:   0%|          | 29409280/9469180207 [00:02<10:08, 15507491.76B/s]
   GAP-twitter:   0%|          | 30982144/9469180207 [00:02<10:06, 15562741.54B/s]
   GAP-twitter:   0%|          | 32620544/9469180207 [00:02<09:57, 15789676.68B/s]
   GAP-twitter:   0%|          | 34209792/9469180207 [00:02<09:59, 15725947.98B/s]
   GAP-twitter:   0%|          | 35848192/9469180207 [00:02<09:53, 15892133.04B/s]
   GAP-twitter:   0%|          | 37453824/9469180207 [00:02<09:53, 15890148.80B/s]
   GAP-twitter:   0%|          | 39043072/9469180207 [00:02<09:57, 15778736.27B/s]
   GAP-twitter:   0%|          | 40632320/9469180207 [00:02<10:03, 15633738.22B/s]
   GAP-twitter:   0%|          | 42205184/9469180207 [00:02<10:04, 15597593.51B/s]
   GAP-twitter:   0%|          | 43778048/9469180207 [00:02<10:16, 15287719.53B/s]
   GAP-twitter:   0%|          | 45383680/9469180207 [00:03<10:08, 15481334.73B/s]
   GAP-twitter:   0%|          | 46989312/9469180207 [00:03<10:03, 15623107.80B/s]
   GAP-twitter:   1%|          | 48594944/9469180207 [00:03<09:59, 15715037.32B/s]
   GAP-twitter:   1%|          | 50249728/9469180207 [00:03<09:50, 15955288.93B/s]
   GAP-twitter:   1%|          | 51855360/9469180207 [00:03<09:50, 15949128.90B/s]
   GAP-twitter:   1%|          | 53460992/9469180207 [00:03<09:57, 15765839.76B/s]
   GAP-twitter:   1%|          | 55050240/9469180207 [00:03<10:14, 15330237.92B/s]
   GAP-twitter:   1%|          | 56590336/9469180207 [00:03<10:20, 15176531.35B/s]
   GAP-twitter:   1%|          | 58114048/9469180207 [00:03<10:19, 15187422.42B/s]
   GAP-twitter:   1%|          | 59637760/9469180207 [00:03<10:34, 14826943.40B/s]
   GAP-twitter:   1%|          | 61259776/9469180207 [00:04<10:19, 15197388.40B/s]
   GAP-twitter:   1%|          | 62832640/9469180207 [00:04<10:13, 15341683.05B/s]
   GAP-twitter:   1%|          | 64372736/9469180207 [00:04<10:39, 14696034.16B/s]
   GAP-twitter:   1%|          | 65961984/9469180207 [00:04<10:25, 15031232.99B/s]
   GAP-twitter:   1%|          | 67485696/9469180207 [00:04<11:01, 14202718.69B/s]
   GAP-twitter:   1%|          | 69074944/9469180207 [00:04<10:41, 14657293.56B/s]
   GAP-twitter:   1%|          | 70631424/9469180207 [00:04<10:30, 14915934.37B/s]
   GAP-twitter:   1%|          | 72138752/9469180207 [00:04<10:59, 14250585.08B/s]
   GAP-twitter:   1%|          | 73678848/9469180207 [00:04<10:44, 14572527.91B/s]
   GAP-twitter:   1%|          | 75186176/9469180207 [00:05<10:38, 14709711.07B/s]
   GAP-twitter:   1%|          | 76677120/9469180207 [00:05<11:07, 14078759.13B/s]
   GAP-twitter:   1%|          | 78266368/9469180207 [00:05<10:44, 14578760.12B/s]
   GAP-twitter:   1%|          | 79740928/9469180207 [00:05<11:25, 13692176.73B/s]
   GAP-twitter:   1%|          | 81412096/9469180207 [00:05<10:47, 14508003.41B/s]
   GAP-twitter:   1%|          | 82886656/9469180207 [00:05<10:53, 14371468.86B/s]
   GAP-twitter:   1%|          | 84344832/9469180207 [00:05<11:29, 13616725.95B/s]
   GAP-twitter:   1%|          | 85983232/9469180207 [00:05<10:52, 14369719.30B/s]
   GAP-twitter:   1%|          | 87539712/9469180207 [00:05<10:38, 14683615.63B/s]
   GAP-twitter:   1%|          | 89030656/9469180207 [00:06<11:08, 14021238.35B/s]
   GAP-twitter:   1%|          | 90587136/9469180207 [00:06<10:50, 14419628.21B/s]
   GAP-twitter:   1%|          | 92045312/9469180207 [00:06<11:24, 13701238.05B/s]
   GAP-twitter:   1%|          | 93552640/9469180207 [00:06<11:06, 14073269.91B/s]
   GAP-twitter:   1%|          | 95109120/9469180207 [00:06<10:48, 14464219.95B/s]
   GAP-twitter:   1%|          | 96567296/9469180207 [00:06<11:21, 13753355.71B/s]
   GAP-twitter:   1%|          | 98123776/9469180207 [00:06<10:58, 14232725.50B/s]
   GAP-twitter:   1%|          | 99565568/9469180207 [00:06<11:34, 13481836.95B/s]
   GAP-twitter:   1%|          | 101089280/9469180207 [00:06<11:10, 13962397.19B/s]
   GAP-twitter:   1%|          | 102678528/9469180207 [00:06<10:46, 14499123.79B/s]
   GAP-twitter:   1%|          | 104153088/9469180207 [00:07<11:23, 13701377.99B/s]
   GAP-twitter:   1%|          | 105840640/9469180207 [00:07<10:42, 14578286.76B/s]
   GAP-twitter:   1%|          | 107397120/9469180207 [00:07<11:17, 13821618.96B/s]
   GAP-twitter:   1%|          | 109068288/9469180207 [00:07<10:46, 14467651.15B/s]
   GAP-twitter:   1%|          | 110772224/9469180207 [00:07<10:17, 15154025.67B/s]
   GAP-twitter:   1%|          | 112312320/9469180207 [00:07<10:57, 14239718.13B/s]
   GAP-twitter:   1%|          | 113983488/9469180207 [00:07<10:27, 14910788.88B/s]
   GAP-twitter:   1%|          | 115507200/9469180207 [00:07<10:55, 14265306.68B/s]
   GAP-twitter:   1%|          | 116998144/9469180207 [00:07<10:48, 14427139.41B/s]
   GAP-twitter:   1%|▏         | 118620160/9469180207 [00:08<10:27, 14911833.36B/s]
   GAP-twitter:   1%|▏         | 120127488/9469180207 [00:08<11:03, 14092066.69B/s]
   GAP-twitter:   1%|▏         | 121634816/9469180207 [00:08<10:50, 14363778.90B/s]
   GAP-twitter:   1%|▏         | 123158528/9469180207 [00:08<11:17, 13798623.25B/s]
   GAP-twitter:   1%|▏         | 124665856/9469180207 [00:08<11:01, 14125562.00B/s]
   GAP-twitter:   1%|▏         | 126287872/9469180207 [00:08<10:35, 14697169.72B/s]
   GAP-twitter:   1%|▏         | 127778816/9469180207 [00:08<10:55, 14254446.47B/s]
   GAP-twitter:   1%|▏         | 129564672/9469180207 [00:08<10:11, 15271348.96B/s]
   GAP-twitter:   1%|▏         | 131252224/9469180207 [00:08<10:27, 14872331.91B/s]
   GAP-twitter:   1%|▏         | 133054464/9469180207 [00:09<09:53, 15742431.54B/s]
   GAP-twitter:   1%|▏         | 134774784/9469180207 [00:09<09:38, 16123613.01B/s]
   GAP-twitter:   1%|▏         | 136413184/9469180207 [00:09<10:07, 15352377.03B/s]
   GAP-twitter:   1%|▏         | 138231808/9469180207 [00:09<09:39, 16109532.96B/s]
   GAP-twitter:   1%|▏         | 139870208/9469180207 [00:09<09:38, 16122596.29B/s]
   GAP-twitter:   1%|▏         | 141672448/9469180207 [00:09<09:19, 16666728.63B/s]
   GAP-twitter:   2%|▏         | 143409152/9469180207 [00:09<09:14, 16808429.12B/s]
   GAP-twitter:   2%|▏         | 145113088/9469180207 [00:09<09:12, 16872669.86B/s]
   GAP-twitter:   2%|▏         | 146882560/9469180207 [00:09<09:05, 17082934.93B/s]
   GAP-twitter:   2%|▏         | 148602880/9469180207 [00:09<09:16, 16743184.22B/s]
   GAP-twitter:   2%|▏         | 150355968/9469180207 [00:10<09:10, 16940450.92B/s]
   GAP-twitter:   2%|▏         | 152141824/9469180207 [00:10<09:43, 15971436.44B/s]
   GAP-twitter:   2%|▏         | 153862144/9469180207 [00:10<09:31, 16304908.43B/s]
   GAP-twitter:   2%|▏         | 155549696/9469180207 [00:10<09:26, 16446809.45B/s]
   GAP-twitter:   2%|▏         | 157204480/9469180207 [00:10<09:59, 15524316.88B/s]
   GAP-twitter:   2%|▏         | 159006720/9469180207 [00:10<09:34, 16216138.35B/s]
   GAP-twitter:   2%|▏         | 160645120/9469180207 [00:10<09:46, 15861093.29B/s]
   GAP-twitter:   2%|▏         | 162447360/9469180207 [00:10<09:24, 16475543.21B/s]
   GAP-twitter:   2%|▏         | 164249600/9469180207 [00:10<09:10, 16903838.43B/s]
   GAP-twitter:   2%|▏         | 165953536/9469180207 [00:11<09:23, 16512672.57B/s]
   GAP-twitter:   2%|▏         | 167739392/9469180207 [00:11<09:11, 16878272.46B/s]
   GAP-twitter:   2%|▏         | 169443328/9469180207 [00:11<09:41, 16001910.78B/s]
   GAP-twitter:   2%|▏         | 171294720/9469180207 [00:11<09:17, 16672899.37B/s]
   GAP-twitter:   2%|▏         | 172982272/9469180207 [00:11<09:50, 15751548.31B/s]
   GAP-twitter:   2%|▏         | 174751744/9469180207 [00:11<09:31, 16272564.45B/s]
   GAP-twitter:   2%|▏         | 176570368/9469180207 [00:11<09:54, 15628282.95B/s]
   GAP-twitter:   2%|▏         | 178421760/9469180207 [00:11<09:26, 16388166.55B/s]
   GAP-twitter:   2%|▏         | 180240384/9469180207 [00:11<09:10, 16877668.65B/s]
   GAP-twitter:   2%|▏         | 181960704/9469180207 [00:12<09:37, 16080090.50B/s]
   GAP-twitter:   2%|▏         | 183779328/9469180207 [00:12<09:17, 16664234.20B/s]
   GAP-twitter:   2%|▏         | 185466880/9469180207 [00:12<09:46, 15822550.36B/s]
   GAP-twitter:   2%|▏         | 187154432/9469180207 [00:12<09:36, 16114366.43B/s]
   GAP-twitter:   2%|▏         | 188792832/9469180207 [00:12<10:01, 15428276.49B/s]
   GAP-twitter:   2%|▏         | 190611456/9469180207 [00:12<09:33, 16185086.79B/s]
   GAP-twitter:   2%|▏         | 192446464/9469180207 [00:12<09:12, 16800124.18B/s]
   GAP-twitter:   2%|▏         | 194150400/9469180207 [00:12<09:42, 15914908.15B/s]
   GAP-twitter:   2%|▏         | 195952640/9469180207 [00:12<09:22, 16473671.67B/s]
   GAP-twitter:   2%|▏         | 197623808/9469180207 [00:13<09:48, 15745786.06B/s]
   GAP-twitter:   2%|▏         | 199442432/9469180207 [00:13<09:25, 16404886.08B/s]
   GAP-twitter:   2%|▏         | 201113600/9469180207 [00:13<09:49, 15712949.29B/s]
   GAP-twitter:   2%|▏         | 202932224/9469180207 [00:13<09:26, 16352773.57B/s]
   GAP-twitter:   2%|▏         | 204701696/9469180207 [00:13<09:13, 16734909.05B/s]
   GAP-twitter:   2%|▏         | 206389248/9469180207 [00:13<09:45, 15810772.35B/s]
   GAP-twitter:   2%|▏         | 208207872/9469180207 [00:13<09:22, 16458831.07B/s]
   GAP-twitter:   2%|▏         | 209879040/9469180207 [00:13<09:24, 16411773.36B/s]
   GAP-twitter:   2%|▏         | 211615744/9469180207 [00:13<09:15, 16663582.18B/s]
   GAP-twitter:   2%|▏         | 213336064/9469180207 [00:13<09:12, 16754116.52B/s]
   GAP-twitter:   2%|▏         | 215171072/9469180207 [00:14<08:57, 17211716.37B/s]
   GAP-twitter:   2%|▏         | 217006080/9469180207 [00:14<08:47, 17527551.53B/s]
   GAP-twitter:   2%|▏         | 218775552/9469180207 [00:14<09:16, 16620731.56B/s]
   GAP-twitter:   2%|▏         | 220610560/9469180207 [00:14<09:01, 17093643.29B/s]
   GAP-twitter:   2%|▏         | 222330880/9469180207 [00:14<09:10, 16803670.26B/s]
   GAP-twitter:   2%|▏         | 224149504/9469180207 [00:14<08:57, 17202934.38B/s]
   GAP-twitter:   2%|▏         | 225968128/9469180207 [00:14<08:49, 17454587.90B/s]
   GAP-twitter:   2%|▏         | 227721216/9469180207 [00:14<08:58, 17175936.31B/s]
   GAP-twitter:   2%|▏         | 229457920/9469180207 [00:14<09:02, 17027195.63B/s]
   GAP-twitter:   2%|▏         | 231178240/9469180207 [00:15<09:24, 16375591.87B/s]
   GAP-twitter:   2%|▏         | 232947712/9469180207 [00:15<09:12, 16715320.96B/s]
   GAP-twitter:   2%|▏         | 234749952/9469180207 [00:15<09:00, 17077570.56B/s]
   GAP-twitter:   2%|▏         | 236470272/9469180207 [00:15<09:33, 16099462.81B/s]
   GAP-twitter:   3%|▎         | 238239744/9469180207 [00:15<09:17, 16544850.26B/s]
   GAP-twitter:   3%|▎         | 239910912/9469180207 [00:15<09:46, 15724672.46B/s]
   GAP-twitter:   3%|▎         | 241713152/9469180207 [00:15<09:24, 16337057.06B/s]
   GAP-twitter:   3%|▎         | 243367936/9469180207 [00:15<09:58, 15405439.52B/s]
   GAP-twitter:   3%|▎         | 245055488/9469180207 [00:15<09:43, 15804849.83B/s]
   GAP-twitter:   3%|▎         | 246857728/9469180207 [00:15<09:22, 16398222.95B/s]
   GAP-twitter:   3%|▎         | 248512512/9469180207 [00:16<09:50, 15626186.15B/s]
   GAP-twitter:   3%|▎         | 250281984/9469180207 [00:16<09:29, 16191704.61B/s]
   GAP-twitter:   3%|▎         | 251920384/9469180207 [00:16<09:53, 15523238.53B/s]
   GAP-twitter:   3%|▎         | 253607936/9469180207 [00:16<09:39, 15901010.19B/s]
   GAP-twitter:   3%|▎         | 255279104/9469180207 [00:16<09:31, 16122616.74B/s]
   GAP-twitter:   3%|▎         | 256901120/9469180207 [00:16<09:30, 16145385.08B/s]
   GAP-twitter:   3%|▎         | 258736128/9469180207 [00:16<09:09, 16775675.03B/s]
   GAP-twitter:   3%|▎         | 260423680/9469180207 [00:16<09:39, 15887364.52B/s]
   GAP-twitter:   3%|▎         | 262193152/9469180207 [00:16<09:21, 16390627.09B/s]
   GAP-twitter:   3%|▎         | 263979008/9469180207 [00:17<09:08, 16784443.09B/s]
   GAP-twitter:   3%|▎         | 265682944/9469180207 [00:17<09:38, 15895531.60B/s]
   GAP-twitter:   3%|▎         | 267534336/9469180207 [00:17<09:14, 16607625.56B/s]
   GAP-twitter:   3%|▎         | 269221888/9469180207 [00:17<09:40, 15860954.57B/s]
   GAP-twitter:   3%|▎         | 271089664/9469180207 [00:17<09:13, 16613549.14B/s]
   GAP-twitter:   3%|▎         | 272777216/9469180207 [00:17<09:38, 15890762.11B/s]
   GAP-twitter:   3%|▎         | 274595840/9469180207 [00:17<09:16, 16522067.37B/s]
   GAP-twitter:   3%|▎         | 276283392/9469180207 [00:17<09:24, 16286966.91B/s]
   GAP-twitter:   3%|▎         | 278069248/9469180207 [00:17<09:09, 16730679.85B/s]
   GAP-twitter:   3%|▎         | 279887872/9469180207 [00:18<08:56, 17140349.18B/s]
   GAP-twitter:   3%|▎         | 281624576/9469180207 [00:18<09:03, 16891731.03B/s]
   GAP-twitter:   3%|▎         | 283443200/9469180207 [00:18<08:52, 17234423.16B/s]
   GAP-twitter:   3%|▎         | 285179904/9469180207 [00:18<09:24, 16279907.13B/s]
   GAP-twitter:   3%|▎         | 287031296/9469180207 [00:18<09:03, 16894038.29B/s]
   GAP-twitter:   3%|▎         | 288735232/9469180207 [00:18<09:36, 15914019.06B/s]
   GAP-twitter:   3%|▎         | 290553856/9469180207 [00:18<09:15, 16521396.04B/s]
   GAP-twitter:   3%|▎         | 292323328/9469180207 [00:18<09:04, 16853035.64B/s]
   GAP-twitter:   3%|▎         | 294027264/9469180207 [00:18<09:34, 15974613.95B/s]
   GAP-twitter:   3%|▎         | 295878656/9469180207 [00:18<09:11, 16644989.02B/s]
   GAP-twitter:   3%|▎         | 297566208/9469180207 [00:19<09:32, 16027791.83B/s]
   GAP-twitter:   3%|▎         | 299466752/9469180207 [00:19<09:04, 16836454.10B/s]
   GAP-twitter:   3%|▎         | 301268992/9469180207 [00:19<08:59, 17003415.60B/s]
   GAP-twitter:   3%|▎         | 303120384/9469180207 [00:19<08:45, 17437163.34B/s]
   GAP-twitter:   3%|▎         | 304873472/9469180207 [00:19<08:45, 17427021.55B/s]
   GAP-twitter:   3%|▎         | 306626560/9469180207 [00:19<09:28, 16122046.07B/s]
   GAP-twitter:   3%|▎         | 308346880/9469180207 [00:19<09:19, 16385870.76B/s]
   GAP-twitter:   3%|▎         | 310018048/9469180207 [00:19<10:05, 15114419.26B/s]
   GAP-twitter:   3%|▎         | 311689216/9469180207 [00:19<09:49, 15525446.51B/s]
   GAP-twitter:   3%|▎         | 313311232/9469180207 [00:20<09:42, 15717230.83B/s]
   GAP-twitter:   3%|▎         | 314916864/9469180207 [00:20<09:39, 15807044.65B/s]
   GAP-twitter:   3%|▎         | 316653568/9469180207 [00:20<09:23, 16251766.33B/s]
   GAP-twitter:   3%|▎         | 318291968/9469180207 [00:20<09:55, 15357572.48B/s]
   GAP-twitter:   3%|▎         | 320061440/9469180207 [00:20<09:32, 15988009.21B/s]
   GAP-twitter:   3%|▎         | 321683456/9469180207 [00:20<10:03, 15163262.48B/s]
   GAP-twitter:   3%|▎         | 323452928/9469180207 [00:20<09:36, 15856451.78B/s]
   GAP-twitter:   3%|▎         | 325156864/9469180207 [00:20<09:24, 16189107.55B/s]
   GAP-twitter:   3%|▎         | 326795264/9469180207 [00:20<10:00, 15235996.82B/s]
   GAP-twitter:   3%|▎         | 328515584/9469180207 [00:21<09:39, 15777613.64B/s]
   GAP-twitter:   3%|▎         | 330121216/9469180207 [00:21<10:05, 15083827.50B/s]
   GAP-twitter:   4%|▎         | 331939840/9469180207 [00:21<09:32, 15948235.85B/s]
   GAP-twitter:   4%|▎         | 333676544/9469180207 [00:21<09:58, 15265766.67B/s]
   GAP-twitter:   4%|▎         | 335380480/9469180207 [00:21<09:39, 15750141.70B/s]
   GAP-twitter:   4%|▎         | 337133568/9469180207 [00:21<09:22, 16233134.36B/s]
   GAP-twitter:   4%|▎         | 338788352/9469180207 [00:21<09:51, 15443787.97B/s]
   GAP-twitter:   4%|▎         | 340475904/9469180207 [00:21<09:36, 15831393.40B/s]
   GAP-twitter:   4%|▎         | 342081536/9469180207 [00:21<10:11, 14931352.55B/s]
   GAP-twitter:   4%|▎         | 343670784/9469180207 [00:22<10:00, 15195325.07B/s]
   GAP-twitter:   4%|▎         | 345260032/9469180207 [00:22<09:53, 15382169.28B/s]
   GAP-twitter:   4%|▎         | 346816512/9469180207 [00:22<10:37, 14317574.73B/s]
   GAP-twitter:   4%|▎         | 348356608/9469180207 [00:22<10:24, 14604667.79B/s]
   GAP-twitter:   4%|▎         | 349847552/9469180207 [00:22<10:47, 14078068.97B/s]
   GAP-twitter:   4%|▎         | 351354880/9469180207 [00:22<10:35, 14355361.39B/s]
   GAP-twitter:   4%|▎         | 352960512/9469180207 [00:22<10:15, 14799382.86B/s]
   GAP-twitter:   4%|▎         | 354451456/9469180207 [00:22<10:31, 14429984.08B/s]
   GAP-twitter:   4%|▍         | 356220928/9469180207 [00:22<09:53, 15342388.02B/s]
   GAP-twitter:   4%|▍         | 357777408/9469180207 [00:22<10:18, 14741530.12B/s]
   GAP-twitter:   4%|▍         | 359481344/9469180207 [00:23<09:53, 15343208.19B/s]
   GAP-twitter:   4%|▍         | 361037824/9469180207 [00:23<09:51, 15387698.30B/s]
   GAP-twitter:   4%|▍         | 362594304/9469180207 [00:23<10:32, 14388606.93B/s]
   GAP-twitter:   4%|▍         | 364314624/9469180207 [00:23<10:00, 15159846.46B/s]
   GAP-twitter:   4%|▍         | 365854720/9469180207 [00:23<10:25, 14554801.02B/s]
   GAP-twitter:   4%|▍         | 367640576/9469180207 [00:23<09:49, 15436771.53B/s]
   GAP-twitter:   4%|▍         | 369410048/9469180207 [00:23<09:26, 16062599.16B/s]
   GAP-twitter:   4%|▍         | 371032064/9469180207 [00:23<10:09, 14935868.78B/s]
   GAP-twitter:   4%|▍         | 372621312/9469180207 [00:23<09:59, 15182174.00B/s]
   GAP-twitter:   4%|▍         | 374161408/9469180207 [00:24<10:38, 14239703.70B/s]
   GAP-twitter:   4%|▍         | 375816192/9469180207 [00:24<10:11, 14863706.83B/s]
   GAP-twitter:   4%|▍         | 377438208/9469180207 [00:24<09:56, 15245330.15B/s]
   GAP-twitter:   4%|▍         | 378994688/9469180207 [00:24<10:17, 14732117.06B/s]
   GAP-twitter:   4%|▍         | 380764160/9469180207 [00:24<09:44, 15549797.01B/s]
   GAP-twitter:   4%|▍         | 382337024/9469180207 [00:24<09:47, 15455827.03B/s]
   GAP-twitter:   4%|▍         | 384073728/9469180207 [00:24<09:28, 15986671.14B/s]
   GAP-twitter:   4%|▍         | 385859584/9469180207 [00:24<09:13, 16420701.23B/s]
   GAP-twitter:   4%|▍         | 387514368/9469180207 [00:24<09:16, 16332487.45B/s]
   GAP-twitter:   4%|▍         | 389169152/9469180207 [00:24<09:13, 16395011.24B/s]
   GAP-twitter:   4%|▍         | 390823936/9469180207 [00:25<09:21, 16174162.46B/s]
   GAP-twitter:   4%|▍         | 392478720/9469180207 [00:25<09:18, 16254211.35B/s]
   GAP-twitter:   4%|▍         | 394149888/9469180207 [00:25<09:14, 16359466.99B/s]
   GAP-twitter:   4%|▍         | 395788288/9469180207 [00:25<09:54, 15261200.49B/s]
   GAP-twitter:   4%|▍         | 397508608/9469180207 [00:25<09:34, 15795220.74B/s]
   GAP-twitter:   4%|▍         | 399114240/9469180207 [00:25<10:00, 15097354.16B/s]
   GAP-twitter:   4%|▍         | 400769024/9469180207 [00:25<09:45, 15476793.93B/s]
   GAP-twitter:   4%|▍         | 402456576/9469180207 [00:25<09:31, 15867943.43B/s]
   GAP-twitter:   4%|▍         | 404062208/9469180207 [00:25<10:06, 14952385.40B/s]
   GAP-twitter:   4%|▍         | 405667840/9469180207 [00:26<09:55, 15225379.33B/s]
   GAP-twitter:   4%|▍         | 407207936/9469180207 [00:26<10:14, 14746466.06B/s]
   GAP-twitter:   4%|▍         | 408993792/9469180207 [00:26<09:40, 15619782.82B/s]
   GAP-twitter:   4%|▍         | 410697728/9469180207 [00:26<09:25, 16004788.48B/s]
   GAP-twitter:   4%|▍         | 412319744/9469180207 [00:26<09:37, 15688667.41B/s]
   GAP-twitter:   4%|▍         | 414056448/9469180207 [00:26<09:20, 16156879.34B/s]
   GAP-twitter:   4%|▍         | 415694848/9469180207 [00:26<09:49, 15352571.61B/s]
   GAP-twitter:   4%|▍         | 417513472/9469180207 [00:26<09:20, 16144196.93B/s]
   GAP-twitter:   4%|▍         | 419151872/9469180207 [00:26<10:01, 15044935.38B/s]
   GAP-twitter:   4%|▍         | 420839424/9469180207 [00:27<09:42, 15544647.22B/s]
   GAP-twitter:   4%|▍         | 422543360/9469180207 [00:27<09:26, 15955891.15B/s]
   GAP-twitter:   4%|▍         | 424165376/9469180207 [00:27<09:51, 15279257.54B/s]
   GAP-twitter:   4%|▍         | 425967616/9469180207 [00:27<09:23, 16034894.77B/s]
   GAP-twitter:   5%|▍         | 427589632/9469180207 [00:27<09:55, 15191555.26B/s]
   GAP-twitter:   5%|▍         | 429359104/9469180207 [00:27<09:29, 15877672.48B/s]
   GAP-twitter:   5%|▍         | 431079424/9469180207 [00:27<09:54, 15209987.68B/s]
   GAP-twitter:   5%|▍         | 432750592/9469180207 [00:27<09:38, 15621443.87B/s]
   GAP-twitter:   5%|▍         | 434470912/9469180207 [00:27<09:23, 16041965.99B/s]
   GAP-twitter:   5%|▍         | 436092928/9469180207 [00:28<09:51, 15264177.48B/s]
   GAP-twitter:   5%|▍         | 437813248/9469180207 [00:28<09:31, 15798664.02B/s]
   GAP-twitter:   5%|▍         | 439418880/9469180207 [00:28<09:52, 15246206.71B/s]
   GAP-twitter:   5%|▍         | 441221120/9469180207 [00:28<09:24, 16001050.38B/s]
   GAP-twitter:   5%|▍         | 443006976/9469180207 [00:28<09:06, 16512177.75B/s]
   GAP-twitter:   5%|▍         | 444678144/9469180207 [00:28<09:36, 15643781.92B/s]
   GAP-twitter:   5%|▍         | 446480384/9469180207 [00:28<09:13, 16306162.79B/s]
   GAP-twitter:   5%|▍         | 448135168/9469180207 [00:28<09:42, 15473575.45B/s]
   GAP-twitter:   5%|▍         | 449888256/9469180207 [00:28<09:22, 16028124.48B/s]
   GAP-twitter:   5%|▍         | 451608576/9469180207 [00:28<09:13, 16297355.33B/s]
   GAP-twitter:   5%|▍         | 453345280/9469180207 [00:29<09:03, 16588564.51B/s]
   GAP-twitter:   5%|▍         | 455163904/9469180207 [00:29<08:50, 17006384.85B/s]
   GAP-twitter:   5%|▍         | 456884224/9469180207 [00:29<08:51, 16943040.30B/s]
   GAP-twitter:   5%|▍         | 458686464/9469180207 [00:29<08:42, 17246434.53B/s]
   GAP-twitter:   5%|▍         | 460423168/9469180207 [00:29<09:27, 15872095.85B/s]
   GAP-twitter:   5%|▍         | 462045184/9469180207 [00:29<09:27, 15872192.74B/s]
   GAP-twitter:   5%|▍         | 463650816/9469180207 [00:29<09:28, 15849193.35B/s]
   GAP-twitter:   5%|▍         | 465256448/9469180207 [00:29<09:58, 15044745.79B/s]
   GAP-twitter:   5%|▍         | 466976768/9469180207 [00:29<09:35, 15632136.11B/s]
   GAP-twitter:   5%|▍         | 468566016/9469180207 [00:30<10:02, 14937353.88B/s]
   GAP-twitter:   5%|▍         | 470319104/9469180207 [00:30<09:34, 15652089.29B/s]
   GAP-twitter:   5%|▍         | 471990272/9469180207 [00:30<10:04, 14878118.50B/s]
   GAP-twitter:   5%|▌         | 473710592/9469180207 [00:30<09:40, 15506916.74B/s]
   GAP-twitter:   5%|▌         | 475398144/9469180207 [00:30<09:25, 15891501.47B/s]
   GAP-twitter:   5%|▌         | 477003776/9469180207 [00:30<09:58, 15018263.59B/s]
   GAP-twitter:   5%|▌         | 478707712/9469180207 [00:30<09:38, 15544307.81B/s]
   GAP-twitter:   5%|▌         | 480296960/9469180207 [00:30<09:47, 15302024.67B/s]
   GAP-twitter:   5%|▌         | 481984512/9469180207 [00:30<09:31, 15714633.09B/s]
   GAP-twitter:   5%|▌         | 483721216/9469180207 [00:31<09:15, 16168368.01B/s]
   GAP-twitter:   5%|▌         | 485359616/9469180207 [00:31<09:48, 15265797.03B/s]
   GAP-twitter:   5%|▌         | 487096320/9469180207 [00:31<09:26, 15842835.85B/s]
   GAP-twitter:   5%|▌         | 488701952/9469180207 [00:31<09:58, 14999885.36B/s]
   GAP-twitter:   5%|▌         | 490438656/9469180207 [00:31<09:34, 15629620.27B/s]
   GAP-twitter:   5%|▌         | 492093440/9469180207 [00:31<09:26, 15851388.95B/s]
   GAP-twitter:   5%|▌         | 493699072/9469180207 [00:31<09:58, 14996292.53B/s]
   GAP-twitter:   5%|▌         | 495386624/9469180207 [00:31<09:38, 15506187.58B/s]
   GAP-twitter:   5%|▌         | 496959488/9469180207 [00:31<10:11, 14682505.35B/s]
   GAP-twitter:   5%|▌         | 498728960/9469180207 [00:32<09:38, 15501181.92B/s]
   GAP-twitter:   5%|▌         | 500400128/9469180207 [00:32<09:57, 15017434.45B/s]
   GAP-twitter:   5%|▌         | 502185984/9469180207 [00:32<09:27, 15789539.90B/s]
   GAP-twitter:   5%|▌         | 503939072/9469180207 [00:32<09:10, 16275379.31B/s]
   GAP-twitter:   5%|▌         | 505593856/9469180207 [00:32<09:38, 15487826.01B/s]
   GAP-twitter:   5%|▌         | 507379712/9469180207 [00:32<09:15, 16121850.79B/s]
   GAP-twitter:   5%|▌         | 509018112/9469180207 [00:32<09:40, 15425051.36B/s]
   GAP-twitter:   5%|▌         | 510853120/9469180207 [00:32<09:11, 16235288.59B/s]
   GAP-twitter:   5%|▌         | 512507904/9469180207 [00:32<09:37, 15514372.51B/s]
   GAP-twitter:   5%|▌         | 514326528/9469180207 [00:32<09:10, 16252193.71B/s]
   GAP-twitter:   5%|▌         | 516128768/9469180207 [00:33<08:54, 16736752.79B/s]
   GAP-twitter:   5%|▌         | 517832704/9469180207 [00:33<09:23, 15893214.46B/s]
   GAP-twitter:   5%|▌         | 519618560/9469180207 [00:33<09:05, 16407041.44B/s]
   GAP-twitter:   6%|▌         | 521289728/9469180207 [00:33<09:35, 15553107.74B/s]
   GAP-twitter:   6%|▌         | 523026432/9469180207 [00:33<09:17, 16053045.90B/s]
   GAP-twitter:   6%|▌         | 524648448/9469180207 [00:33<09:46, 15256591.43B/s]
   GAP-twitter:   6%|▌         | 526385152/9469180207 [00:33<09:24, 15833403.24B/s]
   GAP-twitter:   6%|▌         | 528121856/9469180207 [00:33<09:10, 16249560.33B/s]
   GAP-twitter:   6%|▌         | 529776640/9469180207 [00:33<09:44, 15289474.35B/s]
   GAP-twitter:   6%|▌         | 531447808/9469180207 [00:34<09:30, 15656419.36B/s]
   GAP-twitter:   6%|▌         | 533037056/9469180207 [00:34<10:10, 14635056.23B/s]
   GAP-twitter:   6%|▌         | 534790144/9469180207 [00:34<09:40, 15400526.09B/s]
   GAP-twitter:   6%|▌         | 536444928/9469180207 [00:34<09:29, 15683297.92B/s]
   GAP-twitter:   6%|▌         | 538034176/9469180207 [00:34<09:39, 15414736.59B/s]
   GAP-twitter:   6%|▌         | 539721728/9469180207 [00:34<09:24, 15819423.81B/s]
   GAP-twitter:   6%|▌         | 541327360/9469180207 [00:34<09:52, 15063780.18B/s]
   GAP-twitter:   6%|▌         | 543096832/9469180207 [00:34<09:25, 15786540.08B/s]
   GAP-twitter:   6%|▌         | 544784384/9469180207 [00:34<09:14, 16097142.74B/s]
   GAP-twitter:   6%|▌         | 546406400/9469180207 [00:35<09:43, 15285085.65B/s]
   GAP-twitter:   6%|▌         | 548061184/9469180207 [00:35<09:31, 15616734.28B/s]
   GAP-twitter:   6%|▌         | 549650432/9469180207 [00:35<10:01, 14818198.76B/s]
   GAP-twitter:   6%|▌         | 551337984/9469180207 [00:35<09:39, 15379903.13B/s]
   GAP-twitter:   6%|▌         | 553025536/9469180207 [00:35<10:01, 14834498.47B/s]
   GAP-twitter:   6%|▌         | 554745856/9469180207 [00:35<09:35, 15479442.08B/s]
   GAP-twitter:   6%|▌         | 556400640/9469180207 [00:35<09:25, 15769983.83B/s]
   GAP-twitter:   6%|▌         | 558006272/9469180207 [00:35<09:59, 14871749.51B/s]
   GAP-twitter:   6%|▌         | 559644672/9469180207 [00:35<09:42, 15282639.05B/s]
   GAP-twitter:   6%|▌         | 561332224/9469180207 [00:36<09:32, 15562685.18B/s]
   GAP-twitter:   6%|▌         | 563118080/9469180207 [00:36<09:09, 16198961.42B/s]
   GAP-twitter:   6%|▌         | 564838400/9469180207 [00:36<09:00, 16475199.53B/s]
   GAP-twitter:   6%|▌         | 566542336/9469180207 [00:36<08:56, 16598285.26B/s]
   GAP-twitter:   6%|▌         | 568213504/9469180207 [00:36<08:59, 16507124.16B/s]
   GAP-twitter:   6%|▌         | 569884672/9469180207 [00:36<09:41, 15296593.32B/s]
   GAP-twitter:   6%|▌         | 571555840/9469180207 [00:36<09:27, 15681921.99B/s]
   GAP-twitter:   6%|▌         | 573308928/9469180207 [00:36<09:09, 16184654.49B/s]
   GAP-twitter:   6%|▌         | 574947328/9469180207 [00:36<09:40, 15324760.56B/s]
   GAP-twitter:   6%|▌         | 576700416/9469180207 [00:36<09:18, 15934875.91B/s]
   GAP-twitter:   6%|▌         | 578322432/9469180207 [00:37<09:45, 15173982.94B/s]
   GAP-twitter:   6%|▌         | 580108288/9469180207 [00:37<09:19, 15896548.85B/s]
   GAP-twitter:   6%|▌         | 581746688/9469180207 [00:37<09:44, 15194167.37B/s]
   GAP-twitter:   6%|▌         | 583516160/9469180207 [00:37<09:19, 15886426.69B/s]
   GAP-twitter:   6%|▌         | 585269248/9469180207 [00:37<09:04, 16330076.04B/s]
   GAP-twitter:   6%|▌         | 586924032/9469180207 [00:37<09:34, 15448889.21B/s]
   GAP-twitter:   6%|▌         | 588627968/9469180207 [00:37<09:19, 15871429.99B/s]
   GAP-twitter:   6%|▌         | 590233600/9469180207 [00:37<09:46, 15134946.38B/s]
   GAP-twitter:   6%|▋         | 591970304/9469180207 [00:37<09:24, 15735776.88B/s]
   GAP-twitter:   6%|▋         | 593690624/9469180207 [00:38<09:11, 16107302.70B/s]
   GAP-twitter:   6%|▋         | 595329024/9469180207 [00:38<09:39, 15309908.68B/s]
   GAP-twitter:   6%|▋         | 597082112/9469180207 [00:38<09:18, 15893697.42B/s]
   GAP-twitter:   6%|▋         | 598687744/9469180207 [00:38<09:53, 14958610.87B/s]
   GAP-twitter:   6%|▋         | 600424448/9469180207 [00:38<09:28, 15596091.08B/s]
   GAP-twitter:   6%|▋         | 602128384/9469180207 [00:38<09:14, 15986139.75B/s]
   GAP-twitter:   6%|▋         | 603750400/9469180207 [00:38<09:51, 14984216.04B/s]
   GAP-twitter:   6%|▋         | 605388800/9469180207 [00:38<09:37, 15356689.85B/s]
   GAP-twitter:   6%|▋         | 606945280/9469180207 [00:38<10:16, 14364971.66B/s]
   GAP-twitter:   6%|▋         | 608534528/9469180207 [00:39<09:59, 14778446.65B/s]
   GAP-twitter:   6%|▋         | 610140160/9469180207 [00:39<09:45, 15118874.05B/s]
   GAP-twitter:   6%|▋         | 611680256/9469180207 [00:39<10:23, 14207236.48B/s]
   GAP-twitter:   6%|▋         | 613318656/9469180207 [00:39<09:59, 14774937.10B/s]
   GAP-twitter:   6%|▋         | 614825984/9469180207 [00:39<10:25, 14155165.92B/s]
   GAP-twitter:   7%|▋         | 616464384/9469180207 [00:39<10:00, 14751348.02B/s]
   GAP-twitter:   7%|▋         | 618102784/9469180207 [00:39<09:42, 15194144.01B/s]
   GAP-twitter:   7%|▋         | 619642880/9469180207 [00:39<10:22, 14219408.40B/s]
   GAP-twitter:   7%|▋         | 621264896/9469180207 [00:39<10:00, 14732504.33B/s]
   GAP-twitter:   7%|▋         | 622772224/9469180207 [00:40<10:29, 14053567.71B/s]
   GAP-twitter:   7%|▋         | 624574464/9469180207 [00:40<09:44, 15140224.86B/s]
   GAP-twitter:   7%|▋         | 626327552/9469180207 [00:40<09:19, 15809551.99B/s]
   GAP-twitter:   7%|▋         | 627933184/9469180207 [00:40<09:52, 14922537.45B/s]
   GAP-twitter:   7%|▋         | 629571584/9469180207 [00:40<09:36, 15327460.46B/s]
   GAP-twitter:   7%|▋         | 631128064/9469180207 [00:40<09:57, 14787152.41B/s]
   GAP-twitter:   7%|▋         | 632913920/9469180207 [00:40<09:25, 15617678.52B/s]
   GAP-twitter:   7%|▋         | 634650624/9469180207 [00:40<09:08, 16114042.72B/s]
   GAP-twitter:   7%|▋         | 636289024/9469180207 [00:40<09:34, 15370097.19B/s]
   GAP-twitter:   7%|▋         | 638107648/9469180207 [00:40<09:06, 16148048.31B/s]
   GAP-twitter:   7%|▋         | 639746048/9469180207 [00:41<09:32, 15411504.02B/s]
   GAP-twitter:   7%|▋         | 641581056/9469180207 [00:41<09:03, 16232222.38B/s]
   GAP-twitter:   7%|▋         | 643235840/9469180207 [00:41<09:12, 15971579.53B/s]
   GAP-twitter:   7%|▋         | 644939776/9469180207 [00:41<09:02, 16271361.51B/s]
   GAP-twitter:   7%|▋         | 646709248/9469180207 [00:41<08:50, 16642281.83B/s]
   GAP-twitter:   7%|▋         | 648396800/9469180207 [00:41<09:22, 15670710.30B/s]
   GAP-twitter:   7%|▋         | 650084352/9469180207 [00:41<09:11, 15978759.20B/s]
   GAP-twitter:   7%|▋         | 651706368/9469180207 [00:41<09:38, 15247093.98B/s]
   GAP-twitter:   7%|▋         | 653459456/9469180207 [00:41<09:14, 15885725.22B/s]
   GAP-twitter:   7%|▋         | 655147008/9469180207 [00:42<09:41, 15167848.24B/s]
   GAP-twitter:   7%|▋         | 656916480/9469180207 [00:42<09:15, 15850711.65B/s]
   GAP-twitter:   7%|▋         | 658587648/9469180207 [00:42<09:07, 16083662.45B/s]
   GAP-twitter:   7%|▋         | 660209664/9469180207 [00:42<10:22, 14155878.78B/s]
   GAP-twitter:   7%|▋         | 661897216/9469180207 [00:42<09:53, 14829810.10B/s]
   GAP-twitter:   7%|▋         | 663502848/9469180207 [00:42<09:42, 15124060.50B/s]
   GAP-twitter:   7%|▋         | 665059328/9469180207 [00:42<09:51, 14887260.24B/s]
   GAP-twitter:   7%|▋         | 666746880/9469180207 [00:42<09:31, 15403330.13B/s]
   GAP-twitter:   7%|▋         | 668319744/9469180207 [00:42<10:01, 14630269.22B/s]
   GAP-twitter:   7%|▋         | 669810688/9469180207 [00:43<10:14, 14318212.67B/s]
   GAP-twitter:   7%|▋         | 671268864/9469180207 [00:43<10:25, 14059330.82B/s]
   GAP-twitter:   7%|▋         | 672694272/9469180207 [00:43<10:42, 13699615.56B/s]
   GAP-twitter:   7%|▋         | 674398208/9469180207 [00:43<10:02, 14597213.06B/s]
   GAP-twitter:   7%|▋         | 675872768/9469180207 [00:43<10:25, 14057906.73B/s]
   GAP-twitter:   7%|▋         | 677298176/9469180207 [00:43<10:30, 13949675.34B/s]
   GAP-twitter:   7%|▋         | 678707200/9469180207 [00:43<10:30, 13949551.05B/s]
   GAP-twitter:   7%|▋         | 680116224/9469180207 [00:43<10:49, 13532420.17B/s]
   GAP-twitter:   7%|▋         | 681476096/9469180207 [00:43<10:49, 13532588.36B/s]
   GAP-twitter:   7%|▋         | 683163648/9469180207 [00:44<10:07, 14464392.99B/s]
   GAP-twitter:   7%|▋         | 684621824/9469180207 [00:44<10:28, 13979902.40B/s]
   GAP-twitter:   7%|▋         | 686260224/9469180207 [00:44<09:58, 14666881.89B/s]
   GAP-twitter:   7%|▋         | 687734784/9469180207 [00:44<10:23, 14089919.69B/s]
   GAP-twitter:   7%|▋         | 689192960/9469180207 [00:44<10:17, 14211458.33B/s]
   GAP-twitter:   7%|▋         | 690847744/9469180207 [00:44<09:50, 14871255.56B/s]
   GAP-twitter:   7%|▋         | 692355072/9469180207 [00:44<10:16, 14231731.79B/s]
   GAP-twitter:   7%|▋         | 694026240/9469180207 [00:44<09:47, 14934594.11B/s]
   GAP-twitter:   7%|▋         | 695533568/9469180207 [00:44<10:14, 14288098.58B/s]
   GAP-twitter:   7%|▋         | 697155584/9469180207 [00:44<09:52, 14816562.59B/s]
   GAP-twitter:   7%|▋         | 698810368/9469180207 [00:45<09:34, 15277326.76B/s]
   GAP-twitter:   7%|▋         | 700350464/9469180207 [00:45<10:06, 14454101.09B/s]
   GAP-twitter:   7%|▋         | 702038016/9469180207 [00:45<09:39, 15125016.04B/s]
   GAP-twitter:   7%|▋         | 703578112/9469180207 [00:45<10:08, 14405955.01B/s]
   GAP-twitter:   7%|▋         | 705118208/9469180207 [00:45<09:58, 14651005.21B/s]
   GAP-twitter:   7%|▋         | 706723840/9469180207 [00:45<09:42, 15035379.13B/s]
   GAP-twitter:   7%|▋         | 708247552/9469180207 [00:45<10:34, 13808234.38B/s]
   GAP-twitter:   7%|▋         | 709656576/9469180207 [00:45<10:31, 13871252.30B/s]
   GAP-twitter:   8%|▊         | 711294976/9469180207 [00:45<10:00, 14575222.42B/s]
   GAP-twitter:   8%|▊         | 712785920/9469180207 [00:46<10:04, 14476992.34B/s]
   GAP-twitter:   8%|▊         | 714457088/9469180207 [00:46<09:39, 15095824.03B/s]
   GAP-twitter:   8%|▊         | 715980800/9469180207 [00:46<10:07, 14410260.71B/s]
   GAP-twitter:   8%|▊         | 717504512/9469180207 [00:46<09:58, 14618587.56B/s]
   GAP-twitter:   8%|▊         | 719192064/9469180207 [00:46<09:33, 15255282.24B/s]
   GAP-twitter:   8%|▊         | 720732160/9469180207 [00:46<10:03, 14499120.78B/s]
   GAP-twitter:   8%|▊         | 722386944/9469180207 [00:46<09:40, 15071280.45B/s]
   GAP-twitter:   8%|▊         | 723910656/9469180207 [00:46<10:09, 14357759.21B/s]
   GAP-twitter:   8%|▊         | 725565440/9469180207 [00:46<09:44, 14960952.01B/s]
   GAP-twitter:   8%|▊         | 727252992/9469180207 [00:47<09:25, 15471564.25B/s]
   GAP-twitter:   8%|▊         | 728825856/9469180207 [00:47<09:43, 14973081.73B/s]
   GAP-twitter:   8%|▊         | 730349568/9469180207 [00:47<09:47, 14885167.88B/s]
   GAP-twitter:   8%|▊         | 731856896/9469180207 [00:47<10:38, 13677430.15B/s]
   GAP-twitter:   8%|▊         | 733380608/9469180207 [00:47<10:20, 14083429.44B/s]
   GAP-twitter:   8%|▊         | 734822400/9469180207 [00:47<11:06, 13103942.70B/s]
   GAP-twitter:   8%|▊         | 736165888/9469180207 [00:47<11:50, 12287700.13B/s]
   GAP-twitter:   8%|▊         | 737476608/9469180207 [00:47<11:39, 12490423.59B/s]
   GAP-twitter:   8%|▊         | 738902016/9469180207 [00:47<11:14, 12939336.98B/s]
   GAP-twitter:   8%|▊         | 740212736/9469180207 [00:48<11:57, 12171209.09B/s]
   GAP-twitter:   8%|▊         | 741588992/9469180207 [00:48<11:33, 12593682.51B/s]
   GAP-twitter:   8%|▊         | 743260160/9469180207 [00:48<10:35, 13724097.59B/s]
   GAP-twitter:   8%|▊         | 744652800/9469180207 [00:48<11:27, 12684846.47B/s]
   GAP-twitter:   8%|▊         | 746242048/9469180207 [00:48<10:44, 13541063.65B/s]
   GAP-twitter:   8%|▊         | 747634688/9469180207 [00:48<11:20, 12822728.33B/s]
   GAP-twitter:   8%|▊         | 749158400/9469180207 [00:48<10:48, 13456681.15B/s]
   GAP-twitter:   8%|▊         | 750714880/9469180207 [00:48<10:21, 14020524.91B/s]
   GAP-twitter:   8%|▊         | 752140288/9469180207 [00:48<11:18, 12842070.98B/s]
   GAP-twitter:   8%|▊         | 753827840/9469180207 [00:49<10:26, 13916366.08B/s]
   GAP-twitter:   8%|▊         | 755253248/9469180207 [00:49<10:28, 13864795.86B/s]
   GAP-twitter:   8%|▊         | 756662272/9469180207 [00:49<10:45, 13497166.43B/s]
   GAP-twitter:   8%|▊         | 758038528/9469180207 [00:49<10:42, 13553726.87B/s]
   GAP-twitter:   8%|▊         | 759480320/9469180207 [00:49<10:32, 13771704.50B/s]
   GAP-twitter:   8%|▊         | 760872960/9469180207 [00:49<10:34, 13716144.83B/s]
   GAP-twitter:   8%|▊         | 762560512/9469180207 [00:49<09:54, 14636467.81B/s]
   GAP-twitter:   8%|▊         | 764035072/9469180207 [00:49<10:55, 13288027.84B/s]
   GAP-twitter:   8%|▊         | 765542400/9469180207 [00:49<10:33, 13748224.26B/s]
   GAP-twitter:   8%|▊         | 767049728/9469180207 [00:50<10:16, 14116623.78B/s]
   GAP-twitter:   8%|▊         | 768491520/9469180207 [00:50<10:40, 13574273.52B/s]
   GAP-twitter:   8%|▊         | 769949696/9469180207 [00:50<10:28, 13833565.90B/s]
   GAP-twitter:   8%|▊         | 771358720/9469180207 [00:50<10:32, 13741796.50B/s]
   GAP-twitter:   8%|▊         | 772751360/9469180207 [00:50<10:43, 13517739.85B/s]
   GAP-twitter:   8%|▊         | 774127616/9469180207 [00:50<10:41, 13558194.86B/s]
   GAP-twitter:   8%|▊         | 775503872/9469180207 [00:50<10:54, 13291513.99B/s]
   GAP-twitter:   8%|▊         | 776880128/9469180207 [00:50<10:48, 13408802.17B/s]
   GAP-twitter:   8%|▊         | 778518528/9469180207 [00:50<10:08, 14273599.90B/s]
   GAP-twitter:   8%|▊         | 779960320/9469180207 [00:50<11:03, 13102263.19B/s]
   GAP-twitter:   8%|▊         | 781631488/9469180207 [00:51<10:16, 14100875.10B/s]
   GAP-twitter:   8%|▊         | 783073280/9469180207 [00:51<10:16, 14087447.35B/s]
   GAP-twitter:   8%|▊         | 784498688/9469180207 [00:51<10:45, 13458582.96B/s]
   GAP-twitter:   8%|▊         | 785973248/9469180207 [00:51<10:29, 13793968.95B/s]
   GAP-twitter:   8%|▊         | 787365888/9469180207 [00:51<10:45, 13440475.64B/s]
   GAP-twitter:   8%|▊         | 788824064/9469180207 [00:51<10:33, 13707865.30B/s]
   GAP-twitter:   8%|▊         | 790413312/9469180207 [00:51<10:05, 14324544.37B/s]
   GAP-twitter:   8%|▊         | 791855104/9469180207 [00:51<10:27, 13819648.29B/s]
   GAP-twitter:   8%|▊         | 793247744/9469180207 [00:51<10:29, 13791152.50B/s]
   GAP-twitter:   8%|▊         | 794918912/9469180207 [00:52<09:53, 14607520.37B/s]
   GAP-twitter:   8%|▊         | 796393472/9469180207 [00:52<10:55, 13222863.16B/s]
   GAP-twitter:   8%|▊         | 798048256/9469180207 [00:52<10:15, 14080319.48B/s]
   GAP-twitter:   8%|▊         | 799490048/9469180207 [00:52<11:00, 13118858.48B/s]
   GAP-twitter:   8%|▊         | 800849920/9469180207 [00:52<10:56, 13210923.50B/s]
   GAP-twitter:   8%|▊         | 802226176/9469180207 [00:52<10:48, 13356098.39B/s]
   GAP-twitter:   8%|▊         | 803766272/9469180207 [00:52<10:56, 13202725.49B/s]
   GAP-twitter:   9%|▊         | 805224448/9469180207 [00:52<10:40, 13535776.84B/s]
   GAP-twitter:   9%|▊         | 806731776/9469180207 [00:52<10:21, 13947792.00B/s]
   GAP-twitter:   9%|▊         | 808140800/9469180207 [00:53<11:09, 12934832.84B/s]
   GAP-twitter:   9%|▊         | 809713664/9469180207 [00:53<10:32, 13698069.00B/s]
   GAP-twitter:   9%|▊         | 811171840/9469180207 [00:53<10:21, 13941841.03B/s]
   GAP-twitter:   9%|▊         | 812597248/9469180207 [00:53<10:54, 13229268.00B/s]
   GAP-twitter:   9%|▊         | 813940736/9469180207 [00:53<10:51, 13278888.98B/s]
   GAP-twitter:   9%|▊         | 815546368/9469180207 [00:53<10:15, 14052201.95B/s]
   GAP-twitter:   9%|▊         | 816971776/9469180207 [00:53<10:56, 13173218.36B/s]
   GAP-twitter:   9%|▊         | 818561024/9469180207 [00:53<10:22, 13906618.68B/s]
   GAP-twitter:   9%|▊         | 819970048/9469180207 [00:53<10:39, 13514897.99B/s]
   GAP-twitter:   9%|▊         | 821379072/9469180207 [00:53<10:33, 13658255.87B/s]
   GAP-twitter:   9%|▊         | 823017472/9469180207 [00:54<09:59, 14432775.94B/s]
   GAP-twitter:   9%|▊         | 824475648/9469180207 [00:54<10:51, 13267617.97B/s]
   GAP-twitter:   9%|▊         | 826146816/9469180207 [00:54<10:08, 14199018.20B/s]
   GAP-twitter:   9%|▊         | 827604992/9469180207 [00:54<10:11, 14136518.36B/s]
   GAP-twitter:   9%|▉         | 829046784/9469180207 [00:54<10:49, 13306359.58B/s]
   GAP-twitter:   9%|▉         | 830619648/9469180207 [00:54<10:19, 13946876.75B/s]
   GAP-twitter:   9%|▉         | 832045056/9469180207 [00:54<10:52, 13240714.22B/s]
   GAP-twitter:   9%|▉         | 833536000/9469180207 [00:54<10:31, 13676708.26B/s]
   GAP-twitter:   9%|▉         | 834928640/9469180207 [00:54<10:31, 13682997.69B/s]
   GAP-twitter:   9%|▉         | 836321280/9469180207 [00:55<10:45, 13375060.97B/s]
   GAP-twitter:   9%|▉         | 837812224/9469180207 [00:55<10:26, 13772138.62B/s]
   GAP-twitter:   9%|▉         | 839204864/9469180207 [00:55<10:25, 13804231.62B/s]
   GAP-twitter:   9%|▉         | 840597504/9469180207 [00:55<11:03, 13011031.89B/s]
   GAP-twitter:   9%|▉         | 842285056/9469180207 [00:55<10:13, 14062804.23B/s]
   GAP-twitter:   9%|▉         | 843710464/9469180207 [00:55<10:17, 13969323.79B/s]
   GAP-twitter:   9%|▉         | 845119488/9469180207 [00:55<11:09, 12888090.37B/s]
   GAP-twitter:   9%|▉         | 846790656/9469180207 [00:55<10:20, 13905594.44B/s]
   GAP-twitter:   9%|▉         | 848216064/9469180207 [00:55<11:09, 12875101.78B/s]
   GAP-twitter:   9%|▉         | 849870848/9469180207 [00:56<10:23, 13831942.87B/s]
   GAP-twitter:   9%|▉         | 851296256/9469180207 [00:56<10:23, 13813993.23B/s]
   GAP-twitter:   9%|▉         | 852705280/9469180207 [00:56<10:40, 13461741.85B/s]
   GAP-twitter:   9%|▉         | 854097920/9469180207 [00:56<10:34, 13586721.78B/s]
   GAP-twitter:   9%|▉         | 855687168/9469180207 [00:56<10:42, 13402624.94B/s]
   GAP-twitter:   9%|▉         | 857079808/9469180207 [00:56<10:36, 13539529.91B/s]
   GAP-twitter:   9%|▉         | 858767360/9469180207 [00:56<09:55, 14450639.11B/s]
   GAP-twitter:   9%|▉         | 860225536/9469180207 [00:56<10:47, 13294417.08B/s]
   GAP-twitter:   9%|▉         | 861847552/9469180207 [00:56<10:10, 14090791.03B/s]
   GAP-twitter:   9%|▉         | 863469568/9469180207 [00:57<09:48, 14632952.28B/s]
   GAP-twitter:   9%|▉         | 864960512/9469180207 [00:57<10:32, 13598870.28B/s]
   GAP-twitter:   9%|▉         | 866648064/9469180207 [00:57<09:54, 14480314.71B/s]
   GAP-twitter:   9%|▉         | 868122624/9469180207 [00:57<10:45, 13331180.36B/s]
   GAP-twitter:   9%|▉         | 869498880/9469180207 [00:57<10:40, 13418841.27B/s]
   GAP-twitter:   9%|▉         | 871170048/9469180207 [00:57<10:00, 14308249.89B/s]
   GAP-twitter:   9%|▉         | 872628224/9469180207 [00:57<10:20, 13861695.98B/s]
   GAP-twitter:   9%|▉         | 874037248/9469180207 [00:57<10:21, 13835808.17B/s]
   GAP-twitter:   9%|▉         | 875528192/9469180207 [00:57<10:36, 13498272.04B/s]
   GAP-twitter:   9%|▉         | 876904448/9469180207 [00:58<10:33, 13562206.54B/s]
   GAP-twitter:   9%|▉         | 878608384/9469180207 [00:58<09:51, 14523192.92B/s]
   GAP-twitter:   9%|▉         | 880082944/9469180207 [00:58<09:56, 14408755.84B/s]
   
   asv: benchmark timed out (timeout 60s)
   
   For parameters: bfs_gap_inputs.GAP/GAP-web_32873823
   INFO root: Dataset suitesparse_matrix.GAP/GAP-web manifest metadata is stale.
   
   GAP-web:   0%|          | 0/8300343137 [00:00<?, ?B/s]
   GAP-web:   0%|          | 147456/8300343137 [00:00<1:45:56, 1305794.69B/s]
   GAP-web:   0%|          | 507904/8300343137 [00:00<1:00:52, 2272484.60B/s]
   GAP-web:   0%|          | 737280/8300343137 [00:00<1:31:02, 1519470.01B/s]
   GAP-web:   0%|          | 1130496/8300343137 [00:00<1:05:51, 2100370.79B/s]
   GAP-web:   0%|          | 1687552/8300343137 [00:00<46:16, 2988865.62B/s]  
   GAP-web:   0%|          | 2326528/8300343137 [00:00<35:13, 3926092.71B/s]
   GAP-web:   0%|          | 2850816/8300343137 [00:00<32:12, 4293536.67B/s]
   GAP-web:   0%|          | 3489792/8300343137 [00:00<28:20, 4880280.58B/s]
   GAP-web:   0%|          | 4292608/8300343137 [00:01<24:10, 5720146.18B/s]
   GAP-web:   0%|          | 5275648/8300343137 [00:01<20:08, 6865712.78B/s]
   GAP-web:   0%|          | 6225920/8300343137 [00:01<18:07, 7626188.61B/s]
   GAP-web:   0%|          | 7356416/8300343137 [00:01<16:34, 8335510.58B/s]
   GAP-web:   0%|          | 8404992/8300343137 [00:01<15:33, 8884071.45B/s]
   GAP-web:   0%|          | 9568256/8300343137 [00:01<14:17, 9668349.81B/s]
   GAP-web:   0%|          | 10665984/8300343137 [00:01<13:46, 10034164.78B/s]
   GAP-web:   0%|          | 11829248/8300343137 [00:01<13:13, 10443657.36B/s]
   GAP-web:   0%|          | 13205504/8300343137 [00:01<12:06, 11409086.45B/s]
   GAP-web:   0%|          | 14352384/8300343137 [00:02<12:19, 11208877.74B/s]
   GAP-web:   0%|          | 15597568/8300343137 [00:02<12:21, 11166096.26B/s]
   GAP-web:   0%|          | 17072128/8300343137 [00:02<11:19, 12195947.92B/s]
   GAP-web:   0%|          | 18382848/8300343137 [00:02<11:06, 12428288.12B/s]
   GAP-web:   0%|          | 19644416/8300343137 [00:02<11:03, 12481287.44B/s]
   GAP-web:   0%|          | 20987904/8300343137 [00:02<10:52, 12694413.11B/s]
   GAP-web:   0%|          | 22495232/8300343137 [00:02<10:18, 13382221.17B/s]
   GAP-web:   0%|          | 23937024/8300343137 [00:02<10:04, 13685103.86B/s]
   GAP-web:   0%|          | 25313280/8300343137 [00:02<10:11, 13529221.52B/s]
   GAP-web:   0%|          | 26689536/8300343137 [00:02<10:09, 13579692.26B/s]
   GAP-web:   0%|          | 28098560/8300343137 [00:03<10:04, 13694697.91B/s]
   GAP-web:   0%|          | 29474816/8300343137 [00:03<10:08, 13594644.92B/s]
   GAP-web:   0%|          | 30851072/8300343137 [00:03<10:07, 13617891.64B/s]
   GAP-web:   0%|          | 32276480/8300343137 [00:03<09:59, 13784083.94B/s]
   GAP-web:   0%|          | 33669120/8300343137 [00:03<09:59, 13799116.44B/s]
   GAP-web:   0%|          | 35225600/8300343137 [00:03<09:37, 14305567.46B/s]
   GAP-web:   0%|          | 36667392/8300343137 [00:03<09:49, 14013687.53B/s]
   GAP-web:   0%|          | 38092800/8300343137 [00:03<09:47, 14072338.33B/s]
   GAP-web:   0%|          | 39518208/8300343137 [00:03<09:46, 14075176.58B/s]
   GAP-web:   0%|          | 41336832/8300343137 [00:03<09:01, 15243695.53B/s]
   GAP-web:   1%|          | 42876928/8300343137 [00:04<09:16, 14843205.60B/s]
   GAP-web:   1%|          | 44367872/8300343137 [00:04<09:28, 14526979.41B/s]
   GAP-web:   1%|          | 45957120/8300343137 [00:04<09:14, 14892421.07B/s]
   GAP-web:   1%|          | 47464448/8300343137 [00:04<09:21, 14691252.91B/s]
   GAP-web:   1%|          | 48939008/8300343137 [00:04<09:29, 14486039.10B/s]
   GAP-web:   1%|          | 50528256/8300343137 [00:04<09:14, 14886015.73B/s]
   GAP-web:   1%|          | 52035584/8300343137 [00:04<09:24, 14618310.42B/s]
   GAP-web:   1%|          | 53592064/8300343137 [00:04<09:13, 14886575.15B/s]
   GAP-web:   1%|          | 55099392/8300343137 [00:04<09:31, 14421582.96B/s]
   GAP-web:   1%|          | 56721408/8300343137 [00:05<09:14, 14875029.33B/s]
   GAP-web:   1%|          | 58228736/8300343137 [00:05<09:36, 14308369.61B/s]
   GAP-web:   1%|          | 59916288/8300343137 [00:05<09:09, 14993901.40B/s]
   GAP-web:   1%|          | 61423616/8300343137 [00:05<09:20, 14700699.78B/s]
   GAP-web:   1%|          | 63062016/8300343137 [00:05<09:03, 15158660.38B/s]
   GAP-web:   1%|          | 64585728/8300343137 [00:05<09:05, 15089465.71B/s]
   GAP-web:   1%|          | 66273280/8300343137 [00:05<08:48, 15588137.86B/s]
   GAP-web:   1%|          | 67846144/8300343137 [00:05<08:51, 15475024.75B/s]
   GAP-web:   1%|          | 69632000/8300343137 [00:05<08:29, 16155017.07B/s]
   GAP-web:   1%|          | 71254016/8300343137 [00:05<08:30, 16130493.03B/s]
   GAP-web:   1%|          | 73056256/8300343137 [00:06<08:13, 16665196.51B/s]
   GAP-web:   1%|          | 74792960/8300343137 [00:06<08:08, 16827752.82B/s]
   GAP-web:   1%|          | 76578816/8300343137 [00:06<08:00, 17121005.21B/s]
   GAP-web:   1%|          | 78299136/8300343137 [00:06<08:11, 16717335.41B/s]
   GAP-web:   1%|          | 80019456/8300343137 [00:06<08:09, 16805446.13B/s]
   GAP-web:   1%|          | 81707008/8300343137 [00:06<08:16, 16550041.98B/s]
   GAP-web:   1%|          | 83378176/8300343137 [00:06<08:46, 15606552.65B/s]
   GAP-web:   1%|          | 85032960/8300343137 [00:06<08:39, 15803863.09B/s]
   GAP-web:   1%|          | 86638592/8300343137 [00:06<09:09, 14940920.60B/s]
   GAP-web:   1%|          | 88162304/8300343137 [00:07<09:10, 14928366.66B/s]
   GAP-web:   1%|          | 89669632/8300343137 [00:07<09:24, 14536682.23B/s]
   GAP-web:   1%|          | 91144192/8300343137 [00:07<10:05, 13562619.87B/s]
   GAP-web:   1%|          | 92815360/8300343137 [00:07<09:29, 14407708.48B/s]
   GAP-web:   1%|          | 94289920/8300343137 [00:07<09:31, 14358017.69B/s]
   GAP-web:   1%|          | 95748096/8300343137 [00:07<10:02, 13607428.61B/s]
   GAP-web:   1%|          | 97566720/8300343137 [00:07<09:12, 14836095.11B/s]
   GAP-web:   1%|          | 99074048/8300343137 [00:07<09:18, 14696684.75B/s]
   GAP-web:   1%|          | 100892672/8300343137 [00:07<08:44, 15637695.62B/s]
   GAP-web:   1%|          | 102531072/8300343137 [00:07<09:08, 14959113.00B/s]
   GAP-web:   1%|▏         | 104316928/8300343137 [00:08<08:41, 15729122.85B/s]
   GAP-web:   1%|▏         | 106037248/8300343137 [00:08<08:27, 16141081.98B/s]
   GAP-web:   1%|▏         | 107675648/8300343137 [00:08<09:00, 15167678.71B/s]
   GAP-web:   1%|▏         | 109559808/8300343137 [00:08<08:27, 16154659.42B/s]
   GAP-web:   1%|▏         | 111198208/8300343137 [00:08<08:42, 15676401.45B/s]
   GAP-web:   1%|▏         | 113049600/8300343137 [00:08<08:17, 16457347.69B/s]
   GAP-web:   1%|▏         | 114737152/8300343137 [00:08<08:35, 15893161.99B/s]
   GAP-web:   1%|▏         | 116637696/8300343137 [00:08<08:08, 16752255.06B/s]
   GAP-web:   1%|▏         | 118521856/8300343137 [00:08<07:53, 17297639.75B/s]
   GAP-web:   1%|▏         | 120274944/8300343137 [00:09<08:21, 16316835.52B/s]
   GAP-web:   1%|▏         | 122126336/8300343137 [00:09<08:04, 16884985.09B/s]
   GAP-web:   1%|▏         | 123846656/8300343137 [00:09<08:26, 16155596.05B/s]
   GAP-web:   2%|▏         | 125681664/8300343137 [00:09<08:08, 16746563.39B/s]
   GAP-web:   2%|▏         | 127385600/8300343137 [00:09<08:29, 16048185.62B/s]
   GAP-web:   2%|▏         | 129122304/8300343137 [00:09<08:18, 16399874.62B/s]
   GAP-web:   2%|▏         | 130940928/8300343137 [00:09<08:03, 16887904.16B/s]
   GAP-web:   2%|▏         | 132644864/8300343137 [00:09<08:21, 16300234.98B/s]
   GAP-web:   2%|▏         | 134397952/8300343137 [00:09<08:11, 16611976.17B/s]
   GAP-web:   2%|▏         | 136069120/8300343137 [00:10<08:54, 15276041.32B/s]
   GAP-web:   2%|▏         | 137691136/8300343137 [00:10<08:46, 15504150.40B/s]
   GAP-web:   2%|▏         | 139264000/8300343137 [00:10<09:22, 14505664.99B/s]
   GAP-web:   2%|▏         | 141000704/8300343137 [00:10<08:54, 15269794.84B/s]
   GAP-web:   2%|▏         | 142557184/8300343137 [00:10<09:27, 14380385.36B/s]
   GAP-web:   2%|▏         | 144031744/8300343137 [00:10<10:42, 12698930.82B/s]
   GAP-web:   2%|▏         | 145571840/8300343137 [00:10<10:10, 13362218.71B/s]
   GAP-web:   2%|▏         | 147193856/8300343137 [00:10<10:07, 13421476.90B/s]
   GAP-web:   2%|▏         | 148914176/8300343137 [00:10<09:25, 14405802.43B/s]
   GAP-web:   2%|▏         | 150454272/8300343137 [00:11<09:15, 14669476.92B/s]
   GAP-web:   2%|▏         | 151961600/8300343137 [00:11<10:29, 12948274.62B/s]
   GAP-web:   2%|▏         | 153321472/8300343137 [00:11<10:59, 12344757.25B/s]
   GAP-web:   2%|▏         | 154599424/8300343137 [00:11<11:07, 12200838.14B/s]
   GAP-web:   2%|▏         | 155844608/8300343137 [00:11<11:15, 12065078.59B/s]
   GAP-web:   2%|▏         | 157368320/8300343137 [00:11<10:31, 12898754.89B/s]
   GAP-web:   2%|▏         | 158990336/8300343137 [00:11<09:50, 13792408.90B/s]
   GAP-web:   2%|▏         | 160399360/8300343137 [00:11<10:10, 13333733.82B/s]
   GAP-web:   2%|▏         | 161955840/8300343137 [00:11<09:43, 13938289.58B/s]
   GAP-web:   2%|▏         | 163545088/8300343137 [00:12<09:58, 13596214.14B/s]
   GAP-web:   2%|▏         | 165085184/8300343137 [00:12<09:37, 14084374.46B/s]
   GAP-web:   2%|▏         | 166690816/8300343137 [00:12<09:16, 14617496.48B/s]
   GAP-web:   2%|▏         | 168165376/8300343137 [00:12<09:42, 13966269.69B/s]
   GAP-web:   2%|▏         | 169754624/8300343137 [00:12<09:21, 14487549.64B/s]
   GAP-web:   2%|▏         | 171327488/8300343137 [00:12<09:09, 14801075.46B/s]
   GAP-web:   2%|▏         | 172818432/8300343137 [00:12<09:46, 13846174.95B/s]
   GAP-web:   2%|▏         | 174505984/8300343137 [00:12<09:13, 14668343.55B/s]
   GAP-web:   2%|▏         | 175996928/8300343137 [00:12<09:29, 14257130.39B/s]
   GAP-web:   2%|▏         | 177635328/8300343137 [00:13<09:07, 14822512.97B/s]
   GAP-web:   2%|▏         | 179240960/8300343137 [00:13<08:55, 15169398.87B/s]
   GAP-web:   2%|▏         | 180781056/8300343137 [00:13<09:11, 14734386.81B/s]
   GAP-web:   2%|▏         | 182501376/8300343137 [00:13<08:45, 15435221.77B/s]
   GAP-web:   2%|▏         | 184057856/8300343137 [00:13<09:04, 14906183.43B/s]
   GAP-web:   2%|▏         | 185663488/8300343137 [00:13<08:54, 15191310.29B/s]
   GAP-web:   2%|▏         | 187318272/8300343137 [00:13<08:42, 15539279.55B/s]
   GAP-web:   2%|▏         | 188891136/8300343137 [00:13<09:00, 15007466.37B/s]
   GAP-web:   2%|▏         | 190693376/8300343137 [00:13<08:31, 15846724.09B/s]
   GAP-web:   2%|▏         | 192299008/8300343137 [00:14<08:54, 15173549.04B/s]
   GAP-web:   2%|▏         | 194068480/8300343137 [00:14<08:31, 15837740.95B/s]
   GAP-web:   2%|▏         | 195870720/8300343137 [00:14<08:13, 16426555.17B/s]
   GAP-web:   2%|▏         | 197525504/8300343137 [00:14<08:44, 15447155.03B/s]
   GAP-web:   2%|▏         | 199278592/8300343137 [00:14<08:25, 16024753.92B/s]
   GAP-web:   2%|▏         | 200900608/8300343137 [00:14<09:03, 14895089.84B/s]
   GAP-web:   2%|▏         | 202473472/8300343137 [00:14<08:56, 15100862.06B/s]
   GAP-web:   2%|▏         | 204374016/8300343137 [00:14<08:57, 15062821.26B/s]
   GAP-web:   2%|▏         | 206209024/8300343137 [00:14<08:27, 15953497.78B/s]
   GAP-web:   3%|▎         | 208044032/8300343137 [00:15<08:07, 16602683.21B/s]
   GAP-web:   3%|▎         | 209829888/8300343137 [00:15<07:57, 16960592.70B/s]
   GAP-web:   3%|▎         | 211664896/8300343137 [00:15<07:45, 17360288.72B/s]
   GAP-web:   3%|▎         | 213417984/8300343137 [00:15<08:11, 16467114.47B/s]
   GAP-web:   3%|▎         | 215187456/8300343137 [00:15<08:00, 16812143.25B/s]
   GAP-web:   3%|▎         | 216891392/8300343137 [00:15<08:16, 16271985.97B/s]
   GAP-web:   3%|▎         | 218890240/8300343137 [00:15<07:46, 17321386.78B/s]
   GAP-web:   3%|▎         | 220643328/8300343137 [00:15<08:02, 16751845.91B/s]
   GAP-web:   3%|▎         | 222560256/8300343137 [00:15<07:43, 17419916.57B/s]
   GAP-web:   3%|▎         | 224477184/8300343137 [00:15<07:30, 17919641.02B/s]
   GAP-web:   3%|▎         | 226295808/8300343137 [00:16<08:04, 16667997.04B/s]
   GAP-web:   3%|▎         | 228114432/8300343137 [00:16<07:53, 17064962.03B/s]
   GAP-web:   3%|▎         | 229851136/8300343137 [00:16<08:22, 16070034.56B/s]
   GAP-web:   3%|▎         | 231571456/8300343137 [00:16<08:13, 16359245.70B/s]
   GAP-web:   3%|▎         | 233226240/8300343137 [00:16<08:36, 15606710.44B/s]
   GAP-web:   3%|▎         | 235012096/8300343137 [00:16<08:16, 16229859.36B/s]
   GAP-web:   3%|▎         | 236666880/8300343137 [00:16<08:43, 15391622.76B/s]
   GAP-web:   3%|▎         | 238419968/8300343137 [00:16<08:24, 15971819.39B/s]
   GAP-web:   3%|▎         | 240254976/8300343137 [00:16<08:04, 16638297.86B/s]
   GAP-web:   3%|▎         | 241942528/8300343137 [00:17<08:41, 15440744.74B/s]
   GAP-web:   3%|▎         | 243728384/8300343137 [00:17<08:21, 16068054.48B/s]
   GAP-web:   3%|▎         | 245366784/8300343137 [00:17<08:48, 15241206.91B/s]
   GAP-web:   3%|▎         | 247136256/8300343137 [00:17<08:26, 15908041.78B/s]
   GAP-web:   3%|▎         | 248856576/8300343137 [00:17<08:46, 15289726.81B/s]
   GAP-web:   3%|▎         | 250707968/8300343137 [00:17<08:18, 16144776.36B/s]
   GAP-web:   3%|▎         | 252411904/8300343137 [00:17<08:11, 16361092.42B/s]
   GAP-web:   3%|▎         | 254066688/8300343137 [00:17<08:58, 14944071.59B/s]
   GAP-web:   3%|▎         | 255639552/8300343137 [00:17<08:52, 15110358.49B/s]
   GAP-web:   3%|▎         | 257179648/8300343137 [00:18<09:11, 14594889.52B/s]
   GAP-web:   3%|▎         | 259047424/8300343137 [00:18<08:32, 15700406.86B/s]
   GAP-web:   3%|▎         | 260800512/8300343137 [00:18<08:16, 16197435.42B/s]
   GAP-web:   3%|▎         | 262438912/8300343137 [00:18<08:48, 15204101.75B/s]
   GAP-web:   3%|▎         | 264011776/8300343137 [00:18<08:43, 15337337.09B/s]
   GAP-web:   3%|▎         | 265568256/8300343137 [00:18<09:11, 14572967.10B/s]
   GAP-web:   3%|▎         | 267255808/8300343137 [00:18<08:48, 15206772.65B/s]
   GAP-web:   3%|▎         | 268959744/8300343137 [00:18<08:31, 15712926.17B/s]
   GAP-web:   3%|▎         | 270548992/8300343137 [00:18<08:54, 15024296.13B/s]
   GAP-web:   3%|▎         | 272187392/8300343137 [00:19<08:42, 15370283.21B/s]
   GAP-web:   3%|▎         | 273743872/8300343137 [00:19<09:05, 14702543.51B/s]
   GAP-web:   3%|▎         | 275496960/8300343137 [00:19<08:39, 15461257.00B/s]
   GAP-web:   3%|▎         | 277168128/8300343137 [00:19<08:28, 15777863.79B/s]
   GAP-web:   3%|▎         | 278757376/8300343137 [00:19<08:51, 15106463.93B/s]
   GAP-web:   3%|▎         | 280346624/8300343137 [00:19<08:44, 15292290.80B/s]
   GAP-web:   3%|▎         | 281886720/8300343137 [00:19<09:08, 14611517.68B/s]
   GAP-web:   3%|▎         | 283508736/8300343137 [00:19<08:53, 15035784.91B/s]
   GAP-web:   3%|▎         | 285310976/8300343137 [00:19<08:25, 15854554.41B/s]
   GAP-web:   3%|▎         | 286916608/8300343137 [00:20<09:06, 14674255.28B/s]
   GAP-web:   3%|▎         | 288489472/8300343137 [00:20<08:55, 14950841.67B/s]
   GAP-web:   3%|▎         | 290013184/8300343137 [00:20<09:15, 14423439.18B/s]
   GAP-web:   4%|▎         | 291766272/8300343137 [00:20<08:44, 15280643.97B/s]
   GAP-web:   4%|▎         | 293502976/8300343137 [00:20<08:25, 15846321.40B/s]
   GAP-web:   4%|▎         | 295108608/8300343137 [00:20<08:52, 15041315.39B/s]
   GAP-web:   4%|▎         | 296845312/8300343137 [00:20<08:31, 15657434.62B/s]
   GAP-web:   4%|▎         | 298434560/8300343137 [00:20<08:56, 14916217.80B/s]
   GAP-web:   4%|▎         | 300089344/8300343137 [00:20<08:41, 15347181.00B/s]
   GAP-web:   4%|▎         | 301727744/8300343137 [00:20<08:31, 15640469.89B/s]
   GAP-web:   4%|▎         | 303316992/8300343137 [00:21<09:01, 14781878.19B/s]
   GAP-web:   4%|▎         | 305020928/8300343137 [00:21<08:39, 15382845.52B/s]
   GAP-web:   4%|▎         | 306577408/8300343137 [00:21<09:04, 14680311.12B/s]
   GAP-web:   4%|▎         | 308281344/8300343137 [00:21<08:41, 15319753.10B/s]
   GAP-web:   4%|▎         | 310001664/8300343137 [00:21<08:24, 15835162.10B/s]
   GAP-web:   4%|▍         | 311607296/8300343137 [00:21<08:55, 14922352.15B/s]
   GAP-web:   4%|▍         | 313311232/8300343137 [00:21<08:35, 15502433.38B/s]
   GAP-web:   4%|▍         | 314884096/8300343137 [00:21<09:04, 14670421.32B/s]
   GAP-web:   4%|▍         | 316473344/8300343137 [00:21<08:52, 15006037.13B/s]
   GAP-web:   4%|▍         | 318160896/8300343137 [00:22<08:34, 15510357.15B/s]
   GAP-web:   4%|▍         | 319733760/8300343137 [00:22<08:57, 14851554.38B/s]
   GAP-web:   4%|▍         | 321568768/8300343137 [00:22<08:23, 15831804.81B/s]
   GAP-web:   4%|▍         | 323174400/8300343137 [00:22<08:49, 15076519.13B/s]
   GAP-web:   4%|▍         | 325025792/8300343137 [00:22<08:17, 16036745.09B/s]
   GAP-web:   4%|▍         | 326664192/8300343137 [00:22<09:00, 14748852.11B/s]
   GAP-web:   4%|▍         | 328531968/8300343137 [00:22<08:24, 15812544.61B/s]
   GAP-web:   4%|▍         | 330285056/8300343137 [00:22<08:10, 16257419.07B/s]
   GAP-web:   4%|▍         | 331939840/8300343137 [00:22<08:28, 15685199.83B/s]
   GAP-web:   4%|▍         | 334151680/8300343137 [00:23<07:35, 17477705.72B/s]
   GAP-web:   4%|▍         | 335937536/8300343137 [00:23<07:49, 16963430.35B/s]
   GAP-web:   4%|▍         | 337657856/8300343137 [00:23<07:48, 17008372.19B/s]
   GAP-web:   4%|▍         | 339378176/8300343137 [00:23<08:46, 15114685.80B/s]
   GAP-web:   4%|▍         | 340951040/8300343137 [00:23<08:42, 15238159.81B/s]
   GAP-web:   4%|▍         | 342589440/8300343137 [00:23<08:33, 15508985.67B/s]
   GAP-web:   4%|▍         | 344178688/8300343137 [00:23<09:18, 14253043.98B/s]
   GAP-web:   4%|▍         | 346046464/8300343137 [00:23<08:35, 15437082.19B/s]
   GAP-web:   4%|▍         | 347635712/8300343137 [00:23<08:48, 15054456.51B/s]
   GAP-web:   4%|▍         | 349437952/8300343137 [00:24<08:21, 15846787.16B/s]
   GAP-web:   4%|▍         | 351059968/8300343137 [00:24<08:49, 15020927.25B/s]
   GAP-web:   4%|▍         | 352665600/8300343137 [00:24<08:40, 15259969.79B/s]
   GAP-web:   4%|▍         | 354222080/8300343137 [00:24<09:04, 14592902.45B/s]
   GAP-web:   4%|▍         | 355713024/8300343137 [00:24<09:17, 14241856.51B/s]
   GAP-web:   4%|▍         | 357466112/8300343137 [00:24<08:45, 15116587.56B/s]
   GAP-web:   4%|▍         | 359006208/8300343137 [00:24<08:46, 15086792.78B/s]
   GAP-web:   4%|▍         | 361037824/8300343137 [00:24<07:59, 16560561.58B/s]
   GAP-web:   4%|▍         | 362840064/8300343137 [00:24<08:13, 16088873.67B/s]
   GAP-web:   4%|▍         | 364675072/8300343137 [00:25<07:54, 16706922.78B/s]
   GAP-web:   4%|▍         | 366477312/8300343137 [00:25<07:45, 17046966.17B/s]
   GAP-web:   4%|▍         | 368197632/8300343137 [00:25<08:22, 15792873.97B/s]
   GAP-web:   4%|▍         | 369999872/8300343137 [00:25<08:03, 16396924.22B/s]
   GAP-web:   4%|▍         | 371671040/8300343137 [00:25<08:25, 15689138.94B/s]
   GAP-web:   5%|▍         | 373538816/8300343137 [00:25<08:00, 16495607.76B/s]
   GAP-web:   5%|▍         | 375209984/8300343137 [00:25<08:12, 16096631.57B/s]
   GAP-web:   5%|▍         | 377126912/8300343137 [00:25<07:47, 16935781.11B/s]
   GAP-web:   5%|▍         | 378978304/8300343137 [00:25<07:35, 17385419.23B/s]
   GAP-web:   5%|▍         | 380731392/8300343137 [00:26<08:08, 16214598.79B/s]
   GAP-web:   5%|▍         | 382517248/8300343137 [00:26<07:55, 16668876.83B/s]
   GAP-web:   5%|▍         | 384204800/8300343137 [00:26<08:17, 15919137.14B/s]
   GAP-web:   5%|▍         | 385990656/8300343137 [00:26<08:01, 16423977.65B/s]
   GAP-web:   5%|▍         | 387661824/8300343137 [00:26<08:20, 15807167.30B/s]
   GAP-web:   5%|▍         | 389496832/8300343137 [00:26<07:59, 16495934.37B/s]
   GAP-web:   5%|▍         | 391168000/8300343137 [00:26<08:18, 15875450.36B/s]
   GAP-web:   5%|▍         | 393003008/8300343137 [00:26<07:58, 16532090.12B/s]
   GAP-web:   5%|▍         | 394919936/8300343137 [00:26<07:37, 17282028.44B/s]
   GAP-web:   5%|▍         | 396673024/8300343137 [00:26<07:57, 16551378.56B/s]
   GAP-web:   5%|▍         | 398573568/8300343137 [00:27<07:39, 17211710.79B/s]
   GAP-web:   5%|▍         | 400310272/8300343137 [00:27<08:36, 15295883.21B/s]
   GAP-web:   5%|▍         | 402014208/8300343137 [00:27<08:21, 15757846.68B/s]
   GAP-web:   5%|▍         | 403636224/8300343137 [00:27<08:53, 14788216.51B/s]
   GAP-web:   5%|▍         | 405274624/8300343137 [00:27<08:39, 15190394.97B/s]
   GAP-web:   5%|▍         | 406831104/8300343137 [00:27<08:39, 15181139.63B/s]
   GAP-web:   5%|▍         | 408371200/8300343137 [00:27<09:30, 13828448.40B/s]
   GAP-web:   5%|▍         | 409878528/8300343137 [00:27<09:17, 14158573.61B/s]
   GAP-web:   5%|▍         | 411435008/8300343137 [00:28<09:38, 13639508.66B/s]
   GAP-web:   5%|▍         | 412991488/8300343137 [00:28<09:17, 14152327.34B/s]
   GAP-web:   5%|▍         | 414547968/8300343137 [00:28<09:03, 14507212.20B/s]
   GAP-web:   5%|▌         | 416022528/8300343137 [00:28<09:32, 13782188.57B/s]
   GAP-web:   5%|▌         | 417611776/8300343137 [00:28<09:09, 14345205.37B/s]
   GAP-web:   5%|▌         | 419151872/8300343137 [00:28<08:59, 14619054.79B/s]
   GAP-web:   5%|▌         | 420642816/8300343137 [00:28<09:19, 14086159.83B/s]
   GAP-web:   5%|▌         | 422133760/8300343137 [00:28<09:10, 14302162.07B/s]
   GAP-web:   5%|▌         | 423706624/8300343137 [00:28<08:56, 14670438.76B/s]
   GAP-web:   5%|▌         | 425197568/8300343137 [00:28<09:07, 14375317.08B/s]
   GAP-web:   5%|▌         | 426786816/8300343137 [00:29<08:51, 14809398.24B/s]
   GAP-web:   5%|▌         | 428277760/8300343137 [00:29<09:31, 13777665.73B/s]
   GAP-web:   5%|▌         | 429899776/8300343137 [00:29<09:04, 14444591.00B/s]
   GAP-web:   5%|▌         | 431489024/8300343137 [00:29<08:50, 14836362.31B/s]
   GAP-web:   5%|▌         | 432996352/8300343137 [00:29<09:12, 14230272.11B/s]
   GAP-web:   5%|▌         | 434814976/8300343137 [00:29<08:33, 15309358.06B/s]
   GAP-web:   5%|▌         | 436371456/8300343137 [00:29<08:58, 14601940.46B/s]
   GAP-web:   5%|▌         | 437878784/8300343137 [00:29<08:54, 14706561.20B/s]
   GAP-web:   5%|▌         | 439615488/8300343137 [00:29<08:29, 15439758.68B/s]
   GAP-web:   5%|▌         | 441171968/8300343137 [00:30<08:50, 14822080.66B/s]
   GAP-web:   5%|▌         | 443088896/8300343137 [00:30<08:09, 16039331.22B/s]
   GAP-web:   5%|▌         | 444710912/8300343137 [00:30<08:23, 15599348.25B/s]
   GAP-web:   5%|▌         | 446431232/8300343137 [00:30<08:09, 16052362.35B/s]
   GAP-web:   5%|▌         | 448217088/8300343137 [00:30<07:54, 16545699.51B/s]
   GAP-web:   5%|▌         | 449888256/8300343137 [00:30<08:29, 15408170.11B/s]
   GAP-web:   5%|▌         | 451674112/8300343137 [00:30<08:08, 16082475.98B/s]
   GAP-web:   5%|▌         | 453312512/8300343137 [00:30<08:14, 15856002.57B/s]
   GAP-web:   5%|▌         | 454918144/8300343137 [00:30<08:15, 15835927.88B/s]
   GAP-web:   6%|▌         | 456523776/8300343137 [00:30<08:25, 15506124.24B/s]
   GAP-web:   6%|▌         | 458096640/8300343137 [00:31<09:03, 14423879.73B/s]
   GAP-web:   6%|▌         | 459636736/8300343137 [00:31<08:55, 14650209.67B/s]
   GAP-web:   6%|▌         | 461127680/8300343137 [00:31<09:16, 14097369.26B/s]
   GAP-web:   6%|▌         | 462782464/8300343137 [00:31<08:50, 14771450.00B/s]
   GAP-web:   6%|▌         | 464486400/8300343137 [00:31<08:28, 15408750.40B/s]
   GAP-web:   6%|▌         | 466042880/8300343137 [00:31<08:50, 14767083.23B/s]
   GAP-web:   6%|▌         | 467664896/8300343137 [00:31<08:37, 15149485.46B/s]
   GAP-web:   6%|▌         | 469204992/8300343137 [00:31<08:53, 14684340.13B/s]
   GAP-web:   6%|▌         | 470925312/8300343137 [00:31<08:28, 15383496.12B/s]
   GAP-web:   6%|▌         | 472563712/8300343137 [00:32<08:20, 15631147.50B/s]
   GAP-web:   6%|▌         | 474136576/8300343137 [00:32<08:49, 14775877.30B/s]
   GAP-web:   6%|▌         | 475824128/8300343137 [00:32<08:29, 15366459.94B/s]
   GAP-web:   6%|▌         | 477380608/8300343137 [00:32<08:50, 14758488.37B/s]
   GAP-web:   6%|▌         | 479166464/8300343137 [00:32<08:21, 15605479.65B/s]
   GAP-web:   6%|▌         | 480952320/8300343137 [00:32<08:01, 16246073.44B/s]
   GAP-web:   6%|▌         | 482590720/8300343137 [00:32<08:39, 15056547.55B/s]
   GAP-web:   6%|▌         | 484294656/8300343137 [00:32<08:21, 15572738.27B/s]
   GAP-web:   6%|▌         | 485883904/8300343137 [00:32<08:40, 15017356.59B/s]
   GAP-web:   6%|▌         | 487636992/8300343137 [00:33<08:18, 15684746.98B/s]
   GAP-web:   6%|▌         | 489340928/8300343137 [00:33<08:07, 16026416.37B/s]
   GAP-web:   6%|▌         | 490962944/8300343137 [00:33<08:38, 15048159.98B/s]
   GAP-web:   6%|▌         | 492683264/8300343137 [00:33<08:19, 15639046.88B/s]
   GAP-web:   6%|▌         | 494272512/8300343137 [00:33<08:43, 14898770.43B/s]
   GAP-web:   6%|▌         | 495960064/8300343137 [00:33<08:25, 15435682.02B/s]
   GAP-web:   6%|▌         | 497614848/8300343137 [00:33<08:48, 14756031.28B/s]
   GAP-web:   6%|▌         | 499302400/8300343137 [00:33<08:30, 15279050.77B/s]
   GAP-web:   6%|▌         | 500858880/8300343137 [00:33<09:44, 13349235.67B/s]
   GAP-web:   6%|▌         | 502251520/8300343137 [00:34<11:16, 11527167.51B/s]
   GAP-web:   6%|▌         | 503480320/8300343137 [00:34<11:39, 11146734.31B/s]
   GAP-web:   6%|▌         | 504643584/8300343137 [00:34<11:57, 10871574.35B/s]
   GAP-web:   6%|▌         | 505774080/8300343137 [00:34<12:57, 10029053.61B/s]
   GAP-web:   6%|▌         | 506806272/8300343137 [00:34<13:07, 9891501.99B/s] 
   GAP-web:   6%|▌         | 507822080/8300343137 [00:34<13:16, 9779754.61B/s]
   GAP-web:   6%|▌         | 508821504/8300343137 [00:34<13:12, 9836001.29B/s]
   GAP-web:   6%|▌         | 509853696/8300343137 [00:34<13:23, 9692770.61B/s]
   GAP-web:   6%|▌         | 511361024/8300343137 [00:35<11:38, 11155013.08B/s]
   GAP-web:   6%|▌         | 512671744/8300343137 [00:35<11:05, 11696972.16B/s]
   GAP-web:   6%|▌         | 513884160/8300343137 [00:35<11:41, 11100230.67B/s]
   GAP-web:   6%|▌         | 515375104/8300343137 [00:35<10:41, 12143451.68B/s]
   GAP-web:   6%|▌         | 516669440/8300343137 [00:35<10:29, 12355986.72B/s]
   GAP-web:   6%|▌         | 517931008/8300343137 [00:35<10:45, 12055834.86B/s]
   GAP-web:   6%|▋         | 519438336/8300343137 [00:35<10:02, 12911096.83B/s]
   GAP-web:   6%|▋         | 520749056/8300343137 [00:35<10:01, 12940253.55B/s]
   GAP-web:   6%|▋         | 522059776/8300343137 [00:35<10:17, 12594446.45B/s]
   GAP-web:   6%|▋         | 523370496/8300343137 [00:35<10:11, 12712718.31B/s]
   GAP-web:   6%|▋         | 524845056/8300343137 [00:36<09:44, 13295526.23B/s]
   GAP-web:   6%|▋         | 526188544/8300343137 [00:36<10:34, 12251165.00B/s]
   GAP-web:   6%|▋         | 527499264/8300343137 [00:36<10:23, 12471262.78B/s]
   GAP-web:   6%|▋         | 529006592/8300343137 [00:36<09:49, 13190865.60B/s]
   GAP-web:   6%|▋         | 530350080/8300343137 [00:36<10:09, 12752031.81B/s]
   GAP-web:   6%|▋         | 531857408/8300343137 [00:36<09:39, 13398747.76B/s]
   GAP-web:   6%|▋         | 533217280/8300343137 [00:36<09:40, 13373584.50B/s]
   GAP-web:   6%|▋         | 534577152/8300343137 [00:36<09:52, 13117827.82B/s]
   GAP-web:   6%|▋         | 535904256/8300343137 [00:36<09:51, 13131661.88B/s]
   GAP-web:   6%|▋         | 537362432/8300343137 [00:37<09:33, 13544891.71B/s]
   GAP-web:   6%|▋         | 538722304/8300343137 [00:37<10:20, 12514310.18B/s]
   GAP-web:   7%|▋         | 540213248/8300343137 [00:37<09:48, 13179450.59B/s]
   GAP-web:   7%|▋         | 541720576/8300343137 [00:37<09:27, 13666423.54B/s]
   GAP-web:   7%|▋         | 543113216/8300343137 [00:37<10:17, 12556804.18B/s]
   GAP-web:   7%|▋         | 544620544/8300343137 [00:37<09:46, 13218698.44B/s]
   GAP-web:   7%|▋         | 546111488/8300343137 [00:37<09:26, 13682343.77B/s]
   GAP-web:   7%|▋         | 547504128/8300343137 [00:37<10:14, 12616973.94B/s]
   GAP-web:   7%|▋         | 548798464/8300343137 [00:37<10:17, 12557716.34B/s]
   GAP-web:   7%|▋         | 550256640/8300343137 [00:38<09:51, 13095732.84B/s]
   GAP-web:   7%|▋         | 551583744/8300343137 [00:38<10:15, 12593014.54B/s]
   GAP-web:   7%|▋         | 552894464/8300343137 [00:38<10:09, 12713914.16B/s]
   GAP-web:   7%|▋         | 554385408/8300343137 [00:38<09:41, 13329727.52B/s]
   GAP-web:   7%|▋         | 555745280/8300343137 [00:38<10:06, 12776267.83B/s]
   GAP-web:   7%|▋         | 557252608/8300343137 [00:38<09:38, 13391451.22B/s]
   GAP-web:   7%|▋         | 558694400/8300343137 [00:38<10:01, 12870386.46B/s]
   GAP-web:   7%|▋         | 560005120/8300343137 [00:38<10:01, 12866045.06B/s]
   GAP-web:   7%|▋         | 561496064/8300343137 [00:38<09:36, 13417463.67B/s]
   GAP-web:   7%|▋         | 562855936/8300343137 [00:39<10:14, 12593646.67B/s]
   GAP-web:   7%|▋         | 564396032/8300343137 [00:39<09:39, 13340077.96B/s]
   GAP-web:   7%|▋         | 565837824/8300343137 [00:39<09:27, 13621232.09B/s]
   GAP-web:   7%|▋         | 567214080/8300343137 [00:39<09:51, 13067810.16B/s]
   GAP-web:   7%|▋         | 568754176/8300343137 [00:39<09:24, 13700580.69B/s]
   GAP-web:   7%|▋         | 570212352/8300343137 [00:39<09:14, 13936287.96B/s]
   GAP-web:   7%|▋         | 571621376/8300343137 [00:39<09:48, 13142633.02B/s]
   GAP-web:   7%|▋         | 573046784/8300343137 [00:39<09:36, 13403164.57B/s]
   GAP-web:   7%|▋         | 574537728/8300343137 [00:39<09:20, 13794675.22B/s]
   GAP-web:   7%|▋         | 575930368/8300343137 [00:40<10:07, 12717860.36B/s]
   GAP-web:   7%|▋         | 577454080/8300343137 [00:40<09:37, 13373080.31B/s]
   GAP-web:   7%|▋         | 578813952/8300343137 [00:40<09:39, 13333131.53B/s]
   GAP-web:   7%|▋         | 580173824/8300343137 [00:40<09:47, 13150899.47B/s]
   GAP-web:   7%|▋         | 581500928/8300343137 [00:40<09:46, 13155626.72B/s]
   GAP-web:   7%|▋         | 582844416/8300343137 [00:40<09:43, 13220997.57B/s]
   GAP-web:   7%|▋         | 584187904/8300343137 [00:40<09:54, 12969442.64B/s]
   GAP-web:   7%|▋         | 585564160/8300343137 [00:40<09:44, 13198448.73B/s]
   GAP-web:   7%|▋         | 587120640/8300343137 [00:40<09:15, 13883747.19B/s]
   GAP-web:   7%|▋         | 588529664/8300343137 [00:40<10:02, 12790104.04B/s]
   GAP-web:   7%|▋         | 590020608/8300343137 [00:41<09:36, 13363585.33B/s]
   GAP-web:   7%|▋         | 591462400/8300343137 [00:41<09:59, 12859414.41B/s]
   GAP-web:   7%|▋         | 593035264/8300343137 [00:41<09:25, 13630637.59B/s]
   GAP-web:   7%|▋         | 594427904/8300343137 [00:41<09:37, 13337847.41B/s]
   GAP-web:   7%|▋         | 595787776/8300343137 [00:41<10:02, 12796979.15B/s]
   GAP-web:   7%|▋         | 597082112/8300343137 [00:41<10:04, 12750901.93B/s]
   GAP-web:   7%|▋         | 598589440/8300343137 [00:41<09:34, 13403066.03B/s]
   GAP-web:   7%|▋         | 599949312/8300343137 [00:41<10:23, 12356754.94B/s]
   GAP-web:   7%|▋         | 601325568/8300343137 [00:41<10:05, 12705170.40B/s]
   GAP-web:   7%|▋         | 602718208/8300343137 [00:42<09:49, 13046858.20B/s]
   GAP-web:   7%|▋         | 604045312/8300343137 [00:42<10:25, 12296271.04B/s]
   GAP-web:   7%|▋         | 605552640/8300343137 [00:42<09:49, 13050927.77B/s]
   GAP-web:   7%|▋         | 607027200/8300343137 [00:42<09:29, 13516516.70B/s]
   GAP-web:   7%|▋         | 608403456/8300343137 [00:42<09:44, 13164871.67B/s]
   GAP-web:   7%|▋         | 609910784/8300343137 [00:42<09:22, 13664622.73B/s]
   GAP-web:   7%|▋         | 611434496/8300343137 [00:42<09:05, 14097525.06B/s]
   GAP-web:   7%|▋         | 612859904/8300343137 [00:42<09:33, 13409409.10B/s]
   GAP-web:   7%|▋         | 614334464/8300343137 [00:42<09:18, 13771823.72B/s]
   GAP-web:   7%|▋         | 615972864/8300343137 [00:43<09:23, 13637286.22B/s]
   GAP-web:   7%|▋         | 617644032/8300343137 [00:43<08:51, 14452558.25B/s]
   GAP-web:   7%|▋         | 619184128/8300343137 [00:43<08:42, 14691356.91B/s]
   GAP-web:   7%|▋         | 620675072/8300343137 [00:43<09:12, 13911616.89B/s]
   GAP-web:   7%|▋         | 622346240/8300343137 [00:43<08:43, 14671312.65B/s]
   GAP-web:   8%|▊         | 623837184/8300343137 [00:43<08:41, 14732286.87B/s]
   GAP-web:   8%|▊         | 625328128/8300343137 [00:43<09:48, 13047157.03B/s]
   GAP-web:   8%|▊         | 626802688/8300343137 [00:43<09:30, 13459150.78B/s]
   GAP-web:   8%|▊         | 628195328/8300343137 [00:43<09:38, 13259208.89B/s]
   GAP-web:   8%|▊         | 629555200/8300343137 [00:44<10:26, 12249683.19B/s]
   GAP-web:   8%|▊         | 631046144/8300343137 [00:44<09:51, 12956801.95B/s]
   GAP-web:   8%|▊         | 632373248/8300343137 [00:44<09:53, 12919401.65B/s]
   GAP-web:   8%|▊         | 633700352/8300343137 [00:44<10:13, 12499343.48B/s]
   GAP-web:   8%|▊         | 635224064/8300343137 [00:44<09:39, 13230521.78B/s]
   GAP-web:   8%|▊         | 636665856/8300343137 [00:44<10:03, 12700480.93B/s]
   GAP-web:   8%|▊         | 638189568/8300343137 [00:44<09:33, 13369244.77B/s]
   GAP-web:   8%|▊         | 639631360/8300343137 [00:44<09:20, 13657098.31B/s]
   GAP-web:   8%|▊         | 641024000/8300343137 [00:44<09:48, 13019471.05B/s]
   GAP-web:   8%|▊         | 642531328/8300343137 [00:44<09:23, 13582634.90B/s]
   GAP-web:   8%|▊         | 643907584/8300343137 [00:45<09:23, 13596961.43B/s]
   GAP-web:   8%|▊         | 645283840/8300343137 [00:45<09:52, 12916506.70B/s]
   GAP-web:   8%|▊         | 646594560/8300343137 [00:45<09:55, 12852380.84B/s]
   GAP-web:   8%|▊         | 648101888/8300343137 [00:45<09:27, 13475381.93B/s]
   GAP-web:   8%|▊         | 649461760/8300343137 [00:45<09:53, 12894379.17B/s]
   GAP-web:   8%|▊         | 650772480/8300343137 [00:45<09:54, 12860769.34B/s]
   GAP-web:   8%|▊         | 652099584/8300343137 [00:45<09:50, 12959785.65B/s]
   GAP-web:   8%|▊         | 653410304/8300343137 [00:45<10:14, 12451713.81B/s]
   GAP-web:   8%|▊         | 654671872/8300343137 [00:45<10:13, 12454868.28B/s]
   GAP-web:   8%|▊         | 656179200/8300343137 [00:46<09:39, 13188081.50B/s]
   GAP-web:   8%|▊         | 657506304/8300343137 [00:46<10:27, 12182140.78B/s]
   GAP-web:   8%|▊         | 659030016/8300343137 [00:46<09:46, 13022296.24B/s]
   GAP-web:   8%|▊         | 660357120/8300343137 [00:46<09:47, 13004792.38B/s]
   GAP-web:   8%|▊         | 661684224/8300343137 [00:46<10:09, 12528724.47B/s]
   GAP-web:   8%|▊         | 663191552/8300343137 [00:46<09:37, 13230381.97B/s]
   GAP-web:   8%|▊         | 664567808/8300343137 [00:46<09:30, 13374230.38B/s]
   GAP-web:   8%|▊         | 665927680/8300343137 [00:46<10:24, 12230553.58B/s]
   GAP-web:   8%|▊         | 667435008/8300343137 [00:46<09:48, 12975745.86B/s]
   GAP-web:   8%|▊         | 668778496/8300343137 [00:47<09:43, 13083804.35B/s]
   GAP-web:   8%|▊         | 670105600/8300343137 [00:47<10:15, 12391189.22B/s]
   GAP-web:   8%|▊         | 671367168/8300343137 [00:47<10:13, 12427145.57B/s]
   GAP-web:   8%|▊         | 672808960/8300343137 [00:47<09:47, 12986588.70B/s]
   GAP-web:   8%|▊         | 674119680/8300343137 [00:47<10:09, 12516568.45B/s]
   GAP-web:   8%|▊         | 675610624/8300343137 [00:47<09:38, 13171727.98B/s]
   GAP-web:   8%|▊         | 676954112/8300343137 [00:47<09:50, 12899630.66B/s]
   GAP-web:   8%|▊         | 678264832/8300343137 [00:47<10:15, 12386376.44B/s]
   GAP-web:   8%|▊         | 679739392/8300343137 [00:47<09:44, 13040353.14B/s]
   GAP-web:   8%|▊         | 681082880/8300343137 [00:48<09:40, 13129020.58B/s]
   GAP-web:   8%|▊         | 682409984/8300343137 [00:48<10:13, 12421993.25B/s]
   GAP-web:   8%|▊         | 683900928/8300343137 [00:48<09:41, 13096955.14B/s]
   GAP-web:   8%|▊         | 685228032/8300343137 [00:48<09:54, 12808932.13B/s]
   GAP-web:   8%|▊         | 686522368/8300343137 [00:48<10:19, 12298217.67B/s]
   GAP-web:   8%|▊         | 688013312/8300343137 [00:48<09:44, 13013358.64B/s]
   GAP-web:   8%|▊         | 689422336/8300343137 [00:48<09:32, 13297865.37B/s]
   GAP-web:   8%|▊         | 690765824/8300343137 [00:48<09:57, 12731319.76B/s]
   GAP-web:   8%|▊         | 692158464/8300343137 [00:48<09:42, 13055437.26B/s]
   GAP-web:   8%|▊         | 693649408/8300343137 [00:48<09:20, 13559752.77B/s]
   GAP-web:   8%|▊         | 695025664/8300343137 [00:49<09:54, 12802070.39B/s]
   GAP-web:   8%|▊         | 696385536/8300343137 [00:49<09:43, 13022225.06B/s]
   GAP-web:   8%|▊         | 697892864/8300343137 [00:49<09:20, 13573451.77B/s]
   GAP-web:   8%|▊         | 699269120/8300343137 [00:49<10:02, 12625650.43B/s]
   GAP-web:   8%|▊         | 700678144/8300343137 [00:49<09:43, 13016272.09B/s]
   GAP-web:   8%|▊         | 702087168/8300343137 [00:49<09:59, 12677035.08B/s]
   GAP-web:   8%|▊         | 703463424/8300343137 [00:49<09:46, 12962584.21B/s]
   GAP-web:   8%|▊         | 704987136/8300343137 [00:49<09:19, 13580384.22B/s]
   GAP-web:   9%|▊         | 706363392/8300343137 [00:49<09:54, 12778445.97B/s]
   GAP-web:   9%|▊         | 707870720/8300343137 [00:50<09:26, 13402868.66B/s]
   GAP-web:   9%|▊         | 709312512/8300343137 [00:50<09:15, 13653421.19B/s]
   GAP-web:   9%|▊         | 710705152/8300343137 [00:50<09:46, 12941211.33B/s]
   GAP-web:   9%|▊         | 712196096/8300343137 [00:50<09:23, 13462356.54B/s]
   GAP-web:   9%|▊         | 713736192/8300343137 [00:50<09:02, 13980211.25B/s]
   GAP-web:   9%|▊         | 715161600/8300343137 [00:50<09:38, 13110153.04B/s]
   GAP-web:   9%|▊         | 716701696/8300343137 [00:50<09:12, 13716644.26B/s]
   GAP-web:   9%|▊         | 718274560/8300343137 [00:50<08:51, 14261747.62B/s]
   GAP-web:   9%|▊         | 719716352/8300343137 [00:50<09:21, 13509883.73B/s]
   GAP-web:   9%|▊         | 721092608/8300343137 [00:51<09:20, 13527876.57B/s]
   GAP-web:   9%|▊         | 722567168/8300343137 [00:51<09:37, 13128068.76B/s]
   GAP-web:   9%|▊         | 724025344/8300343137 [00:51<09:21, 13502222.83B/s]
   GAP-web:   9%|▊         | 725483520/8300343137 [00:51<09:08, 13799074.37B/s]
   GAP-web:   9%|▉         | 726876160/8300343137 [00:51<09:37, 13112020.54B/s]
   GAP-web:   9%|▉         | 728383488/8300343137 [00:51<09:15, 13641747.24B/s]
   GAP-web:   9%|▉         | 729776128/8300343137 [00:51<09:12, 13696571.21B/s]
   GAP-web:   9%|▉         | 731168768/8300343137 [00:51<09:40, 13044688.79B/s]
   GAP-web:   9%|▉         | 732659712/8300343137 [00:51<09:19, 13532168.76B/s]
   GAP-web:   9%|▉         | 734035968/8300343137 [00:51<09:22, 13459897.05B/s]
   GAP-web:   9%|▉         | 735395840/8300343137 [00:52<09:40, 13041735.01B/s]
   GAP-web:   9%|▉         | 736837632/8300343137 [00:52<09:23, 13431020.47B/s]
   GAP-web:   9%|▉         | 738263040/8300343137 [00:52<09:13, 13662355.36B/s]
   GAP-web:   9%|▉         | 739639296/8300343137 [00:52<09:55, 12699407.36B/s]
   GAP-web:   9%|▉         | 741097472/8300343137 [00:52<09:31, 13221337.16B/s]
   GAP-web:   9%|▉         | 742572032/8300343137 [00:52<09:13, 13647970.91B/s]
   GAP-web:   9%|▉         | 743964672/8300343137 [00:52<09:49, 12807456.99B/s]
   GAP-web:   9%|▉         | 745406464/8300343137 [00:52<09:30, 13232911.62B/s]
   GAP-web:   9%|▉         | 746766336/8300343137 [00:52<09:26, 13336788.78B/s]
   GAP-web:   9%|▉         | 748126208/8300343137 [00:53<10:01, 12551421.15B/s]
   GAP-web:   9%|▉         | 749453312/8300343137 [00:53<09:53, 12733362.52B/s]
   GAP-web:   9%|▉         | 750977024/8300343137 [00:53<09:23, 13406165.39B/s]
   GAP-web:   9%|▉         | 752336896/8300343137 [00:53<10:03, 12496865.53B/s]
   GAP-web:   9%|▉         | 753844224/8300343137 [00:53<09:31, 13194097.27B/s]
   GAP-web:   9%|▉         | 755187712/8300343137 [00:53<09:34, 13130522.31B/s]
   GAP-web:   9%|▉         | 756514816/8300343137 [00:53<09:44, 12912618.42B/s]
   GAP-web:   9%|▉         | 757825536/8300343137 [00:53<09:45, 12889069.81B/s]
   GAP-web:   9%|▉         | 759267328/8300343137 [00:53<09:25, 13324522.33B/s]
   GAP-web:   9%|▉         | 760610816/8300343137 [00:54<09:56, 12641284.63B/s]
   GAP-web:   9%|▉         | 762036224/8300343137 [00:54<09:35, 13089772.03B/s]
   GAP-web:   9%|▉         | 763527168/8300343137 [00:54<09:15, 13566906.84B/s]
   GAP-web:   9%|▉         | 764903424/8300343137 [00:54<10:03, 12493712.89B/s]
   GAP-web:   9%|▉         | 766312448/8300343137 [00:54<09:43, 12913547.79B/s]
   GAP-web:   9%|▉         | 767803392/8300343137 [00:54<09:21, 13418671.15B/s]
   GAP-web:   9%|▉         | 769163264/8300343137 [00:54<10:02, 12499428.92B/s]
   GAP-web:   9%|▉         | 770670592/8300343137 [00:54<09:30, 13197506.42B/s]
   GAP-web:   9%|▉         | 772014080/8300343137 [00:54<09:32, 13149610.22B/s]
   GAP-web:   9%|▉         | 773357568/8300343137 [00:55<10:01, 12517234.34B/s]
   GAP-web:   9%|▉         | 774750208/8300343137 [00:55<09:44, 12869524.78B/s]
   GAP-web:   9%|▉         | 776060928/8300343137 [00:55<09:45, 12853672.93B/s]
   GAP-web:   9%|▉         | 777355264/8300343137 [00:55<10:10, 12313469.31B/s]
   GAP-web:   9%|▉         | 778665984/8300343137 [00:55<10:01, 12500951.89B/s]
   GAP-web:   9%|▉         | 780091392/8300343137 [00:55<09:38, 12997889.93B/s]
   GAP-web:   9%|▉         | 781402112/8300343137 [00:55<10:24, 12041539.70B/s]
   GAP-web:   9%|▉         | 782778368/8300343137 [00:55<10:00, 12518254.40B/s]
   GAP-web:   9%|▉         | 784121856/8300343137 [00:55<09:49, 12750055.90B/s]
   GAP-web:   9%|▉         | 785416192/8300343137 [00:56<10:31, 11901522.95B/s]
   GAP-web:   9%|▉         | 786644992/8300343137 [00:56<10:26, 12001662.70B/s]
   GAP-web:   9%|▉         | 788021248/8300343137 [00:56<10:01, 12479861.79B/s]
   GAP-web:  10%|▉         | 789282816/8300343137 [00:56<10:31, 11896503.29B/s]
   GAP-web:  10%|▉         | 790626304/8300343137 [00:56<10:10, 12304797.31B/s]
   GAP-web:  10%|▉         | 792068096/8300343137 [00:56<09:43, 12869177.26B/s]
   GAP-web:  10%|▉         | 793378816/8300343137 [00:56<10:18, 12141629.38B/s]
   GAP-web:  10%|▉         | 794722304/8300343137 [00:56<10:00, 12491687.00B/s]
   
   asv: benchmark timed out (timeout 60s)
   
   For parameters: bfs_gap_inputs.GAP/GAP-kron_22631240
   INFO root: Dataset suitesparse_matrix.GAP/GAP-kron manifest metadata is stale.
   
   GAP-kron:   0%|          | 0/14570837178 [00:00<?, ?B/s]
   GAP-kron:   0%|          | 344064/14570837178 [00:00<1:22:46, 2933995.20B/s]
   GAP-kron:   0%|          | 1048576/14570837178 [00:00<46:48, 5187158.57B/s] 
   GAP-kron:   0%|          | 1802240/14570837178 [00:00<39:03, 6216819.66B/s]
   GAP-kron:   0%|          | 2637824/14570837178 [00:00<35:14, 6890637.85B/s]
   GAP-kron:   0%|          | 3670016/14570837178 [00:00<31:13, 7774921.53B/s]
   GAP-kron:   0%|          | 4603904/14570837178 [00:00<29:22, 8264101.61B/s]
   GAP-kron:   0%|          | 5734400/14570837178 [00:00<26:21, 9211183.15B/s]
   GAP-kron:   0%|          | 6815744/14570837178 [00:00<25:05, 9673844.89B/s]
   GAP-kron:   0%|          | 7929856/14570837178 [00:00<24:00, 10109104.94B/s]
   GAP-kron:   0%|          | 9060352/14570837178 [00:01<23:12, 10460433.93B/s]
   GAP-kron:   0%|          | 10190848/14570837178 [00:01<22:40, 10702014.03B/s]
   GAP-kron:   0%|          | 11386880/14570837178 [00:01<22:00, 11023437.95B/s]
   GAP-kron:   0%|          | 12877824/14570837178 [00:01<19:54, 12188798.07B/s]
   GAP-kron:   0%|          | 14123008/14570837178 [00:01<19:48, 12248806.41B/s]
   GAP-kron:   0%|          | 15646720/14570837178 [00:01<18:29, 13121769.45B/s]
   GAP-kron:   0%|          | 16973824/14570837178 [00:01<18:30, 13103047.68B/s]
   GAP-kron:   0%|          | 18448384/14570837178 [00:01<17:51, 13577337.37B/s]
   GAP-kron:   0%|          | 20070400/14570837178 [00:01<16:53, 14361216.18B/s]
   GAP-kron:   0%|          | 21659648/14570837178 [00:01<16:21, 14817832.63B/s]
   GAP-kron:   0%|          | 23216128/14570837178 [00:02<16:07, 15030367.60B/s]
   GAP-kron:   0%|          | 24788992/14570837178 [00:02<15:55, 15224437.14B/s]
   GAP-kron:   0%|          | 26394624/14570837178 [00:02<15:40, 15463631.99B/s]
   GAP-kron:   0%|          | 28033024/14570837178 [00:02<15:25, 15706857.31B/s]
   GAP-kron:   0%|          | 29720576/14570837178 [00:02<15:05, 16050555.93B/s]
   GAP-kron:   0%|          | 31424512/14570837178 [00:02<14:50, 16324103.14B/s]
   GAP-kron:   0%|          | 33144832/14570837178 [00:02<14:37, 16557804.44B/s]
   GAP-kron:   0%|          | 34914304/14570837178 [00:02<14:22, 16860766.56B/s]
   GAP-kron:   0%|          | 36667392/14570837178 [00:02<14:14, 17008649.17B/s]
   GAP-kron:   0%|          | 38371328/14570837178 [00:02<14:20, 16894283.30B/s]
   GAP-kron:   0%|          | 40124416/14570837178 [00:03<14:11, 17068812.70B/s]
   GAP-kron:   0%|          | 41926656/14570837178 [00:03<13:59, 17301915.59B/s]
   GAP-kron:   0%|          | 43745280/14570837178 [00:03<13:48, 17534666.54B/s]
   GAP-kron:   0%|          | 45514752/14570837178 [00:03<13:52, 17455690.76B/s]
   GAP-kron:   0%|          | 47267840/14570837178 [00:03<13:58, 17327247.76B/s]
   GAP-kron:   0%|          | 49020928/14570837178 [00:03<13:56, 17362746.55B/s]
   GAP-kron:   0%|          | 50757632/14570837178 [00:03<13:57, 17342371.45B/s]
   GAP-kron:   0%|          | 52527104/14570837178 [00:03<13:53, 17426499.35B/s]
   GAP-kron:   0%|          | 54280192/14570837178 [00:03<13:57, 17338914.93B/s]
   GAP-kron:   0%|          | 56115200/14570837178 [00:03<13:44, 17598376.95B/s]
   GAP-kron:   0%|          | 57884672/14570837178 [00:04<13:55, 17380215.53B/s]
   GAP-kron:   0%|          | 59637760/14570837178 [00:04<13:59, 17278081.20B/s]
   GAP-kron:   0%|          | 61472768/14570837178 [00:04<13:47, 17527541.33B/s]
   GAP-kron:   0%|          | 63242240/14570837178 [00:04<13:49, 17487747.51B/s]
   GAP-kron:   0%|          | 65028096/14570837178 [00:04<13:45, 17575479.29B/s]
   GAP-kron:   0%|          | 66797568/14570837178 [00:04<13:49, 17487163.96B/s]
   GAP-kron:   0%|          | 68550656/14570837178 [00:04<13:59, 17268483.68B/s]
   GAP-kron:   0%|          | 70287360/14570837178 [00:04<13:59, 17275149.47B/s]
   GAP-kron:   0%|          | 72024064/14570837178 [00:04<14:15, 16952850.52B/s]
   GAP-kron:   1%|          | 73777152/14570837178 [00:04<14:06, 17117087.74B/s]
   GAP-kron:   1%|          | 75497472/14570837178 [00:05<14:08, 17075584.83B/s]
   GAP-kron:   1%|          | 77299712/14570837178 [00:05<13:56, 17334564.53B/s]
   GAP-kron:   1%|          | 79036416/14570837178 [00:05<13:56, 17333549.72B/s]
   GAP-kron:   1%|          | 80773120/14570837178 [00:05<14:04, 17148926.19B/s]
   GAP-kron:   1%|          | 82509824/14570837178 [00:05<14:04, 17164115.57B/s]
   GAP-kron:   1%|          | 84230144/14570837178 [00:05<14:56, 16158473.19B/s]
   GAP-kron:   1%|          | 85999616/14570837178 [00:05<14:33, 16577033.83B/s]
   GAP-kron:   1%|          | 87736320/14570837178 [00:05<14:22, 16784666.83B/s]
   GAP-kron:   1%|          | 89423872/14570837178 [00:05<15:12, 15872581.13B/s]
   GAP-kron:   1%|          | 91193344/14570837178 [00:06<14:44, 16363493.71B/s]
   GAP-kron:   1%|          | 92848128/14570837178 [00:06<15:18, 15760283.02B/s]
   GAP-kron:   1%|          | 94666752/14570837178 [00:06<14:41, 16426491.34B/s]
   GAP-kron:   1%|          | 96337920/14570837178 [00:06<15:22, 15684418.16B/s]
   GAP-kron:   1%|          | 98189312/14570837178 [00:06<14:40, 16442919.43B/s]
   GAP-kron:   1%|          | 99860480/14570837178 [00:06<15:26, 15627349.58B/s]
   GAP-kron:   1%|          | 101711872/14570837178 [00:06<14:41, 16420591.47B/s]
   GAP-kron:   1%|          | 103546880/14570837178 [00:06<14:13, 16941230.30B/s]
   GAP-kron:   1%|          | 105267200/14570837178 [00:06<14:55, 16147923.57B/s]
   GAP-kron:   1%|          | 107134976/14570837178 [00:07<14:19, 16818773.63B/s]
   GAP-kron:   1%|          | 108838912/14570837178 [00:07<15:00, 16051681.96B/s]
   GAP-kron:   1%|          | 110559232/14570837178 [00:07<14:44, 16339738.10B/s]
   GAP-kron:   1%|          | 112214016/14570837178 [00:07<15:30, 15538833.21B/s]
   GAP-kron:   1%|          | 113950720/14570837178 [00:07<15:00, 16046639.38B/s]
   GAP-kron:   1%|          | 115785728/14570837178 [00:07<14:26, 16687104.17B/s]
   GAP-kron:   1%|          | 117473280/14570837178 [00:07<15:15, 15795779.65B/s]
   GAP-kron:   1%|          | 119291904/14570837178 [00:07<14:38, 16458192.39B/s]
   GAP-kron:   1%|          | 120963072/14570837178 [00:07<15:18, 15730977.30B/s]
   GAP-kron:   1%|          | 122781696/14570837178 [00:07<14:41, 16384149.46B/s]
   GAP-kron:   1%|          | 124436480/14570837178 [00:08<15:14, 15792724.05B/s]
   GAP-kron:   1%|          | 126238720/14570837178 [00:08<14:39, 16414605.56B/s]
   GAP-kron:   1%|          | 127909888/14570837178 [00:08<15:24, 15622991.28B/s]
   GAP-kron:   1%|          | 129662976/14570837178 [00:08<14:55, 16134462.46B/s]
   GAP-kron:   1%|          | 131416064/14570837178 [00:08<14:34, 16512527.42B/s]
   GAP-kron:   1%|          | 133087232/14570837178 [00:08<15:19, 15704154.97B/s]
   GAP-kron:   1%|          | 134873088/14570837178 [00:08<14:45, 16308106.08B/s]
   GAP-kron:   1%|          | 136527872/14570837178 [00:08<15:19, 15690365.18B/s]
   GAP-kron:   1%|          | 138330112/14570837178 [00:08<14:43, 16326866.84B/s]
   GAP-kron:   1%|          | 139984896/14570837178 [00:09<15:18, 15707405.86B/s]
   GAP-kron:   1%|          | 141803520/14570837178 [00:09<14:41, 16371555.10B/s]
   GAP-kron:   1%|          | 143605760/14570837178 [00:09<14:18, 16800125.22B/s]
   GAP-kron:   1%|          | 145358848/14570837178 [00:09<14:08, 16997049.17B/s]
   GAP-kron:   1%|          | 147128320/14570837178 [00:09<13:59, 17184572.16B/s]
   GAP-kron:   1%|          | 148897792/14570837178 [00:09<13:53, 17300982.45B/s]
   GAP-kron:   1%|          | 150634496/14570837178 [00:09<13:53, 17303126.18B/s]
   GAP-kron:   1%|          | 152403968/14570837178 [00:09<13:49, 17387558.69B/s]
   GAP-kron:   1%|          | 154157056/14570837178 [00:09<14:43, 16315259.54B/s]
   GAP-kron:   1%|          | 155959296/14570837178 [00:10<14:18, 16786523.12B/s]
   GAP-kron:   1%|          | 157663232/14570837178 [00:10<15:02, 15970607.59B/s]
   GAP-kron:   1%|          | 159399936/14570837178 [00:10<14:43, 16315880.57B/s]
   GAP-kron:   1%|          | 161234944/14570837178 [00:10<14:13, 16873467.32B/s]
   GAP-kron:   1%|          | 162938880/14570837178 [00:10<15:09, 15839277.25B/s]
   GAP-kron:   1%|          | 164741120/14570837178 [00:10<14:35, 16446496.58B/s]
   GAP-kron:   1%|          | 166412288/14570837178 [00:10<15:16, 15719761.24B/s]
   GAP-kron:   1%|          | 168214528/14570837178 [00:10<14:42, 16321627.67B/s]
   GAP-kron:   1%|          | 169869312/14570837178 [00:10<15:27, 15530370.84B/s]
   GAP-kron:   1%|          | 171589632/14570837178 [00:10<15:02, 15960469.86B/s]
   GAP-kron:   1%|          | 173326336/14570837178 [00:11<14:42, 16315269.81B/s]
   GAP-kron:   1%|          | 174981120/14570837178 [00:11<15:26, 15530875.03B/s]
   GAP-kron:   1%|          | 176750592/14570837178 [00:11<14:52, 16119460.58B/s]
   GAP-kron:   1%|          | 178388992/14570837178 [00:11<15:34, 15406644.63B/s]
   GAP-kron:   1%|          | 180076544/14570837178 [00:11<15:10, 15807261.12B/s]
   GAP-kron:   1%|          | 181682176/14570837178 [00:11<15:45, 15220647.85B/s]
   GAP-kron:   1%|▏         | 183451648/14570837178 [00:11<15:04, 15905147.73B/s]
   GAP-kron:   1%|▏         | 185253888/14570837178 [00:11<14:32, 16480283.36B/s]
   GAP-kron:   1%|▏         | 186925056/14570837178 [00:11<15:39, 15306540.12B/s]
   GAP-kron:   1%|▏         | 188678144/14570837178 [00:12<15:04, 15908914.18B/s]
   GAP-kron:   1%|▏         | 190300160/14570837178 [00:12<15:40, 15289417.84B/s]
   GAP-kron:   1%|▏         | 192069632/14570837178 [00:12<15:01, 15941739.01B/s]
   GAP-kron:   1%|▏         | 193691648/14570837178 [00:12<15:40, 15291673.13B/s]
   GAP-kron:   1%|▏         | 195477504/14570837178 [00:12<14:59, 15981416.62B/s]
   GAP-kron:   1%|▏         | 197279744/14570837178 [00:12<14:27, 16563227.12B/s]
   GAP-kron:   1%|▏         | 198950912/14570837178 [00:12<15:11, 15766929.69B/s]
   GAP-kron:   1%|▏         | 200704000/14570837178 [00:12<14:44, 16243011.59B/s]
   GAP-kron:   1%|▏         | 202342400/14570837178 [00:12<15:33, 15387016.72B/s]
   GAP-kron:   1%|▏         | 204111872/14570837178 [00:13<14:56, 16026826.26B/s]
   GAP-kron:   1%|▏         | 205733888/14570837178 [00:13<15:36, 15331704.35B/s]
   GAP-kron:   1%|▏         | 207372288/14570837178 [00:13<15:19, 15619951.77B/s]
   GAP-kron:   1%|▏         | 208961536/14570837178 [00:13<15:21, 15581022.32B/s]
   GAP-kron:   1%|▏         | 210534400/14570837178 [00:13<15:58, 14989423.36B/s]
   GAP-kron:   1%|▏         | 212353024/14570837178 [00:13<15:04, 15878110.60B/s]
   GAP-kron:   1%|▏         | 213958656/14570837178 [00:13<15:37, 15322124.44B/s]
   GAP-kron:   1%|▏         | 215760896/14570837178 [00:13<14:52, 16081616.57B/s]
   GAP-kron:   1%|▏         | 217382912/14570837178 [00:13<15:57, 14995764.15B/s]
   GAP-kron:   2%|▏         | 219004928/14570837178 [00:14<15:36, 15320528.45B/s]
   GAP-kron:   2%|▏         | 220692480/14570837178 [00:14<15:11, 15741710.28B/s]
   GAP-kron:   2%|▏         | 222281728/14570837178 [00:14<16:10, 14788612.17B/s]
   GAP-kron:   2%|▏         | 223969280/14570837178 [00:14<15:34, 15358317.55B/s]
   GAP-kron:   2%|▏         | 225525760/14570837178 [00:14<16:17, 14668148.55B/s]
   GAP-kron:   2%|▏         | 227246080/14570837178 [00:14<15:34, 15352319.76B/s]
   GAP-kron:   2%|▏         | 228917248/14570837178 [00:14<15:11, 15737045.74B/s]
   GAP-kron:   2%|▏         | 230506496/14570837178 [00:14<16:01, 14910632.91B/s]
   GAP-kron:   2%|▏         | 232226816/14570837178 [00:14<15:23, 15522745.56B/s]
   GAP-kron:   2%|▏         | 233799680/14570837178 [00:14<15:56, 14991257.71B/s]
   GAP-kron:   2%|▏         | 235536384/14570837178 [00:15<15:17, 15623707.74B/s]
   GAP-kron:   2%|▏         | 237207552/14570837178 [00:15<14:59, 15927119.71B/s]
   GAP-kron:   2%|▏         | 238813184/14570837178 [00:15<15:46, 15149952.14B/s]
   GAP-kron:   2%|▏         | 240451584/14570837178 [00:15<15:24, 15497854.00B/s]
   GAP-kron:   2%|▏         | 242024448/14570837178 [00:15<16:32, 14436291.41B/s]
   GAP-kron:   2%|▏         | 243564544/14570837178 [00:15<16:16, 14667247.14B/s]
   GAP-kron:   2%|▏         | 245170176/14570837178 [00:15<15:53, 15023887.99B/s]
   GAP-kron:   2%|▏         | 246693888/14570837178 [00:15<16:46, 14227312.18B/s]
   GAP-kron:   2%|▏         | 248381440/14570837178 [00:15<15:57, 14963100.73B/s]
   GAP-kron:   2%|▏         | 249905152/14570837178 [00:16<16:35, 14382652.68B/s]
   GAP-kron:   2%|▏         | 251641856/14570837178 [00:16<15:42, 15194611.49B/s]
   GAP-kron:   2%|▏         | 253198336/14570837178 [00:16<16:44, 14258254.77B/s]
   GAP-kron:   2%|▏         | 254820352/14570837178 [00:16<16:09, 14773270.79B/s]
   GAP-kron:   2%|▏         | 256524288/14570837178 [00:16<15:28, 15410525.29B/s]
   GAP-kron:   2%|▏         | 258097152/14570837178 [00:16<16:07, 14788218.48B/s]
   GAP-kron:   2%|▏         | 259653632/14570837178 [00:16<15:55, 14973178.69B/s]
   GAP-kron:   2%|▏         | 261210112/14570837178 [00:16<16:30, 14445769.26B/s]
   GAP-kron:   2%|▏         | 262946816/14570837178 [00:16<15:37, 15264947.06B/s]
   GAP-kron:   2%|▏         | 264667136/14570837178 [00:17<15:04, 15812568.44B/s]
   GAP-kron:   2%|▏         | 266272768/14570837178 [00:17<15:43, 15154780.31B/s]
   GAP-kron:   2%|▏         | 267911168/14570837178 [00:17<15:24, 15477177.13B/s]
   GAP-kron:   2%|▏         | 269484032/14570837178 [00:17<16:18, 14621582.10B/s]
   GAP-kron:   2%|▏         | 271204352/14570837178 [00:17<15:34, 15308926.61B/s]
   GAP-kron:   2%|▏         | 272875520/14570837178 [00:17<15:11, 15678694.01B/s]
   GAP-kron:   2%|▏         | 274464768/14570837178 [00:17<15:51, 15027111.51B/s]
   GAP-kron:   2%|▏         | 276168704/14570837178 [00:17<15:18, 15571131.07B/s]
   GAP-kron:   2%|▏         | 277741568/14570837178 [00:17<15:58, 14907872.42B/s]
   GAP-kron:   2%|▏         | 279461888/14570837178 [00:18<15:21, 15516448.88B/s]
   GAP-kron:   2%|▏         | 281034752/14570837178 [00:18<16:10, 14720721.76B/s]
   GAP-kron:   2%|▏         | 282820608/14570837178 [00:18<15:17, 15572524.59B/s]
   GAP-kron:   2%|▏         | 284573696/14570837178 [00:18<14:47, 16099359.13B/s]
   GAP-kron:   2%|▏         | 286212096/14570837178 [00:18<15:43, 15144583.43B/s]
   GAP-kron:   2%|▏         | 287948800/14570837178 [00:18<15:08, 15726662.95B/s]
   GAP-kron:   2%|▏         | 289554432/14570837178 [00:18<15:48, 15061250.90B/s]
   GAP-kron:   2%|▏         | 291307520/14570837178 [00:18<15:07, 15743078.19B/s]
   GAP-kron:   2%|▏         | 293044224/14570837178 [00:18<14:42, 16177109.15B/s]
   GAP-kron:   2%|▏         | 294682624/14570837178 [00:19<15:31, 15327775.81B/s]
   GAP-kron:   2%|▏         | 296386560/14570837178 [00:19<15:03, 15795686.71B/s]
   GAP-kron:   2%|▏         | 297992192/14570837178 [00:19<15:35, 15263605.98B/s]
   GAP-kron:   2%|▏         | 299794432/14570837178 [00:19<14:51, 16003774.69B/s]
   GAP-kron:   2%|▏         | 301416448/14570837178 [00:19<15:50, 15013893.55B/s]
   GAP-kron:   2%|▏         | 303087616/14570837178 [00:19<15:23, 15454797.85B/s]
   GAP-kron:   2%|▏         | 304824320/14570837178 [00:19<14:53, 15974175.66B/s]
   GAP-kron:   2%|▏         | 306446336/14570837178 [00:19<15:42, 15130744.90B/s]
   GAP-kron:   2%|▏         | 308166656/14570837178 [00:19<15:09, 15683849.76B/s]
   GAP-kron:   2%|▏         | 309755904/14570837178 [00:19<15:43, 15112812.67B/s]
   GAP-kron:   2%|▏         | 311525376/14570837178 [00:20<15:01, 15822069.88B/s]
   GAP-kron:   2%|▏         | 313131008/14570837178 [00:20<15:47, 15045310.52B/s]
   GAP-kron:   2%|▏         | 314654720/14570837178 [00:20<15:45, 15070835.57B/s]
   GAP-kron:   2%|▏         | 316358656/14570837178 [00:20<15:13, 15602247.57B/s]
   GAP-kron:   2%|▏         | 317931520/14570837178 [00:20<16:04, 14771052.05B/s]
   GAP-kron:   2%|▏         | 319651840/14570837178 [00:20<15:22, 15446386.28B/s]
   GAP-kron:   2%|▏         | 321224704/14570837178 [00:20<15:58, 14871029.22B/s]
   GAP-kron:   2%|▏         | 322945024/14570837178 [00:20<15:18, 15517465.48B/s]
   GAP-kron:   2%|▏         | 324681728/14570837178 [00:20<14:49, 16020963.24B/s]
   GAP-kron:   2%|▏         | 326303744/14570837178 [00:21<15:35, 15231108.50B/s]
   GAP-kron:   2%|▏         | 328073216/14570837178 [00:21<14:56, 15889742.66B/s]
   GAP-kron:   2%|▏         | 329678848/14570837178 [00:21<15:32, 15266681.84B/s]
   GAP-kron:   2%|▏         | 331464704/14570837178 [00:21<14:50, 15984586.17B/s]
   GAP-kron:   2%|▏         | 333086720/14570837178 [00:21<15:31, 15281112.36B/s]
   GAP-kron:   2%|▏         | 334856192/14570837178 [00:21<14:53, 15937251.32B/s]
   GAP-kron:   2%|▏         | 336642048/14570837178 [00:21<14:24, 16469367.70B/s]
   GAP-kron:   2%|▏         | 338313216/14570837178 [00:21<15:09, 15657071.14B/s]
   GAP-kron:   2%|▏         | 340082688/14570837178 [00:21<14:38, 16201752.14B/s]
   GAP-kron:   2%|▏         | 341721088/14570837178 [00:22<15:19, 15470594.47B/s]
   GAP-kron:   2%|▏         | 343326720/14570837178 [00:22<15:10, 15629464.04B/s]
   GAP-kron:   2%|▏         | 344997888/14570837178 [00:22<14:54, 15902455.63B/s]
   GAP-kron:   2%|▏         | 346603520/14570837178 [00:22<15:40, 15129425.34B/s]
   GAP-kron:   2%|▏         | 348340224/14570837178 [00:22<15:04, 15732216.77B/s]
   GAP-kron:   2%|▏         | 349978624/14570837178 [00:22<14:53, 15916159.94B/s]
   GAP-kron:   2%|▏         | 351715328/14570837178 [00:22<14:31, 16318399.66B/s]
   GAP-kron:   2%|▏         | 353370112/14570837178 [00:22<15:16, 15517786.27B/s]
   GAP-kron:   2%|▏         | 355057664/14570837178 [00:22<14:54, 15892165.89B/s]
   GAP-kron:   2%|▏         | 356712448/14570837178 [00:22<14:44, 16077500.39B/s]
   GAP-kron:   2%|▏         | 358334464/14570837178 [00:23<15:29, 15288766.64B/s]
   GAP-kron:   2%|▏         | 360103936/14570837178 [00:23<14:50, 15952846.68B/s]
   GAP-kron:   2%|▏         | 361725952/14570837178 [00:23<15:29, 15281497.56B/s]
   GAP-kron:   2%|▏         | 363429888/14570837178 [00:23<15:02, 15745041.20B/s]
   GAP-kron:   3%|▎         | 365084672/14570837178 [00:23<14:51, 15938143.89B/s]
   GAP-kron:   3%|▎         | 366690304/14570837178 [00:23<16:02, 14758125.50B/s]
   GAP-kron:   3%|▎         | 368410624/14570837178 [00:23<15:22, 15400049.33B/s]
   GAP-kron:   3%|▎         | 369983488/14570837178 [00:23<16:00, 14790183.53B/s]
   GAP-kron:   3%|▎         | 371720192/14570837178 [00:23<15:17, 15473313.44B/s]
   GAP-kron:   3%|▎         | 373293056/14570837178 [00:24<15:59, 14796790.57B/s]
   GAP-kron:   3%|▎         | 374996992/14570837178 [00:24<15:22, 15388166.76B/s]
   GAP-kron:   3%|▎         | 376586240/14570837178 [00:24<15:15, 15512143.64B/s]
   GAP-kron:   3%|▎         | 378159104/14570837178 [00:24<16:02, 14750007.52B/s]
   GAP-kron:   3%|▎         | 379830272/14570837178 [00:24<15:29, 15260753.66B/s]
   GAP-kron:   3%|▎         | 381370368/14570837178 [00:24<16:02, 14742324.01B/s]
   GAP-kron:   3%|▎         | 383172608/14570837178 [00:24<15:06, 15644403.18B/s]
   GAP-kron:   3%|▎         | 384811008/14570837178 [00:24<14:56, 15828198.23B/s]
   GAP-kron:   3%|▎         | 386416640/14570837178 [00:24<15:36, 15145600.30B/s]
   GAP-kron:   3%|▎         | 388153344/14570837178 [00:25<14:59, 15770584.75B/s]
   GAP-kron:   3%|▎         | 389742592/14570837178 [00:25<15:36, 15138310.33B/s]
   GAP-kron:   3%|▎         | 391512064/14570837178 [00:25<14:55, 15825564.07B/s]
   GAP-kron:   3%|▎         | 393117696/14570837178 [00:25<15:38, 15105489.32B/s]
   GAP-kron:   3%|▎         | 394821632/14570837178 [00:25<15:06, 15633876.01B/s]
   GAP-kron:   3%|▎         | 396558336/14570837178 [00:25<14:39, 16107339.88B/s]
   GAP-kron:   3%|▎         | 398180352/14570837178 [00:25<14:48, 15943531.10B/s]
   GAP-kron:   3%|▎         | 399933440/14570837178 [00:25<14:23, 16402652.68B/s]
   GAP-kron:   3%|▎         | 401588224/14570837178 [00:25<15:15, 15478617.24B/s]
   GAP-kron:   3%|▎         | 403341312/14570837178 [00:25<14:42, 16049078.30B/s]
   GAP-kron:   3%|▎         | 405028864/14570837178 [00:26<14:30, 16278141.53B/s]
   GAP-kron:   3%|▎         | 406667264/14570837178 [00:26<15:15, 15475766.78B/s]
   GAP-kron:   3%|▎         | 408387584/14570837178 [00:26<14:48, 15945355.90B/s]
   GAP-kron:   3%|▎         | 410009600/14570837178 [00:26<15:27, 15263777.32B/s]
   GAP-kron:   3%|▎         | 411746304/14570837178 [00:26<14:54, 15828704.17B/s]
   GAP-kron:   3%|▎         | 413351936/14570837178 [00:26<15:31, 15190736.57B/s]
   GAP-kron:   3%|▎         | 415088640/14570837178 [00:26<14:58, 15763586.10B/s]
   GAP-kron:   3%|▎         | 416841728/14570837178 [00:26<14:33, 16212873.75B/s]
   GAP-kron:   3%|▎         | 418480128/14570837178 [00:26<15:16, 15433980.66B/s]
   GAP-kron:   3%|▎         | 420249600/14570837178 [00:27<14:40, 16066090.45B/s]
   GAP-kron:   3%|▎         | 421871616/14570837178 [00:27<15:17, 15414330.78B/s]
   GAP-kron:   3%|▎         | 423641088/14570837178 [00:27<14:45, 15979117.31B/s]
   GAP-kron:   3%|▎         | 425279488/14570837178 [00:27<15:17, 15417105.48B/s]
   GAP-kron:   3%|▎         | 426999808/14570837178 [00:27<14:49, 15891966.38B/s]
   GAP-kron:   3%|▎         | 428687360/14570837178 [00:27<14:36, 16137378.28B/s]
   GAP-kron:   3%|▎         | 430325760/14570837178 [00:27<15:38, 15060451.54B/s]
   GAP-kron:   3%|▎         | 431947776/14570837178 [00:27<15:21, 15336125.64B/s]
   GAP-kron:   3%|▎         | 433504256/14570837178 [00:27<16:19, 14436003.35B/s]
   GAP-kron:   3%|▎         | 435126272/14570837178 [00:28<15:48, 14899403.74B/s]
   GAP-kron:   3%|▎         | 436699136/14570837178 [00:28<15:35, 15103666.12B/s]
   GAP-kron:   3%|▎         | 438222848/14570837178 [00:28<16:36, 14182891.06B/s]
   GAP-kron:   3%|▎         | 439812096/14570837178 [00:28<16:05, 14631822.05B/s]
   GAP-kron:   3%|▎         | 441303040/14570837178 [00:28<16:46, 14033958.05B/s]
   GAP-kron:   3%|▎         | 442908672/14570837178 [00:28<16:10, 14560279.22B/s]
   GAP-kron:   3%|▎         | 444563456/14570837178 [00:28<15:34, 15120172.67B/s]
   GAP-kron:   3%|▎         | 446103552/14570837178 [00:28<16:16, 14469588.00B/s]
   GAP-kron:   3%|▎         | 447741952/14570837178 [00:28<15:43, 14975384.07B/s]
   GAP-kron:   3%|▎         | 449265664/14570837178 [00:29<16:24, 14347269.34B/s]
   GAP-kron:   3%|▎         | 450920448/14570837178 [00:29<15:44, 14953324.96B/s]
   GAP-kron:   3%|▎         | 452493312/14570837178 [00:29<15:30, 15165896.51B/s]
   GAP-kron:   3%|▎         | 454033408/14570837178 [00:29<16:21, 14376022.09B/s]
   GAP-kron:   3%|▎         | 455688192/14570837178 [00:29<15:44, 14944041.24B/s]
   GAP-kron:   3%|▎         | 457211904/14570837178 [00:29<16:48, 13994899.59B/s]
   GAP-kron:   3%|▎         | 458784768/14570837178 [00:29<16:16, 14455690.18B/s]
   GAP-kron:   3%|▎         | 460357632/14570837178 [00:29<15:52, 14812810.13B/s]
   GAP-kron:   3%|▎         | 461864960/14570837178 [00:29<16:43, 14060172.07B/s]
   GAP-kron:   3%|▎         | 463470592/14570837178 [00:29<16:07, 14582587.41B/s]
   GAP-kron:   3%|▎         | 465059840/14570837178 [00:30<16:47, 14001343.05B/s]
   GAP-kron:   3%|▎         | 466616320/14570837178 [00:30<16:20, 14390572.54B/s]
   GAP-kron:   3%|▎         | 468238336/14570837178 [00:30<15:46, 14900340.71B/s]
   GAP-kron:   3%|▎         | 469745664/14570837178 [00:30<16:46, 14012478.78B/s]
   GAP-kron:   3%|▎         | 471400448/14570837178 [00:30<16:00, 14675075.56B/s]
   GAP-kron:   3%|▎         | 472956928/14570837178 [00:30<15:46, 14897362.98B/s]
   GAP-kron:   3%|▎         | 474464256/14570837178 [00:30<16:32, 14196125.79B/s]
   GAP-kron:   3%|▎         | 476086272/14570837178 [00:30<15:55, 14755326.29B/s]
   GAP-kron:   3%|▎         | 477577216/14570837178 [00:30<16:33, 14184834.45B/s]
   GAP-kron:   3%|▎         | 479215616/14570837178 [00:31<15:52, 14800456.46B/s]
   GAP-kron:   3%|▎         | 480788480/14570837178 [00:31<15:37, 15033098.32B/s]
   GAP-kron:   3%|▎         | 482312192/14570837178 [00:31<16:20, 14370377.44B/s]
   GAP-kron:   3%|▎         | 483999744/14570837178 [00:31<15:36, 15044653.13B/s]
   GAP-kron:   3%|▎         | 485523456/14570837178 [00:31<16:17, 14404616.84B/s]
   GAP-kron:   3%|▎         | 487129088/14570837178 [00:31<15:49, 14837383.86B/s]
   GAP-kron:   3%|▎         | 488636416/14570837178 [00:31<15:53, 14764409.36B/s]
   GAP-kron:   3%|▎         | 490127360/14570837178 [00:31<16:31, 14207832.21B/s]
   GAP-kron:   3%|▎         | 491798528/14570837178 [00:31<15:45, 14886322.37B/s]
   GAP-kron:   3%|▎         | 493305856/14570837178 [00:32<16:32, 14179737.18B/s]
   GAP-kron:   3%|▎         | 494993408/14570837178 [00:32<15:42, 14931683.81B/s]
   GAP-kron:   3%|▎         | 496500736/14570837178 [00:32<15:44, 14897337.81B/s]
   GAP-kron:   3%|▎         | 498008064/14570837178 [00:32<16:46, 13981603.75B/s]
   GAP-kron:   3%|▎         | 499580928/14570837178 [00:32<16:13, 14448215.90B/s]
   GAP-kron:   3%|▎         | 501055488/14570837178 [00:32<17:00, 13785148.34B/s]
   GAP-kron:   3%|▎         | 502792192/14570837178 [00:32<15:52, 14768760.45B/s]
   GAP-kron:   3%|▎         | 504430592/14570837178 [00:32<15:25, 15202983.45B/s]
   GAP-kron:   3%|▎         | 505970688/14570837178 [00:32<15:57, 14693062.13B/s]
   GAP-kron:   3%|▎         | 507658240/14570837178 [00:33<15:20, 15271089.71B/s]
   GAP-kron:   3%|▎         | 509198336/14570837178 [00:33<16:04, 14586483.70B/s]
   GAP-kron:   4%|▎         | 510803968/14570837178 [00:33<15:37, 14989440.55B/s]
   GAP-kron:   4%|▎         | 512409600/14570837178 [00:33<15:20, 15274132.44B/s]
   GAP-kron:   4%|▎         | 513949696/14570837178 [00:33<16:10, 14477657.80B/s]
   GAP-kron:   4%|▎         | 515604480/14570837178 [00:33<15:34, 15043642.92B/s]
   GAP-kron:   4%|▎         | 517128192/14570837178 [00:33<16:15, 14410984.46B/s]
   GAP-kron:   4%|▎         | 518766592/14570837178 [00:33<15:39, 14958613.73B/s]
   GAP-kron:   4%|▎         | 520454144/14570837178 [00:33<15:07, 15489786.37B/s]
   GAP-kron:   4%|▎         | 522027008/14570837178 [00:33<16:00, 14626961.00B/s]
   GAP-kron:   4%|▎         | 523698176/14570837178 [00:34<15:24, 15192749.12B/s]
   GAP-kron:   4%|▎         | 525238272/14570837178 [00:34<16:16, 14380028.60B/s]
   GAP-kron:   4%|▎         | 526843904/14570837178 [00:34<15:49, 14788807.89B/s]
   GAP-kron:   4%|▎         | 528449536/14570837178 [00:34<15:27, 15133798.71B/s]
   GAP-kron:   4%|▎         | 529989632/14570837178 [00:34<16:00, 14621411.31B/s]
   GAP-kron:   4%|▎         | 531660800/14570837178 [00:34<15:23, 15208212.95B/s]
   GAP-kron:   4%|▎         | 533200896/14570837178 [00:34<16:01, 14602126.08B/s]
   GAP-kron:   4%|▎         | 534872064/14570837178 [00:34<15:25, 15172697.55B/s]
   GAP-kron:   4%|▎         | 536494080/14570837178 [00:34<15:08, 15449935.86B/s]
   GAP-kron:   4%|▎         | 538050560/14570837178 [00:35<16:02, 14578100.31B/s]
   GAP-kron:   4%|▎         | 539688960/14570837178 [00:35<15:30, 15080776.42B/s]
   GAP-kron:   4%|▎         | 541212672/14570837178 [00:35<16:06, 14519628.13B/s]
   GAP-kron:   4%|▎         | 542851072/14570837178 [00:35<15:33, 15030493.28B/s]
   GAP-kron:   4%|▎         | 544489472/14570837178 [00:35<15:10, 15404971.74B/s]
   GAP-kron:   4%|▎         | 546045952/14570837178 [00:35<16:00, 14596661.21B/s]
   GAP-kron:   4%|▍         | 547651584/14570837178 [00:35<15:36, 14975345.62B/s]
   GAP-kron:   4%|▍         | 549175296/14570837178 [00:35<16:31, 14135553.07B/s]
   GAP-kron:   4%|▍         | 550846464/14570837178 [00:35<15:44, 14836546.22B/s]
   GAP-kron:   4%|▍         | 552517632/14570837178 [00:36<15:12, 15368653.03B/s]
   GAP-kron:   4%|▍         | 554074112/14570837178 [00:36<16:00, 14598127.01B/s]
   GAP-kron:   4%|▍         | 555646976/14570837178 [00:36<15:40, 14897994.46B/s]
   GAP-kron:   4%|▍         | 557154304/14570837178 [00:36<16:40, 14008078.20B/s]
   GAP-kron:   4%|▍         | 558678016/14570837178 [00:36<16:19, 14312372.05B/s]
   GAP-kron:   4%|▍         | 560267264/14570837178 [00:36<15:49, 14753118.50B/s]
   GAP-kron:   4%|▍         | 561758208/14570837178 [00:36<16:58, 13758386.31B/s]
   GAP-kron:   4%|▍         | 563331072/14570837178 [00:36<16:20, 14291489.14B/s]
   GAP-kron:   4%|▍         | 564920320/14570837178 [00:36<16:49, 13880321.37B/s]
   GAP-kron:   4%|▍         | 566542336/14570837178 [00:37<16:04, 14524016.49B/s]
   GAP-kron:   4%|▍         | 568115200/14570837178 [00:37<15:45, 14817148.19B/s]
   GAP-kron:   4%|▍         | 569622528/14570837178 [00:37<16:34, 14076578.75B/s]
   GAP-kron:   4%|▍         | 571228160/14570837178 [00:37<15:57, 14625040.10B/s]
   GAP-kron:   4%|▍         | 572784640/14570837178 [00:37<15:44, 14819909.50B/s]
   GAP-kron:   4%|▍         | 574291968/14570837178 [00:37<16:18, 14309283.93B/s]
   GAP-kron:   4%|▍         | 575897600/14570837178 [00:37<15:47, 14768512.02B/s]
   GAP-kron:   4%|▍         | 577388544/14570837178 [00:37<16:22, 14238108.12B/s]
   GAP-kron:   4%|▍         | 579026944/14570837178 [00:37<15:43, 14824866.57B/s]
   GAP-kron:   4%|▍         | 580534272/14570837178 [00:37<15:44, 14817940.49B/s]
   GAP-kron:   4%|▍         | 582025216/14570837178 [00:38<16:50, 13841353.49B/s]
   GAP-kron:   4%|▍         | 583663616/14570837178 [00:38<16:02, 14534576.23B/s]
   GAP-kron:   4%|▍         | 585138176/14570837178 [00:38<16:44, 13925467.76B/s]
   GAP-kron:   4%|▍         | 586760192/14570837178 [00:38<16:00, 14555542.79B/s]
   GAP-kron:   4%|▍         | 588333056/14570837178 [00:38<15:41, 14852434.63B/s]
   GAP-kron:   4%|▍         | 589840384/14570837178 [00:38<16:22, 14224762.26B/s]
   GAP-kron:   4%|▍         | 591544320/14570837178 [00:38<15:33, 14977756.98B/s]
   GAP-kron:   4%|▍         | 593068032/14570837178 [00:38<16:14, 14347520.05B/s]
   GAP-kron:   4%|▍         | 594771968/14570837178 [00:38<15:26, 15077905.69B/s]
   GAP-kron:   4%|▍         | 596459520/14570837178 [00:39<14:58, 15559265.69B/s]
   GAP-kron:   4%|▍         | 598032384/14570837178 [00:39<15:45, 14771366.80B/s]
   GAP-kron:   4%|▍         | 599605248/14570837178 [00:39<15:30, 15017274.01B/s]
   GAP-kron:   4%|▍         | 601128960/14570837178 [00:39<16:19, 14255082.72B/s]
   GAP-kron:   4%|▍         | 602767360/14570837178 [00:39<15:41, 14834537.35B/s]
   GAP-kron:   4%|▍         | 604438528/14570837178 [00:39<15:09, 15354172.87B/s]
   GAP-kron:   4%|▍         | 605995008/14570837178 [00:39<15:57, 14580074.00B/s]
   GAP-kron:   4%|▍         | 607584256/14570837178 [00:39<15:35, 14928101.56B/s]
   GAP-kron:   4%|▍         | 609091584/14570837178 [00:39<16:20, 14236683.87B/s]
   GAP-kron:   4%|▍         | 610729984/14570837178 [00:40<15:41, 14827551.36B/s]
   GAP-kron:   4%|▍         | 612368384/14570837178 [00:40<15:14, 15264929.05B/s]
   GAP-kron:   4%|▍         | 613908480/14570837178 [00:40<16:17, 14282963.79B/s]
   GAP-kron:   4%|▍         | 615383040/14570837178 [00:40<16:08, 14404301.39B/s]
   GAP-kron:   4%|▍         | 616906752/14570837178 [00:40<16:41, 13927784.64B/s]
   GAP-kron:   4%|▍         | 618577920/14570837178 [00:40<15:48, 14703898.72B/s]
   GAP-kron:   4%|▍         | 620216320/14570837178 [00:40<15:20, 15154821.97B/s]
   GAP-kron:   4%|▍         | 621756416/14570837178 [00:40<16:04, 14467768.81B/s]
   GAP-kron:   4%|▍         | 623378432/14570837178 [00:40<15:34, 14926274.66B/s]
   GAP-kron:   4%|▍         | 624885760/14570837178 [00:41<16:23, 14175530.12B/s]
   GAP-kron:   4%|▍         | 626622464/14570837178 [00:41<15:26, 15046868.40B/s]
   GAP-kron:   4%|▍         | 628326400/14570837178 [00:41<14:55, 15573055.18B/s]
   GAP-kron:   4%|▍         | 629899264/14570837178 [00:41<15:44, 14759905.04B/s]
   GAP-kron:   4%|▍         | 631586816/14570837178 [00:41<15:08, 15336164.48B/s]
   GAP-kron:   4%|▍         | 633143296/14570837178 [00:41<15:58, 14542315.58B/s]
   GAP-kron:   4%|▍         | 634716160/14570837178 [00:41<15:39, 14838054.49B/s]
   GAP-kron:   4%|▍         | 636354560/14570837178 [00:41<15:12, 15265885.42B/s]
   GAP-kron:   4%|▍         | 637894656/14570837178 [00:41<15:52, 14629575.84B/s]
   GAP-kron:   4%|▍         | 639549440/14570837178 [00:41<15:19, 15145726.49B/s]
   GAP-kron:   4%|▍         | 641089536/14570837178 [00:42<16:21, 14199287.35B/s]
   GAP-kron:   4%|▍         | 642662400/14570837178 [00:42<15:52, 14618622.37B/s]
   GAP-kron:   4%|▍         | 644284416/14570837178 [00:42<15:25, 15054161.88B/s]
   GAP-kron:   4%|▍         | 645808128/14570837178 [00:42<16:16, 14256378.60B/s]
   GAP-kron:   4%|▍         | 647380992/14570837178 [00:42<15:51, 14629345.56B/s]
   GAP-kron:   4%|▍         | 648871936/14570837178 [00:42<16:38, 13940040.96B/s]
   GAP-kron:   4%|▍         | 650395648/14570837178 [00:42<16:15, 14272101.26B/s]
   GAP-kron:   4%|▍         | 651984896/14570837178 [00:42<15:47, 14689166.90B/s]
   GAP-kron:   4%|▍         | 653475840/14570837178 [00:42<16:39, 13919865.50B/s]
   GAP-kron:   4%|▍         | 655065088/14570837178 [00:43<16:03, 14447509.92B/s]
   GAP-kron:   5%|▍         | 656670720/14570837178 [00:43<16:37, 13946546.80B/s]
   GAP-kron:   5%|▍         | 658325504/14570837178 [00:43<15:49, 14660026.01B/s]
   GAP-kron:   5%|▍         | 659881984/14570837178 [00:43<15:34, 14890035.01B/s]
   GAP-kron:   5%|▍         | 661389312/14570837178 [00:43<16:35, 13966398.62B/s]
   GAP-kron:   5%|▍         | 662994944/14570837178 [00:43<15:57, 14531281.35B/s]
   GAP-kron:   5%|▍         | 664567808/14570837178 [00:43<15:35, 14869698.37B/s]
   GAP-kron:   5%|▍         | 666075136/14570837178 [00:43<16:26, 14092243.84B/s]
   GAP-kron:   5%|▍         | 667598848/14570837178 [00:43<16:05, 14394108.26B/s]
   GAP-kron:   5%|▍         | 669057024/14570837178 [00:44<16:48, 13782206.50B/s]
   GAP-kron:   5%|▍         | 670662656/14570837178 [00:44<16:06, 14381879.02B/s]
   GAP-kron:   5%|▍         | 672235520/14570837178 [00:44<15:43, 14728713.37B/s]
   GAP-kron:   5%|▍         | 673726464/14570837178 [00:44<16:40, 13893656.18B/s]
   GAP-kron:   5%|▍         | 675348480/14570837178 [00:44<15:55, 14543643.51B/s]
   GAP-kron:   5%|▍         | 676823040/14570837178 [00:44<16:36, 13942914.78B/s]
   GAP-kron:   5%|▍         | 678477824/14570837178 [00:44<15:49, 14634886.94B/s]
   GAP-kron:   5%|▍         | 680050688/14570837178 [00:44<15:29, 14939191.10B/s]
   GAP-kron:   5%|▍         | 681558016/14570837178 [00:44<16:40, 13884931.18B/s]
   GAP-kron:   5%|▍         | 682999808/14570837178 [00:45<16:31, 14006514.10B/s]
   GAP-kron:   5%|▍         | 684507136/14570837178 [00:45<16:11, 14289565.76B/s]
   GAP-kron:   5%|▍         | 685948928/14570837178 [00:45<16:54, 13692171.34B/s]
   GAP-kron:   5%|▍         | 687489024/14570837178 [00:45<16:22, 14132967.73B/s]
   GAP-kron:   5%|▍         | 688914432/14570837178 [00:45<17:05, 13538558.93B/s]
   GAP-kron:   5%|▍         | 690487296/14570837178 [00:45<16:21, 14148717.06B/s]
   GAP-kron:   5%|▍         | 691929088/14570837178 [00:45<16:24, 14097889.30B/s]
   GAP-kron:   5%|▍         | 693354496/14570837178 [00:45<17:18, 13366412.22B/s]
   GAP-kron:   5%|▍         | 694763520/14570837178 [00:45<17:03, 13559667.77B/s]
   GAP-kron:   5%|▍         | 696254464/14570837178 [00:45<16:36, 13926568.14B/s]
   GAP-kron:   5%|▍         | 697663488/14570837178 [00:46<17:18, 13354832.36B/s]
   GAP-kron:   5%|▍         | 699269120/14570837178 [00:46<16:24, 14091432.46B/s]
   GAP-kron:   5%|▍         | 700694528/14570837178 [00:46<17:04, 13539850.73B/s]
   GAP-kron:   5%|▍         | 702218240/14570837178 [00:46<16:31, 13993158.82B/s]
   GAP-kron:   5%|▍         | 703774720/14570837178 [00:46<16:01, 14426295.59B/s]
   GAP-kron:   5%|▍         | 705232896/14570837178 [00:46<16:46, 13775586.03B/s]
   GAP-kron:   5%|▍         | 706822144/14570837178 [00:46<16:05, 14357157.07B/s]
   GAP-kron:   5%|▍         | 708378624/14570837178 [00:46<15:45, 14667659.58B/s]
   GAP-kron:   5%|▍         | 709869568/14570837178 [00:46<16:36, 13910838.12B/s]
   GAP-kron:   5%|▍         | 711491584/14570837178 [00:47<15:53, 14538068.36B/s]
   GAP-kron:   5%|▍         | 712966144/14570837178 [00:47<16:36, 13904904.01B/s]
   GAP-kron:   5%|▍         | 714506240/14570837178 [00:47<16:09, 14288588.76B/s]
   GAP-kron:   5%|▍         | 715997184/14570837178 [00:47<16:00, 14430883.11B/s]
   GAP-kron:   5%|▍         | 717455360/14570837178 [00:47<17:05, 13514925.74B/s]
   GAP-kron:   5%|▍         | 719028224/14570837178 [00:47<16:22, 14101356.09B/s]
   GAP-kron:   5%|▍         | 720470016/14570837178 [00:47<17:11, 13424875.16B/s]
   GAP-kron:   5%|▍         | 722010112/14570837178 [00:47<16:33, 13945366.31B/s]
   GAP-kron:   5%|▍         | 723533824/14570837178 [00:47<16:08, 14296985.62B/s]
   GAP-kron:   5%|▍         | 724992000/14570837178 [00:48<17:05, 13499904.40B/s]
   GAP-kron:   5%|▍         | 726515712/14570837178 [00:48<16:32, 13952578.67B/s]
   GAP-kron:   5%|▍         | 728055808/14570837178 [00:48<16:05, 14340377.50B/s]
   GAP-kron:   5%|▌         | 729513984/14570837178 [00:48<17:08, 13451679.69B/s]
   GAP-kron:   5%|▌         | 731021312/14570837178 [00:48<16:36, 13891733.76B/s]
   GAP-kron:   5%|▌         | 732430336/14570837178 [00:48<17:23, 13261265.04B/s]
   GAP-kron:   5%|▌         | 733970432/14570837178 [00:48<16:41, 13822341.14B/s]
   GAP-kron:   5%|▌         | 735461376/14570837178 [00:48<16:21, 14099266.46B/s]
   GAP-kron:   5%|▌         | 736886784/14570837178 [00:48<17:12, 13400101.85B/s]
   GAP-kron:   5%|▌         | 738410496/14570837178 [00:49<16:35, 13896971.25B/s]
   GAP-kron:   5%|▌         | 739868672/14570837178 [00:49<16:23, 14066575.86B/s]
   GAP-kron:   5%|▌         | 741294080/14570837178 [00:49<17:20, 13295378.45B/s]
   GAP-kron:   5%|▌         | 742801408/14570837178 [00:49<16:46, 13745546.37B/s]
   GAP-kron:   5%|▌         | 744275968/14570837178 [00:49<16:26, 14022652.31B/s]
   GAP-kron:   5%|▌         | 745701376/14570837178 [00:49<17:11, 13400569.66B/s]
   GAP-kron:   5%|▌         | 747159552/14570837178 [00:49<16:48, 13705409.86B/s]
   GAP-kron:   5%|▌         | 748552192/14570837178 [00:49<17:46, 12965750.20B/s]
   GAP-kron:   5%|▌         | 750075904/14570837178 [00:49<16:59, 13555800.50B/s]
   GAP-kron:   5%|▌         | 751566848/14570837178 [00:49<16:35, 13881735.66B/s]
   GAP-kron:   5%|▌         | 752975872/14570837178 [00:50<17:18, 13310107.71B/s]
   GAP-kron:   5%|▌         | 754450432/14570837178 [00:50<16:49, 13681495.55B/s]
   GAP-kron:   5%|▌         | 755924992/14570837178 [00:50<16:28, 13970497.00B/s]
   GAP-kron:   5%|▌         | 757334016/14570837178 [00:50<17:15, 13341628.39B/s]
   GAP-kron:   5%|▌         | 758808576/14570837178 [00:50<16:45, 13736118.06B/s]
   GAP-kron:   5%|▌         | 760299520/14570837178 [00:50<16:22, 14063507.71B/s]
   GAP-kron:   5%|▌         | 761724928/14570837178 [00:50<17:16, 13317960.29B/s]
   GAP-kron:   5%|▌         | 763183104/14570837178 [00:50<16:51, 13656544.78B/s]
   GAP-kron:   5%|▌         | 764575744/14570837178 [00:50<17:33, 13103032.39B/s]
   GAP-kron:   5%|▌         | 766115840/14570837178 [00:51<16:44, 13741951.39B/s]
   GAP-kron:   5%|▌         | 767574016/14570837178 [00:51<16:31, 13919712.09B/s]
   GAP-kron:   5%|▌         | 768983040/14570837178 [00:51<17:13, 13358058.94B/s]
   GAP-kron:   5%|▌         | 770555904/14570837178 [00:51<16:26, 13995963.12B/s]
   GAP-kron:   5%|▌         | 772014080/14570837178 [00:51<16:16, 14132938.80B/s]
   GAP-kron:   5%|▌         | 773439488/14570837178 [00:51<17:12, 13365122.04B/s]
   GAP-kron:   5%|▌         | 774963200/14570837178 [00:51<16:34, 13868953.40B/s]
   GAP-kron:   5%|▌         | 776372224/14570837178 [00:51<17:25, 13198985.63B/s]
   GAP-kron:   5%|▌         | 777928704/14570837178 [00:51<16:37, 13825668.97B/s]
   GAP-kron:   5%|▌         | 779452416/14570837178 [00:52<16:09, 14220438.47B/s]
   GAP-kron:   5%|▌         | 780894208/14570837178 [00:52<17:06, 13433709.63B/s]
   GAP-kron:   5%|▌         | 782385152/14570837178 [00:52<16:37, 13828531.31B/s]
   GAP-kron:   5%|▌         | 783908864/14570837178 [00:52<16:11, 14198665.81B/s]
   GAP-kron:   5%|▌         | 785350656/14570837178 [00:52<17:04, 13449799.65B/s]
   GAP-kron:   5%|▌         | 786874368/14570837178 [00:52<16:30, 13914731.38B/s]
   GAP-kron:   5%|▌         | 788283392/14570837178 [00:52<17:29, 13133549.70B/s]
   GAP-kron:   5%|▌         | 789790720/14570837178 [00:52<16:48, 13666089.52B/s]
   GAP-kron:   5%|▌         | 791281664/14570837178 [00:52<16:23, 14011514.17B/s]
   GAP-kron:   5%|▌         | 792707072/14570837178 [00:52<17:07, 13412988.16B/s]
   GAP-kron:   5%|▌         | 794181632/14570837178 [00:53<16:41, 13756330.11B/s]
   GAP-kron:   5%|▌         | 795688960/14570837178 [00:53<16:15, 14114578.17B/s]
   GAP-kron:   5%|▌         | 797114368/14570837178 [00:53<17:18, 13263018.58B/s]
   GAP-kron:   5%|▌         | 798572544/14570837178 [00:53<16:50, 13624484.47B/s]
   GAP-kron:   5%|▌         | 800063488/14570837178 [00:53<16:24, 13990374.62B/s]
   GAP-kron:   6%|▌         | 801488896/14570837178 [00:53<17:22, 13213616.32B/s]
   GAP-kron:   6%|▌         | 802996224/14570837178 [00:53<16:44, 13705993.72B/s]
   GAP-kron:   6%|▌         | 804388864/14570837178 [00:53<17:40, 12982942.72B/s]
   GAP-kron:   6%|▌         | 805912576/14570837178 [00:53<16:53, 13575175.29B/s]
   GAP-kron:   6%|▌         | 807419904/14570837178 [00:54<16:24, 13980166.56B/s]
   GAP-kron:   6%|▌         | 808845312/14570837178 [00:54<17:13, 13313342.80B/s]
   GAP-kron:   6%|▌         | 810319872/14570837178 [00:54<16:46, 13678031.26B/s]
   GAP-kron:   6%|▌         | 811827200/14570837178 [00:54<16:17, 14075798.57B/s]
   GAP-kron:   6%|▌         | 813252608/14570837178 [00:54<17:15, 13291761.81B/s]
   GAP-kron:   6%|▌         | 814694400/14570837178 [00:54<16:53, 13567628.75B/s]
   GAP-kron:   6%|▌         | 816070656/14570837178 [00:54<17:35, 13032056.86B/s]
   GAP-kron:   6%|▌         | 817545216/14570837178 [00:54<16:58, 13506059.68B/s]
   GAP-kron:   6%|▌         | 819068928/14570837178 [00:54<16:22, 13993080.41B/s]
   GAP-kron:   6%|▌         | 820494336/14570837178 [00:55<17:28, 13112530.43B/s]
   GAP-kron:   6%|▌         | 821985280/14570837178 [00:55<16:53, 13570847.39B/s]
   GAP-kron:   6%|▌         | 823476224/14570837178 [00:55<16:27, 13918549.77B/s]
   GAP-kron:   6%|▌         | 824885248/14570837178 [00:55<17:11, 13326954.08B/s]
   GAP-kron:   6%|▌         | 826327040/14570837178 [00:55<16:48, 13634495.63B/s]
   GAP-kron:   6%|▌         | 827867136/14570837178 [00:55<16:13, 14114783.81B/s]
   GAP-kron:   6%|▌         | 829292544/14570837178 [00:55<17:10, 13329792.46B/s]
   GAP-kron:   6%|▌         | 830783488/14570837178 [00:55<16:38, 13754816.12B/s]
   GAP-kron:   6%|▌         | 832176128/14570837178 [00:55<17:21, 13193656.26B/s]
   GAP-kron:   6%|▌         | 833667072/14570837178 [00:56<16:48, 13625945.36B/s]
   GAP-kron:   6%|▌         | 835141632/14570837178 [00:56<16:25, 13936194.23B/s]
   GAP-kron:   6%|▌         | 836550656/14570837178 [00:56<17:19, 13210172.41B/s]
   GAP-kron:   6%|▌         | 838074368/14570837178 [00:56<16:39, 13744253.63B/s]
   GAP-kron:   6%|▌         | 839630848/14570837178 [00:56<16:04, 14238691.59B/s]
   GAP-kron:   6%|▌         | 841072640/14570837178 [00:56<17:14, 13270468.96B/s]
   GAP-kron:   6%|▌         | 842547200/14570837178 [00:56<16:43, 13673788.08B/s]
   GAP-kron:   6%|▌         | 844005376/14570837178 [00:56<17:27, 13098549.79B/s]
   GAP-kron:   6%|▌         | 845529088/14570837178 [00:56<16:44, 13659350.02B/s]
   
   asv: benchmark timed out (timeout 60s)
   
   For parameters: bfs_gap_inputs.GAP/GAP-urand_116653530
   INFO root: Dataset suitesparse_matrix.GAP/GAP-urand manifest metadata is stale.
   
   GAP-urand:   0%|          | 0/16766984746 [00:00<?, ?B/s]
   GAP-urand:   0%|          | 245760/16766984746 [00:00<2:02:52, 2274279.47B/s]
   GAP-urand:   0%|          | 1228800/16766984746 [00:00<42:29, 6576059.51B/s] 
   GAP-urand:   0%|          | 2785280/16766984746 [00:00<26:22, 10592571.72B/s]
   GAP-urand:   0%|          | 4358144/16766984746 [00:00<22:14, 12562265.99B/s]
   GAP-urand:   0%|          | 6193152/16766984746 [00:00<19:08, 14590958.35B/s]
   GAP-urand:   0%|          | 7782400/16766984746 [00:00<18:35, 15020839.96B/s]
   GAP-urand:   0%|          | 9420800/16766984746 [00:00<18:06, 15427918.89B/s]
   GAP-urand:   0%|          | 11288576/16766984746 [00:00<17:01, 16409987.50B/s]
   GAP-urand:   0%|          | 13041664/16766984746 [00:00<16:42, 16715753.01B/s]
   GAP-urand:   0%|          | 14860288/16766984746 [00:01<16:17, 17136188.77B/s]
   GAP-urand:   0%|          | 16760832/16766984746 [00:01<15:48, 17663081.90B/s]
   GAP-urand:   0%|          | 18563072/16766984746 [00:01<15:44, 17738951.26B/s]
   GAP-urand:   0%|          | 20381696/16766984746 [00:01<15:37, 17861149.38B/s]
   GAP-urand:   0%|          | 22249472/16766984746 [00:01<15:26, 18075311.36B/s]
   GAP-urand:   0%|          | 24068096/16766984746 [00:01<15:27, 18051650.29B/s]
   GAP-urand:   0%|          | 25886720/16766984746 [00:01<15:34, 17913906.45B/s]
   GAP-urand:   0%|          | 27688960/16766984746 [00:01<15:54, 17536648.30B/s]
   GAP-urand:   0%|          | 29458432/16766984746 [00:01<15:59, 17450583.21B/s]
   GAP-urand:   0%|          | 31211520/16766984746 [00:01<16:11, 17222934.01B/s]
   GAP-urand:   0%|          | 33013760/16766984746 [00:02<16:00, 17419144.03B/s]
   GAP-urand:   0%|          | 34783232/16766984746 [00:02<15:57, 17483766.33B/s]
   GAP-urand:   0%|          | 36552704/16766984746 [00:02<15:54, 17527931.96B/s]
   GAP-urand:   0%|          | 38387712/16766984746 [00:02<15:43, 17732440.14B/s]
   GAP-urand:   0%|          | 40173568/16766984746 [00:02<15:45, 17699793.09B/s]
   GAP-urand:   0%|          | 41959424/16766984746 [00:02<15:50, 17591052.10B/s]
   GAP-urand:   0%|          | 43728896/16766984746 [00:02<16:14, 17153467.58B/s]
   GAP-urand:   0%|          | 45547520/16766984746 [00:02<15:58, 17454239.40B/s]
   GAP-urand:   0%|          | 47300608/16766984746 [00:02<16:55, 16456745.89B/s]
   GAP-urand:   0%|          | 49135616/16766984746 [00:02<16:24, 16979870.14B/s]
   GAP-urand:   0%|          | 50855936/16766984746 [00:03<17:29, 15927111.83B/s]
   GAP-urand:   0%|          | 52625408/16766984746 [00:03<16:59, 16402694.38B/s]
   GAP-urand:   0%|          | 54444032/16766984746 [00:03<16:29, 16891715.17B/s]
   GAP-urand:   0%|          | 56147968/16766984746 [00:03<17:30, 15907036.39B/s]
   GAP-urand:   0%|          | 57917440/16766984746 [00:03<17:00, 16381250.48B/s]
   GAP-urand:   0%|          | 59588608/16766984746 [00:03<17:46, 15664846.73B/s]
   GAP-urand:   0%|          | 61456384/16766984746 [00:03<16:54, 16472463.89B/s]
   GAP-urand:   0%|          | 63127552/16766984746 [00:03<17:50, 15597858.10B/s]
   GAP-urand:   0%|          | 64897024/16766984746 [00:03<17:12, 16174429.28B/s]
   GAP-urand:   0%|          | 66535424/16766984746 [00:04<18:03, 15416444.01B/s]
   GAP-urand:   0%|          | 68304896/16766984746 [00:04<17:22, 16014511.17B/s]
   GAP-urand:   0%|          | 70074368/16766984746 [00:04<16:53, 16478010.68B/s]
   GAP-urand:   0%|          | 71745536/16766984746 [00:04<17:47, 15634565.79B/s]
   GAP-urand:   0%|          | 73498624/16766984746 [00:04<17:13, 16152226.00B/s]
   GAP-urand:   0%|          | 75137024/16766984746 [00:04<18:11, 15295134.69B/s]
   GAP-urand:   0%|          | 76890112/16766984746 [00:04<17:30, 15895016.99B/s]
   GAP-urand:   0%|          | 78512128/16766984746 [00:04<18:32, 14994976.19B/s]
   GAP-urand:   0%|          | 80216064/16766984746 [00:04<17:54, 15525003.61B/s]
   GAP-urand:   0%|          | 81920000/16766984746 [00:05<17:26, 15946640.01B/s]
   GAP-urand:   0%|          | 83542016/16766984746 [00:05<18:32, 14996101.23B/s]
   GAP-urand:   1%|          | 85065728/16766984746 [00:05<23:21, 11904335.60B/s]
   GAP-urand:   1%|          | 86376448/16766984746 [00:05<22:54, 12132170.34B/s]
   GAP-urand:   1%|          | 87670784/16766984746 [00:05<23:09, 12005163.56B/s]
   GAP-urand:   1%|          | 89374720/16766984746 [00:05<20:55, 13286474.79B/s]
   GAP-urand:   1%|          | 91013120/16766984746 [00:05<19:41, 14113574.50B/s]
   GAP-urand:   1%|          | 92667904/16766984746 [00:05<18:48, 14770921.66B/s]
   GAP-urand:   1%|          | 94355456/16766984746 [00:05<18:07, 15337149.78B/s]
   GAP-urand:   1%|          | 96108544/16766984746 [00:06<17:26, 15936629.58B/s]
   GAP-urand:   1%|          | 97796096/16766984746 [00:06<17:10, 16178187.04B/s]
   GAP-urand:   1%|          | 99532800/16766984746 [00:06<16:49, 16503663.70B/s]
   GAP-urand:   1%|          | 101285888/16766984746 [00:06<16:33, 16777657.03B/s]
   GAP-urand:   1%|          | 103038976/16766984746 [00:06<16:21, 16985516.34B/s]
   GAP-urand:   1%|          | 104808448/16766984746 [00:06<16:10, 17172556.88B/s]
   GAP-urand:   1%|          | 106545152/16766984746 [00:06<16:08, 17195591.32B/s]
   GAP-urand:   1%|          | 108314624/16766984746 [00:06<16:01, 17332688.13B/s]
   GAP-urand:   1%|          | 110084096/16766984746 [00:06<15:56, 17413491.47B/s]
   GAP-urand:   1%|          | 111837184/16766984746 [00:06<15:58, 17384207.24B/s]
   GAP-urand:   1%|          | 113623040/16766984746 [00:07<15:51, 17507615.60B/s]
   GAP-urand:   1%|          | 115392512/16766984746 [00:07<15:49, 17529740.52B/s]
   GAP-urand:   1%|          | 117178368/16766984746 [00:07<15:46, 17588383.41B/s]
   GAP-urand:   1%|          | 119013376/16766984746 [00:07<15:36, 17786244.22B/s]
   GAP-urand:   1%|          | 120799232/16766984746 [00:07<15:40, 17700097.50B/s]
   GAP-urand:   1%|          | 122585088/16766984746 [00:07<15:52, 17468798.03B/s]
   GAP-urand:   1%|          | 124338176/16766984746 [00:07<16:00, 17331731.35B/s]
   GAP-urand:   1%|          | 126074880/16766984746 [00:07<16:06, 17212285.22B/s]
   GAP-urand:   1%|          | 127827968/16766984746 [00:07<16:03, 17277267.77B/s]
   GAP-urand:   1%|          | 129613824/16766984746 [00:08<15:54, 17428072.78B/s]
   GAP-urand:   1%|          | 131366912/16766984746 [00:08<15:59, 17338437.23B/s]
   GAP-urand:   1%|          | 133103616/16766984746 [00:08<15:59, 17328540.25B/s]
   GAP-urand:   1%|          | 134856704/16766984746 [00:08<15:57, 17365833.78B/s]
   GAP-urand:   1%|          | 136626176/16766984746 [00:08<15:54, 17425361.53B/s]
   GAP-urand:   1%|          | 138395648/16766984746 [00:08<15:50, 17501278.75B/s]
   GAP-urand:   1%|          | 140148736/16766984746 [00:08<15:50, 17500392.51B/s]
   GAP-urand:   1%|          | 141918208/16766984746 [00:08<15:48, 17527538.43B/s]
   GAP-urand:   1%|          | 143704064/16766984746 [00:08<15:43, 17615442.78B/s]
   GAP-urand:   1%|          | 145473536/16766984746 [00:08<15:51, 17462914.39B/s]
   GAP-urand:   1%|          | 147226624/16766984746 [00:09<15:58, 17343134.53B/s]
   GAP-urand:   1%|          | 149012480/16766984746 [00:09<15:52, 17452957.75B/s]
   GAP-urand:   1%|          | 150765568/16766984746 [00:09<16:00, 17291253.12B/s]
   GAP-urand:   1%|          | 152502272/16766984746 [00:09<16:00, 17294549.25B/s]
   GAP-urand:   1%|          | 154271744/16766984746 [00:09<15:55, 17382200.52B/s]
   GAP-urand:   1%|          | 156024832/16766984746 [00:09<15:55, 17381856.63B/s]
   GAP-urand:   1%|          | 157777920/16766984746 [00:09<15:54, 17399703.30B/s]
   GAP-urand:   1%|          | 159531008/16766984746 [00:09<15:52, 17438152.13B/s]
   GAP-urand:   1%|          | 161284096/16766984746 [00:09<15:52, 17438842.90B/s]
   GAP-urand:   1%|          | 163037184/16766984746 [00:09<15:56, 17365553.89B/s]
   GAP-urand:   1%|          | 164790272/16766984746 [00:10<15:54, 17387058.18B/s]
   GAP-urand:   1%|          | 166576128/16766984746 [00:10<15:49, 17489107.58B/s]
   GAP-urand:   1%|          | 168361984/16766984746 [00:10<15:45, 17551339.95B/s]
   GAP-urand:   1%|          | 170131456/16766984746 [00:10<15:46, 17543846.87B/s]
   GAP-urand:   1%|          | 171900928/16766984746 [00:10<15:54, 17391982.90B/s]
   GAP-urand:   1%|          | 173654016/16766984746 [00:10<15:58, 17312784.57B/s]
   GAP-urand:   1%|          | 175423488/16766984746 [00:10<15:52, 17412124.18B/s]
   GAP-urand:   1%|          | 177176576/16766984746 [00:10<15:56, 17349312.24B/s]
   GAP-urand:   1%|          | 178946048/16766984746 [00:10<15:51, 17436525.02B/s]
   GAP-urand:   1%|          | 180715520/16766984746 [00:10<15:48, 17481342.71B/s]
   GAP-urand:   1%|          | 182468608/16766984746 [00:11<15:49, 17457817.44B/s]
   GAP-urand:   1%|          | 184221696/16766984746 [00:11<15:54, 17379280.69B/s]
   GAP-urand:   1%|          | 185974784/16766984746 [00:11<15:59, 17281813.39B/s]
   GAP-urand:   1%|          | 187744256/16766984746 [00:11<15:54, 17360623.44B/s]
   GAP-urand:   1%|          | 189513728/16766984746 [00:11<15:50, 17447279.01B/s]
   GAP-urand:   1%|          | 191283200/16766984746 [00:11<15:47, 17502557.31B/s]
   GAP-urand:   1%|          | 193036288/16766984746 [00:11<15:47, 17487162.20B/s]
   GAP-urand:   1%|          | 194789376/16766984746 [00:11<15:49, 17454397.79B/s]
   GAP-urand:   1%|          | 196542464/16766984746 [00:11<15:58, 17285269.35B/s]
   GAP-urand:   1%|          | 198279168/16766984746 [00:11<16:02, 17209022.76B/s]
   GAP-urand:   1%|          | 200015872/16766984746 [00:12<16:03, 17193305.64B/s]
   GAP-urand:   1%|          | 201752576/16766984746 [00:12<16:02, 17217768.53B/s]
   GAP-urand:   1%|          | 203489280/16766984746 [00:12<16:05, 17157904.32B/s]
   GAP-urand:   1%|          | 205209600/16766984746 [00:12<16:05, 17146004.43B/s]
   GAP-urand:   1%|          | 206929920/16766984746 [00:12<16:04, 17162269.81B/s]
   GAP-urand:   1%|          | 208683008/16766984746 [00:12<16:01, 17225491.87B/s]
   GAP-urand:   1%|▏         | 210436096/16766984746 [00:12<15:56, 17307148.30B/s]
   GAP-urand:   1%|▏         | 212172800/16766984746 [00:12<16:02, 17191369.26B/s]
   GAP-urand:   1%|▏         | 213893120/16766984746 [00:12<16:08, 17097817.73B/s]
   GAP-urand:   1%|▏         | 215646208/16766984746 [00:12<16:01, 17206837.49B/s]
   GAP-urand:   1%|▏         | 217399296/16766984746 [00:13<15:57, 17292312.12B/s]
   GAP-urand:   1%|▏         | 219152384/16766984746 [00:13<15:54, 17331325.22B/s]
   GAP-urand:   1%|▏         | 220889088/16766984746 [00:13<15:55, 17321864.29B/s]
   GAP-urand:   1%|▏         | 222674944/16766984746 [00:13<15:47, 17464215.59B/s]
   GAP-urand:   1%|▏         | 224477184/16766984746 [00:13<15:39, 17602044.82B/s]
   GAP-urand:   1%|▏         | 226246656/16766984746 [00:13<15:39, 17611336.57B/s]
   GAP-urand:   1%|▏         | 228016128/16766984746 [00:13<15:43, 17534311.97B/s]
   GAP-urand:   1%|▏         | 229785600/16766984746 [00:13<15:40, 17579803.60B/s]
   GAP-urand:   1%|▏         | 231555072/16766984746 [00:13<15:50, 17403968.10B/s]
   GAP-urand:   1%|▏         | 233308160/16766984746 [00:13<15:48, 17422365.59B/s]
   GAP-urand:   1%|▏         | 235126784/16766984746 [00:14<15:38, 17608445.28B/s]
   GAP-urand:   1%|▏         | 236896256/16766984746 [00:14<15:38, 17610709.52B/s]
   GAP-urand:   1%|▏         | 238682112/16766984746 [00:14<15:36, 17648531.91B/s]
   GAP-urand:   1%|▏         | 240549888/16766984746 [00:14<15:22, 17922500.29B/s]
   GAP-urand:   1%|▏         | 242352128/16766984746 [00:14<15:22, 17913611.61B/s]
   GAP-urand:   1%|▏         | 244154368/16766984746 [00:14<15:39, 17582569.22B/s]
   GAP-urand:   1%|▏         | 245923840/16766984746 [00:14<16:01, 17175011.60B/s]
   GAP-urand:   1%|▏         | 247644160/16766984746 [00:14<16:28, 16704802.30B/s]
   GAP-urand:   1%|▏         | 249331712/16766984746 [00:14<16:42, 16483605.51B/s]
   GAP-urand:   1%|▏         | 251002880/16766984746 [00:15<16:39, 16522622.66B/s]
   GAP-urand:   2%|▏         | 252674048/16766984746 [00:15<16:37, 16556858.98B/s]
   GAP-urand:   2%|▏         | 254394368/16766984746 [00:15<16:26, 16730945.99B/s]
   GAP-urand:   2%|▏         | 256081920/16766984746 [00:15<16:37, 16544811.60B/s]
   GAP-urand:   2%|▏         | 257753088/16766984746 [00:15<16:36, 16575136.08B/s]
   GAP-urand:   2%|▏         | 259424256/16766984746 [00:15<16:39, 16508015.95B/s]
   GAP-urand:   2%|▏         | 261144576/16766984746 [00:15<16:29, 16686714.27B/s]
   GAP-urand:   2%|▏         | 262897664/16766984746 [00:15<16:16, 16894773.25B/s]
   GAP-urand:   2%|▏         | 264601600/16766984746 [00:15<16:15, 16909341.72B/s]
   GAP-urand:   2%|▏         | 266354688/16766984746 [00:15<16:07, 17063634.15B/s]
   GAP-urand:   2%|▏         | 268075008/16766984746 [00:16<16:13, 16940347.94B/s]
   GAP-urand:   2%|▏         | 269778944/16766984746 [00:16<16:20, 16828031.45B/s]
   GAP-urand:   2%|▏         | 271466496/16766984746 [00:16<16:41, 16466048.41B/s]
   GAP-urand:   2%|▏         | 273121280/16766984746 [00:16<17:04, 16101090.68B/s]
   GAP-urand:   2%|▏         | 274743296/16766984746 [00:16<17:34, 15638640.92B/s]
   GAP-urand:   2%|▏         | 276332544/16766984746 [00:16<17:32, 15670112.44B/s]
   GAP-urand:   2%|▏         | 277954560/16766984746 [00:16<17:22, 15820846.57B/s]
   GAP-urand:   2%|▏         | 279674880/16766984746 [00:16<16:56, 16223389.31B/s]
   GAP-urand:   2%|▏         | 281411584/16766984746 [00:16<16:37, 16534631.28B/s]
   GAP-urand:   2%|▏         | 283082752/16766984746 [00:16<16:43, 16428213.14B/s]
   GAP-urand:   2%|▏         | 284737536/16766984746 [00:17<16:58, 16183380.38B/s]
   GAP-urand:   2%|▏         | 286425088/16766984746 [00:17<16:47, 16353553.75B/s]
   GAP-urand:   2%|▏         | 288112640/16766984746 [00:17<16:39, 16492445.95B/s]
   GAP-urand:   2%|▏         | 289849344/16766984746 [00:17<16:26, 16710210.52B/s]
   GAP-urand:   2%|▏         | 291536896/16766984746 [00:17<16:49, 16320020.61B/s]
   GAP-urand:   2%|▏         | 293175296/16766984746 [00:17<16:52, 16267632.58B/s]
   GAP-urand:   2%|▏         | 294912000/16766984746 [00:17<16:33, 16582130.99B/s]
   GAP-urand:   2%|▏         | 296599552/16766984746 [00:17<16:29, 16650982.14B/s]
   GAP-urand:   2%|▏         | 298319872/16766984746 [00:17<16:21, 16787434.21B/s]
   GAP-urand:   2%|▏         | 300007424/16766984746 [00:17<16:20, 16794673.08B/s]
   GAP-urand:   2%|▏         | 301694976/16766984746 [00:18<16:38, 16484197.53B/s]
   GAP-urand:   2%|▏         | 303349760/16766984746 [00:18<16:49, 16316300.58B/s]
   GAP-urand:   2%|▏         | 304988160/16766984746 [00:18<16:49, 16303746.98B/s]
   GAP-urand:   2%|▏         | 306692096/16766984746 [00:18<16:36, 16513207.39B/s]
   GAP-urand:   2%|▏         | 308346880/16766984746 [00:18<16:38, 16486761.78B/s]
   GAP-urand:   2%|▏         | 310034432/16766984746 [00:18<16:32, 16573931.13B/s]
   GAP-urand:   2%|▏         | 311754752/16766984746 [00:18<16:23, 16734221.57B/s]
   GAP-urand:   2%|▏         | 313442304/16766984746 [00:18<16:24, 16717056.57B/s]
   GAP-urand:   2%|▏         | 315162624/16766984746 [00:18<16:17, 16829759.90B/s]
   GAP-urand:   2%|▏         | 316899328/16766984746 [00:18<16:10, 16953792.94B/s]
   GAP-urand:   2%|▏         | 318603264/16766984746 [00:19<16:17, 16831050.02B/s]
   GAP-urand:   2%|▏         | 320290816/16766984746 [00:19<16:19, 16789551.57B/s]
   GAP-urand:   2%|▏         | 321994752/16766984746 [00:19<16:17, 16827961.20B/s]
   GAP-urand:   2%|▏         | 323731456/16766984746 [00:19<16:10, 16943775.40B/s]
   GAP-urand:   2%|▏         | 325435392/16766984746 [00:19<16:15, 16846257.78B/s]
   GAP-urand:   2%|▏         | 327122944/16766984746 [00:19<16:19, 16786682.07B/s]
   GAP-urand:   2%|▏         | 328826880/16766984746 [00:19<16:17, 16818554.81B/s]
   GAP-urand:   2%|▏         | 330514432/16766984746 [00:19<16:18, 16792940.12B/s]
   GAP-urand:   2%|▏         | 332201984/16766984746 [00:19<16:20, 16764280.63B/s]
   GAP-urand:   2%|▏         | 333889536/16766984746 [00:20<16:19, 16781568.26B/s]
   GAP-urand:   2%|▏         | 335609856/16766984746 [00:20<16:11, 16905323.65B/s]
   GAP-urand:   2%|▏         | 337313792/16766984746 [00:20<16:16, 16821859.54B/s]
   GAP-urand:   2%|▏         | 339001344/16766984746 [00:20<16:15, 16835047.92B/s]
   GAP-urand:   2%|▏         | 340721664/16766984746 [00:20<16:11, 16906717.84B/s]
   GAP-urand:   2%|▏         | 342425600/16766984746 [00:20<16:33, 16527407.16B/s]
   GAP-urand:   2%|▏         | 344080384/16766984746 [00:20<16:38, 16446529.49B/s]
   GAP-urand:   2%|▏         | 345751552/16766984746 [00:20<16:34, 16519871.69B/s]
   GAP-urand:   2%|▏         | 347406336/16766984746 [00:20<16:39, 16425063.94B/s]
   GAP-urand:   2%|▏         | 349061120/16766984746 [00:20<16:43, 16363130.12B/s]
   GAP-urand:   2%|▏         | 350715904/16766984746 [00:21<16:41, 16390358.38B/s]
   GAP-urand:   2%|▏         | 352387072/16766984746 [00:21<16:35, 16483226.71B/s]
   GAP-urand:   2%|▏         | 354041856/16766984746 [00:21<16:38, 16430006.11B/s]
   GAP-urand:   2%|▏         | 355696640/16766984746 [00:21<16:40, 16406605.43B/s]
   GAP-urand:   2%|▏         | 357351424/16766984746 [00:21<16:44, 16338748.23B/s]
   GAP-urand:   2%|▏         | 358989824/16766984746 [00:21<16:53, 16194749.65B/s]
   GAP-urand:   2%|▏         | 360611840/16766984746 [00:21<16:56, 16133376.44B/s]
   GAP-urand:   2%|▏         | 362250240/16766984746 [00:21<16:53, 16193042.76B/s]
   GAP-urand:   2%|▏         | 363921408/16766984746 [00:21<16:44, 16330228.85B/s]
   GAP-urand:   2%|▏         | 365576192/16766984746 [00:21<16:42, 16357936.33B/s]
   GAP-urand:   2%|▏         | 367214592/16766984746 [00:22<16:46, 16291791.03B/s]
   GAP-urand:   2%|▏         | 368852992/16766984746 [00:22<16:45, 16305435.29B/s]
   GAP-urand:   2%|▏         | 370491392/16766984746 [00:22<16:45, 16306122.19B/s]
   GAP-urand:   2%|▏         | 372162560/16766984746 [00:22<16:38, 16420243.88B/s]
   GAP-urand:   2%|▏         | 373850112/16766984746 [00:22<16:32, 16511233.15B/s]
   GAP-urand:   2%|▏         | 375537664/16766984746 [00:22<16:29, 16568147.67B/s]
   GAP-urand:   2%|▏         | 377225216/16766984746 [00:22<16:26, 16616290.67B/s]
   GAP-urand:   2%|▏         | 378896384/16766984746 [00:22<16:24, 16640572.11B/s]
   GAP-urand:   2%|▏         | 380567552/16766984746 [00:22<16:26, 16615109.13B/s]
   GAP-urand:   2%|▏         | 382238720/16766984746 [00:22<16:24, 16642380.33B/s]
   GAP-urand:   2%|▏         | 383926272/16766984746 [00:23<16:21, 16696517.37B/s]
   GAP-urand:   2%|▏         | 385597440/16766984746 [00:23<16:20, 16700592.44B/s]
   GAP-urand:   2%|▏         | 387268608/16766984746 [00:23<16:22, 16674545.75B/s]
   GAP-urand:   2%|▏         | 388956160/16766984746 [00:23<16:19, 16720674.59B/s]
   GAP-urand:   2%|▏         | 390643712/16766984746 [00:23<16:41, 16345865.20B/s]
   GAP-urand:   2%|▏         | 392282112/16766984746 [00:23<16:45, 16280801.89B/s]
   GAP-urand:   2%|▏         | 393920512/16766984746 [00:23<16:56, 16104729.21B/s]
   GAP-urand:   2%|▏         | 395575296/16766984746 [00:23<16:49, 16223635.32B/s]
   GAP-urand:   2%|▏         | 397262848/16766984746 [00:23<16:38, 16390872.22B/s]
   GAP-urand:   2%|▏         | 398934016/16766984746 [00:23<16:35, 16445619.06B/s]
   GAP-urand:   2%|▏         | 400605184/16766984746 [00:24<16:33, 16473344.06B/s]
   GAP-urand:   2%|▏         | 402259968/16766984746 [00:24<16:33, 16467005.59B/s]
   GAP-urand:   2%|▏         | 403914752/16766984746 [00:24<16:35, 16443536.81B/s]
   GAP-urand:   2%|▏         | 405569536/16766984746 [00:24<16:43, 16299681.25B/s]
   GAP-urand:   2%|▏         | 407207936/16766984746 [00:24<16:43, 16300533.30B/s]
   GAP-urand:   2%|▏         | 408879104/16766984746 [00:24<16:37, 16392468.45B/s]
   GAP-urand:   2%|▏         | 410566656/16766984746 [00:24<16:30, 16507776.84B/s]
   GAP-urand:   2%|▏         | 412237824/16766984746 [00:24<16:29, 16525355.76B/s]
   GAP-urand:   2%|▏         | 413892608/16766984746 [00:24<16:39, 16365975.41B/s]
   GAP-urand:   2%|▏         | 415531008/16766984746 [00:24<16:58, 16062162.76B/s]
   GAP-urand:   2%|▏         | 417153024/16766984746 [00:25<17:05, 15945432.11B/s]
   GAP-urand:   2%|▏         | 418824192/16766984746 [00:25<16:52, 16144829.32B/s]
   GAP-urand:   3%|▎         | 420446208/16766984746 [00:25<16:55, 16097068.59B/s]
   GAP-urand:   3%|▎         | 422068224/16766984746 [00:25<16:53, 16125432.40B/s]
   GAP-urand:   3%|▎         | 423690240/16766984746 [00:25<16:53, 16121143.00B/s]
   GAP-urand:   3%|▎         | 425312256/16766984746 [00:25<16:55, 16098311.09B/s]
   GAP-urand:   3%|▎         | 426934272/16766984746 [00:25<17:02, 15983096.03B/s]
   GAP-urand:   3%|▎         | 428539904/16766984746 [00:25<17:03, 15960569.67B/s]
   GAP-urand:   3%|▎         | 430161920/16766984746 [00:25<17:00, 16007214.80B/s]
   GAP-urand:   3%|▎         | 431816704/16766984746 [00:25<16:52, 16128453.76B/s]
   GAP-urand:   3%|▎         | 433504256/16766984746 [00:26<16:40, 16332316.16B/s]
   GAP-urand:   3%|▎         | 435208192/16766984746 [00:26<16:28, 16514119.97B/s]
   GAP-urand:   3%|▎         | 436862976/16766984746 [00:26<16:31, 16473208.45B/s]
   GAP-urand:   3%|▎         | 438534144/16766984746 [00:26<16:27, 16539553.73B/s]
   GAP-urand:   3%|▎         | 440188928/16766984746 [00:26<16:28, 16513061.78B/s]
   GAP-urand:   3%|▎         | 441860096/16766984746 [00:26<16:26, 16554483.65B/s]
   GAP-urand:   3%|▎         | 443547648/16766984746 [00:26<16:23, 16604538.11B/s]
   GAP-urand:   3%|▎         | 445235200/16766984746 [00:26<16:18, 16676735.93B/s]
   GAP-urand:   3%|▎         | 446906368/16766984746 [00:26<16:25, 16564787.29B/s]
   GAP-urand:   3%|▎         | 448577536/16766984746 [00:26<16:28, 16515995.11B/s]
   GAP-urand:   3%|▎         | 450248704/16766984746 [00:27<16:24, 16570286.32B/s]
   GAP-urand:   3%|▎         | 451919872/16766984746 [00:27<16:23, 16587135.83B/s]
   GAP-urand:   3%|▎         | 453591040/16766984746 [00:27<16:25, 16561384.99B/s]
   GAP-urand:   3%|▎         | 455262208/16766984746 [00:27<16:32, 16442360.09B/s]
   GAP-urand:   3%|▎         | 456916992/16766984746 [00:27<16:35, 16382584.55B/s]
   GAP-urand:   3%|▎         | 458620928/16766984746 [00:27<16:26, 16530030.56B/s]
   GAP-urand:   3%|▎         | 460308480/16766984746 [00:27<16:21, 16606414.55B/s]
   GAP-urand:   3%|▎         | 461979648/16766984746 [00:27<16:25, 16536762.29B/s]
   GAP-urand:   3%|▎         | 463634432/16766984746 [00:27<16:28, 16501187.71B/s]
   GAP-urand:   3%|▎         | 465321984/16766984746 [00:28<16:23, 16582915.59B/s]
   GAP-urand:   3%|▎         | 466993152/16766984746 [00:28<16:21, 16608234.67B/s]
   GAP-urand:   3%|▎         | 468680704/16766984746 [00:28<16:16, 16686600.64B/s]
   GAP-urand:   3%|▎         | 470368256/16766984746 [00:28<16:14, 16714688.78B/s]
   GAP-urand:   3%|▎         | 472055808/16766984746 [00:28<16:17, 16673653.07B/s]
   GAP-urand:   3%|▎         | 473726976/16766984746 [00:28<16:19, 16637324.96B/s]
   GAP-urand:   3%|▎         | 475414528/16766984746 [00:28<16:15, 16697319.12B/s]
   GAP-urand:   3%|▎         | 477085696/16766984746 [00:28<16:17, 16666776.19B/s]
   GAP-urand:   3%|▎         | 478806016/16766984746 [00:28<16:09, 16802494.34B/s]
   GAP-urand:   3%|▎         | 480493568/16766984746 [00:28<16:09, 16796633.40B/s]
   GAP-urand:   3%|▎         | 482230272/16766984746 [00:29<16:02, 16912014.40B/s]
   GAP-urand:   3%|▎         | 483950592/16766984746 [00:29<15:58, 16994716.26B/s]
   GAP-urand:   3%|▎         | 485670912/16766984746 [00:29<15:55, 17034485.29B/s]
   GAP-urand:   3%|▎         | 487374848/16766984746 [00:29<16:05, 16865480.06B/s]
   GAP-urand:   3%|▎         | 489062400/16766984746 [00:29<16:11, 16761270.93B/s]
   GAP-urand:   3%|▎         | 490749952/16766984746 [00:29<16:46, 16170304.67B/s]
   GAP-urand:   3%|▎         | 492371968/16766984746 [00:29<16:47, 16157050.13B/s]
   GAP-urand:   3%|▎         | 493993984/16766984746 [00:29<16:54, 16037988.75B/s]
   GAP-urand:   3%|▎         | 495632384/16766984746 [00:29<16:49, 16120422.65B/s]
   GAP-urand:   3%|▎         | 497254400/16766984746 [00:29<16:50, 16101588.77B/s]
   GAP-urand:   3%|▎         | 498876416/16766984746 [00:30<17:03, 15889740.48B/s]
   GAP-urand:   3%|▎         | 500482048/16766984746 [00:30<17:10, 15777712.53B/s]
   GAP-urand:   3%|▎         | 502120448/16766984746 [00:30<17:00, 15930529.68B/s]
   GAP-urand:   3%|▎         | 503791616/16766984746 [00:30<16:47, 16137515.12B/s]
   GAP-urand:   3%|▎         | 505495552/16766984746 [00:30<16:33, 16368679.64B/s]
   GAP-urand:   3%|▎         | 507166720/16766984746 [00:30<16:30, 16423692.18B/s]
   GAP-urand:   3%|▎         | 508837888/16766984746 [00:30<16:27, 16466143.94B/s]
   GAP-urand:   3%|▎         | 510574592/16766984746 [00:30<16:13, 16703732.97B/s]
   GAP-urand:   3%|▎         | 512245760/16766984746 [00:30<16:28, 16441713.85B/s]
   GAP-urand:   3%|▎         | 513900544/16766984746 [00:30<16:27, 16467052.95B/s]
   GAP-urand:   3%|▎         | 515555328/16766984746 [00:31<16:35, 16318707.28B/s]
   GAP-urand:   3%|▎         | 517193728/16766984746 [00:31<16:47, 16125818.90B/s]
   GAP-urand:   3%|▎         | 518815744/16766984746 [00:31<17:04, 15866466.63B/s]
   GAP-urand:   3%|▎         | 520421376/16766984746 [00:31<17:01, 15898606.13B/s]
   GAP-urand:   3%|▎         | 522027008/16766984746 [00:31<17:00, 15924961.79B/s]
   GAP-urand:   3%|▎         | 523632640/16766984746 [00:31<17:05, 15836996.12B/s]
   GAP-urand:   3%|▎         | 525320192/16766984746 [00:31<16:47, 16114207.47B/s]
   GAP-urand:   3%|▎         | 526942208/16766984746 [00:31<16:47, 16127011.50B/s]
   GAP-urand:   3%|▎         | 528564224/16766984746 [00:31<16:46, 16127399.30B/s]
   GAP-urand:   3%|▎         | 530251776/16766984746 [00:31<16:33, 16347252.99B/s]
   GAP-urand:   3%|▎         | 531906560/16766984746 [00:32<16:31, 16367596.31B/s]
   GAP-urand:   3%|▎         | 533544960/16766984746 [00:32<16:38, 16254346.87B/s]
   GAP-urand:   3%|▎         | 535183360/16766984746 [00:32<16:46, 16123751.85B/s]
   GAP-urand:   3%|▎         | 536838144/16766984746 [00:32<16:40, 16220586.63B/s]
   GAP-urand:   3%|▎         | 538509312/16766984746 [00:32<16:34, 16323205.87B/s]
   GAP-urand:   3%|▎         | 540180480/16766984746 [00:32<16:28, 16419995.56B/s]
   GAP-urand:   3%|▎         | 541835264/16766984746 [00:32<16:25, 16456889.89B/s]
   GAP-urand:   3%|▎         | 543490048/16766984746 [00:32<16:28, 16416418.63B/s]
   GAP-urand:   3%|▎         | 545144832/16766984746 [00:32<16:32, 16345645.67B/s]
   GAP-urand:   3%|▎         | 546832384/16766984746 [00:32<16:25, 16464777.82B/s]
   GAP-urand:   3%|▎         | 548536320/16766984746 [00:33<16:19, 16559465.19B/s]
   GAP-urand:   3%|▎         | 550207488/16766984746 [00:33<16:18, 16568153.96B/s]
   GAP-urand:   3%|▎         | 551878656/16766984746 [00:33<16:28, 16406043.30B/s]
   GAP-urand:   3%|▎         | 553533440/16766984746 [00:33<16:39, 16224937.97B/s]
   GAP-urand:   3%|▎         | 555204608/16766984746 [00:33<16:30, 16366343.29B/s]
   GAP-urand:   3%|▎         | 556843008/16766984746 [00:33<16:34, 16298699.69B/s]
   GAP-urand:   3%|▎         | 558530560/16766984746 [00:33<16:25, 16448544.16B/s]
   GAP-urand:   3%|▎         | 560185344/16766984746 [00:33<16:34, 16295539.64B/s]
   GAP-urand:   3%|▎         | 561823744/16766984746 [00:33<16:52, 15999118.46B/s]
   GAP-urand:   3%|▎         | 563429376/16766984746 [00:34<17:01, 15865068.38B/s]
   GAP-urand:   3%|▎         | 565018624/16766984746 [00:34<17:01, 15859202.04B/s]
   GAP-urand:   3%|▎         | 566689792/16766984746 [00:34<16:47, 16077195.69B/s]
   GAP-urand:   3%|▎         | 568311808/16766984746 [00:34<16:58, 15900739.28B/s]
   GAP-urand:   3%|▎         | 569917440/16766984746 [00:34<16:56, 15940401.27B/s]
   GAP-urand:   3%|▎         | 571588608/16766984746 [00:34<16:41, 16167193.12B/s]
   GAP-urand:   3%|▎         | 573243392/16766984746 [00:34<16:35, 16269352.24B/s]
   GAP-urand:   3%|▎         | 574881792/16766984746 [00:34<16:37, 16228737.03B/s]
   GAP-urand:   3%|▎         | 576569344/16766984746 [00:34<16:26, 16408400.12B/s]
   GAP-urand:   3%|▎         | 578224128/16766984746 [00:34<16:39, 16194130.90B/s]
   GAP-urand:   3%|▎         | 579878912/16766984746 [00:35<16:33, 16291434.90B/s]
   GAP-urand:   3%|▎         | 581582848/16766984746 [00:35<16:20, 16509959.95B/s]
   GAP-urand:   3%|▎         | 583237632/16766984746 [00:35<16:24, 16444308.56B/s]
   GAP-urand:   3%|▎         | 584892416/16766984746 [00:35<16:23, 16457270.89B/s]
   GAP-urand:   3%|▎         | 586547200/16766984746 [00:35<16:34, 16272809.84B/s]
   GAP-urand:   4%|▎         | 588234752/16766984746 [00:35<16:24, 16436709.87B/s]
   GAP-urand:   4%|▎         | 589889536/16766984746 [00:35<16:35, 16257094.54B/s]
   GAP-urand:   4%|▎         | 591560704/16766984746 [00:35<16:26, 16389486.85B/s]
   GAP-urand:   4%|▎         | 593248256/16766984746 [00:35<16:20, 16499753.81B/s]
   GAP-urand:   4%|▎         | 594903040/16766984746 [00:35<16:32, 16291458.67B/s]
   GAP-urand:   4%|▎         | 596574208/16766984746 [00:36<16:27, 16370934.69B/s]
   GAP-urand:   4%|▎         | 598212608/16766984746 [00:36<16:39, 16181025.91B/s]
   GAP-urand:   4%|▎         | 599900160/16766984746 [00:36<16:28, 16360563.86B/s]
   GAP-urand:   4%|▎         | 601604096/16766984746 [00:36<16:16, 16554614.96B/s]
   GAP-urand:   4%|▎         | 603275264/16766984746 [00:36<16:26, 16378040.23B/s]
   GAP-urand:   4%|▎         | 604995584/16766984746 [00:36<16:14, 16588457.59B/s]
   GAP-urand:   4%|▎         | 606666752/16766984746 [00:36<16:27, 16372440.49B/s]
   GAP-urand:   4%|▎         | 608354304/16766984746 [00:36<16:19, 16498356.27B/s]
   GAP-urand:   4%|▎         | 610058240/16766984746 [00:36<16:11, 16626352.14B/s]
   GAP-urand:   4%|▎         | 611729408/16766984746 [00:36<16:29, 16330835.62B/s]
   GAP-urand:   4%|▎         | 613416960/16766984746 [00:37<16:20, 16481620.11B/s]
   GAP-urand:   4%|▎         | 615137280/16766984746 [00:37<16:08, 16682746.44B/s]
   GAP-urand:   4%|▎         | 616808448/16766984746 [00:37<16:10, 16634386.04B/s]
   GAP-urand:   4%|▎         | 618496000/16766984746 [00:37<16:07, 16690439.05B/s]
   GAP-urand:   4%|▎         | 620199936/16766984746 [00:37<16:02, 16773811.44B/s]
   GAP-urand:   4%|▎         | 621887488/16766984746 [00:37<16:13, 16581939.61B/s]
   GAP-urand:   4%|▎         | 623558656/16766984746 [00:37<16:43, 16084889.08B/s]
   GAP-urand:   4%|▎         | 625180672/16766984746 [00:37<16:41, 16118294.25B/s]
   GAP-urand:   4%|▎         | 626819072/16766984746 [00:37<16:38, 16171016.28B/s]
   GAP-urand:   4%|▎         | 628539392/16766984746 [00:37<16:21, 16446722.66B/s]
   GAP-urand:   4%|▍         | 630194176/16766984746 [00:38<16:27, 16339425.92B/s]
   GAP-urand:   4%|▍         | 631848960/16766984746 [00:38<16:26, 16349433.98B/s]
   GAP-urand:   4%|▍         | 633487360/16766984746 [00:38<16:57, 15853857.04B/s]
   GAP-urand:   4%|▍         | 635076608/16766984746 [00:38<16:57, 15851202.04B/s]
   GAP-urand:   4%|▍         | 636747776/16766984746 [00:38<16:41, 16098577.34B/s]
   GAP-urand:   4%|▍         | 638369792/16766984746 [00:38<16:54, 15898117.64B/s]
   GAP-urand:   4%|▍         | 639991808/16766984746 [00:38<16:49, 15974246.36B/s]
   GAP-urand:   4%|▍         | 641662976/16766984746 [00:38<16:38, 16151213.70B/s]
   GAP-urand:   4%|▍         | 643334144/16766984746 [00:38<16:29, 16294621.17B/s]
   GAP-urand:   4%|▍         | 644972544/16766984746 [00:39<16:43, 16057832.41B/s]
   GAP-urand:   4%|▍         | 646594560/16766984746 [00:39<16:57, 15836317.55B/s]
   GAP-urand:   4%|▍         | 648249344/16766984746 [00:39<16:46, 16010480.85B/s]
   GAP-urand:   4%|▍         | 649854976/16766984746 [00:39<16:46, 16017638.28B/s]
   GAP-urand:   4%|▍         | 651460608/16766984746 [00:39<16:50, 15946761.39B/s]
   GAP-urand:   4%|▍         | 653164544/16766984746 [00:39<16:33, 16222708.94B/s]
   GAP-urand:   4%|▍         | 654835712/16766984746 [00:39<16:25, 16356698.17B/s]
   GAP-urand:   4%|▍         | 656506880/16766984746 [00:39<16:20, 16424039.46B/s]
   GAP-urand:   4%|▍         | 658178048/16766984746 [00:39<16:17, 16478864.89B/s]
   GAP-urand:   4%|▍         | 659865600/16766984746 [00:39<16:12, 16566961.42B/s]
   GAP-urand:   4%|▍         | 661553152/16766984746 [00:40<16:07, 16645828.76B/s]
   GAP-urand:   4%|▍         | 663240704/16766984746 [00:40<16:05, 16683822.86B/s]
   GAP-urand:   4%|▍         | 664911872/16766984746 [00:40<16:12, 16552326.21B/s]
   GAP-urand:   4%|▍         | 666599424/16766984746 [00:40<16:09, 16613132.96B/s]
   GAP-urand:   4%|▍         | 668303360/16766984746 [00:40<16:03, 16706014.32B/s]
   GAP-urand:   4%|▍         | 670007296/16766984746 [00:40<15:58, 16790399.40B/s]
   GAP-urand:   4%|▍         | 671727616/16766984746 [00:40<15:52, 16893882.45B/s]
   GAP-urand:   4%|▍         | 673464320/16766984746 [00:40<15:47, 16991903.47B/s]
   GAP-urand:   4%|▍         | 675184640/16766984746 [00:40<15:45, 17018752.71B/s]
   GAP-urand:   4%|▍         | 676921344/16766984746 [00:40<15:42, 17074902.96B/s]
   GAP-urand:   4%|▍         | 678641664/16766984746 [00:41<15:49, 16951519.76B/s]
   GAP-urand:   4%|▍         | 680345600/16766984746 [00:41<15:55, 16834701.23B/s]
   GAP-urand:   4%|▍         | 682033152/16766984746 [00:41<16:06, 16646665.23B/s]
   GAP-urand:   4%|▍         | 683704320/16766984746 [00:41<16:12, 16536295.66B/s]
   GAP-urand:   4%|▍         | 685424640/16766984746 [00:41<16:02, 16703557.08B/s]
   GAP-urand:   4%|▍         | 687112192/16766984746 [00:41<16:01, 16724004.13B/s]
   GAP-urand:   4%|▍         | 688799744/16766984746 [00:41<16:16, 16472882.90B/s]
   GAP-urand:   4%|▍         | 690454528/16766984746 [00:41<16:20, 16400168.72B/s]
   GAP-urand:   4%|▍         | 692142080/16766984746 [00:41<16:12, 16521353.19B/s]
   GAP-urand:   4%|▍         | 693829632/16766984746 [00:41<16:06, 16626017.19B/s]
   GAP-urand:   4%|▍         | 695500800/16766984746 [00:42<16:12, 16524353.89B/s]
   GAP-urand:   4%|▍         | 697155584/16766984746 [00:42<16:21, 16368079.46B/s]
   GAP-urand:   4%|▍         | 698793984/16766984746 [00:42<16:34, 16151908.81B/s]
   GAP-urand:   4%|▍         | 700448768/16766984746 [00:42<16:27, 16264929.48B/s]
   GAP-urand:   4%|▍         | 702152704/16766984746 [00:42<16:15, 16475211.87B/s]
   GAP-urand:   4%|▍         | 703807488/16766984746 [00:42<16:28, 16253613.81B/s]
   GAP-urand:   4%|▍         | 705445888/16766984746 [00:42<16:26, 16277830.79B/s]
   GAP-urand:   4%|▍         | 707084288/16766984746 [00:42<16:32, 16185628.19B/s]
   GAP-urand:   4%|▍         | 708739072/16766984746 [00:42<16:25, 16291136.34B/s]
   GAP-urand:   4%|▍         | 710443008/16766984746 [00:42<16:13, 16502015.94B/s]
   GAP-urand:   4%|▍         | 712097792/16766984746 [00:43<16:26, 16274295.42B/s]
   GAP-urand:   4%|▍         | 713801728/16766984746 [00:43<16:14, 16476338.59B/s]
   GAP-urand:   4%|▍         | 715456512/16766984746 [00:43<16:15, 16458097.76B/s]
   GAP-urand:   4%|▍         | 717144064/16766984746 [00:43<16:08, 16576992.10B/s]
   GAP-urand:   4%|▍         | 718831616/16766984746 [00:43<16:04, 16644120.01B/s]
   GAP-urand:   4%|▍         | 720502784/16766984746 [00:43<16:19, 16376431.67B/s]
   GAP-urand:   4%|▍         | 722157568/16766984746 [00:43<16:16, 16422961.79B/s]
   GAP-urand:   4%|▍         | 723812352/16766984746 [00:43<16:20, 16358416.09B/s]
   GAP-urand:   4%|▍         | 725549056/16766984746 [00:43<16:04, 16636329.56B/s]
   GAP-urand:   4%|▍         | 727220224/16766984746 [00:43<16:06, 16588688.11B/s]
   GAP-urand:   4%|▍         | 728891392/16766984746 [00:44<16:11, 16507025.80B/s]
   GAP-urand:   4%|▍         | 730546176/16766984746 [00:44<16:38, 16056275.92B/s]
   GAP-urand:   4%|▍         | 732168192/16766984746 [00:44<16:44, 15962174.99B/s]
   GAP-urand:   4%|▍         | 733790208/16766984746 [00:44<16:41, 16012326.02B/s]
   GAP-urand:   4%|▍         | 735412224/16766984746 [00:44<16:38, 16059980.02B/s]
   GAP-urand:   4%|▍         | 737034240/16766984746 [00:44<16:37, 16066415.33B/s]
   GAP-urand:   4%|▍         | 738656256/16766984746 [00:44<16:39, 16035232.50B/s]
   GAP-urand:   4%|▍         | 740294656/16766984746 [00:44<16:35, 16098548.39B/s]
   GAP-urand:   4%|▍         | 741916672/16766984746 [00:44<16:55, 15785677.43B/s]
   GAP-urand:   4%|▍         | 743505920/16766984746 [00:45<16:57, 15754413.43B/s]
   GAP-urand:   4%|▍         | 745095168/16766984746 [00:45<17:03, 15649516.92B/s]
   GAP-urand:   4%|▍         | 746733568/16766984746 [00:45<16:51, 15839688.59B/s]
   GAP-urand:   4%|▍         | 748388352/16766984746 [00:45<16:38, 16037637.97B/s]
   GAP-urand:   4%|▍         | 750059520/16766984746 [00:45<16:27, 16226409.80B/s]
   GAP-urand:   4%|▍         | 751747072/16766984746 [00:45<16:17, 16378434.91B/s]
   GAP-urand:   4%|▍         | 753401856/16766984746 [00:45<16:30, 16162528.56B/s]
   GAP-urand:   5%|▍         | 755023872/16766984746 [00:45<16:42, 15968318.27B/s]
   GAP-urand:   5%|▍         | 756629504/16766984746 [00:45<16:41, 15987870.29B/s]
   GAP-urand:   5%|▍         | 758235136/16766984746 [00:45<16:41, 15982237.15B/s]
   GAP-urand:   5%|▍         | 759840768/16766984746 [00:46<16:44, 15936262.20B/s]
   GAP-urand:   5%|▍         | 761446400/16766984746 [00:46<16:49, 15854006.15B/s]
   GAP-urand:   5%|▍         | 763068416/16766984746 [00:46<16:43, 15955629.30B/s]
   GAP-urand:   5%|▍         | 764706816/16766984746 [00:46<16:35, 16074610.79B/s]
   GAP-urand:   5%|▍         | 766328832/16766984746 [00:46<16:41, 15976425.33B/s]
   GAP-urand:   5%|▍         | 767934464/16766984746 [00:46<16:49, 15854141.12B/s]
   GAP-urand:   5%|▍         | 769540096/16766984746 [00:46<16:47, 15871916.14B/s]
   GAP-urand:   5%|▍         | 771211264/16766984746 [00:46<16:34, 16077428.77B/s]
   GAP-urand:   5%|▍         | 772882432/16766984746 [00:46<16:24, 16251844.16B/s]
   GAP-urand:   5%|▍         | 774553600/16766984746 [00:46<16:17, 16352709.24B/s]
   GAP-urand:   5%|▍         | 776224768/16766984746 [00:47<16:11, 16456325.22B/s]
   GAP-urand:   5%|▍         | 777879552/16766984746 [00:47<16:34, 16076402.53B/s]
   GAP-urand:   5%|▍         | 779501568/16766984746 [00:47<17:02, 15641910.97B/s]
   GAP-urand:   5%|▍         | 781074432/16766984746 [00:47<17:23, 15312527.23B/s]
   GAP-urand:   5%|▍         | 782647296/16766984746 [00:47<17:17, 15411740.13B/s]
   GAP-urand:   5%|▍         | 784269312/16766984746 [00:47<17:02, 15628754.13B/s]
   GAP-urand:   5%|▍         | 785858560/16766984746 [00:47<16:59, 15682655.49B/s]
   GAP-urand:   5%|▍         | 787464192/16766984746 [00:47<16:53, 15761956.79B/s]
   GAP-urand:   5%|▍         | 789053440/16766984746 [00:47<17:02, 15621579.35B/s]
   GAP-urand:   5%|▍         | 790626304/16766984746 [00:47<17:18, 15377593.44B/s]
   GAP-urand:   5%|▍         | 792166400/16766984746 [00:48<17:35, 15134604.50B/s]
   GAP-urand:   5%|▍         | 793690112/16766984746 [00:48<17:38, 15091350.14B/s]
   GAP-urand:   5%|▍         | 795213824/16766984746 [00:48<17:41, 15044746.00B/s]
   GAP-urand:   5%|▍         | 796835840/16766984746 [00:48<17:18, 15374666.17B/s]
   GAP-urand:   5%|▍         | 798490624/16766984746 [00:48<16:57, 15698779.32B/s]
   GAP-urand:   5%|▍         | 800112640/16766984746 [00:48<16:48, 15832474.50B/s]
   GAP-urand:   5%|▍         | 801701888/16766984746 [00:48<16:55, 15721909.77B/s]
   GAP-urand:   5%|▍         | 803291136/16766984746 [00:48<17:00, 15649280.10B/s]
   GAP-urand:   5%|▍         | 804929536/16766984746 [00:48<16:47, 15847583.50B/s]
   GAP-urand:   5%|▍         | 806567936/16766984746 [00:49<16:38, 15979177.60B/s]
   GAP-urand:   5%|▍         | 808255488/16766984746 [00:49<16:24, 16215331.44B/s]
   GAP-urand:   5%|▍         | 809975808/16766984746 [00:49<16:07, 16489966.87B/s]
   GAP-urand:   5%|▍         | 811630592/16766984746 [00:49<16:21, 16251547.45B/s]
   GAP-urand:   5%|▍         | 813350912/16766984746 [00:49<16:05, 16530646.03B/s]
   GAP-urand:   5%|▍         | 815005696/16766984746 [00:49<16:39, 15955514.20B/s]
   GAP-urand:   5%|▍         | 816742400/16766984746 [00:49<16:15, 16350764.45B/s]
   GAP-urand:   5%|▍         | 818397184/16766984746 [00:49<16:53, 15729369.41B/s]
   GAP-urand:   5%|▍         | 820133888/16766984746 [00:49<16:26, 16171517.64B/s]
   GAP-urand:   5%|▍         | 821870592/16766984746 [00:49<16:06, 16492628.27B/s]
   GAP-urand:   5%|▍         | 823541760/16766984746 [00:50<16:43, 15880598.12B/s]
   GAP-urand:   5%|▍         | 825278464/16766984746 [00:50<16:19, 16283267.14B/s]
   GAP-urand:   5%|▍         | 826916864/16766984746 [00:50<16:51, 15766385.13B/s]
   GAP-urand:   5%|▍         | 828637184/16766984746 [00:50<16:26, 16150838.58B/s]
   GAP-urand:   5%|▍         | 830357504/16766984746 [00:50<16:11, 16409243.14B/s]
   GAP-urand:   5%|▍         | 832012288/16766984746 [00:50<16:43, 15875641.59B/s]
   GAP-urand:   5%|▍         | 833748992/16766984746 [00:50<16:19, 16258865.65B/s]
   GAP-urand:   5%|▍         | 835387392/16766984746 [00:50<16:51, 15755531.25B/s]
   GAP-urand:   5%|▍         | 837107712/16766984746 [00:50<16:25, 16167919.16B/s]
   GAP-urand:   5%|▌         | 838746112/16766984746 [00:51<16:55, 15683725.92B/s]
   GAP-urand:   5%|▌         | 840466432/16766984746 [00:51<16:31, 16070572.33B/s]
   GAP-urand:   5%|▌         | 842186752/16766984746 [00:51<16:12, 16371857.68B/s]
   GAP-urand:   5%|▌         | 843841536/16766984746 [00:51<16:43, 15869202.14B/s]
   GAP-urand:   5%|▌         | 845561856/16766984746 [00:51<16:21, 16221532.43B/s]
   GAP-urand:   5%|▌         | 847200256/16766984746 [00:51<16:51, 15738945.76B/s]
   GAP-urand:   5%|▌         | 848936960/16766984746 [00:51<16:23, 16180446.04B/s]
   GAP-urand:   5%|▌         | 850657280/16766984746 [00:51<16:06, 16460567.49B/s]
   GAP-urand:   5%|▌         | 852312064/16766984746 [00:51<16:36, 15968572.52B/s]
   GAP-urand:   5%|▌         | 854048768/16766984746 [00:51<16:13, 16345483.18B/s]
   GAP-urand:   5%|▌         | 855703552/16766984746 [00:52<16:53, 15701715.02B/s]
   GAP-urand:   5%|▌         | 857440256/16766984746 [00:52<16:25, 16138493.81B/s]
   GAP-urand:   5%|▌         | 859062272/16766984746 [00:52<16:49, 15759911.58B/s]
   GAP-urand:   5%|▌         | 860815360/16766984746 [00:52<16:20, 16224638.86B/s]
   GAP-urand:   5%|▌         | 862568448/16766984746 [00:52<15:59, 16567112.54B/s]
   GAP-urand:   5%|▌         | 864239616/16766984746 [00:52<16:43, 15840709.19B/s]
   GAP-urand:   5%|▌         | 865976320/16766984746 [00:52<16:17, 16269465.82B/s]
   GAP-urand:   5%|▌         | 867614720/16766984746 [00:52<16:47, 15774283.84B/s]
   GAP-urand:   5%|▌         | 869351424/16766984746 [00:52<16:20, 16214723.69B/s]
   GAP-urand:   5%|▌         | 871022592/16766984746 [00:53<16:51, 15720205.58B/s]
   GAP-urand:   5%|▌         | 872759296/16766984746 [00:53<16:21, 16186281.67B/s]
   GAP-urand:   5%|▌         | 874496000/16766984746 [00:53<16:01, 16525003.31B/s]
   GAP-urand:   5%|▌         | 876167168/16766984746 [00:53<16:38, 15919255.02B/s]
   GAP-urand:   5%|▌         | 877903872/16766984746 [00:53<16:13, 16322277.65B/s]
   GAP-urand:   5%|▌         | 879558656/16766984746 [00:53<16:43, 15829579.66B/s]
   GAP-urand:   5%|▌         | 881295360/16766984746 [00:53<16:18, 16240015.50B/s]
   GAP-urand:   5%|▌         | 883032064/16766984746 [00:53<15:59, 16562077.15B/s]
   GAP-urand:   5%|▌         | 884703232/16766984746 [00:53<16:39, 15893361.23B/s]
   GAP-urand:   5%|▌         | 886439936/16766984746 [00:53<16:15, 16279504.23B/s]
   GAP-urand:   5%|▌         | 888078336/16766984746 [00:54<16:43, 15819050.51B/s]
   GAP-urand:   5%|▌         | 889815040/16766984746 [00:54<16:16, 16255621.59B/s]
   GAP-urand:   5%|▌         | 891453440/16766984746 [00:54<16:46, 15777697.78B/s]
   GAP-urand:   5%|▌         | 893190144/16766984746 [00:54<16:18, 16225397.60B/s]
   GAP-urand:   5%|▌         | 894910464/16766984746 [00:54<16:01, 16506256.25B/s]
   GAP-urand:   5%|▌         | 896581632/16766984746 [00:54<16:43, 15811584.39B/s]
   GAP-urand:   5%|▌         | 898318336/16766984746 [00:54<16:17, 16241776.72B/s]
   GAP-urand:   5%|▌         | 899956736/16766984746 [00:54<16:51, 15690416.47B/s]
   GAP-urand:   5%|▌         | 901693440/16766984746 [00:54<16:21, 16163334.55B/s]
   GAP-urand:   5%|▌         | 903413760/16766984746 [00:55<16:04, 16455773.34B/s]
   GAP-urand:   5%|▌         | 905068544/16766984746 [00:55<16:38, 15893205.24B/s]
   GAP-urand:   5%|▌         | 906772480/16766984746 [00:55<16:18, 16201343.00B/s]
   GAP-urand:   5%|▌         | 908410880/16766984746 [00:55<16:43, 15800504.08B/s]
   GAP-urand:   5%|▌         | 910147584/16766984746 [00:55<16:16, 16240519.15B/s]
   GAP-urand:   5%|▌         | 911785984/16766984746 [00:55<16:50, 15692650.40B/s]
   GAP-urand:   5%|▌         | 913522688/16766984746 [00:55<16:21, 16144541.18B/s]
   GAP-urand:   5%|▌         | 915275776/16766984746 [00:55<16:00, 16509528.13B/s]
   GAP-urand:   5%|▌         | 916946944/16766984746 [00:55<16:37, 15896731.47B/s]
   
   asv: benchmark timed out (timeout 60s)
INFO:root:GMRES.GMRESBenchmark.time_gmres

·· GMRES.GMRESBenchmark.time_gmres                                 okINFO:root:================================================= =============
                     dataset                                   
------------------------------------------------- -------------
      gmres_test_inputs.test_gmres_random_42           n/a     
     gmres_test_inputs.test_gmres_random_123           n/a     
      gmres_test_inputs.test_gmres_diagonal            n/a     
         gmres_test_inputs.test_gmres_3x3              n/a     
         gmres_test_inputs.test_gmres_4x4              n/a     
           gmres_inputs.Andrews/Andrews                n/a     
           gmres_inputs.Andrianov/ins2                 n/a     
          gmres_inputs.Andrianov/net100                n/a     
          gmres_inputs.Andrianov/net125                n/a     
          gmres_inputs.Andrianov/net150                n/a     
           gmres_inputs.Andrianov/net25                n/a     
           gmres_inputs.Andrianov/net50                n/a     
           gmres_inputs.Andrianov/net75                n/a     
             gmres_inputs.Bai/bfwa62                   n/a     
             gmres_inputs.Bai/bfwb398                  n/a     
             gmres_inputs.Bai/bfwb62                   n/a     
             gmres_inputs.Bai/bfwb782                  n/a     
              gmres_inputs.Bai/ck104                   n/a     
             gmres_inputs.Bai/dw256B                   n/a     
             gmres_inputs.Bai/dwb512                   n/a     
             gmres_inputs.Bai/pde225                   n/a     
             gmres_inputs.Bai/rdb200               14.2±0.03ms 
             gmres_inputs.Bai/rdb200l                  n/a     
            gmres_inputs.Bindel/ted_B                  n/a     
        gmres_inputs.Bindel/ted_B_unscaled             n/a     
       gmres_inputs.Bomhof/circuit_1__rhs0             n/a     
       gmres_inputs.Botonakis/thermomech_TC            n/a     
       gmres_inputs.Botonakis/thermomech_dM            n/a     
     gmres_inputs.Bourchtein/atmosmodd__rhs1           n/a     
     gmres_inputs.Bourchtein/atmosmodj__rhs1           n/a     
     gmres_inputs.Bourchtein/atmosmodl__rhs0           n/a     
     gmres_inputs.Bourchtein/atmosmodl__rhs1           n/a     
     gmres_inputs.Bourchtein/atmosmodm__rhs0           n/a     
     gmres_inputs.Bourchtein/atmosmodm__rhs1           n/a     
         gmres_inputs.Brunetiere/thermal               n/a     
              gmres_inputs.CPM/cz148                   n/a     
         gmres_inputs.Cunningham/m3plates              n/a     
          gmres_inputs.Cunningham/qa8fk                n/a     
          gmres_inputs.Cunningham/qa8fm                n/a     
       gmres_inputs.FEMLAB/poisson2D__rhs0             n/a     
           gmres_inputs.FEMLAB/problem1                n/a     
             gmres_inputs.FIDAP/ex29                   n/a     
             gmres_inputs.FIDAP/ex37                   n/a     
              gmres_inputs.FIDAP/ex5                   n/a     
              gmres_inputs.FIDAP/ex7                   n/a     
       gmres_inputs.Freescale/circuit5M_dc             n/a     
         gmres_inputs.GHS_indef/blockqp1               n/a     
        gmres_inputs.GHS_indef/boyd1__rhs0             n/a     
        gmres_inputs.GHS_indef/boyd2__rhs0             n/a     
           gmres_inputs.GHS_indef/laser                n/a     
          gmres_inputs.GHS_indef/qpband                n/a     
         gmres_inputs.GHS_psdef/jnlbrng1               n/a     
         gmres_inputs.GHS_psdef/minsurfo               n/a     
         gmres_inputs.GHS_psdef/obstclae               n/a     
         gmres_inputs.GHS_psdef/wathen120              n/a     
          gmres_inputs.Grund/b1_ss__rhs0               n/a     
             gmres_inputs.Grund/meg4                   n/a     
          gmres_inputs.Grund/poli__rhs0                n/a     
             gmres_inputs.Grund/poli3                  n/a     
             gmres_inputs.Grund/poli4                  n/a     
          gmres_inputs.Grund/poli_large                n/a     
              gmres_inputs.HB/arc130                   n/a     
             gmres_inputs.HB/bcspwr01                  n/a     
             gmres_inputs.HB/bcspwr02                  n/a     
             gmres_inputs.HB/bcsstk01                  n/a     
             gmres_inputs.HB/bcsstk02                  n/a     
             gmres_inputs.HB/bcsstk20                  n/a     
             gmres_inputs.HB/bcsstm01                  n/a     
             gmres_inputs.HB/bcsstm02                  n/a     
             gmres_inputs.HB/bcsstm03                  n/a     
             gmres_inputs.HB/bcsstm04                  n/a     
             gmres_inputs.HB/bcsstm05                  n/a     
             gmres_inputs.HB/bcsstm06                  n/a     
             gmres_inputs.HB/bcsstm08                  n/a     
             gmres_inputs.HB/bcsstm09                  n/a     
             gmres_inputs.HB/bcsstm11                  n/a     
             gmres_inputs.HB/bcsstm19                  n/a     
             gmres_inputs.HB/bcsstm20                  n/a     
             gmres_inputs.HB/bcsstm21                  n/a     
             gmres_inputs.HB/bcsstm22                  n/a     
             gmres_inputs.HB/can_144                   n/a     
              gmres_inputs.HB/can_24                   n/a     
              gmres_inputs.HB/can_61                   n/a     
              gmres_inputs.HB/can_73                   n/a     
             gmres_inputs.HB/curtis54                  n/a     
             gmres_inputs.HB/fs_541_1              2.75±0.01ms 
             gmres_inputs.HB/fs_760_1                  n/a     
             gmres_inputs.HB/fs_760_2                  n/a     
             gmres_inputs.HB/fs_760_3                  n/a     
             gmres_inputs.HB/gr_30_30                  n/a     
             gmres_inputs.HB/jpwh_991                  n/a     
              gmres_inputs.HB/lap_25                   n/a     
               gmres_inputs.HB/nos4                    n/a     
               gmres_inputs.HB/nos7                    n/a     
          gmres_inputs.HB/orani678__rhs1               n/a     
         gmres_inputs.HB/orani678__rhs10               n/a     
         gmres_inputs.HB/orani678__rhs11               n/a     
         gmres_inputs.HB/orani678__rhs12               n/a     
         gmres_inputs.HB/orani678__rhs14               n/a     
         gmres_inputs.HB/orani678__rhs15               n/a     
         gmres_inputs.HB/orani678__rhs16               n/a     
         gmres_inputs.HB/orani678__rhs17               n/a     
         gmres_inputs.HB/orani678__rhs18               n/a     
         gmres_inputs.HB/orani678__rhs19               n/a     
          gmres_inputs.HB/orani678__rhs2               n/a     
          gmres_inputs.HB/orani678__rhs3               n/a     
          gmres_inputs.HB/orani678__rhs4               n/a     
          gmres_inputs.HB/orani678__rhs5               n/a     
          gmres_inputs.HB/orani678__rhs6               n/a     
         gmres_inputs.HB/orani678__rhs62               n/a     
          gmres_inputs.HB/orani678__rhs7               n/a     
          gmres_inputs.HB/orani678__rhs8               n/a     
             gmres_inputs.HB/pores_1                   n/a     
             gmres_inputs.HB/psmigr_3                  n/a     
              gmres_inputs.HB/steam2                   n/a     
              gmres_inputs.HB/steam3                   n/a     
              gmres_inputs.HB/watt_1                   n/a     
              gmres_inputs.HB/watt_2                   n/a     
        gmres_inputs.Hamrle/Hamrle1__rhs0              n/a     
               gmres_inputs.MKS/fp                     n/a     
            gmres_inputs.MathWorks/Muu                 n/a     
        gmres_inputs.MathWorks/tomography              n/a     
      gmres_inputs.MaxPlanck/shallow_water1            n/a     
      gmres_inputs.MaxPlanck/shallow_water2            n/a     
          gmres_inputs.Morandini/rotor1                n/a     
           gmres_inputs.Mulvey/finan512                n/a     
         gmres_inputs.Nasa/nasa2146__rhs0              n/a     
           gmres_inputs.Nemeth/nemeth02                n/a     
           gmres_inputs.Nemeth/nemeth03                n/a     
           gmres_inputs.Nemeth/nemeth04                n/a     
           gmres_inputs.Nemeth/nemeth05                n/a     
           gmres_inputs.Nemeth/nemeth06                n/a     
           gmres_inputs.Nemeth/nemeth07                n/a     
           gmres_inputs.Nemeth/nemeth08                n/a     
           gmres_inputs.Nemeth/nemeth09                n/a     
           gmres_inputs.Nemeth/nemeth10                n/a     
           gmres_inputs.Nemeth/nemeth11                n/a     
           gmres_inputs.Nemeth/nemeth12                n/a     
           gmres_inputs.Nemeth/nemeth13                n/a     
           gmres_inputs.Nemeth/nemeth16                n/a     
           gmres_inputs.Nemeth/nemeth17                n/a     
           gmres_inputs.Nemeth/nemeth18                n/a     
           gmres_inputs.Nemeth/nemeth19                n/a     
           gmres_inputs.Nemeth/nemeth20                n/a     
           gmres_inputs.Nemeth/nemeth21                n/a     
           gmres_inputs.Nemeth/nemeth22                n/a     
           gmres_inputs.Nemeth/nemeth23                n/a     
           gmres_inputs.Nemeth/nemeth24                n/a     
           gmres_inputs.Nemeth/nemeth25                n/a     
           gmres_inputs.Nemeth/nemeth26             274±0.6ms  
             gmres_inputs.Norris/fv1                   n/a     
             gmres_inputs.Norris/fv2                   n/a     
            gmres_inputs.Norris/torso2                 n/a     
          gmres_inputs.Oberwolfach/LF10                n/a     
          gmres_inputs.Oberwolfach/LFAT5               n/a     
             gmres_inputs.PARSEC/Si2                   n/a     
           gmres_inputs.Pothen/mesh1e1                 n/a     
           gmres_inputs.Pothen/mesh1em1                n/a     
           gmres_inputs.Pothen/mesh1em6                n/a     
           gmres_inputs.Pothen/mesh2e1                 n/a     
           gmres_inputs.Pothen/mesh2em5                n/a     
           gmres_inputs.Pothen/mesh3e1                 n/a     
           gmres_inputs.Pothen/mesh3em5                n/a     
           gmres_inputs.Pothen/sphere2                 n/a     
          gmres_inputs.Precima/analytics               n/a     
            gmres_inputs.Rajat/rajat13                 n/a     
         gmres_inputs.Rommes/bips98_1450               n/a     
          gmres_inputs.Rommes/bips98_606               n/a     
        gmres_inputs.Rommes/ww_36_pmec_36              n/a     
          gmres_inputs.Sandia/ASIC_100k                n/a     
          gmres_inputs.Sandia/ASIC_100ks               n/a     
          gmres_inputs.Sandia/ASIC_320ks               n/a     
          gmres_inputs.Sandia/ASIC_680k                n/a     
          gmres_inputs.Sandia/ASIC_680ks               n/a     
        gmres_inputs.Sandia/adder_dcop_31              n/a     
        gmres_inputs.Sandia/adder_dcop_32              n/a     
        gmres_inputs.Sandia/adder_dcop_33              n/a     
        gmres_inputs.Sandia/adder_dcop_34              n/a     
        gmres_inputs.Sandia/adder_dcop_35              n/a     
        gmres_inputs.Sandia/adder_dcop_36              n/a     
        gmres_inputs.Sandia/adder_dcop_37              n/a     
        gmres_inputs.Sandia/adder_dcop_38              n/a     
        gmres_inputs.Sandia/adder_dcop_40              n/a     
        gmres_inputs.Sandia/adder_dcop_41              n/a     
        gmres_inputs.Sandia/adder_dcop_42              n/a     
        gmres_inputs.Sandia/adder_dcop_43              n/a     
        gmres_inputs.Sandia/adder_dcop_44              n/a     
        gmres_inputs.Sandia/adder_dcop_45              n/a     
        gmres_inputs.Sandia/adder_dcop_46              n/a     
        gmres_inputs.Sandia/adder_dcop_47              n/a     
        gmres_inputs.Sandia/adder_dcop_48              n/a     
        gmres_inputs.Sandia/adder_dcop_49              n/a     
        gmres_inputs.Sandia/adder_dcop_50              n/a     
        gmres_inputs.Sandia/adder_dcop_51              n/a     
        gmres_inputs.Sandia/adder_dcop_52              n/a     
        gmres_inputs.Sandia/adder_dcop_53              n/a     
        gmres_inputs.Sandia/adder_dcop_54              n/a     
        gmres_inputs.Sandia/adder_dcop_55              n/a     
        gmres_inputs.Sandia/adder_dcop_57              n/a     
        gmres_inputs.Sandia/adder_dcop_58              n/a     
        gmres_inputs.Sandia/adder_dcop_59              n/a     
        gmres_inputs.Sandia/adder_dcop_60              n/a     
        gmres_inputs.Sandia/adder_dcop_61              n/a     
        gmres_inputs.Sandia/adder_dcop_62              n/a     
        gmres_inputs.Sandia/adder_dcop_63              n/a     
        gmres_inputs.Sandia/adder_dcop_64              n/a     
        gmres_inputs.Sandia/adder_dcop_65              n/a     
        gmres_inputs.Sandia/adder_dcop_66              n/a     
        gmres_inputs.Sandia/adder_dcop_67              n/a     
        gmres_inputs.Sandia/adder_dcop_68              n/a     
        gmres_inputs.Sandia/adder_dcop_69              n/a     
        gmres_inputs.Sandia/adder_trans_01             n/a     
        gmres_inputs.Sandia/adder_trans_02             n/a     
      gmres_inputs.Sandia/mult_dcop_02__rhs0         6.84±0s   
     gmres_inputs.Schenk_AFE/af_shell3__rhs0           n/a     
     gmres_inputs.Schenk_AFE/af_shell4__rhs0           n/a     
     gmres_inputs.Schenk_AFE/af_shell7__rhs0           n/a     
     gmres_inputs.Schenk_AFE/af_shell8__rhs0           n/a     
        gmres_inputs.Simon/raefsky5__rhs0              n/a     
       gmres_inputs.TOKAMAK/utm1700b__rhs0             n/a     
        gmres_inputs.TOKAMAK/utm3060__rhs0             n/a     
       gmres_inputs.VDOL/hangGlider_1__rhs0            n/a     
 gmres_inputs.VDOL/tumorAntiAngiogenesis_1__rhs0       n/a     
 gmres_inputs.VDOL/tumorAntiAngiogenesis_2__rhs0       n/a     
              gmres_inputs.VLSI/ss1                    n/a     
             gmres_inputs.Wang/swang1                  n/a     
             gmres_inputs.Wang/swang2                  n/a     
             gmres_inputs.Zhao/Zhao1                   n/a     
================================================= =============

·· ================================================= =============
                        dataset                                   
   ------------------------------------------------- -------------
         gmres_test_inputs.test_gmres_random_42           n/a     
        gmres_test_inputs.test_gmres_random_123           n/a     
         gmres_test_inputs.test_gmres_diagonal            n/a     
            gmres_test_inputs.test_gmres_3x3              n/a     
            gmres_test_inputs.test_gmres_4x4              n/a     
              gmres_inputs.Andrews/Andrews                n/a     
              gmres_inputs.Andrianov/ins2                 n/a     
             gmres_inputs.Andrianov/net100                n/a     
             gmres_inputs.Andrianov/net125                n/a     
             gmres_inputs.Andrianov/net150                n/a     
              gmres_inputs.Andrianov/net25                n/a     
              gmres_inputs.Andrianov/net50                n/a     
              gmres_inputs.Andrianov/net75                n/a     
                gmres_inputs.Bai/bfwa62                   n/a     
                gmres_inputs.Bai/bfwb398                  n/a     
                gmres_inputs.Bai/bfwb62                   n/a     
                gmres_inputs.Bai/bfwb782                  n/a     
                 gmres_inputs.Bai/ck104                   n/a     
                gmres_inputs.Bai/dw256B                   n/a     
                gmres_inputs.Bai/dwb512                   n/a     
                gmres_inputs.Bai/pde225                   n/a     
                gmres_inputs.Bai/rdb200               14.2±0.03ms 
                gmres_inputs.Bai/rdb200l                  n/a     
               gmres_inputs.Bindel/ted_B                  n/a     
           gmres_inputs.Bindel/ted_B_unscaled             n/a     
          gmres_inputs.Bomhof/circuit_1__rhs0             n/a     
          gmres_inputs.Botonakis/thermomech_TC            n/a     
          gmres_inputs.Botonakis/thermomech_dM            n/a     
        gmres_inputs.Bourchtein/atmosmodd__rhs1           n/a     
        gmres_inputs.Bourchtein/atmosmodj__rhs1           n/a     
        gmres_inputs.Bourchtein/atmosmodl__rhs0           n/a     
        gmres_inputs.Bourchtein/atmosmodl__rhs1           n/a     
        gmres_inputs.Bourchtein/atmosmodm__rhs0           n/a     
        gmres_inputs.Bourchtein/atmosmodm__rhs1           n/a     
            gmres_inputs.Brunetiere/thermal               n/a     
                 gmres_inputs.CPM/cz148                   n/a     
            gmres_inputs.Cunningham/m3plates              n/a     
             gmres_inputs.Cunningham/qa8fk                n/a     
             gmres_inputs.Cunningham/qa8fm                n/a     
          gmres_inputs.FEMLAB/poisson2D__rhs0             n/a     
              gmres_inputs.FEMLAB/problem1                n/a     
                gmres_inputs.FIDAP/ex29                   n/a     
                gmres_inputs.FIDAP/ex37                   n/a     
                 gmres_inputs.FIDAP/ex5                   n/a     
                 gmres_inputs.FIDAP/ex7                   n/a     
          gmres_inputs.Freescale/circuit5M_dc             n/a     
            gmres_inputs.GHS_indef/blockqp1               n/a     
           gmres_inputs.GHS_indef/boyd1__rhs0             n/a     
           gmres_inputs.GHS_indef/boyd2__rhs0             n/a     
              gmres_inputs.GHS_indef/laser                n/a     
             gmres_inputs.GHS_indef/qpband                n/a     
            gmres_inputs.GHS_psdef/jnlbrng1               n/a     
            gmres_inputs.GHS_psdef/minsurfo               n/a     
            gmres_inputs.GHS_psdef/obstclae               n/a     
            gmres_inputs.GHS_psdef/wathen120              n/a     
             gmres_inputs.Grund/b1_ss__rhs0               n/a     
                gmres_inputs.Grund/meg4                   n/a     
             gmres_inputs.Grund/poli__rhs0                n/a     
                gmres_inputs.Grund/poli3                  n/a     
                gmres_inputs.Grund/poli4                  n/a     
             gmres_inputs.Grund/poli_large                n/a     
                 gmres_inputs.HB/arc130                   n/a     
                gmres_inputs.HB/bcspwr01                  n/a     
                gmres_inputs.HB/bcspwr02                  n/a     
                gmres_inputs.HB/bcsstk01                  n/a     
                gmres_inputs.HB/bcsstk02                  n/a     
                gmres_inputs.HB/bcsstk20                  n/a     
                gmres_inputs.HB/bcsstm01                  n/a     
                gmres_inputs.HB/bcsstm02                  n/a     
                gmres_inputs.HB/bcsstm03                  n/a     
                gmres_inputs.HB/bcsstm04                  n/a     
                gmres_inputs.HB/bcsstm05                  n/a     
                gmres_inputs.HB/bcsstm06                  n/a     
                gmres_inputs.HB/bcsstm08                  n/a     
                gmres_inputs.HB/bcsstm09                  n/a     
                gmres_inputs.HB/bcsstm11                  n/a     
                gmres_inputs.HB/bcsstm19                  n/a     
                gmres_inputs.HB/bcsstm20                  n/a     
                gmres_inputs.HB/bcsstm21                  n/a     
                gmres_inputs.HB/bcsstm22                  n/a     
                gmres_inputs.HB/can_144                   n/a     
                 gmres_inputs.HB/can_24                   n/a     
                 gmres_inputs.HB/can_61                   n/a     
                 gmres_inputs.HB/can_73                   n/a     
                gmres_inputs.HB/curtis54                  n/a     
                gmres_inputs.HB/fs_541_1              2.75±0.01ms 
                gmres_inputs.HB/fs_760_1                  n/a     
                gmres_inputs.HB/fs_760_2                  n/a     
                gmres_inputs.HB/fs_760_3                  n/a     
                gmres_inputs.HB/gr_30_30                  n/a     
                gmres_inputs.HB/jpwh_991                  n/a     
                 gmres_inputs.HB/lap_25                   n/a     
                  gmres_inputs.HB/nos4                    n/a     
                  gmres_inputs.HB/nos7                    n/a     
             gmres_inputs.HB/orani678__rhs1               n/a     
            gmres_inputs.HB/orani678__rhs10               n/a     
            gmres_inputs.HB/orani678__rhs11               n/a     
            gmres_inputs.HB/orani678__rhs12               n/a     
            gmres_inputs.HB/orani678__rhs14               n/a     
            gmres_inputs.HB/orani678__rhs15               n/a     
            gmres_inputs.HB/orani678__rhs16               n/a     
            gmres_inputs.HB/orani678__rhs17               n/a     
            gmres_inputs.HB/orani678__rhs18               n/a     
            gmres_inputs.HB/orani678__rhs19               n/a     
             gmres_inputs.HB/orani678__rhs2               n/a     
             gmres_inputs.HB/orani678__rhs3               n/a     
             gmres_inputs.HB/orani678__rhs4               n/a     
             gmres_inputs.HB/orani678__rhs5               n/a     
             gmres_inputs.HB/orani678__rhs6               n/a     
            gmres_inputs.HB/orani678__rhs62               n/a     
             gmres_inputs.HB/orani678__rhs7               n/a     
             gmres_inputs.HB/orani678__rhs8               n/a     
                gmres_inputs.HB/pores_1                   n/a     
                gmres_inputs.HB/psmigr_3                  n/a     
                 gmres_inputs.HB/steam2                   n/a     
                 gmres_inputs.HB/steam3                   n/a     
                 gmres_inputs.HB/watt_1                   n/a     
                 gmres_inputs.HB/watt_2                   n/a     
           gmres_inputs.Hamrle/Hamrle1__rhs0              n/a     
                  gmres_inputs.MKS/fp                     n/a     
               gmres_inputs.MathWorks/Muu                 n/a     
           gmres_inputs.MathWorks/tomography              n/a     
         gmres_inputs.MaxPlanck/shallow_water1            n/a     
         gmres_inputs.MaxPlanck/shallow_water2            n/a     
             gmres_inputs.Morandini/rotor1                n/a     
              gmres_inputs.Mulvey/finan512                n/a     
            gmres_inputs.Nasa/nasa2146__rhs0              n/a     
              gmres_inputs.Nemeth/nemeth02                n/a     
              gmres_inputs.Nemeth/nemeth03                n/a     
              gmres_inputs.Nemeth/nemeth04                n/a     
              gmres_inputs.Nemeth/nemeth05                n/a     
              gmres_inputs.Nemeth/nemeth06                n/a     
              gmres_inputs.Nemeth/nemeth07                n/a     
              gmres_inputs.Nemeth/nemeth08                n/a     
              gmres_inputs.Nemeth/nemeth09                n/a     
              gmres_inputs.Nemeth/nemeth10                n/a     
              gmres_inputs.Nemeth/nemeth11                n/a     
              gmres_inputs.Nemeth/nemeth12                n/a     
              gmres_inputs.Nemeth/nemeth13                n/a     
              gmres_inputs.Nemeth/nemeth16                n/a     
              gmres_inputs.Nemeth/nemeth17                n/a     
              gmres_inputs.Nemeth/nemeth18                n/a     
              gmres_inputs.Nemeth/nemeth19                n/a     
              gmres_inputs.Nemeth/nemeth20                n/a     
              gmres_inputs.Nemeth/nemeth21                n/a     
              gmres_inputs.Nemeth/nemeth22                n/a     
              gmres_inputs.Nemeth/nemeth23                n/a     
              gmres_inputs.Nemeth/nemeth24                n/a     
              gmres_inputs.Nemeth/nemeth25                n/a     
              gmres_inputs.Nemeth/nemeth26             274±0.6ms  
                gmres_inputs.Norris/fv1                   n/a     
                gmres_inputs.Norris/fv2                   n/a     
               gmres_inputs.Norris/torso2                 n/a     
             gmres_inputs.Oberwolfach/LF10                n/a     
             gmres_inputs.Oberwolfach/LFAT5               n/a     
                gmres_inputs.PARSEC/Si2                   n/a     
              gmres_inputs.Pothen/mesh1e1                 n/a     
              gmres_inputs.Pothen/mesh1em1                n/a     
              gmres_inputs.Pothen/mesh1em6                n/a     
              gmres_inputs.Pothen/mesh2e1                 n/a     
              gmres_inputs.Pothen/mesh2em5                n/a     
              gmres_inputs.Pothen/mesh3e1                 n/a     
              gmres_inputs.Pothen/mesh3em5                n/a     
              gmres_inputs.Pothen/sphere2                 n/a     
             gmres_inputs.Precima/analytics               n/a     
               gmres_inputs.Rajat/rajat13                 n/a     
            gmres_inputs.Rommes/bips98_1450               n/a     
             gmres_inputs.Rommes/bips98_606               n/a     
           gmres_inputs.Rommes/ww_36_pmec_36              n/a     
             gmres_inputs.Sandia/ASIC_100k                n/a     
             gmres_inputs.Sandia/ASIC_100ks               n/a     
             gmres_inputs.Sandia/ASIC_320ks               n/a     
             gmres_inputs.Sandia/ASIC_680k                n/a     
             gmres_inputs.Sandia/ASIC_680ks               n/a     
           gmres_inputs.Sandia/adder_dcop_31              n/a     
           gmres_inputs.Sandia/adder_dcop_32              n/a     
           gmres_inputs.Sandia/adder_dcop_33              n/a     
           gmres_inputs.Sandia/adder_dcop_34              n/a     
           gmres_inputs.Sandia/adder_dcop_35              n/a     
           gmres_inputs.Sandia/adder_dcop_36              n/a     
           gmres_inputs.Sandia/adder_dcop_37              n/a     
           gmres_inputs.Sandia/adder_dcop_38              n/a     
           gmres_inputs.Sandia/adder_dcop_40              n/a     
           gmres_inputs.Sandia/adder_dcop_41              n/a     
           gmres_inputs.Sandia/adder_dcop_42              n/a     
           gmres_inputs.Sandia/adder_dcop_43              n/a     
           gmres_inputs.Sandia/adder_dcop_44              n/a     
           gmres_inputs.Sandia/adder_dcop_45              n/a     
           gmres_inputs.Sandia/adder_dcop_46              n/a     
           gmres_inputs.Sandia/adder_dcop_47              n/a     
           gmres_inputs.Sandia/adder_dcop_48              n/a     
           gmres_inputs.Sandia/adder_dcop_49              n/a     
           gmres_inputs.Sandia/adder_dcop_50              n/a     
           gmres_inputs.Sandia/adder_dcop_51              n/a     
           gmres_inputs.Sandia/adder_dcop_52              n/a     
           gmres_inputs.Sandia/adder_dcop_53              n/a     
           gmres_inputs.Sandia/adder_dcop_54              n/a     
           gmres_inputs.Sandia/adder_dcop_55              n/a     
           gmres_inputs.Sandia/adder_dcop_57              n/a     
           gmres_inputs.Sandia/adder_dcop_58              n/a     
           gmres_inputs.Sandia/adder_dcop_59              n/a     
           gmres_inputs.Sandia/adder_dcop_60              n/a     
           gmres_inputs.Sandia/adder_dcop_61              n/a     
           gmres_inputs.Sandia/adder_dcop_62              n/a     
           gmres_inputs.Sandia/adder_dcop_63              n/a     
           gmres_inputs.Sandia/adder_dcop_64              n/a     
           gmres_inputs.Sandia/adder_dcop_65              n/a     
           gmres_inputs.Sandia/adder_dcop_66              n/a     
           gmres_inputs.Sandia/adder_dcop_67              n/a     
           gmres_inputs.Sandia/adder_dcop_68              n/a     
           gmres_inputs.Sandia/adder_dcop_69              n/a     
           gmres_inputs.Sandia/adder_trans_01             n/a     
           gmres_inputs.Sandia/adder_trans_02             n/a     
         gmres_inputs.Sandia/mult_dcop_02__rhs0         6.84±0s   
        gmres_inputs.Schenk_AFE/af_shell3__rhs0           n/a     
        gmres_inputs.Schenk_AFE/af_shell4__rhs0           n/a     
        gmres_inputs.Schenk_AFE/af_shell7__rhs0           n/a     
        gmres_inputs.Schenk_AFE/af_shell8__rhs0           n/a     
           gmres_inputs.Simon/raefsky5__rhs0              n/a     
          gmres_inputs.TOKAMAK/utm1700b__rhs0             n/a     
           gmres_inputs.TOKAMAK/utm3060__rhs0             n/a     
          gmres_inputs.VDOL/hangGlider_1__rhs0            n/a     
    gmres_inputs.VDOL/tumorAntiAngiogenesis_1__rhs0       n/a     
    gmres_inputs.VDOL/tumorAntiAngiogenesis_2__rhs0       n/a     
                 gmres_inputs.VLSI/ss1                    n/a     
                gmres_inputs.Wang/swang1                  n/a     
                gmres_inputs.Wang/swang2                  n/a     
                gmres_inputs.Zhao/Zhao1                   n/a     
   ================================================= =============
INFO:root:...nford.BellmanFordBenchmark.time_bellman_ford

·· ...nford.BellmanFordBenchmark.time_bellman_ford