---------------------------------------
Begin Slurm Prolog: Sep-10-2026 16:22:49
Job ID:    13072383
User ID:   wahrens6
Account:   gts-wahrens6
Job name:  saps-competition
Partition: cpu-small
QOS:       inferno
---------------------------------------
INFO:root:Using SAPS config: {'//': 'Competition config using ASV-native include entries. Each include is one competitor environment with its own dependencies.', 'environment_type': 'virtualenv', 'install_command': ['in-dir={env_dir} python -mpip install {build_dir} --force-reinstall'], 'timeout': 60, 'resume': True, 'metrics': ['time'], 'tag': ['standard'], 'saps_dir': 'competition/run_local/task_0', 'env_dir': 'competition/run_local/task_0/env', 'results_dir': 'competition/run_local/task_0/results', 'matrix': {'env_nobuild': {'SAPS_LOG_PATH': ['/storage/scratch1/7/wahrens6/SparseArrayProgrammingSuite/competition/run_13072363/task_6/results/chunk-6/diagnostics.log'], 'REMOTE_STORAGE_BACKEND': ['s3'], 'REMOTE_STORAGE_BUCKET': ['sparse-array-programming-suite'], 'SAPS_CACHE_DIR': ['/storage/scratch1/7/wahrens6/SparseArrayProgrammingSuite/.saps/outputs/cache'], 'SAPS_MANIFEST_PATH': ['/storage/scratch1/7/wahrens6/SparseArrayProgrammingSuite/manifest.json']}}, 'exclude': [{'env_nobuild': {'SAPS_FRAMEWORK': None}}], 'include': [{'python': '3.12', 'req': {'array-api-compat': '1.15.0', 'lark': '1.3.1', 'networkx': '3.6', 'numpy': '2.3', 'scipy': '1.17.1', 'sparse': '0.17.0', 'ssgetpy': '1.0rc2'}, 'env_nobuild': {'SAPS_FRAMEWORK': 'frameworks/saps_numpy.py', 'SAPS_REPO_ROOT': '.', 'SAPS_LOG_PATH': '/storage/scratch1/7/wahrens6/SparseArrayProgrammingSuite/competition/run_13072363/task_6/results/chunk-6/diagnostics.log', 'REMOTE_STORAGE_BACKEND': 's3', 'REMOTE_STORAGE_BUCKET': 'sparse-array-programming-suite', 'SAPS_CACHE_DIR': '/storage/scratch1/7/wahrens6/SparseArrayProgrammingSuite/.saps/outputs/cache', 'SAPS_MANIFEST_PATH': '/storage/scratch1/7/wahrens6/SparseArrayProgrammingSuite/manifest.json'}}, {'python': '3.12', 'req': {'array-api-compat': '1.15.0', 'lark': '1.3.1', 'networkx': '3.6', 'numpy': '2.3', 'scipy': '1.17.1', 'sparse': '0.17.0', 'ssgetpy': '1.0rc2'}, 'env_nobuild': {'SAPS_FRAMEWORK': 'frameworks/saps_scipy.py', 'SAPS_REPO_ROOT': '.', 'SAPS_LOG_PATH': '/storage/scratch1/7/wahrens6/SparseArrayProgrammingSuite/competition/run_13072363/task_6/results/chunk-6/diagnostics.log', 'REMOTE_STORAGE_BACKEND': 's3', 'REMOTE_STORAGE_BUCKET': 'sparse-array-programming-suite', 'SAPS_CACHE_DIR': '/storage/scratch1/7/wahrens6/SparseArrayProgrammingSuite/.saps/outputs/cache', 'SAPS_MANIFEST_PATH': '/storage/scratch1/7/wahrens6/SparseArrayProgrammingSuite/manifest.json'}}, {'python': '3.12', 'req': {'array-api-compat': '1.15.0', 'lark': '1.3.1', 'networkx': '3.6', 'numpy': '2.3', 'scipy': '1.17.1', 'sparse': '0.17.0', 'ssgetpy': '1.0rc2'}, 'env_nobuild': {'SAPS_FRAMEWORK': 'frameworks/saps_sparse.py', 'SAPS_REPO_ROOT': '.', 'SAPS_LOG_PATH': '/storage/scratch1/7/wahrens6/SparseArrayProgrammingSuite/competition/run_13072363/task_6/results/chunk-6/diagnostics.log', 'REMOTE_STORAGE_BACKEND': 's3', 'REMOTE_STORAGE_BUCKET': 'sparse-array-programming-suite', 'SAPS_CACHE_DIR': '/storage/scratch1/7/wahrens6/SparseArrayProgrammingSuite/.saps/outputs/cache', 'SAPS_MANIFEST_PATH': '/storage/scratch1/7/wahrens6/SparseArrayProgrammingSuite/manifest.json'}}, {'python': '3.12', 'req': {'array-api-compat': '1.15.0', 'lark': '1.3.1', 'networkx': '3.6', 'numpy': '2.3', 'scipy': '1.17.1', 'sparse': '0.17.0', 'ssgetpy': '1.0rc2', 'torch': '2.12.1'}, 'env_nobuild': {'SAPS_FRAMEWORK': 'frameworks/saps_pytorch.py', 'SAPS_REPO_ROOT': '.', 'SAPS_LOG_PATH': '/storage/scratch1/7/wahrens6/SparseArrayProgrammingSuite/competition/run_13072363/task_6/results/chunk-6/diagnostics.log', 'REMOTE_STORAGE_BACKEND': 's3', 'REMOTE_STORAGE_BUCKET': 'sparse-array-programming-suite', 'SAPS_CACHE_DIR': '/storage/scratch1/7/wahrens6/SparseArrayProgrammingSuite/.saps/outputs/cache', 'SAPS_MANIFEST_PATH': '/storage/scratch1/7/wahrens6/SparseArrayProgrammingSuite/manifest.json'}}]}
· Using SAPS config: {'//': 'Competition config using ASV-native include entries. Each include is one competitor environment with its own dependencies.', 'environment_type': 'virtualenv', 'install_command': ['in-dir={env_dir} python -mpip install {build_dir} --force-reinstall'], 'timeout': 60, 'resume': True, 'metrics': ['time'], 'tag': ['standard'], 'saps_dir': 'competition/run_local/task_0', 'env_dir': 'competition/run_local/task_0/env', 'results_dir': 'competition/run_local/task_0/results', 'matrix': {'env_nobuild': {'SAPS_LOG_PATH': ['/storage/scratch1/7/wahrens6/SparseArrayProgrammingSuite/competition/run_13072363/task_6/results/chunk-6/diagnostics.log'], 'REMOTE_STORAGE_BACKEND': ['s3'], 'REMOTE_STORAGE_BUCKET': ['sparse-array-programming-suite'], 'SAPS_CACHE_DIR': ['/storage/scratch1/7/wahrens6/SparseArrayProgrammingSuite/.saps/outputs/cache'], 'SAPS_MANIFEST_PATH': ['/storage/scratch1/7/wahrens6/SparseArrayProgrammingSuite/manifest.json']}}, 'exclude': [{'env_nobuild': {'SAPS_FRAMEWORK': None}}], 'include': [{'python': '3.12', 'req': {'array-api-compat': '1.15.0', 'lark': '1.3.1', 'networkx': '3.6', 'numpy': '2.3', 'scipy': '1.17.1', 'sparse': '0.17.0', 'ssgetpy': '1.0rc2'}, 'env_nobuild': {'SAPS_FRAMEWORK': 'frameworks/saps_numpy.py', 'SAPS_REPO_ROOT': '.', 'SAPS_LOG_PATH': '/storage/scratch1/7/wahrens6/SparseArrayProgrammingSuite/competition/run_13072363/task_6/results/chunk-6/diagnostics.log', 'REMOTE_STORAGE_BACKEND': 's3', 'REMOTE_STORAGE_BUCKET': 'sparse-array-programming-suite', 'SAPS_CACHE_DIR': '/storage/scratch1/7/wahrens6/SparseArrayProgrammingSuite/.saps/outputs/cache', 'SAPS_MANIFEST_PATH': '/storage/scratch1/7/wahrens6/SparseArrayProgrammingSuite/manifest.json'}}, {'python': '3.12', 'req': {'array-api-compat': '1.15.0', 'lark': '1.3.1', 'networkx': '3.6', 'numpy': '2.3', 'scipy': '1.17.1', 'sparse': '0.17.0', 'ssgetpy': '1.0rc2'}, 'env_nobuild': {'SAPS_FRAMEWORK': 'frameworks/saps_scipy.py', 'SAPS_REPO_ROOT': '.', 'SAPS_LOG_PATH': '/storage/scratch1/7/wahrens6/SparseArrayProgrammingSuite/competition/run_13072363/task_6/results/chunk-6/diagnostics.log', 'REMOTE_STORAGE_BACKEND': 's3', 'REMOTE_STORAGE_BUCKET': 'sparse-array-programming-suite', 'SAPS_CACHE_DIR': '/storage/scratch1/7/wahrens6/SparseArrayProgrammingSuite/.saps/outputs/cache', 'SAPS_MANIFEST_PATH': '/storage/scratch1/7/wahrens6/SparseArrayProgrammingSuite/manifest.json'}}, {'python': '3.12', 'req': {'array-api-compat': '1.15.0', 'lark': '1.3.1', 'networkx': '3.6', 'numpy': '2.3', 'scipy': '1.17.1', 'sparse': '0.17.0', 'ssgetpy': '1.0rc2'}, 'env_nobuild': {'SAPS_FRAMEWORK': 'frameworks/saps_sparse.py', 'SAPS_REPO_ROOT': '.', 'SAPS_LOG_PATH': '/storage/scratch1/7/wahrens6/SparseArrayProgrammingSuite/competition/run_13072363/task_6/results/chunk-6/diagnostics.log', 'REMOTE_STORAGE_BACKEND': 's3', 'REMOTE_STORAGE_BUCKET': 'sparse-array-programming-suite', 'SAPS_CACHE_DIR': '/storage/scratch1/7/wahrens6/SparseArrayProgrammingSuite/.saps/outputs/cache', 'SAPS_MANIFEST_PATH': '/storage/scratch1/7/wahrens6/SparseArrayProgrammingSuite/manifest.json'}}, {'python': '3.12', 'req': {'array-api-compat': '1.15.0', 'lark': '1.3.1', 'networkx': '3.6', 'numpy': '2.3', 'scipy': '1.17.1', 'sparse': '0.17.0', 'ssgetpy': '1.0rc2', 'torch': '2.12.1'}, 'env_nobuild': {'SAPS_FRAMEWORK': 'frameworks/saps_pytorch.py', 'SAPS_REPO_ROOT': '.', 'SAPS_LOG_PATH': '/storage/scratch1/7/wahrens6/SparseArrayProgrammingSuite/competition/run_13072363/task_6/results/chunk-6/diagnostics.log', 'REMOTE_STORAGE_BACKEND': 's3', 'REMOTE_STORAGE_BUCKET': 'sparse-array-programming-suite', 'SAPS_CACHE_DIR': '/storage/scratch1/7/wahrens6/SparseArrayProgrammingSuite/.saps/outputs/cache', 'SAPS_MANIFEST_PATH': '/storage/scratch1/7/wahrens6/SparseArrayProgrammingSuite/manifest.json'}}]}INFO:root:Using SAPS outputs directory: /storage/scratch1/7/wahrens6/SparseArrayProgrammingSuite/competition/run_13072363/task_6/outputs/chunk-6

· Using SAPS outputs directory: /storage/scratch1/7/wahrens6/SparseArrayProgrammingSuite/competition/run_13072363/task_6/outputs/chunk-6INFO:root:Using SAPS dataset cache: /storage/scratch1/7/wahrens6/SparseArrayProgrammingSuite/.saps/outputs/cache

· Using SAPS dataset cache: /storage/scratch1/7/wahrens6/SparseArrayProgrammingSuite/.saps/outputs/cacheINFO:root:Using SAPS machine files directory: /storage/scratch1/7/wahrens6/SparseArrayProgrammingSuite/competition/run_13072363/task_6/machine_files/chunk-6

· Using SAPS machine files directory: /storage/scratch1/7/wahrens6/SparseArrayProgrammingSuite/competition/run_13072363/task_6/machine_files/chunk-6INFO:root:Discovering benchmarks

· Discovering benchmarksINFO:root:Creating environments
Discovered 12 benchmark entries
Using timeout: 60 seconds

· Creating environmentsINFO:root:Uninstalling from virtualenv-py3.12-array-api-compat1.15.0-lark1.3.1-networkx3.6-numpy2.3-scipy1.17.1-sparse0.17.0-ssgetpy1.0rc2-REMOTE_STORAGE_BACKENDs3-REMOTE_STORAGE_BUCKETsparse-array-programming-suite-SAPS_CACHE_DIR_storage_scratch1_7_wahrens6_SparseArrayProgrammingSuite_.saps_outputs_cache-SAPS_FRAMEWORK_storage_scratch1_7_wahrens6_SparseArrayProgrammingSuite_frameworks_saps_numpy.py-SAPS_LOG_PATH_storage_scratch1_7_wahrens6_SparseArrayProgrammingSuite_competition_run_13072363_task_6_results_chunk-6_diagnostics.log-SAPS_MANIFEST_PATH_storage_scratch1_7_wahrens6_SparseArrayProgrammingSuite_manifest.json-SAPS_REPO_ROOT_storage_scratch1_7_wahrens6_SparseArrayProgrammingSuite

· Uninstalling from virtualenv-py3.12-array-api-compat1.15.0-lark1.3.1-networkx3.6-numpy2.3-scipy1.17.1-sparse0.17.0-ssgetpy1.0rc2-REMOTE_STORAGE_BACKENDs3-REMOTE_STORAGE_BUCKETsparse-array-programming-suite-SAPS_CACHE_DIR_storage_scratch1_7_wahrens6_SparseArrayProgrammingSuite_.saps_outputs_cache-SAPS_FRAMEWORK_storage_scratch1_7_wahrens6_SparseArrayProgrammingSuite_frameworks_saps_numpy.py-SAPS_LOG_PATH_storage_scratch1_7_wahrens6_SparseArrayProgrammingSuite_competition_run_13072363_task_6_results_chunk-6_diagnostics.log-SAPS_MANIFEST_PATH_storage_scratch1_7_wahrens6_SparseArrayProgrammingSuite_manifest.json-SAPS_REPO_ROOT_storage_scratch1_7_wahrens6_SparseArrayProgrammingSuiteINFO:root:Building e00ec0f4 <wma/fix-runner> for virtualenv-py3.12-array-api-compat1.15.0-lark1.3.1-networkx3.6-numpy2.3-scipy1.17.1-sparse0.17.0-ssgetpy1.0rc2-REMOTE_STORAGE_BACKENDs3-REMOTE_STORAGE_BUCKETsparse-array-programming-suite-SAPS_CACHE_DIR_storage_scratch1_7_wahrens6_SparseArrayProgrammingSuite_.saps_outputs_cache-SAPS_FRAMEWORK_storage_scratch1_7_wahrens6_SparseArrayProgrammingSuite_frameworks_saps_numpy.py-SAPS_LOG_PATH_storage_scratch1_7_wahrens6_SparseArrayProgrammingSuite_competition_run_13072363_task_6_results_chunk-6_diagnostics.log-SAPS_MANIFEST_PATH_storage_scratch1_7_wahrens6_SparseArrayProgrammingSuite_manifest.json-SAPS_REPO_ROOT_storage_scratch1_7_wahrens6_SparseArrayProgrammingSuite

· Building e00ec0f4 <wma/fix-runner> for virtualenv-py3.12-array-api-compat1.15.0-lark1.3.1-networkx3.6-numpy2.3-scipy1.17.1-sparse0.17.0-ssgetpy1.0rc2-REMOTE_STORAGE_BACKENDs3-REMOTE_STORAGE_BUCKETsparse-array-programming-suite-SAPS_CACHE_DIR_storage_scratch1_7_wahrens6_SparseArrayProgrammingSuite_.saps_outputs_cache-SAPS_FRAMEWORK_storage_scratch1_7_wahrens6_SparseArrayProgrammingSuite_frameworks_saps_numpy.py-SAPS_LOG_PATH_storage_scratch1_7_wahrens6_SparseArrayProgrammingSuite_competition_run_13072363_task_6_results_chunk-6_diagnostics.log-SAPS_MANIFEST_PATH_storage_scratch1_7_wahrens6_SparseArrayProgrammingSuite_manifest.json-SAPS_REPO_ROOT_storage_scratch1_7_wahrens6_SparseArrayProgrammingSuiteINFO:root:Installing e00ec0f4 <wma/fix-runner> into virtualenv-py3.12-array-api-compat1.15.0-lark1.3.1-networkx3.6-numpy2.3-scipy1.17.1-sparse0.17.0-ssgetpy1.0rc2-REMOTE_STORAGE_BACKENDs3-REMOTE_STORAGE_BUCKETsparse-array-programming-suite-SAPS_CACHE_DIR_storage_scratch1_7_wahrens6_SparseArrayProgrammingSuite_.saps_outputs_cache-SAPS_FRAMEWORK_storage_scratch1_7_wahrens6_SparseArrayProgrammingSuite_frameworks_saps_numpy.py-SAPS_LOG_PATH_storage_scratch1_7_wahrens6_SparseArrayProgrammingSuite_competition_run_13072363_task_6_results_chunk-6_diagnostics.log-SAPS_MANIFEST_PATH_storage_scratch1_7_wahrens6_SparseArrayProgrammingSuite_manifest.json-SAPS_REPO_ROOT_storage_scratch1_7_wahrens6_SparseArrayProgrammingSuite

· Installing e00ec0f4 <wma/fix-runner> into virtualenv-py3.12-array-api-compat1.15.0-lark1.3.1-networkx3.6-numpy2.3-scipy1.17.1-sparse0.17.0-ssgetpy1.0rc2-REMOTE_STORAGE_BACKENDs3-REMOTE_STORAGE_BUCKETsparse-array-programming-suite-SAPS_CACHE_DIR_storage_scratch1_7_wahrens6_SparseArrayProgrammingSuite_.saps_outputs_cache-SAPS_FRAMEWORK_storage_scratch1_7_wahrens6_SparseArrayProgrammingSuite_frameworks_saps_numpy.py-SAPS_LOG_PATH_storage_scratch1_7_wahrens6_SparseArrayProgrammingSuite_competition_run_13072363_task_6_results_chunk-6_diagnostics.log-SAPS_MANIFEST_PATH_storage_scratch1_7_wahrens6_SparseArrayProgrammingSuite_manifest.json-SAPS_REPO_ROOT_storage_scratch1_7_wahrens6_SparseArrayProgrammingSuiteINFO:root:Benchmarking virtualenv-py3.12-array-api-compat1.15.0-lark1.3.1-networkx3.6-numpy2.3-scipy1.17.1-sparse0.17.0-ssgetpy1.0rc2-REMOTE_STORAGE_BACKENDs3-REMOTE_STORAGE_BUCKETsparse-array-programming-suite-SAPS_CACHE_DIR_storage_scratch1_7_wahrens6_SparseArrayProgrammingSuite_.saps_outputs_cache-SAPS_FRAMEWORK_storage_scratch1_7_wahrens6_SparseArrayProgrammingSuite_frameworks_saps_numpy.py-SAPS_LOG_PATH_storage_scratch1_7_wahrens6_SparseArrayProgrammingSuite_competition_run_13072363_task_6_results_chunk-6_diagnostics.log-SAPS_MANIFEST_PATH_storage_scratch1_7_wahrens6_SparseArrayProgrammingSuite_manifest.json-SAPS_REPO_ROOT_storage_scratch1_7_wahrens6_SparseArrayProgrammingSuite

· Benchmarking virtualenv-py3.12-array-api-compat1.15.0-lark1.3.1-networkx3.6-numpy2.3-scipy1.17.1-sparse0.17.0-ssgetpy1.0rc2-REMOTE_STORAGE_BACKENDs3-REMOTE_STORAGE_BUCKETsparse-array-programming-suite-SAPS_CACHE_DIR_storage_scratch1_7_wahrens6_SparseArrayProgrammingSuite_.saps_outputs_cache-SAPS_FRAMEWORK_storage_scratch1_7_wahrens6_SparseArrayProgrammingSuite_frameworks_saps_numpy.py-SAPS_LOG_PATH_storage_scratch1_7_wahrens6_SparseArrayProgrammingSuite_competition_run_13072363_task_6_results_chunk-6_diagnostics.log-SAPS_MANIFEST_PATH_storage_scratch1_7_wahrens6_SparseArrayProgrammingSuite_manifest.json-SAPS_REPO_ROOT_storage_scratch1_7_wahrens6_SparseArrayProgrammingSuiteINFO:root:Running (BFS.BreadthFirstSearchBenchmark.time_bfs--)

·· Running (BFS.BreadthFirstSearchBenchmark.time_bfs--).INFO:root:Running (GMRES.GMRESBenchmark.time_gmres--)

·· Running (GMRES.GMRESBenchmark.time_gmres--).INFO:root:Running (bellmanford.BellmanFordBenchmark.time_bellman_ford--)

·· Running (bellmanford.BellmanFordBenchmark.time_bellman_ford--).INFO:root:Running (cg.CGBenchmark.time_cg_solver--)

·· Running (cg.CGBenchmark.time_cg_solver--)......INFO:root:Running (preconditioned_cg.JacobiPreconditionedCGBenchmark.time_jacobi_preconditioned_cg--)

·· Running (preconditioned_cg.JacobiPreconditionedCGBenchmark.time_jacobi_preconditioned_cg--)...INFO:root:BFS.BreadthFirstSearchBenchmark.time_bfs

·· BFS.BreadthFirstSearchBenchmark.time_bfs              5/330 failedINFO:root:========================================= ========
                 dataset                          
----------------------------------------- --------
      bfs_inputs.snap-email-Eu-core         n/a   
    bfs_inputs.snap-facebook_combined       n/a   
         bfs_inputs.snap-ca-GrQc            n/a   
      bfs_inputs.snap-p2p-Gnutella04        n/a   
      bfs_test_inputs.test_bfs_basic        n/a   
   bfs_test_inputs.test_bfs_single_node     n/a   
  bfs_test_inputs.test_bfs_disconnected     n/a   
   bfs_test_inputs.test_bfs_undirected      n/a   
      bfs_test_inputs.test_bfs_cycle        n/a   
    bfs_test_inputs.test_bfs_snap_toy       n/a   
   bfs_gap_inputs.GAP/GAP-road_4795720      n/a   
   bfs_gap_inputs.GAP/GAP-road_21003853     n/a   
    bfs_gap_inputs.GAP/GAP-road_417968      n/a   
   bfs_gap_inputs.GAP/GAP-road_6496511      n/a   
   bfs_gap_inputs.GAP/GAP-road_6648699      n/a   
   bfs_gap_inputs.GAP/GAP-road_9811073      n/a   
   bfs_gap_inputs.GAP/GAP-road_22247478     n/a   
   bfs_gap_inputs.GAP/GAP-road_5720252      n/a   
   bfs_gap_inputs.GAP/GAP-road_12366459     n/a   
   bfs_gap_inputs.GAP/GAP-road_20413729     n/a   
   bfs_gap_inputs.GAP/GAP-road_4217374      n/a   
   bfs_gap_inputs.GAP/GAP-road_2674749      n/a   
   bfs_gap_inputs.GAP/GAP-road_22085557     n/a   
   bfs_gap_inputs.GAP/GAP-road_19445040     n/a   
   bfs_gap_inputs.GAP/GAP-road_2360788      n/a   
   bfs_gap_inputs.GAP/GAP-road_19115968     n/a   
   bfs_gap_inputs.GAP/GAP-road_7758767      n/a   
   bfs_gap_inputs.GAP/GAP-road_13468234     n/a   
    bfs_gap_inputs.GAP/GAP-road_30367       n/a   
   bfs_gap_inputs.GAP/GAP-road_18599547     n/a   
   bfs_gap_inputs.GAP/GAP-road_7526108      n/a   
   bfs_gap_inputs.GAP/GAP-road_16836280     n/a   
   bfs_gap_inputs.GAP/GAP-road_12742067     n/a   
   bfs_gap_inputs.GAP/GAP-road_7697995      n/a   
   bfs_gap_inputs.GAP/GAP-road_5876443      n/a   
   bfs_gap_inputs.GAP/GAP-road_9616340      n/a   
   bfs_gap_inputs.GAP/GAP-road_2497673      n/a   
   bfs_gap_inputs.GAP/GAP-road_10052290     n/a   
   bfs_gap_inputs.GAP/GAP-road_12493057     n/a   
   bfs_gap_inputs.GAP/GAP-road_1670855      n/a   
   bfs_gap_inputs.GAP/GAP-road_2760679      n/a   
   bfs_gap_inputs.GAP/GAP-road_2460941      n/a   
   bfs_gap_inputs.GAP/GAP-road_8489650      n/a   
   bfs_gap_inputs.GAP/GAP-road_5005225      n/a   
   bfs_gap_inputs.GAP/GAP-road_8744645      n/a   
   bfs_gap_inputs.GAP/GAP-road_8512023      n/a   
   bfs_gap_inputs.GAP/GAP-road_21912165     n/a   
   bfs_gap_inputs.GAP/GAP-road_1105390      n/a   
   bfs_gap_inputs.GAP/GAP-road_15432163     n/a   
   bfs_gap_inputs.GAP/GAP-road_1600177      n/a   
   bfs_gap_inputs.GAP/GAP-road_19079469     n/a   
   bfs_gap_inputs.GAP/GAP-road_16516637     n/a   
   bfs_gap_inputs.GAP/GAP-road_20202566     n/a   
   bfs_gap_inputs.GAP/GAP-road_21372803     n/a   
   bfs_gap_inputs.GAP/GAP-road_2898009      n/a   
   bfs_gap_inputs.GAP/GAP-road_8491277     failed 
   bfs_gap_inputs.GAP/GAP-road_18798317     n/a   
   bfs_gap_inputs.GAP/GAP-road_23757560     n/a   
   bfs_gap_inputs.GAP/GAP-road_17161819     n/a   
   bfs_gap_inputs.GAP/GAP-road_23180739     n/a   
   bfs_gap_inputs.GAP/GAP-road_10997085     n/a   
   bfs_gap_inputs.GAP/GAP-road_3730630      n/a   
   bfs_gap_inputs.GAP/GAP-road_1079068      n/a   
   bfs_gap_inputs.GAP/GAP-road_15426822     n/a   
   bfs_gap_inputs.GAP/GAP-road_12190925     n/a   
   bfs_gap_inputs.GAP/GAP-road_1155218      n/a   
   bfs_gap_inputs.GAP/GAP-road_10693488     n/a   
   bfs_gap_inputs.GAP/GAP-road_14434835     n/a   
   bfs_gap_inputs.GAP/GAP-road_19963339     n/a   
   bfs_gap_inputs.GAP/GAP-road_3486185      n/a   
   bfs_gap_inputs.GAP/GAP-road_18383269     n/a   
   bfs_gap_inputs.GAP/GAP-road_20269908     n/a   
   bfs_gap_inputs.GAP/GAP-road_12370764     n/a   
   bfs_gap_inputs.GAP/GAP-road_7843140      n/a   
 bfs_gap_inputs.GAP/GAP-twitter_12441072    n/a   
 bfs_gap_inputs.GAP/GAP-twitter_54488257    n/a   
 bfs_gap_inputs.GAP/GAP-twitter_25451915    n/a   
 bfs_gap_inputs.GAP/GAP-twitter_57714473    n/a   
 bfs_gap_inputs.GAP/GAP-twitter_14839494    n/a   
 bfs_gap_inputs.GAP/GAP-twitter_32081104    n/a   
 bfs_gap_inputs.GAP/GAP-twitter_52957357    n/a   
 bfs_gap_inputs.GAP/GAP-twitter_50444380    n/a   
 bfs_gap_inputs.GAP/GAP-twitter_49590701    n/a   
 bfs_gap_inputs.GAP/GAP-twitter_20127816    n/a   
 bfs_gap_inputs.GAP/GAP-twitter_34939333    n/a   
 bfs_gap_inputs.GAP/GAP-twitter_48251001    n/a   
 bfs_gap_inputs.GAP/GAP-twitter_19524253    n/a   
 bfs_gap_inputs.GAP/GAP-twitter_43676726    n/a   
 bfs_gap_inputs.GAP/GAP-twitter_33055508    n/a   
 bfs_gap_inputs.GAP/GAP-twitter_15244687    n/a   
 bfs_gap_inputs.GAP/GAP-twitter_24946738    n/a   
  bfs_gap_inputs.GAP/GAP-twitter_6479472    n/a   
 bfs_gap_inputs.GAP/GAP-twitter_26077682    n/a   
 bfs_gap_inputs.GAP/GAP-twitter_22023875    n/a   
 bfs_gap_inputs.GAP/GAP-twitter_22081915    n/a   
 bfs_gap_inputs.GAP/GAP-twitter_40034162    n/a   
 bfs_gap_inputs.GAP/GAP-twitter_49496014    n/a   
 bfs_gap_inputs.GAP/GAP-twitter_42847507    n/a   
 bfs_gap_inputs.GAP/GAP-twitter_52409557    n/a   
 bfs_gap_inputs.GAP/GAP-twitter_55445388    n/a   
 bfs_gap_inputs.GAP/GAP-twitter_22028097    n/a   
 bfs_gap_inputs.GAP/GAP-twitter_48766648    n/a   
 bfs_gap_inputs.GAP/GAP-twitter_44521241    n/a   
 bfs_gap_inputs.GAP/GAP-twitter_60135542    n/a   
 bfs_gap_inputs.GAP/GAP-twitter_28528671    n/a   
  bfs_gap_inputs.GAP/GAP-twitter_9678012    n/a   
 bfs_gap_inputs.GAP/GAP-twitter_40020306    n/a   
 bfs_gap_inputs.GAP/GAP-twitter_31625735    n/a   
 bfs_gap_inputs.GAP/GAP-twitter_37446892    n/a   
 bfs_gap_inputs.GAP/GAP-twitter_51788952    n/a   
 bfs_gap_inputs.GAP/GAP-twitter_52584255    n/a   
 bfs_gap_inputs.GAP/GAP-twitter_20346696    n/a   
 bfs_gap_inputs.GAP/GAP-twitter_48387909    n/a   
 bfs_gap_inputs.GAP/GAP-twitter_37337427    n/a   
 bfs_gap_inputs.GAP/GAP-twitter_50501084    n/a   
 bfs_gap_inputs.GAP/GAP-twitter_30130061    n/a   
 bfs_gap_inputs.GAP/GAP-twitter_41185893    n/a   
 bfs_gap_inputs.GAP/GAP-twitter_56495703    n/a   
 bfs_gap_inputs.GAP/GAP-twitter_45663305    n/a   
 bfs_gap_inputs.GAP/GAP-twitter_33359460   failed 
 bfs_gap_inputs.GAP/GAP-twitter_48143058    n/a   
 bfs_gap_inputs.GAP/GAP-twitter_33291513    n/a   
 bfs_gap_inputs.GAP/GAP-twitter_53461445    n/a   
 bfs_gap_inputs.GAP/GAP-twitter_29340610    n/a   
 bfs_gap_inputs.GAP/GAP-twitter_34148498    n/a   
 bfs_gap_inputs.GAP/GAP-twitter_49171806    n/a   
 bfs_gap_inputs.GAP/GAP-twitter_35550696    n/a   
 bfs_gap_inputs.GAP/GAP-twitter_14521507    n/a   
 bfs_gap_inputs.GAP/GAP-twitter_51633218    n/a   
 bfs_gap_inputs.GAP/GAP-twitter_46823382    n/a   
 bfs_gap_inputs.GAP/GAP-twitter_19396273    n/a   
 bfs_gap_inputs.GAP/GAP-twitter_19871750    n/a   
 bfs_gap_inputs.GAP/GAP-twitter_36862677    n/a   
 bfs_gap_inputs.GAP/GAP-twitter_49539126    n/a   
 bfs_gap_inputs.GAP/GAP-twitter_34016452    n/a   
 bfs_gap_inputs.GAP/GAP-twitter_36567395    n/a   
 bfs_gap_inputs.GAP/GAP-twitter_55487793    n/a   
 bfs_gap_inputs.GAP/GAP-twitter_14391370    n/a   
   bfs_gap_inputs.GAP/GAP-web_10219452      n/a   
   bfs_gap_inputs.GAP/GAP-web_44758211      n/a   
    bfs_gap_inputs.GAP/GAP-web_890671       n/a   
   bfs_gap_inputs.GAP/GAP-web_13843756      n/a   
   bfs_gap_inputs.GAP/GAP-web_14168062      n/a   
   bfs_gap_inputs.GAP/GAP-web_20906930      n/a   
   bfs_gap_inputs.GAP/GAP-web_12189584      n/a   
   bfs_gap_inputs.GAP/GAP-web_26352335      n/a   
   bfs_gap_inputs.GAP/GAP-web_43500686      n/a   
    bfs_gap_inputs.GAP/GAP-web_8987024      n/a   
    bfs_gap_inputs.GAP/GAP-web_5699762      n/a   
   bfs_gap_inputs.GAP/GAP-web_41436455      n/a   
    bfs_gap_inputs.GAP/GAP-web_5030727      n/a   
   bfs_gap_inputs.GAP/GAP-web_40735218      n/a   
   bfs_gap_inputs.GAP/GAP-web_16533563      n/a   
   bfs_gap_inputs.GAP/GAP-web_28700166      n/a   
     bfs_gap_inputs.GAP/GAP-web_64711       n/a   
   bfs_gap_inputs.GAP/GAP-web_39634750      n/a   
   bfs_gap_inputs.GAP/GAP-web_16037779      n/a   
   bfs_gap_inputs.GAP/GAP-web_27152739      n/a   
   bfs_gap_inputs.GAP/GAP-web_16404061      n/a   
   bfs_gap_inputs.GAP/GAP-web_20491963      n/a   
    bfs_gap_inputs.GAP/GAP-web_5322423      n/a   
   bfs_gap_inputs.GAP/GAP-web_21420953      n/a   
   bfs_gap_inputs.GAP/GAP-web_26622109      n/a   
    bfs_gap_inputs.GAP/GAP-web_5882875      n/a   
   bfs_gap_inputs.GAP/GAP-web_18091040      n/a   
   bfs_gap_inputs.GAP/GAP-web_10665896      n/a   
   bfs_gap_inputs.GAP/GAP-web_18634422      n/a   
   bfs_gap_inputs.GAP/GAP-web_18138715      n/a   
    bfs_gap_inputs.GAP/GAP-web_2355535      n/a   
   bfs_gap_inputs.GAP/GAP-web_32885205      n/a   
   bfs_gap_inputs.GAP/GAP-web_40657440      n/a   
   bfs_gap_inputs.GAP/GAP-web_35196167      n/a   
   bfs_gap_inputs.GAP/GAP-web_45544426      n/a   
    bfs_gap_inputs.GAP/GAP-web_6175519      n/a   
   bfs_gap_inputs.GAP/GAP-web_40058318      n/a   
   bfs_gap_inputs.GAP/GAP-web_50626230      n/a   
   bfs_gap_inputs.GAP/GAP-web_36571019      n/a   
   bfs_gap_inputs.GAP/GAP-web_49397052      n/a   
   bfs_gap_inputs.GAP/GAP-web_23434265      n/a   
    bfs_gap_inputs.GAP/GAP-web_2299444      n/a   
   bfs_gap_inputs.GAP/GAP-web_32873823      n/a   
   bfs_gap_inputs.GAP/GAP-web_25978282      n/a   
    bfs_gap_inputs.GAP/GAP-web_2461715      n/a   
   bfs_gap_inputs.GAP/GAP-web_22787314     failed 
   bfs_gap_inputs.GAP/GAP-web_30759947      n/a   
    bfs_gap_inputs.GAP/GAP-web_7428894      n/a   
   bfs_gap_inputs.GAP/GAP-web_39173870      n/a   
   bfs_gap_inputs.GAP/GAP-web_43194209      n/a   
   bfs_gap_inputs.GAP/GAP-web_26361509      n/a   
   bfs_gap_inputs.GAP/GAP-web_39747211      n/a   
   bfs_gap_inputs.GAP/GAP-web_30670029      n/a   
   bfs_gap_inputs.GAP/GAP-web_41483033      n/a   
    bfs_gap_inputs.GAP/GAP-web_9358666      n/a   
    bfs_gap_inputs.GAP/GAP-web_9945008      n/a   
    bfs_gap_inputs.GAP/GAP-web_3355244      n/a   
   bfs_gap_inputs.GAP/GAP-web_33831269      n/a   
   bfs_gap_inputs.GAP/GAP-web_45124744      n/a   
   bfs_gap_inputs.GAP/GAP-web_16137877      n/a   
   bfs_gap_inputs.GAP/GAP-web_11235448      n/a   
   bfs_gap_inputs.GAP/GAP-web_37509144      n/a   
   bfs_gap_inputs.GAP/GAP-web_27402414      n/a   
   bfs_gap_inputs.GAP/GAP-web_39546083      n/a   
   bfs_gap_inputs.GAP/GAP-kron_2338012      n/a   
   bfs_gap_inputs.GAP/GAP-kron_31997659     n/a   
   bfs_gap_inputs.GAP/GAP-kron_23590940     n/a   
   bfs_gap_inputs.GAP/GAP-kron_43400604     n/a   
   bfs_gap_inputs.GAP/GAP-kron_75337937     n/a   
    bfs_gap_inputs.GAP/GAP-kron_169867      n/a   
  bfs_gap_inputs.GAP/GAP-kron_104041220     n/a   
   bfs_gap_inputs.GAP/GAP-kron_94177942     n/a   
   bfs_gap_inputs.GAP/GAP-kron_32871357     n/a   
   bfs_gap_inputs.GAP/GAP-kron_56230002     n/a   
   bfs_gap_inputs.GAP/GAP-kron_69883037     n/a   
   bfs_gap_inputs.GAP/GAP-kron_9346345      n/a   
   bfs_gap_inputs.GAP/GAP-kron_48915358     n/a   
  bfs_gap_inputs.GAP/GAP-kron_122571173     n/a   
   bfs_gap_inputs.GAP/GAP-kron_6183279      n/a   
   bfs_gap_inputs.GAP/GAP-kron_86323663     n/a   
  bfs_gap_inputs.GAP/GAP-kron_106725780     n/a   
   bfs_gap_inputs.GAP/GAP-kron_92389938     n/a   
   bfs_gap_inputs.GAP/GAP-kron_16210738     n/a   
   bfs_gap_inputs.GAP/GAP-kron_59816700     n/a   
  bfs_gap_inputs.GAP/GAP-kron_111669929     n/a   
  bfs_gap_inputs.GAP/GAP-kron_102831411     n/a   
  bfs_gap_inputs.GAP/GAP-kron_113384800     n/a   
   bfs_gap_inputs.GAP/GAP-kron_43872564     n/a   
   bfs_gap_inputs.GAP/GAP-kron_80508827     n/a   
   bfs_gap_inputs.GAP/GAP-kron_26105648     n/a   
   bfs_gap_inputs.GAP/GAP-kron_8807516      n/a   
  bfs_gap_inputs.GAP/GAP-kron_118452455     n/a   
  bfs_gap_inputs.GAP/GAP-kron_121818859     n/a   
   bfs_gap_inputs.GAP/GAP-kron_42361928     n/a   
   bfs_gap_inputs.GAP/GAP-kron_29493053     n/a   
   bfs_gap_inputs.GAP/GAP-kron_98461503     n/a   
   bfs_gap_inputs.GAP/GAP-kron_71931337     n/a   
  bfs_gap_inputs.GAP/GAP-kron_103808468     n/a   
   bfs_gap_inputs.GAP/GAP-kron_4092345      n/a   
  bfs_gap_inputs.GAP/GAP-kron_115276241     n/a   
   bfs_gap_inputs.GAP/GAP-kron_4649343      n/a   
   bfs_gap_inputs.GAP/GAP-kron_76656189     n/a   
   bfs_gap_inputs.GAP/GAP-kron_31312001     n/a   
  bfs_gap_inputs.GAP/GAP-kron_111334127     n/a   
  bfs_gap_inputs.GAP/GAP-kron_100962918     n/a   
   bfs_gap_inputs.GAP/GAP-kron_41823215     n/a   
   bfs_gap_inputs.GAP/GAP-kron_22631240     n/a   
   bfs_gap_inputs.GAP/GAP-kron_42848461     n/a   
   bfs_gap_inputs.GAP/GAP-kron_79485148     n/a   
  bfs_gap_inputs.GAP/GAP-kron_106818742    failed 
   bfs_gap_inputs.GAP/GAP-kron_73347974     n/a   
   bfs_gap_inputs.GAP/GAP-kron_78848445     n/a   
  bfs_gap_inputs.GAP/GAP-kron_109920510     n/a   
  bfs_gap_inputs.GAP/GAP-kron_121492133     n/a   
  bfs_gap_inputs.GAP/GAP-kron_101037296     n/a   
   bfs_gap_inputs.GAP/GAP-kron_15438600     n/a   
   bfs_gap_inputs.GAP/GAP-kron_4584784      n/a   
  bfs_gap_inputs.GAP/GAP-kron_124503845     n/a   
   bfs_gap_inputs.GAP/GAP-kron_87241743     n/a   
  bfs_gap_inputs.GAP/GAP-kron_108297008     n/a   
   bfs_gap_inputs.GAP/GAP-kron_33955082     n/a   
   bfs_gap_inputs.GAP/GAP-kron_79934823     n/a   
   bfs_gap_inputs.GAP/GAP-kron_8608481      n/a   
   bfs_gap_inputs.GAP/GAP-kron_82435063     n/a   
   bfs_gap_inputs.GAP/GAP-kron_46579271     n/a   
    bfs_gap_inputs.GAP/GAP-kron_515421      n/a   
  bfs_gap_inputs.GAP/GAP-kron_121530467     n/a   
  bfs_gap_inputs.GAP/GAP-kron_127978736     n/a   
  bfs_gap_inputs.GAP/GAP-urand_27691419     n/a   
  bfs_gap_inputs.GAP/GAP-urand_121280314    n/a   
   bfs_gap_inputs.GAP/GAP-urand_2413431     n/a   
  bfs_gap_inputs.GAP/GAP-urand_37512113     n/a   
  bfs_gap_inputs.GAP/GAP-urand_38390877     n/a   
  bfs_gap_inputs.GAP/GAP-urand_56651037     n/a   
  bfs_gap_inputs.GAP/GAP-urand_128461248    n/a   
  bfs_gap_inputs.GAP/GAP-urand_33029842     n/a   
  bfs_gap_inputs.GAP/GAP-urand_71406328     n/a   
  bfs_gap_inputs.GAP/GAP-urand_117872827    n/a   
  bfs_gap_inputs.GAP/GAP-urand_24351938     n/a   
  bfs_gap_inputs.GAP/GAP-urand_15444519     n/a   
  bfs_gap_inputs.GAP/GAP-urand_127526281    n/a   
  bfs_gap_inputs.GAP/GAP-urand_112279428    n/a   
  bfs_gap_inputs.GAP/GAP-urand_13631649     n/a   
  bfs_gap_inputs.GAP/GAP-urand_110379302    n/a   
  bfs_gap_inputs.GAP/GAP-urand_44800623     n/a   
  bfs_gap_inputs.GAP/GAP-urand_77768193     n/a   
   bfs_gap_inputs.GAP/GAP-urand_175347      n/a   
  bfs_gap_inputs.GAP/GAP-urand_107397389    n/a   
  bfs_gap_inputs.GAP/GAP-urand_43457209     n/a   
  bfs_gap_inputs.GAP/GAP-urand_97215940     n/a   
  bfs_gap_inputs.GAP/GAP-urand_73575165     n/a   
  bfs_gap_inputs.GAP/GAP-urand_44449715     n/a   
  bfs_gap_inputs.GAP/GAP-urand_33931724     n/a   
  bfs_gap_inputs.GAP/GAP-urand_55526610     n/a   
  bfs_gap_inputs.GAP/GAP-urand_14422051     n/a   
  bfs_gap_inputs.GAP/GAP-urand_58043873     n/a   
  bfs_gap_inputs.GAP/GAP-urand_72137329     n/a   
   bfs_gap_inputs.GAP/GAP-urand_9647840     n/a   
  bfs_gap_inputs.GAP/GAP-urand_15940695     n/a   
  bfs_gap_inputs.GAP/GAP-urand_14209952     n/a   
  bfs_gap_inputs.GAP/GAP-urand_49020883     n/a   
  bfs_gap_inputs.GAP/GAP-urand_28901138     n/a   
  bfs_gap_inputs.GAP/GAP-urand_50493273     n/a   
  bfs_gap_inputs.GAP/GAP-urand_49150069     n/a   
  bfs_gap_inputs.GAP/GAP-urand_126525082    n/a   
   bfs_gap_inputs.GAP/GAP-urand_6382740     n/a   
  bfs_gap_inputs.GAP/GAP-urand_89108297     n/a   
   bfs_gap_inputs.GAP/GAP-urand_9239735     n/a   
  bfs_gap_inputs.GAP/GAP-urand_110168548    n/a   
  bfs_gap_inputs.GAP/GAP-urand_95370259     n/a   
  bfs_gap_inputs.GAP/GAP-urand_116653530    n/a   
  bfs_gap_inputs.GAP/GAP-urand_123410703    n/a   
  bfs_gap_inputs.GAP/GAP-urand_16733665     n/a   
  bfs_gap_inputs.GAP/GAP-urand_49030282    failed 
  bfs_gap_inputs.GAP/GAP-urand_108545121    n/a   
  bfs_gap_inputs.GAP/GAP-urand_99095665     n/a   
  bfs_gap_inputs.GAP/GAP-urand_133850077    n/a   
  bfs_gap_inputs.GAP/GAP-urand_63499301     n/a   
  bfs_gap_inputs.GAP/GAP-urand_21541382     n/a   
   bfs_gap_inputs.GAP/GAP-urand_6230751     n/a   
  bfs_gap_inputs.GAP/GAP-urand_89077456     n/a   
  bfs_gap_inputs.GAP/GAP-urand_70392765     n/a   
   bfs_gap_inputs.GAP/GAP-urand_6670455     n/a   
  bfs_gap_inputs.GAP/GAP-urand_61746271     n/a   
  bfs_gap_inputs.GAP/GAP-urand_83349535     n/a   
  bfs_gap_inputs.GAP/GAP-urand_115272184    n/a   
  bfs_gap_inputs.GAP/GAP-urand_20129908     n/a   
  bfs_gap_inputs.GAP/GAP-urand_106148553    n/a   
  bfs_gap_inputs.GAP/GAP-urand_117042375    n/a   
  bfs_gap_inputs.GAP/GAP-urand_71431187     n/a   
  bfs_gap_inputs.GAP/GAP-urand_45287808     n/a   
  bfs_gap_inputs.GAP/GAP-urand_107702120    n/a   
========================================= ========
For parameters: bfs_gap_inputs.GAP/GAP-road_8491277
INFO root: Dataset suitesparse_matrix.GAP/GAP-road manifest metadata is stale.
INFO root: Dataset suitesparse_matrix.GAP/GAP-road regenerated.
Traceback (most recent call last):
  File "/storage/scratch1/7/wahrens6/SparseArrayProgrammingSuite/competition/run_13072363/task_6/env/chunk-6/c6e6c30cd4da42ee650d557ff6858c92/lib/python3.12/site-packages/asv_runner/server.py", line 179, in _run_server
    _run(run_args)
  File "/storage/scratch1/7/wahrens6/SparseArrayProgrammingSuite/competition/run_13072363/task_6/env/chunk-6/c6e6c30cd4da42ee650d557ff6858c92/lib/python3.12/site-packages/asv_runner/run.py", line 73, in _run
    result = benchmark.do_run()
             ^^^^^^^^^^^^^^^^^^
  File "/storage/scratch1/7/wahrens6/SparseArrayProgrammingSuite/competition/run_13072363/task_6/env/chunk-6/c6e6c30cd4da42ee650d557ff6858c92/lib/python3.12/site-packages/asv_runner/benchmarks/_base.py", line 758, in do_run
    return self.run(*self._build_params())
           ^^^^^^^^^^^^^^^^^^^^^^^^^^^^^^^
  File "/storage/scratch1/7/wahrens6/SparseArrayProgrammingSuite/competition/run_13072363/task_6/env/chunk-6/c6e6c30cd4da42ee650d557ff6858c92/lib/python3.12/site-packages/asv_runner/benchmarks/time.py", line 235, in run
    samples, number = self.benchmark_timing(
                      ^^^^^^^^^^^^^^^^^^^^^^
  File "/storage/scratch1/7/wahrens6/SparseArrayProgrammingSuite/competition/run_13072363/task_6/env/chunk-6/c6e6c30cd4da42ee650d557ff6858c92/lib/python3.12/site-packages/asv_runner/benchmarks/time.py", line 357, in benchmark_timing
    timing = timer.timeit(number)
             ^^^^^^^^^^^^^^^^^^^^
  File "/storage/pace-apps/spack/packages/linux-rhel9-x86_64_v3/gcc-11.3.1/python-3.12.5-5sase6atfv2x5tf7dy5x5sqfzyguhsia/lib/python3.12/timeit.py", line 180, in timeit
    timing = self.inner(it, self.timer)
             ^^^^^^^^^^^^^^^^^^^^^^^^^^
  File "<timeit-src>", line 6, in inner
  File "/storage/scratch1/7/wahrens6/SparseArrayProgrammingSuite/competition/run_13072363/task_6/env/chunk-6/c6e6c30cd4da42ee650d557ff6858c92/lib/python3.12/site-packages/asv_runner/benchmarks/time.py", line 130, in func
    self.func(*param)
  File "/storage/scratch1/7/wahrens6/SparseArrayProgrammingSuite/competition/run_13072363/task_6/env/chunk-6/c6e6c30cd4da42ee650d557ff6858c92/lib/python3.12/site-packages/saps/benchmark.py", line 360, in _time_run
    self.run(param)
  File "/storage/scratch1/7/wahrens6/SparseArrayProgrammingSuite/competition/run_13072363/task_6/env/chunk-6/c6e6c30cd4da42ee650d557ff6858c92/lib/python3.12/site-packages/saps/benchmark.py", line 432, in run
    input = [xp.from_binsparse(d) for d in self._input]
             ^^^^^^^^^^^^^^^^^^^^
  File "/storage/scratch1/7/wahrens6/SparseArrayProgrammingSuite/frameworks/saps_numpy.py", line 33, in from_binsparse
    return np.asarray(to_sparse(array).todense())
                      ^^^^^^^^^^^^^^^^^^^^^^^^^^
  File "/storage/scratch1/7/wahrens6/SparseArrayProgrammingSuite/competition/run_13072363/task_6/env/chunk-6/c6e6c30cd4da42ee650d557ff6858c92/lib/python3.12/site-packages/sparse/numba_backend/_coo/core.py", line 410, in todense
    x = np.full(self.shape, self.fill_value, self.dtype)
        ^^^^^^^^^^^^^^^^^^^^^^^^^^^^^^^^^^^^^^^^^^^^^^^^
  File "/storage/scratch1/7/wahrens6/SparseArrayProgrammingSuite/competition/run_13072363/task_6/env/chunk-6/c6e6c30cd4da42ee650d557ff6858c92/lib/python3.12/site-packages/numpy/_core/numeric.py", line 386, in full
    a = empty(shape, dtype, order, device=device)
        ^^^^^^^^^^^^^^^^^^^^^^^^^^^^^^^^^^^^^^^^^
numpy._core._exceptions._ArrayMemoryError: Unable to allocate 4.07 PiB for an array with shape (23947347, 23947347) and data type int64

For parameters: bfs_gap_inputs.GAP/GAP-twitter_33359460
INFO root: Dataset suitesparse_matrix.GAP/GAP-twitter manifest metadata is stale.

GAP-twitter:   0%|          | 0/9469180207 [00:00<?, ?B/s]
GAP-twitter:   0%|          | 278528/9469180207 [00:00<57:08, 2761808.31B/s]
GAP-twitter:   0%|          | 1310720/9469180207 [00:00<21:59, 7175798.18B/s]
GAP-twitter:   0%|          | 2785280/9469180207 [00:00<14:53, 10595251.79B/s]
GAP-twitter:   0%|          | 4276224/9469180207 [00:00<12:52, 12249488.63B/s]
GAP-twitter:   0%|          | 5816320/9469180207 [00:00<11:47, 13378484.38B/s]
GAP-twitter:   0%|          | 7389184/9469180207 [00:00<11:09, 14131876.03B/s]
GAP-twitter:   0%|          | 9011200/9469180207 [00:00<10:38, 14807508.15B/s]
GAP-twitter:   0%|          | 10600448/9469180207 [00:00<10:25, 15111546.70B/s]
GAP-twitter:   0%|          | 12271616/9469180207 [00:00<10:07, 15579282.11B/s]
GAP-twitter:   0%|          | 13959168/9469180207 [00:01<09:51, 15972702.52B/s]
GAP-twitter:   0%|          | 15564800/9469180207 [00:01<09:51, 15977357.42B/s]
GAP-twitter:   0%|          | 17186816/9469180207 [00:01<09:50, 16012306.56B/s]
GAP-twitter:   0%|          | 18808832/9469180207 [00:01<09:49, 16033645.86B/s]
GAP-twitter:   0%|          | 20463616/9469180207 [00:01<09:44, 16168670.25B/s]
GAP-twitter:   0%|          | 22118400/9469180207 [00:01<09:40, 16277821.04B/s]
GAP-twitter:   0%|          | 23838720/9469180207 [00:01<09:32, 16512650.45B/s]
GAP-twitter:   0%|          | 25526272/9469180207 [00:01<09:28, 16617880.49B/s]
GAP-twitter:   0%|          | 27197440/9469180207 [00:01<09:27, 16636138.06B/s]
GAP-twitter:   0%|          | 28917760/9469180207 [00:01<09:22, 16785096.23B/s]
GAP-twitter:   0%|          | 30638080/9469180207 [00:02<09:19, 16882236.94B/s]
GAP-twitter:   0%|          | 32391168/9469180207 [00:02<09:13, 17048680.10B/s]
GAP-twitter:   0%|          | 34111488/9469180207 [00:02<09:12, 17070377.15B/s]
GAP-twitter:   0%|          | 35864576/9469180207 [00:02<09:08, 17185216.60B/s]
GAP-twitter:   0%|          | 37584896/9469180207 [00:02<09:08, 17180211.25B/s]
GAP-twitter:   0%|          | 39305216/9469180207 [00:02<09:16, 16950038.73B/s]
GAP-twitter:   0%|          | 41025536/9469180207 [00:02<09:14, 16993784.79B/s]
GAP-twitter:   0%|          | 42729472/9469180207 [00:02<09:18, 16868622.67B/s]
GAP-twitter:   0%|          | 44449792/9469180207 [00:02<09:16, 16930583.03B/s]
GAP-twitter:   0%|          | 46153728/9469180207 [00:02<09:20, 16816055.10B/s]
GAP-twitter:   1%|          | 47906816/9469180207 [00:03<09:13, 17024763.67B/s]
GAP-twitter:   1%|          | 49659904/9469180207 [00:03<09:09, 17128975.65B/s]
GAP-twitter:   1%|          | 51380224/9469180207 [00:03<09:11, 17078929.57B/s]
GAP-twitter:   1%|          | 53149696/9469180207 [00:03<09:06, 17215716.90B/s]
GAP-twitter:   1%|          | 54886400/9469180207 [00:03<09:17, 16893438.72B/s]
GAP-twitter:   1%|          | 56590336/9469180207 [00:03<09:25, 16648410.61B/s]
GAP-twitter:   1%|          | 58261504/9469180207 [00:03<09:49, 15972360.91B/s]
GAP-twitter:   1%|          | 59965440/9469180207 [00:03<09:38, 16254648.50B/s]
GAP-twitter:   1%|          | 61685760/9469180207 [00:03<09:29, 16522222.22B/s]
GAP-twitter:   1%|          | 63356928/9469180207 [00:03<09:59, 15677931.37B/s]
GAP-twitter:   1%|          | 65110016/9469180207 [00:04<09:41, 16168754.15B/s]
GAP-twitter:   1%|          | 66748416/9469180207 [00:04<10:11, 15368820.59B/s]
GAP-twitter:   1%|          | 68468736/9469180207 [00:04<09:53, 15845157.99B/s]
GAP-twitter:   1%|          | 70074368/9469180207 [00:04<09:53, 15824129.29B/s]
GAP-twitter:   1%|          | 71680000/9469180207 [00:04<09:56, 15745921.95B/s]
GAP-twitter:   1%|          | 73400320/9469180207 [00:04<09:43, 16111920.66B/s]
GAP-twitter:   1%|          | 75022336/9469180207 [00:04<10:19, 15168510.31B/s]
GAP-twitter:   1%|          | 76775424/9469180207 [00:04<09:54, 15805481.56B/s]
GAP-twitter:   1%|          | 78381056/9469180207 [00:04<10:27, 14969202.31B/s]
GAP-twitter:   1%|          | 80117760/9469180207 [00:05<10:01, 15610865.37B/s]
GAP-twitter:   1%|          | 81887232/9469180207 [00:05<09:39, 16199945.01B/s]
GAP-twitter:   1%|          | 83525632/9469180207 [00:05<10:29, 14903897.65B/s]
GAP-twitter:   1%|          | 85262336/9469180207 [00:05<10:04, 15534030.23B/s]
GAP-twitter:   1%|          | 86851584/9469180207 [00:05<10:29, 14895493.99B/s]
GAP-twitter:   1%|          | 88604672/9469180207 [00:05<10:00, 15611072.80B/s]
GAP-twitter:   1%|          | 90243072/9469180207 [00:05<10:29, 14893602.62B/s]
GAP-twitter:   1%|          | 91979776/9469180207 [00:05<10:02, 15558032.80B/s]
GAP-twitter:   1%|          | 93634560/9469180207 [00:05<09:52, 15820706.25B/s]
GAP-twitter:   1%|          | 95240192/9469180207 [00:06<10:20, 15117409.19B/s]
GAP-twitter:   1%|          | 96911360/9469180207 [00:06<10:02, 15561876.30B/s]
GAP-twitter:   1%|          | 98484224/9469180207 [00:06<10:32, 14814269.24B/s]
GAP-twitter:   1%|          | 100171776/9469180207 [00:06<10:09, 15365710.14B/s]
GAP-twitter:   1%|          | 101859328/9469180207 [00:06<09:53, 15786831.52B/s]
GAP-twitter:   1%|          | 103464960/9469180207 [00:06<10:22, 15047448.02B/s]
GAP-twitter:   1%|          | 105218048/9469180207 [00:06<09:54, 15745847.67B/s]
GAP-twitter:   1%|          | 106807296/9469180207 [00:06<10:18, 15143697.37B/s]
GAP-twitter:   1%|          | 108625920/9469180207 [00:06<09:45, 15980765.11B/s]
GAP-twitter:   1%|          | 110346240/9469180207 [00:07<10:08, 15374122.32B/s]
GAP-twitter:   1%|          | 112148480/9469180207 [00:07<09:41, 16085986.23B/s]
GAP-twitter:   1%|          | 113967104/9469180207 [00:07<09:21, 16665409.34B/s]
GAP-twitter:   1%|          | 115654656/9469180207 [00:07<09:52, 15789867.11B/s]
GAP-twitter:   1%|          | 117325824/9469180207 [00:07<09:44, 16011846.83B/s]
GAP-twitter:   1%|▏         | 118947840/9469180207 [00:07<10:14, 15220194.28B/s]
GAP-twitter:   1%|▏         | 120700928/9469180207 [00:07<09:49, 15853999.56B/s]
GAP-twitter:   1%|▏         | 122421248/9469180207 [00:07<09:37, 16195469.97B/s]
GAP-twitter:   1%|▏         | 124059648/9469180207 [00:07<10:08, 15358737.88B/s]
GAP-twitter:   1%|▏         | 125796352/9469180207 [00:07<09:48, 15888933.52B/s]
GAP-twitter:   1%|▏         | 127401984/9469180207 [00:08<10:20, 15049612.15B/s]
GAP-twitter:   1%|▏         | 129204224/9469180207 [00:08<09:49, 15852485.63B/s]
GAP-twitter:   1%|▏         | 130809856/9469180207 [00:08<10:11, 15265268.02B/s]
GAP-twitter:   1%|▏         | 132595712/9469180207 [00:08<09:44, 15985431.21B/s]
GAP-twitter:   1%|▏         | 134316032/9469180207 [00:08<09:31, 16321710.82B/s]
GAP-twitter:   1%|▏         | 135970816/9469180207 [00:08<10:02, 15482039.88B/s]
GAP-twitter:   1%|▏         | 137805824/9469180207 [00:08<09:34, 16252106.41B/s]
GAP-twitter:   1%|▏         | 139460608/9469180207 [00:08<10:00, 15533494.99B/s]
GAP-twitter:   1%|▏         | 141279232/9469180207 [00:08<09:34, 16247219.00B/s]
GAP-twitter:   2%|▏         | 142934016/9469180207 [00:09<09:54, 15685399.79B/s]
GAP-twitter:   2%|▏         | 144719872/9469180207 [00:09<09:33, 16262656.46B/s]
GAP-twitter:   2%|▏         | 146505728/9469180207 [00:09<09:18, 16681732.55B/s]
GAP-twitter:   2%|▏         | 148193280/9469180207 [00:09<09:48, 15851394.49B/s]
GAP-twitter:   2%|▏         | 149962752/9469180207 [00:09<09:30, 16339888.66B/s]
GAP-twitter:   2%|▏         | 151617536/9469180207 [00:09<10:02, 15469015.90B/s]
GAP-twitter:   2%|▏         | 153419776/9469180207 [00:09<09:36, 16147188.76B/s]
GAP-twitter:   2%|▏         | 155074560/9469180207 [00:09<10:14, 15153465.50B/s]
GAP-twitter:   2%|▏         | 156827648/9469180207 [00:09<09:49, 15790567.29B/s]
GAP-twitter:   2%|▏         | 158646272/9469180207 [00:10<09:26, 16439661.01B/s]
GAP-twitter:   2%|▏         | 160317440/9469180207 [00:10<10:01, 15468407.58B/s]
GAP-twitter:   2%|▏         | 162136064/9469180207 [00:10<09:35, 16185531.89B/s]
GAP-twitter:   2%|▏         | 163790848/9469180207 [00:10<09:59, 15524209.54B/s]
GAP-twitter:   2%|▏         | 165609472/9469180207 [00:10<09:32, 16242694.00B/s]
GAP-twitter:   2%|▏         | 167346176/9469180207 [00:10<09:23, 16517632.93B/s]
GAP-twitter:   2%|▏         | 169017344/9469180207 [00:10<09:43, 15940842.67B/s]
GAP-twitter:   2%|▏         | 170852352/9469180207 [00:10<09:19, 16604300.07B/s]
GAP-twitter:   2%|▏         | 172539904/9469180207 [00:10<09:53, 15660610.88B/s]
GAP-twitter:   2%|▏         | 174325760/9469180207 [00:11<09:31, 16269841.46B/s]
GAP-twitter:   2%|▏         | 175980544/9469180207 [00:11<09:57, 15554573.96B/s]
GAP-twitter:   2%|▏         | 177831936/9469180207 [00:11<09:28, 16354255.50B/s]
GAP-twitter:   2%|▏         | 179486720/9469180207 [00:11<09:54, 15618932.00B/s]
GAP-twitter:   2%|▏         | 181354496/9469180207 [00:11<09:24, 16446942.06B/s]
GAP-twitter:   2%|▏         | 183156736/9469180207 [00:11<09:10, 16869196.79B/s]
GAP-twitter:   2%|▏         | 184860672/9469180207 [00:11<09:41, 15961766.39B/s]
GAP-twitter:   2%|▏         | 186564608/9469180207 [00:11<09:31, 16244486.42B/s]
GAP-twitter:   2%|▏         | 188219392/9469180207 [00:11<10:01, 15430900.57B/s]
GAP-twitter:   2%|▏         | 190054400/9469180207 [00:11<09:32, 16216110.15B/s]
GAP-twitter:   2%|▏         | 191709184/9469180207 [00:12<09:59, 15469621.91B/s]
GAP-twitter:   2%|▏         | 193527808/9469180207 [00:12<09:32, 16194552.14B/s]
GAP-twitter:   2%|▏         | 195330048/9469180207 [00:12<09:16, 16676506.95B/s]
GAP-twitter:   2%|▏         | 197017600/9469180207 [00:12<09:46, 15820158.05B/s]
GAP-twitter:   2%|▏         | 198819840/9469180207 [00:12<09:24, 16429048.63B/s]
GAP-twitter:   2%|▏         | 200491008/9469180207 [00:12<09:47, 15786177.66B/s]
GAP-twitter:   2%|▏         | 202293248/9469180207 [00:12<09:25, 16395641.84B/s]
GAP-twitter:   2%|▏         | 203948032/9469180207 [00:12<09:53, 15609044.67B/s]
GAP-twitter:   2%|▏         | 205701120/9469180207 [00:12<09:35, 16102953.83B/s]
GAP-twitter:   2%|▏         | 207437824/9469180207 [00:13<09:22, 16455698.09B/s]
GAP-twitter:   2%|▏         | 209108992/9469180207 [00:13<09:31, 16189794.73B/s]
GAP-twitter:   2%|▏         | 210894848/9469180207 [00:13<09:16, 16636664.26B/s]
GAP-twitter:   2%|▏         | 212582400/9469180207 [00:13<09:49, 15689841.98B/s]
GAP-twitter:   2%|▏         | 214417408/9469180207 [00:13<09:23, 16413150.25B/s]
GAP-twitter:   2%|▏         | 216088576/9469180207 [00:13<09:49, 15686996.86B/s]
GAP-twitter:   2%|▏         | 217874432/9469180207 [00:13<09:27, 16293134.32B/s]
GAP-twitter:   2%|▏         | 219709440/9469180207 [00:13<09:08, 16873236.56B/s]
GAP-twitter:   2%|▏         | 221413376/9469180207 [00:13<09:40, 15927167.13B/s]
GAP-twitter:   2%|▏         | 223215616/9469180207 [00:14<09:20, 16505599.92B/s]
GAP-twitter:   2%|▏         | 224886784/9469180207 [00:14<09:52, 15610819.24B/s]
GAP-twitter:   2%|▏         | 226689024/9469180207 [00:14<09:27, 16274426.59B/s]
GAP-twitter:   2%|▏         | 228343808/9469180207 [00:14<09:59, 15422345.96B/s]
GAP-twitter:   2%|▏         | 230064128/9469180207 [00:14<09:41, 15891856.81B/s]
GAP-twitter:   2%|▏         | 231817216/9469180207 [00:14<09:24, 16354481.90B/s]
GAP-twitter:   2%|▏         | 233472000/9469180207 [00:14<09:55, 15503991.76B/s]
GAP-twitter:   2%|▏         | 235257856/9469180207 [00:14<09:31, 16144014.94B/s]
GAP-twitter:   3%|▎         | 236896256/9469180207 [00:14<09:58, 15422897.07B/s]
GAP-twitter:   3%|▎         | 238665728/9469180207 [00:15<09:36, 16018971.46B/s]
GAP-twitter:   3%|▎         | 240287744/9469180207 [00:15<10:03, 15297120.03B/s]
GAP-twitter:   3%|▎         | 242040832/9469180207 [00:15<09:40, 15895455.12B/s]
GAP-twitter:   3%|▎         | 243744768/9469180207 [00:15<09:30, 16172755.77B/s]
GAP-twitter:   3%|▎         | 245383168/9469180207 [00:15<10:04, 15246759.28B/s]
GAP-twitter:   3%|▎         | 247185408/9469180207 [00:15<09:36, 16004135.30B/s]
GAP-twitter:   3%|▎         | 248807424/9469180207 [00:15<10:04, 15258754.92B/s]
GAP-twitter:   3%|▎         | 250593280/9469180207 [00:15<09:38, 15943813.81B/s]
GAP-twitter:   3%|▎         | 252215296/9469180207 [00:15<10:04, 15239911.35B/s]
GAP-twitter:   3%|▎         | 253886464/9469180207 [00:16<09:50, 15612780.56B/s]
GAP-twitter:   3%|▎         | 255606784/9469180207 [00:16<09:34, 16049399.88B/s]
GAP-twitter:   3%|▎         | 257228800/9469180207 [00:16<10:03, 15271862.87B/s]
GAP-twitter:   3%|▎         | 259063808/9469180207 [00:16<09:30, 16132481.42B/s]
GAP-twitter:   3%|▎         | 260702208/9469180207 [00:16<10:00, 15330989.91B/s]
GAP-twitter:   3%|▎         | 262488064/9469180207 [00:16<09:34, 16012213.01B/s]
GAP-twitter:   3%|▎         | 264110080/9469180207 [00:16<10:02, 15277735.81B/s]
GAP-twitter:   3%|▎         | 265895936/9469180207 [00:16<09:35, 15983121.06B/s]
GAP-twitter:   3%|▎         | 267730944/9469180207 [00:16<09:12, 16655136.12B/s]
GAP-twitter:   3%|▎         | 269418496/9469180207 [00:16<09:41, 15828089.05B/s]
GAP-twitter:   3%|▎         | 271269888/9469180207 [00:17<09:15, 16558789.19B/s]
GAP-twitter:   3%|▎         | 272957440/9469180207 [00:17<09:43, 15747879.07B/s]
GAP-twitter:   3%|▎         | 274759680/9469180207 [00:17<09:22, 16352522.92B/s]
GAP-twitter:   3%|▎         | 276414464/9469180207 [00:17<09:50, 15573337.03B/s]
GAP-twitter:   3%|▎         | 278216704/9469180207 [00:17<09:25, 16249582.62B/s]
GAP-twitter:   3%|▎         | 280002560/9469180207 [00:17<09:11, 16666181.70B/s]
GAP-twitter:   3%|▎         | 281690112/9469180207 [00:17<09:47, 15626335.92B/s]
GAP-twitter:   3%|▎         | 283492352/9469180207 [00:17<09:24, 16278513.64B/s]
GAP-twitter:   3%|▎         | 285147136/9469180207 [00:17<09:50, 15542703.76B/s]
GAP-twitter:   3%|▎         | 286982144/9469180207 [00:18<09:22, 16318872.84B/s]
GAP-twitter:   3%|▎         | 288636928/9469180207 [00:18<09:30, 16086219.86B/s]
GAP-twitter:   3%|▎         | 290455552/9469180207 [00:18<09:11, 16646584.16B/s]
GAP-twitter:   3%|▎         | 292257792/9469180207 [00:18<08:58, 17042592.61B/s]
GAP-twitter:   3%|▎         | 293978112/9469180207 [00:18<09:31, 16061331.49B/s]
GAP-twitter:   3%|▎         | 295796736/9469180207 [00:18<09:11, 16638902.45B/s]
GAP-twitter:   3%|▎         | 297484288/9469180207 [00:18<09:37, 15881641.76B/s]
GAP-twitter:   3%|▎         | 299368448/9469180207 [00:18<09:09, 16695921.19B/s]
GAP-twitter:   3%|▎         | 301056000/9469180207 [00:18<09:18, 16422984.93B/s]
GAP-twitter:   3%|▎         | 302907392/9469180207 [00:19<08:59, 16986195.91B/s]
GAP-twitter:   3%|▎         | 304676864/9469180207 [00:19<08:53, 17162187.36B/s]
GAP-twitter:   3%|▎         | 306413568/9469180207 [00:19<09:38, 15838900.29B/s]
GAP-twitter:   3%|▎         | 308101120/9469180207 [00:19<09:28, 16114947.23B/s]
GAP-twitter:   3%|▎         | 309739520/9469180207 [00:19<10:13, 14936994.20B/s]
GAP-twitter:   3%|▎         | 311394304/9469180207 [00:19<09:55, 15370472.16B/s]
GAP-twitter:   3%|▎         | 312967168/9469180207 [00:19<10:31, 14505011.82B/s]
GAP-twitter:   3%|▎         | 314654720/9469180207 [00:19<10:05, 15130855.38B/s]
GAP-twitter:   3%|▎         | 316391424/9469180207 [00:19<09:42, 15726183.06B/s]
GAP-twitter:   3%|▎         | 317997056/9469180207 [00:20<10:11, 14957157.44B/s]
GAP-twitter:   3%|▎         | 319733760/9469180207 [00:20<09:46, 15611764.72B/s]
GAP-twitter:   3%|▎         | 321323008/9469180207 [00:20<10:17, 14804637.87B/s]
GAP-twitter:   3%|▎         | 323076096/9469180207 [00:20<09:49, 15518788.88B/s]
GAP-twitter:   3%|▎         | 324796416/9469180207 [00:20<09:32, 15974297.57B/s]
GAP-twitter:   3%|▎         | 326418432/9469180207 [00:20<10:04, 15132499.80B/s]
GAP-twitter:   3%|▎         | 328122368/9469180207 [00:20<09:43, 15656925.17B/s]
GAP-twitter:   3%|▎         | 329891840/9469180207 [00:20<09:23, 16208536.23B/s]
GAP-twitter:   4%|▎         | 331530240/9469180207 [00:20<09:52, 15425925.73B/s]
GAP-twitter:   4%|▎         | 333316096/9469180207 [00:20<09:27, 16085994.44B/s]
GAP-twitter:   4%|▎         | 334954496/9469180207 [00:21<10:03, 15142235.65B/s]
GAP-twitter:   4%|▎         | 336691200/9469180207 [00:21<09:40, 15743039.38B/s]
GAP-twitter:   4%|▎         | 338362368/9469180207 [00:21<10:08, 15015891.46B/s]
GAP-twitter:   4%|▎         | 340066304/9469180207 [00:21<09:46, 15560172.40B/s]
GAP-twitter:   4%|▎         | 341770240/9469180207 [00:21<09:31, 15963716.73B/s]
GAP-twitter:   4%|▎         | 343392256/9469180207 [00:21<10:21, 14681761.42B/s]
GAP-twitter:   4%|▎         | 344997888/9469180207 [00:21<10:06, 15032174.61B/s]
GAP-twitter:   4%|▎         | 346537984/9469180207 [00:21<10:48, 14060076.01B/s]
GAP-twitter:   4%|▎         | 348028928/9469180207 [00:22<10:38, 14281760.57B/s]
GAP-twitter:   4%|▎         | 349650944/9469180207 [00:22<10:16, 14781778.25B/s]
GAP-twitter:   4%|▎         | 351158272/9469180207 [00:22<11:05, 13709113.98B/s]
GAP-twitter:   4%|▎         | 352763904/9469180207 [00:22<10:35, 14334614.15B/s]
GAP-twitter:   4%|▎         | 354467840/9469180207 [00:22<10:05, 15057937.26B/s]
GAP-twitter:   4%|▍         | 356007936/9469180207 [00:22<10:25, 14560354.50B/s]
GAP-twitter:   4%|▍         | 357777408/9469180207 [00:22<09:50, 15435764.05B/s]
GAP-twitter:   4%|▍         | 359350272/9469180207 [00:22<10:17, 14754486.77B/s]
GAP-twitter:   4%|▍         | 360923136/9469180207 [00:22<10:07, 14993147.80B/s]
GAP-twitter:   4%|▍         | 362496000/9469180207 [00:22<09:59, 15196421.26B/s]
GAP-twitter:   4%|▍         | 364036096/9469180207 [00:23<10:28, 14487063.12B/s]
GAP-twitter:   4%|▍         | 365789184/9469180207 [00:23<09:53, 15341744.27B/s]
GAP-twitter:   4%|▍         | 367345664/9469180207 [00:23<10:17, 14745048.68B/s]
GAP-twitter:   4%|▍         | 369082368/9469180207 [00:23<09:47, 15479737.37B/s]
GAP-twitter:   4%|▍         | 370720768/9469180207 [00:23<09:38, 15739211.64B/s]
GAP-twitter:   4%|▍         | 372310016/9469180207 [00:23<10:20, 14652379.88B/s]
GAP-twitter:   4%|▍         | 373866496/9469180207 [00:23<10:11, 14867374.70B/s]
GAP-twitter:   4%|▍         | 375373824/9469180207 [00:23<10:43, 14134118.89B/s]
GAP-twitter:   4%|▍         | 377028608/9469180207 [00:23<10:15, 14764698.74B/s]
GAP-twitter:   4%|▍         | 378748928/9469180207 [00:24<09:49, 15423853.67B/s]
GAP-twitter:   4%|▍         | 380321792/9469180207 [00:24<10:13, 14808049.66B/s]
GAP-twitter:   4%|▍         | 382058496/9469180207 [00:24<09:45, 15527678.83B/s]
GAP-twitter:   4%|▍         | 383631360/9469180207 [00:24<10:15, 14756815.58B/s]
GAP-twitter:   4%|▍         | 385400832/9469180207 [00:24<09:45, 15524344.97B/s]
GAP-twitter:   4%|▍         | 387153920/9469180207 [00:24<09:24, 16082238.54B/s]
GAP-twitter:   4%|▍         | 388792320/9469180207 [00:24<10:06, 14970599.68B/s]
GAP-twitter:   4%|▍         | 390447104/9469180207 [00:24<09:50, 15377616.87B/s]
GAP-twitter:   4%|▍         | 392019968/9469180207 [00:24<10:24, 14531906.08B/s]
GAP-twitter:   4%|▍         | 393658368/9469180207 [00:25<10:03, 15032814.47B/s]
GAP-twitter:   4%|▍         | 395313152/9469180207 [00:25<09:47, 15435442.60B/s]
GAP-twitter:   4%|▍         | 396886016/9469180207 [00:25<10:18, 14673301.20B/s]
GAP-twitter:   4%|▍         | 398622720/9469180207 [00:25<09:48, 15418286.94B/s]
GAP-twitter:   4%|▍         | 400195584/9469180207 [00:25<10:24, 14525144.55B/s]
GAP-twitter:   4%|▍         | 401883136/9469180207 [00:25<09:58, 15139289.37B/s]
GAP-twitter:   4%|▍         | 403587072/9469180207 [00:25<09:38, 15674089.39B/s]
GAP-twitter:   4%|▍         | 405176320/9469180207 [00:25<10:23, 14529726.61B/s]
GAP-twitter:   4%|▍         | 406863872/9469180207 [00:25<09:59, 15126734.25B/s]
GAP-twitter:   4%|▍         | 408403968/9469180207 [00:26<10:17, 14676333.87B/s]
GAP-twitter:   4%|▍         | 410173440/9469180207 [00:26<09:43, 15514445.80B/s]
GAP-twitter:   4%|▍         | 411844608/9469180207 [00:26<09:32, 15814287.94B/s]
GAP-twitter:   4%|▍         | 413450240/9469180207 [00:26<10:08, 14874680.29B/s]
GAP-twitter:   4%|▍         | 415219712/9469180207 [00:26<09:39, 15625318.92B/s]
GAP-twitter:   4%|▍         | 416808960/9469180207 [00:26<10:02, 15019973.74B/s]
GAP-twitter:   4%|▍         | 418545664/9469180207 [00:26<09:37, 15674322.03B/s]
GAP-twitter:   4%|▍         | 420184064/9469180207 [00:26<09:31, 15842872.09B/s]
GAP-twitter:   4%|▍         | 421789696/9469180207 [00:26<10:09, 14850333.56B/s]
GAP-twitter:   4%|▍         | 423559168/9469180207 [00:26<09:39, 15609849.03B/s]
GAP-twitter:   4%|▍         | 425197568/9469180207 [00:27<10:01, 15039719.97B/s]
GAP-twitter:   5%|▍         | 426901504/9469180207 [00:27<09:41, 15563186.18B/s]
GAP-twitter:   5%|▍         | 428654592/9469180207 [00:27<09:20, 16120521.64B/s]
GAP-twitter:   5%|▍         | 430292992/9469180207 [00:27<09:48, 15347794.27B/s]
GAP-twitter:   5%|▍         | 431964160/9469180207 [00:27<09:35, 15693560.16B/s]
GAP-twitter:   5%|▍         | 433553408/9469180207 [00:27<10:05, 14911170.23B/s]
GAP-twitter:   5%|▍         | 435273728/9469180207 [00:27<09:42, 15520207.91B/s]
GAP-twitter:   5%|▍         | 436994048/9469180207 [00:27<09:25, 15962250.20B/s]
GAP-twitter:   5%|▍         | 438616064/9469180207 [00:27<09:50, 15285623.59B/s]
GAP-twitter:   5%|▍         | 440385536/9469180207 [00:28<09:26, 15930848.62B/s]
GAP-twitter:   5%|▍         | 442007552/9469180207 [00:28<09:52, 15240946.55B/s]
GAP-twitter:   5%|▍         | 443793408/9469180207 [00:28<09:26, 15938173.29B/s]
GAP-twitter:   5%|▍         | 445415424/9469180207 [00:28<09:55, 15156078.97B/s]
GAP-twitter:   5%|▍         | 447201280/9469180207 [00:28<09:27, 15885397.29B/s]
GAP-twitter:   5%|▍         | 448937984/9469180207 [00:28<09:13, 16292530.60B/s]
GAP-twitter:   5%|▍         | 450592768/9469180207 [00:28<09:39, 15549966.14B/s]
GAP-twitter:   5%|▍         | 452345856/9469180207 [00:28<09:20, 16074298.38B/s]
GAP-twitter:   5%|▍         | 453967872/9469180207 [00:28<09:26, 15909421.87B/s]
GAP-twitter:   5%|▍         | 455720960/9469180207 [00:29<09:11, 16340329.26B/s]
GAP-twitter:   5%|▍         | 457490432/9469180207 [00:29<08:58, 16722383.64B/s]
GAP-twitter:   5%|▍         | 459177984/9469180207 [00:29<09:30, 15797706.62B/s]
GAP-twitter:   5%|▍         | 460800000/9469180207 [00:29<09:26, 15888595.16B/s]
GAP-twitter:   5%|▍         | 462405632/9469180207 [00:29<10:14, 14660360.03B/s]
GAP-twitter:   5%|▍         | 464011264/9469180207 [00:29<09:59, 15021052.94B/s]
GAP-twitter:   5%|▍         | 465731584/9469180207 [00:29<09:36, 15629856.62B/s]
GAP-twitter:   5%|▍         | 467320832/9469180207 [00:29<10:05, 14874574.25B/s]
GAP-twitter:   5%|▍         | 469057536/9469180207 [00:29<09:38, 15565852.65B/s]
GAP-twitter:   5%|▍         | 470646784/9469180207 [00:30<09:41, 15473070.89B/s]
GAP-twitter:   5%|▍         | 472317952/9469180207 [00:30<09:29, 15787840.50B/s]
GAP-twitter:   5%|▌         | 473972736/9469180207 [00:30<09:21, 16007730.44B/s]
GAP-twitter:   5%|▌         | 475594752/9469180207 [00:30<09:55, 15093468.39B/s]
GAP-twitter:   5%|▌         | 477265920/9469180207 [00:30<09:38, 15539186.27B/s]
GAP-twitter:   5%|▌         | 478838784/9469180207 [00:30<10:09, 14743753.35B/s]
GAP-twitter:   5%|▌         | 480559104/9469180207 [00:30<09:42, 15427714.84B/s]
GAP-twitter:   5%|▌         | 482263040/9469180207 [00:30<10:11, 14704197.29B/s]
GAP-twitter:   5%|▌         | 483966976/9469180207 [00:30<09:45, 15341764.70B/s]
GAP-twitter:   5%|▌         | 485605376/9469180207 [00:30<09:35, 15608638.84B/s]
GAP-twitter:   5%|▌         | 487194624/9469180207 [00:31<10:05, 14828931.99B/s]
GAP-twitter:   5%|▌         | 488800256/9469180207 [00:31<09:52, 15145203.28B/s]
GAP-twitter:   5%|▌         | 490422272/9469180207 [00:31<10:03, 14886533.75B/s]
GAP-twitter:   5%|▌         | 491995136/9469180207 [00:31<09:54, 15100138.89B/s]
GAP-twitter:   5%|▌         | 493633536/9469180207 [00:31<09:41, 15432604.17B/s]
GAP-twitter:   5%|▌         | 495190016/9469180207 [00:31<09:51, 15170473.78B/s]
GAP-twitter:   5%|▌         | 496828416/9469180207 [00:31<09:39, 15492616.14B/s]
GAP-twitter:   5%|▌         | 498450432/9469180207 [00:31<09:32, 15680171.31B/s]
GAP-twitter:   5%|▌         | 500023296/9469180207 [00:31<09:38, 15504182.44B/s]
GAP-twitter:   5%|▌         | 501694464/9469180207 [00:32<09:26, 15835237.72B/s]
GAP-twitter:   5%|▌         | 503283712/9469180207 [00:32<09:42, 15392256.61B/s]
GAP-twitter:   5%|▌         | 504922112/9469180207 [00:32<09:31, 15677538.76B/s]
GAP-twitter:   5%|▌         | 506609664/9469180207 [00:32<09:20, 15996161.40B/s]
GAP-twitter:   5%|▌         | 508280832/9469180207 [00:32<09:13, 16192685.62B/s]
GAP-twitter:   5%|▌         | 509952000/9469180207 [00:32<09:08, 16327179.71B/s]
GAP-twitter:   5%|▌         | 511590400/9469180207 [00:32<09:17, 16066328.25B/s]
GAP-twitter:   5%|▌         | 513277952/9469180207 [00:32<09:10, 16263721.41B/s]
GAP-twitter:   5%|▌         | 514916352/9469180207 [00:32<09:09, 16298474.14B/s]
GAP-twitter:   5%|▌         | 516620288/9469180207 [00:32<09:02, 16502688.78B/s]
GAP-twitter:   5%|▌         | 518275072/9469180207 [00:33<09:02, 16490752.98B/s]
GAP-twitter:   5%|▌         | 519946240/9469180207 [00:33<09:00, 16553012.23B/s]
GAP-twitter:   6%|▌         | 521617408/9469180207 [00:33<09:04, 16425546.46B/s]
GAP-twitter:   6%|▌         | 523272192/9469180207 [00:33<09:25, 15821811.04B/s]
GAP-twitter:   6%|▌         | 524894208/9469180207 [00:33<09:22, 15898466.20B/s]
GAP-twitter:   6%|▌         | 526499840/9469180207 [00:33<09:21, 15920207.73B/s]
GAP-twitter:   6%|▌         | 528105472/9469180207 [00:33<09:38, 15467451.77B/s]
GAP-twitter:   6%|▌         | 529727488/9469180207 [00:33<09:30, 15661122.65B/s]
GAP-twitter:   6%|▌         | 531300352/9469180207 [00:33<09:33, 15580210.75B/s]
GAP-twitter:   6%|▌         | 532873216/9469180207 [00:33<09:45, 15273688.29B/s]
GAP-twitter:   6%|▌         | 534478848/9469180207 [00:34<09:37, 15470545.73B/s]
GAP-twitter:   6%|▌         | 536035328/9469180207 [00:34<09:38, 15439863.68B/s]
GAP-twitter:   6%|▌         | 537591808/9469180207 [00:34<09:43, 15301751.13B/s]
GAP-twitter:   6%|▌         | 539164672/9469180207 [00:34<09:40, 15373750.94B/s]
GAP-twitter:   6%|▌         | 540753920/9469180207 [00:34<09:36, 15483672.94B/s]
GAP-twitter:   6%|▌         | 542359552/9469180207 [00:34<09:31, 15613475.01B/s]
GAP-twitter:   6%|▌         | 543997952/9469180207 [00:34<09:24, 15813461.61B/s]
GAP-twitter:   6%|▌         | 545603584/9469180207 [00:34<09:22, 15876866.19B/s]
GAP-twitter:   6%|▌         | 547192832/9469180207 [00:34<09:25, 15771018.72B/s]
GAP-twitter:   6%|▌         | 548782080/9469180207 [00:35<09:27, 15725113.75B/s]
GAP-twitter:   6%|▌         | 550354944/9469180207 [00:35<09:29, 15668601.60B/s]
GAP-twitter:   6%|▌         | 551944192/9469180207 [00:35<09:27, 15715436.99B/s]
GAP-twitter:   6%|▌         | 553517056/9469180207 [00:35<09:40, 15351194.13B/s]
GAP-twitter:   6%|▌         | 555106304/9469180207 [00:35<09:35, 15497874.24B/s]
GAP-twitter:   6%|▌         | 556662784/9469180207 [00:35<09:36, 15463328.40B/s]
GAP-twitter:   6%|▌         | 558219264/9469180207 [00:35<09:57, 14905924.09B/s]
GAP-twitter:   6%|▌         | 559742976/9469180207 [00:35<09:54, 14994814.66B/s]
GAP-twitter:   6%|▌         | 561430528/9469180207 [00:35<09:34, 15509965.57B/s]
GAP-twitter:   6%|▌         | 562987008/9469180207 [00:35<09:38, 15407722.36B/s]
GAP-twitter:   6%|▌         | 564576256/9469180207 [00:36<09:33, 15534784.60B/s]
GAP-twitter:   6%|▌         | 566132736/9469180207 [00:36<09:42, 15277383.12B/s]
GAP-twitter:   6%|▌         | 567689216/9469180207 [00:36<09:39, 15355193.02B/s]
GAP-twitter:   6%|▌         | 569229312/9469180207 [00:36<09:45, 15191205.31B/s]
GAP-twitter:   6%|▌         | 570753024/9469180207 [00:36<09:50, 15072745.35B/s]
GAP-twitter:   6%|▌         | 572342272/9469180207 [00:36<09:41, 15312197.33B/s]
GAP-twitter:   6%|▌         | 573980672/9469180207 [00:36<09:30, 15602966.09B/s]
GAP-twitter:   6%|▌         | 575635456/9469180207 [00:36<09:21, 15844401.23B/s]
GAP-twitter:   6%|▌         | 577273856/9469180207 [00:36<09:16, 15983319.39B/s]
GAP-twitter:   6%|▌         | 578879488/9469180207 [00:36<09:24, 15757072.71B/s]
GAP-twitter:   6%|▌         | 580534272/9469180207 [00:37<09:16, 15966446.84B/s]
GAP-twitter:   6%|▌         | 582139904/9469180207 [00:37<09:23, 15758095.53B/s]
GAP-twitter:   6%|▌         | 583794688/9469180207 [00:37<09:16, 15977957.29B/s]
GAP-twitter:   6%|▌         | 585416704/9469180207 [00:37<09:15, 16001567.32B/s]
GAP-twitter:   6%|▌         | 587022336/9469180207 [00:37<09:32, 15505001.31B/s]
GAP-twitter:   6%|▌         | 588611584/9469180207 [00:37<09:29, 15581684.62B/s]
GAP-twitter:   6%|▌         | 590184448/9469180207 [00:37<09:41, 15258092.85B/s]
GAP-twitter:   6%|▋         | 591839232/9469180207 [00:37<09:29, 15589640.59B/s]
GAP-twitter:   6%|▋         | 593477632/9469180207 [00:37<09:21, 15802219.78B/s]
GAP-twitter:   6%|▋         | 595066880/9469180207 [00:37<09:31, 15517795.74B/s]
GAP-twitter:   6%|▋         | 596672512/9469180207 [00:38<09:26, 15656498.75B/s]
GAP-twitter:   6%|▋         | 598245376/9469180207 [00:38<09:28, 15617526.01B/s]
GAP-twitter:   6%|▋         | 599883776/9469180207 [00:38<09:21, 15808635.20B/s]
GAP-twitter:   6%|▋         | 601522176/9469180207 [00:38<09:16, 15939561.43B/s]
GAP-twitter:   6%|▋         | 603127808/9469180207 [00:38<09:31, 15517808.87B/s]
GAP-twitter:   6%|▋         | 604782592/9469180207 [00:38<09:20, 15802957.34B/s]
GAP-twitter:   6%|▋         | 606420992/9469180207 [00:38<09:15, 15966330.76B/s]
GAP-twitter:   6%|▋         | 608059392/9469180207 [00:38<09:10, 16084136.91B/s]
GAP-twitter:   6%|▋         | 609730560/9469180207 [00:38<09:04, 16260642.09B/s]
GAP-twitter:   6%|▋         | 611368960/9469180207 [00:39<09:12, 16040048.30B/s]
GAP-twitter:   6%|▋         | 613072896/9469180207 [00:39<09:03, 16287522.74B/s]
GAP-twitter:   6%|▋         | 614760448/9469180207 [00:39<08:58, 16433889.09B/s]
GAP-twitter:   7%|▋         | 616415232/9469180207 [00:39<09:00, 16389388.99B/s]
GAP-twitter:   7%|▋         | 618070016/9469180207 [00:39<09:14, 15972903.43B/s]
GAP-twitter:   7%|▋         | 619675648/9469180207 [00:39<09:19, 15817306.87B/s]
GAP-twitter:   7%|▋         | 621297664/9469180207 [00:39<09:15, 15922859.77B/s]
GAP-twitter:   7%|▋         | 622903296/9469180207 [00:39<09:20, 15784208.09B/s]
GAP-twitter:   7%|▋         | 624607232/9469180207 [00:39<09:08, 16131858.66B/s]
GAP-twitter:   7%|▋         | 626229248/9469180207 [00:39<09:22, 15722348.74B/s]
GAP-twitter:   7%|▋         | 627900416/9469180207 [00:40<09:12, 16001771.49B/s]
GAP-twitter:   7%|▋         | 629571584/9469180207 [00:40<09:05, 16205096.79B/s]
GAP-twitter:   7%|▋         | 631209984/9469180207 [00:40<09:22, 15714893.08B/s]
GAP-twitter:   7%|▋         | 632897536/9469180207 [00:40<09:10, 16043810.11B/s]
GAP-twitter:   7%|▋         | 634519552/9469180207 [00:40<09:31, 15468969.10B/s]
GAP-twitter:   7%|▋         | 636190720/9469180207 [00:40<09:19, 15774627.45B/s]
GAP-twitter:   7%|▋         | 637894656/9469180207 [00:40<09:07, 16137417.02B/s]
GAP-twitter:   7%|▋         | 639516672/9469180207 [00:40<09:20, 15763813.94B/s]
GAP-twitter:   7%|▋         | 641220608/9469180207 [00:40<09:07, 16126423.97B/s]
GAP-twitter:   7%|▋         | 642908160/9469180207 [00:40<09:00, 16332538.89B/s]
GAP-twitter:   7%|▋         | 644579328/9469180207 [00:41<08:56, 16439396.90B/s]
GAP-twitter:   7%|▋         | 646234112/9469180207 [00:41<09:09, 16068533.28B/s]
GAP-twitter:   7%|▋         | 647905280/9469180207 [00:41<09:04, 16204912.94B/s]
GAP-twitter:   7%|▋         | 649560064/9469180207 [00:41<09:02, 16271615.58B/s]
GAP-twitter:   7%|▋         | 651198464/9469180207 [00:41<09:23, 15649391.41B/s]
GAP-twitter:   7%|▋         | 652787712/9469180207 [00:41<09:22, 15681271.63B/s]
GAP-twitter:   7%|▋         | 654360576/9469180207 [00:41<09:30, 15438225.51B/s]
GAP-twitter:   7%|▋         | 656015360/9469180207 [00:41<09:20, 15737184.19B/s]
GAP-twitter:   7%|▋         | 657686528/9469180207 [00:41<09:10, 16010531.61B/s]
GAP-twitter:   7%|▋         | 659292160/9469180207 [00:42<09:26, 15544284.51B/s]
GAP-twitter:   7%|▋         | 660963328/9469180207 [00:42<09:14, 15876566.17B/s]
GAP-twitter:   7%|▋         | 662568960/9469180207 [00:42<09:53, 14841712.43B/s]
GAP-twitter:   7%|▋         | 664207360/9469180207 [00:42<09:37, 15234554.83B/s]
GAP-twitter:   7%|▋         | 665845760/9469180207 [00:42<09:25, 15554413.48B/s]
GAP-twitter:   7%|▋         | 667418624/9469180207 [00:42<10:00, 14667897.29B/s]
GAP-twitter:   7%|▋         | 669089792/9469180207 [00:42<09:38, 15205441.98B/s]
GAP-twitter:   7%|▋         | 670629888/9469180207 [00:42<10:08, 14457252.12B/s]
GAP-twitter:   7%|▋         | 672284672/9469180207 [00:42<09:45, 15022832.24B/s]
GAP-twitter:   7%|▋         | 673955840/9469180207 [00:42<09:27, 15497701.25B/s]
GAP-twitter:   7%|▋         | 675528704/9469180207 [00:43<10:00, 14637753.57B/s]
GAP-twitter:   7%|▋         | 677199872/9469180207 [00:43<09:38, 15187924.85B/s]
GAP-twitter:   7%|▋         | 678739968/9469180207 [00:43<10:12, 14346849.82B/s]
GAP-twitter:   7%|▋         | 680378368/9469180207 [00:43<09:49, 14899523.95B/s]
GAP-twitter:   7%|▋         | 682033152/9469180207 [00:43<09:33, 15329419.63B/s]
GAP-twitter:   7%|▋         | 683589632/9469180207 [00:43<10:03, 14568735.08B/s]
GAP-twitter:   7%|▋         | 685228032/9469180207 [00:43<09:42, 15074528.14B/s]
GAP-twitter:   7%|▋         | 686751744/9469180207 [00:43<10:13, 14308115.47B/s]
GAP-twitter:   7%|▋         | 688406528/9469180207 [00:43<09:48, 14912294.52B/s]
GAP-twitter:   7%|▋         | 690028544/9469180207 [00:44<09:35, 15256998.98B/s]
GAP-twitter:   7%|▋         | 691568640/9469180207 [00:44<10:08, 14421880.31B/s]
GAP-twitter:   7%|▋         | 693223424/9469180207 [00:44<09:46, 14974105.36B/s]
GAP-twitter:   7%|▋         | 694747136/9469180207 [00:44<10:17, 14207053.55B/s]
GAP-twitter:   7%|▋         | 696385536/9469180207 [00:44<09:54, 14768224.85B/s]
GAP-twitter:   7%|▋         | 698023936/9469180207 [00:44<09:37, 15196991.17B/s]
GAP-twitter:   7%|▋         | 699564032/9469180207 [00:44<10:08, 14402187.93B/s]
GAP-twitter:   7%|▋         | 701235200/9469180207 [00:44<09:43, 15029543.59B/s]
GAP-twitter:   7%|▋         | 702758912/9469180207 [00:44<10:12, 14303883.29B/s]
GAP-twitter:   7%|▋         | 704430080/9469180207 [00:45<09:45, 14961084.27B/s]
GAP-twitter:   7%|▋         | 706101248/9469180207 [00:45<09:27, 15443588.52B/s]
GAP-twitter:   7%|▋         | 707674112/9469180207 [00:45<10:02, 14551554.31B/s]
GAP-twitter:   7%|▋         | 709312512/9469180207 [00:45<09:42, 15028488.41B/s]
GAP-twitter:   8%|▊         | 710836224/9469180207 [00:45<10:11, 14312669.50B/s]
GAP-twitter:   8%|▊         | 712441856/9469180207 [00:45<09:52, 14788671.26B/s]
GAP-twitter:   8%|▊         | 714096640/9469180207 [00:45<09:33, 15267703.30B/s]
GAP-twitter:   8%|▊         | 715636736/9469180207 [00:45<10:04, 14483080.99B/s]
GAP-twitter:   8%|▊         | 717307904/9469180207 [00:45<09:40, 15072176.13B/s]
GAP-twitter:   8%|▊         | 718864384/9469180207 [00:46<10:10, 14340563.45B/s]
GAP-twitter:   8%|▊         | 720519168/9469180207 [00:46<09:46, 14913457.48B/s]
GAP-twitter:   8%|▊         | 722173952/9469180207 [00:46<09:29, 15368998.18B/s]
GAP-twitter:   8%|▊         | 723730432/9469180207 [00:46<10:02, 14522277.16B/s]
GAP-twitter:   8%|▊         | 725401600/9469180207 [00:46<09:39, 15091552.71B/s]
GAP-twitter:   8%|▊         | 727040000/9469180207 [00:46<10:07, 14398938.90B/s]
GAP-twitter:   8%|▊         | 728678400/9469180207 [00:46<09:46, 14905890.78B/s]
GAP-twitter:   8%|▊         | 730333184/9469180207 [00:46<09:29, 15345849.69B/s]
GAP-twitter:   8%|▊         | 731889664/9469180207 [00:46<10:00, 14547950.32B/s]
GAP-twitter:   8%|▊         | 733528064/9469180207 [00:47<09:41, 15025000.94B/s]
GAP-twitter:   8%|▊         | 735133696/9469180207 [00:47<10:12, 14257510.71B/s]
GAP-twitter:   8%|▊         | 736788480/9469180207 [00:47<09:46, 14881803.42B/s]
GAP-twitter:   8%|▊         | 738410496/9469180207 [00:47<09:32, 15255929.45B/s]
GAP-twitter:   8%|▊         | 739966976/9469180207 [00:47<10:05, 14410102.68B/s]
GAP-twitter:   8%|▊         | 741621760/9469180207 [00:47<09:42, 14990186.32B/s]
GAP-twitter:   8%|▊         | 743276544/9469180207 [00:47<09:26, 15403122.18B/s]
GAP-twitter:   8%|▊         | 744833024/9469180207 [00:47<10:00, 14538768.29B/s]
GAP-twitter:   8%|▊         | 746455040/9469180207 [00:47<09:42, 14970312.35B/s]
GAP-twitter:   8%|▊         | 747978752/9469180207 [00:48<10:12, 14244449.95B/s]
GAP-twitter:   8%|▊         | 749633536/9469180207 [00:48<09:46, 14867317.62B/s]
GAP-twitter:   8%|▊         | 751255552/9469180207 [00:48<10:12, 14242915.51B/s]
GAP-twitter:   8%|▊         | 752910336/9469180207 [00:48<09:46, 14864527.76B/s]
GAP-twitter:   8%|▊         | 754565120/9469180207 [00:48<09:28, 15322420.24B/s]
GAP-twitter:   8%|▊         | 756121600/9469180207 [00:48<10:00, 14508941.96B/s]
GAP-twitter:   8%|▊         | 757792768/9469180207 [00:48<09:36, 15111024.95B/s]
GAP-twitter:   8%|▊         | 759332864/9469180207 [00:48<10:05, 14384665.88B/s]
GAP-twitter:   8%|▊         | 760987648/9469180207 [00:48<09:41, 14981239.60B/s]
GAP-twitter:   8%|▊         | 762642432/9469180207 [00:48<09:24, 15423669.44B/s]
GAP-twitter:   8%|▊         | 764198912/9469180207 [00:49<10:02, 14441132.07B/s]
GAP-twitter:   8%|▊         | 765853696/9469180207 [00:49<09:40, 15001777.65B/s]
GAP-twitter:   8%|▊         | 767508480/9469180207 [00:49<09:24, 15410627.26B/s]
GAP-twitter:   8%|▊         | 769064960/9469180207 [00:49<10:04, 14395185.77B/s]
GAP-twitter:   8%|▊         | 770752512/9469180207 [00:49<09:38, 15045469.87B/s]
GAP-twitter:   8%|▊         | 772390912/9469180207 [00:49<09:24, 15416793.33B/s]
GAP-twitter:   8%|▊         | 773963776/9469180207 [00:49<09:56, 14587037.95B/s]
GAP-twitter:   8%|▊         | 775634944/9469180207 [00:49<09:33, 15152090.53B/s]
GAP-twitter:   8%|▊         | 777240576/9469180207 [00:49<10:03, 14401763.42B/s]
GAP-twitter:   8%|▊         | 778895360/9469180207 [00:50<09:40, 14959149.50B/s]
GAP-twitter:   8%|▊         | 780566528/9469180207 [00:50<09:23, 15422026.20B/s]
GAP-twitter:   8%|▊         | 782237696/9469180207 [00:50<09:11, 15756345.47B/s]
GAP-twitter:   8%|▊         | 783826944/9469180207 [00:50<09:51, 14678897.98B/s]
GAP-twitter:   8%|▊         | 785481728/9469180207 [00:50<09:31, 15192371.48B/s]
GAP-twitter:   8%|▊         | 787021824/9469180207 [00:50<10:02, 14406263.85B/s]
GAP-twitter:   8%|▊         | 788692992/9469180207 [00:50<09:38, 15008552.51B/s]
GAP-twitter:   8%|▊         | 790331392/9469180207 [00:50<09:23, 15396041.63B/s]
GAP-twitter:   8%|▊         | 791887872/9469180207 [00:50<10:00, 14443793.64B/s]
GAP-twitter:   8%|▊         | 793542656/9469180207 [00:51<09:37, 15016538.97B/s]
GAP-twitter:   8%|▊         | 795164672/9469180207 [00:51<09:24, 15357931.08B/s]
GAP-twitter:   8%|▊         | 796721152/9469180207 [00:51<10:02, 14383125.17B/s]
GAP-twitter:   8%|▊         | 798310400/9469180207 [00:51<09:46, 14790260.55B/s]
GAP-twitter:   8%|▊         | 799817728/9469180207 [00:51<10:12, 14156333.56B/s]
GAP-twitter:   8%|▊         | 801488896/9469180207 [00:51<09:44, 14823420.67B/s]
GAP-twitter:   8%|▊         | 803143680/9469180207 [00:51<09:26, 15298591.01B/s]
GAP-twitter:   8%|▊         | 804700160/9469180207 [00:51<10:02, 14385315.58B/s]
GAP-twitter:   9%|▊         | 806338560/9469180207 [00:51<09:39, 14941473.33B/s]
GAP-twitter:   9%|▊         | 807993344/9469180207 [00:52<09:22, 15397662.78B/s]
GAP-twitter:   9%|▊         | 809549824/9469180207 [00:52<09:58, 14467499.64B/s]
GAP-twitter:   9%|▊         | 811237376/9469180207 [00:52<09:32, 15112641.63B/s]
GAP-twitter:   9%|▊         | 812777472/9469180207 [00:52<10:04, 14324631.39B/s]
GAP-twitter:   9%|▊         | 814448640/9469180207 [00:52<09:38, 14956140.80B/s]
GAP-twitter:   9%|▊         | 816103424/9469180207 [00:52<09:21, 15405167.66B/s]
GAP-twitter:   9%|▊         | 817659904/9469180207 [00:52<09:54, 14562284.16B/s]
GAP-twitter:   9%|▊         | 819331072/9469180207 [00:52<09:31, 15128706.61B/s]
GAP-twitter:   9%|▊         | 820871168/9469180207 [00:52<10:00, 14393002.00B/s]
GAP-twitter:   9%|▊         | 822525952/9469180207 [00:53<09:38, 14948678.42B/s]
GAP-twitter:   9%|▊         | 824180736/9469180207 [00:53<09:21, 15394592.44B/s]
GAP-twitter:   9%|▊         | 825737216/9469180207 [00:53<09:53, 14562123.05B/s]
GAP-twitter:   9%|▊         | 827392000/9469180207 [00:53<09:32, 15103295.80B/s]
GAP-twitter:   9%|▉         | 828932096/9469180207 [00:53<10:03, 14318200.91B/s]
GAP-twitter:   9%|▉         | 830586880/9469180207 [00:53<09:39, 14917921.54B/s]
GAP-twitter:   9%|▉         | 832258048/9469180207 [00:53<09:20, 15421513.51B/s]
GAP-twitter:   9%|▉         | 833830912/9469180207 [00:53<09:55, 14494788.75B/s]
GAP-twitter:   9%|▉         | 835502080/9469180207 [00:53<09:32, 15081861.65B/s]
GAP-twitter:   9%|▉         | 837042176/9469180207 [00:54<10:01, 14352278.60B/s]
GAP-twitter:   9%|▉         | 838533120/9469180207 [00:54<09:55, 14486992.31B/s]
GAP-twitter:   9%|▉         | 840089600/9469180207 [00:54<09:43, 14783119.50B/s]
GAP-twitter:   9%|▉         | 841580544/9469180207 [00:54<10:11, 14105614.67B/s]
GAP-twitter:   9%|▉         | 843235328/9469180207 [00:54<09:44, 14756881.11B/s]
GAP-twitter:   9%|▉         | 844857344/9469180207 [00:54<09:28, 15157980.43B/s]
GAP-twitter:   9%|▉         | 846397440/9469180207 [00:54<10:00, 14365743.09B/s]
GAP-twitter:   9%|▉         | 848052224/9469180207 [00:54<09:35, 14969592.32B/s]
GAP-twitter:   9%|▉         | 849575936/9469180207 [00:54<10:08, 14175928.91B/s]
GAP-twitter:   9%|▉         | 851230720/9469180207 [00:54<09:41, 14820376.97B/s]
GAP-twitter:   9%|▉         | 852869120/9469180207 [00:55<09:25, 15245366.98B/s]
GAP-twitter:   9%|▉         | 854409216/9469180207 [00:55<09:55, 14465573.32B/s]
GAP-twitter:   9%|▉         | 856080384/9469180207 [00:55<09:32, 15057138.41B/s]
GAP-twitter:   9%|▉         | 857604096/9469180207 [00:55<10:03, 14264160.94B/s]
GAP-twitter:   9%|▉         | 859275264/9469180207 [00:55<09:37, 14914150.17B/s]
GAP-twitter:   9%|▉         | 860897280/9469180207 [00:55<09:23, 15272170.94B/s]
GAP-twitter:   9%|▉         | 862453760/9469180207 [00:55<09:56, 14422940.36B/s]
GAP-twitter:   9%|▉         | 864108544/9469180207 [00:55<09:33, 15009652.05B/s]
GAP-twitter:   9%|▉         | 865632256/9469180207 [00:55<10:01, 14293896.54B/s]
GAP-twitter:   9%|▉         | 867303424/9469180207 [00:56<09:35, 14956090.00B/s]
GAP-twitter:   9%|▉         | 868958208/9469180207 [00:56<09:18, 15389694.41B/s]
GAP-twitter:   9%|▉         | 870514688/9469180207 [00:56<09:50, 14550555.87B/s]
GAP-twitter:   9%|▉         | 872153088/9469180207 [00:56<09:31, 15038829.87B/s]
GAP-twitter:   9%|▉         | 873791488/9469180207 [00:56<09:18, 15396193.55B/s]
GAP-twitter:   9%|▉         | 875347968/9469180207 [00:56<09:53, 14484957.08B/s]
GAP-twitter:   9%|▉         | 877002752/9469180207 [00:56<09:31, 15025922.40B/s]
GAP-twitter:   9%|▉         | 878526464/9469180207 [00:56<10:00, 14295729.39B/s]
GAP-twitter:   9%|▉         | 881590272/9469180207 [00:56<07:36, 18831574.97B/s]
GAP-twitter:   9%|▉         | 884637696/9469180207 [00:57<06:27, 22128300.18B/s]
GAP-twitter:   9%|▉         | 887767040/9469180207 [00:57<05:46, 24747656.14B/s]
GAP-twitter:   9%|▉         | 891797504/9469180207 [00:57<04:52, 29275597.80B/s]
GAP-twitter:   9%|▉         | 895827968/9469180207 [00:57<04:23, 32493039.33B/s]
GAP-twitter:  10%|▉         | 899842048/9469180207 [00:57<04:07, 34663688.34B/s]
GAP-twitter:  10%|▉         | 903938048/9469180207 [00:57<03:54, 36509325.93B/s]
GAP-twitter:  10%|▉         | 908017664/9469180207 [00:57<03:46, 37755437.78B/s]
GAP-twitter:  10%|▉         | 912048128/9469180207 [00:57<03:42, 38502568.00B/s]
GAP-twitter:  10%|▉         | 916029440/9469180207 [00:57<03:39, 38888995.70B/s]
GAP-twitter:  10%|▉         | 920092672/9469180207 [00:57<03:37, 39376759.33B/s]
GAP-twitter:  10%|▉         | 924041216/9469180207 [00:58<03:46, 37751744.42B/s]
GAP-twitter:  10%|▉         | 927973376/9469180207 [00:58<03:43, 38179731.03B/s]
GAP-twitter:  10%|▉         | 931872768/9469180207 [00:58<03:42, 38398105.70B/s]

asv: benchmark timed out (timeout 60s)

For parameters: bfs_gap_inputs.GAP/GAP-web_22787314
INFO root: Dataset suitesparse_matrix.GAP/GAP-web manifest metadata is stale.

GAP-web:   0%|          | 0/8300343137 [00:00<?, ?B/s]
GAP-web:   0%|          | 311296/8300343137 [00:00<49:11, 2812125.91B/s]
GAP-web:   0%|          | 1359872/8300343137 [00:00<20:06, 6878407.86B/s]
GAP-web:   0%|          | 2686976/8300343137 [00:00<14:19, 9655520.35B/s]
GAP-web:   0%|          | 4046848/8300343137 [00:00<12:24, 11143083.36B/s]
GAP-web:   0%|          | 5406720/8300343137 [00:00<11:31, 11988722.06B/s]
GAP-web:   0%|          | 6815744/8300343137 [00:00<10:56, 12624500.90B/s]
GAP-web:   0%|          | 8126464/8300343137 [00:00<10:49, 12764526.88B/s]
GAP-web:   0%|          | 9420800/8300343137 [00:00<11:23, 12136814.58B/s]
GAP-web:   0%|          | 10846208/8300343137 [00:00<10:49, 12758908.58B/s]
GAP-web:   0%|          | 12238848/8300343137 [00:01<10:33, 13083552.10B/s]
GAP-web:   0%|          | 13713408/8300343137 [00:01<10:11, 13560085.65B/s]
GAP-web:   0%|          | 15155200/8300343137 [00:01<10:11, 13543471.59B/s]
GAP-web:   0%|          | 16515072/8300343137 [00:01<10:31, 13119839.14B/s]
GAP-web:   0%|          | 17907712/8300343137 [00:01<10:21, 13325090.51B/s]
GAP-web:   0%|          | 19316736/8300343137 [00:01<10:11, 13545562.06B/s]
GAP-web:   0%|          | 20676608/8300343137 [00:01<10:21, 13324911.53B/s]
GAP-web:   0%|          | 22020096/8300343137 [00:01<10:20, 13347510.85B/s]
GAP-web:   0%|          | 23363584/8300343137 [00:01<10:57, 12593715.79B/s]
GAP-web:   0%|          | 24641536/8300343137 [00:01<11:03, 12468065.31B/s]
GAP-web:   0%|          | 25935872/8300343137 [00:02<10:58, 12568566.61B/s]
GAP-web:   0%|          | 27213824/8300343137 [00:02<10:57, 12591470.76B/s]
GAP-web:   0%|          | 28557312/8300343137 [00:02<10:46, 12787844.19B/s]
GAP-web:   0%|          | 29851648/8300343137 [00:02<10:52, 12672015.65B/s]
GAP-web:   0%|          | 31178752/8300343137 [00:02<10:44, 12822219.30B/s]
GAP-web:   0%|          | 32473088/8300343137 [00:02<10:43, 12849853.67B/s]
GAP-web:   0%|          | 33767424/8300343137 [00:02<11:37, 11856486.95B/s]
GAP-web:   0%|          | 34979840/8300343137 [00:02<11:37, 11846558.36B/s]
GAP-web:   0%|          | 36175872/8300343137 [00:02<11:43, 11738943.15B/s]
GAP-web:   0%|          | 37404672/8300343137 [00:03<11:36, 11871079.73B/s]
GAP-web:   0%|          | 38682624/8300343137 [00:03<11:22, 12105888.13B/s]
GAP-web:   0%|          | 39993344/8300343137 [00:03<11:06, 12394736.03B/s]
GAP-web:   0%|          | 41336832/8300343137 [00:03<10:54, 12612233.21B/s]
GAP-web:   1%|          | 42614784/8300343137 [00:03<10:58, 12536398.15B/s]
GAP-web:   1%|          | 43876352/8300343137 [00:03<11:10, 12310369.42B/s]
GAP-web:   1%|          | 45121536/8300343137 [00:03<11:22, 12099967.53B/s]
GAP-web:   1%|          | 46333952/8300343137 [00:03<11:26, 12015339.68B/s]
GAP-web:   1%|          | 47546368/8300343137 [00:03<11:26, 12022261.00B/s]
GAP-web:   1%|          | 48758784/8300343137 [00:03<11:28, 11977503.21B/s]
GAP-web:   1%|          | 49971200/8300343137 [00:04<12:21, 11123400.08B/s]
GAP-web:   1%|          | 51150848/8300343137 [00:04<12:12, 11264816.92B/s]
GAP-web:   1%|          | 52330496/8300343137 [00:04<12:04, 11391763.69B/s]
GAP-web:   1%|          | 53477376/8300343137 [00:04<12:07, 11342256.74B/s]
GAP-web:   1%|          | 54657024/8300343137 [00:04<11:59, 11457866.56B/s]
GAP-web:   1%|          | 55820288/8300343137 [00:04<11:59, 11453086.51B/s]
GAP-web:   1%|          | 56999936/8300343137 [00:04<11:54, 11540482.99B/s]
GAP-web:   1%|          | 58179584/8300343137 [00:04<11:51, 11577107.09B/s]
GAP-web:   1%|          | 59408384/8300343137 [00:04<11:39, 11773882.83B/s]
GAP-web:   1%|          | 60686336/8300343137 [00:05<11:25, 12021205.07B/s]
GAP-web:   1%|          | 61915136/8300343137 [00:05<11:22, 12072941.50B/s]
GAP-web:   1%|          | 63176704/8300343137 [00:05<11:15, 12192007.81B/s]
GAP-web:   1%|          | 64487424/8300343137 [00:05<11:00, 12462655.50B/s]
GAP-web:   1%|          | 65748992/8300343137 [00:05<11:00, 12474554.18B/s]
GAP-web:   1%|          | 67043328/8300343137 [00:05<10:54, 12580112.91B/s]
GAP-web:   1%|          | 68386816/8300343137 [00:05<10:42, 12820454.79B/s]
GAP-web:   1%|          | 69746688/8300343137 [00:05<10:33, 12994225.36B/s]
GAP-web:   1%|          | 71139328/8300343137 [00:05<10:21, 13246595.63B/s]
GAP-web:   1%|          | 72499200/8300343137 [00:05<10:17, 13331675.84B/s]
GAP-web:   1%|          | 73924608/8300343137 [00:06<10:05, 13576927.36B/s]
GAP-web:   1%|          | 75300864/8300343137 [00:06<10:13, 13416674.39B/s]
GAP-web:   1%|          | 76644352/8300343137 [00:06<10:52, 12608109.08B/s]
GAP-web:   1%|          | 77987840/8300343137 [00:06<10:40, 12838119.24B/s]
GAP-web:   1%|          | 79396864/8300343137 [00:06<10:23, 13174670.87B/s]
GAP-web:   1%|          | 80723968/8300343137 [00:06<10:50, 12626637.22B/s]
GAP-web:   1%|          | 82001920/8300343137 [00:06<10:51, 12615921.25B/s]
GAP-web:   1%|          | 83279872/8300343137 [00:06<10:52, 12600331.27B/s]
GAP-web:   1%|          | 84557824/8300343137 [00:06<10:59, 12450921.44B/s]
GAP-web:   1%|          | 85819392/8300343137 [00:06<11:02, 12408211.25B/s]
GAP-web:   1%|          | 87097344/8300343137 [00:07<10:57, 12488887.33B/s]
GAP-web:   1%|          | 88358912/8300343137 [00:07<11:18, 12100190.23B/s]
GAP-web:   1%|          | 89587712/8300343137 [00:07<11:36, 11789287.64B/s]
GAP-web:   1%|          | 90882048/8300343137 [00:07<11:38, 11744941.57B/s]
GAP-web:   1%|          | 92241920/8300343137 [00:07<11:46, 11619936.51B/s]
GAP-web:   1%|          | 93618176/8300343137 [00:07<11:15, 12144447.57B/s]
GAP-web:   1%|          | 94846976/8300343137 [00:07<11:49, 11568809.49B/s]
GAP-web:   1%|          | 96026624/8300343137 [00:07<11:47, 11597284.17B/s]
GAP-web:   1%|          | 97206272/8300343137 [00:07<11:50, 11546912.90B/s]
GAP-web:   1%|          | 98451456/8300343137 [00:08<11:35, 11798581.46B/s]
GAP-web:   1%|          | 99647488/8300343137 [00:08<11:35, 11787521.93B/s]
GAP-web:   1%|          | 100843520/8300343137 [00:08<11:40, 11706763.96B/s]
GAP-web:   1%|          | 102023168/8300343137 [00:08<11:59, 11391297.53B/s]
GAP-web:   1%|          | 103366656/8300343137 [00:08<11:46, 11603992.35B/s]
GAP-web:   1%|▏         | 104808448/8300343137 [00:08<11:37, 11749664.13B/s]
GAP-web:   1%|▏         | 106266624/8300343137 [00:08<11:05, 12311870.99B/s]
GAP-web:   1%|▏         | 107511808/8300343137 [00:08<11:12, 12178826.39B/s]
GAP-web:   1%|▏         | 108740608/8300343137 [00:08<11:16, 12106158.29B/s]
GAP-web:   1%|▏         | 109953024/8300343137 [00:09<11:16, 12105142.49B/s]
GAP-web:   1%|▏         | 111181824/8300343137 [00:09<11:14, 12148332.65B/s]
GAP-web:   1%|▏         | 112410624/8300343137 [00:09<11:17, 12092716.35B/s]
GAP-web:   1%|▏         | 113786880/8300343137 [00:09<11:13, 12164198.72B/s]
GAP-web:   1%|▏         | 115326976/8300343137 [00:09<11:05, 12302165.80B/s]
GAP-web:   1%|▏         | 116883456/8300343137 [00:09<10:51, 12566787.25B/s]
GAP-web:   1%|▏         | 118456320/8300343137 [00:09<10:43, 12723323.30B/s]
GAP-web:   1%|▏         | 120045568/8300343137 [00:09<10:51, 12556263.44B/s]
GAP-web:   1%|▏         | 121651200/8300343137 [00:09<10:07, 13468902.21B/s]
GAP-web:   1%|▏         | 123011072/8300343137 [00:10<10:17, 13237203.38B/s]
GAP-web:   1%|▏         | 124354560/8300343137 [00:10<10:17, 13238621.30B/s]
GAP-web:   2%|▏         | 125698048/8300343137 [00:10<10:32, 12922602.37B/s]
GAP-web:   2%|▏         | 127008768/8300343137 [00:10<10:41, 12742246.42B/s]
GAP-web:   2%|▏         | 128483328/8300343137 [00:10<10:52, 12531191.96B/s]
GAP-web:   2%|▏         | 130072576/8300343137 [00:10<10:07, 13458475.70B/s]
GAP-web:   2%|▏         | 131432448/8300343137 [00:10<10:24, 13085519.09B/s]
GAP-web:   2%|▏         | 132759552/8300343137 [00:10<10:27, 13022914.52B/s]
GAP-web:   2%|▏         | 134070272/8300343137 [00:10<10:41, 12732357.26B/s]
GAP-web:   2%|▏         | 135577600/8300343137 [00:11<10:48, 12590005.79B/s]
GAP-web:   2%|▏         | 136953856/8300343137 [00:11<10:32, 12907239.57B/s]
GAP-web:   2%|▏         | 138264576/8300343137 [00:11<10:42, 12698219.92B/s]
GAP-web:   2%|▏         | 139542528/8300343137 [00:11<11:10, 12176508.00B/s]
GAP-web:   2%|▏         | 141049856/8300343137 [00:11<10:29, 12967941.74B/s]
GAP-web:   2%|▏         | 142360576/8300343137 [00:11<11:36, 11715298.32B/s]
GAP-web:   2%|▏         | 143572992/8300343137 [00:11<12:31, 10852676.07B/s]
GAP-web:   2%|▏         | 144736256/8300343137 [00:11<12:18, 11050502.13B/s]
GAP-web:   2%|▏         | 145866752/8300343137 [00:11<12:20, 11004751.72B/s]
GAP-web:   2%|▏         | 147275776/8300343137 [00:12<11:53, 11432653.16B/s]
GAP-web:   2%|▏         | 148783104/8300343137 [00:12<10:56, 12424685.91B/s]
GAP-web:   2%|▏         | 150044672/8300343137 [00:12<11:13, 12099882.06B/s]
GAP-web:   2%|▏         | 151273472/8300343137 [00:12<11:18, 12014798.40B/s]
GAP-web:   2%|▏         | 152485888/8300343137 [00:12<12:42, 10687676.50B/s]
GAP-web:   2%|▏         | 153583616/8300343137 [00:12<13:50, 9810439.97B/s] 
GAP-web:   2%|▏         | 154763264/8300343137 [00:12<13:12, 10280912.80B/s]
GAP-web:   2%|▏         | 155828224/8300343137 [00:12<13:19, 10191114.34B/s]
GAP-web:   2%|▏         | 157220864/8300343137 [00:12<12:07, 11197644.93B/s]
GAP-web:   2%|▏         | 158367744/8300343137 [00:13<15:04, 8999621.21B/s] 
GAP-web:   2%|▏         | 159350784/8300343137 [00:13<15:52, 8548375.17B/s]
GAP-web:   2%|▏         | 160579584/8300343137 [00:13<14:21, 9442902.88B/s]
GAP-web:   2%|▏         | 161972224/8300343137 [00:13<12:48, 10587660.44B/s]
GAP-web:   2%|▏         | 163201024/8300343137 [00:13<12:19, 11003412.89B/s]
GAP-web:   2%|▏         | 164347904/8300343137 [00:13<12:11, 11117043.78B/s]
GAP-web:   2%|▏         | 165494784/8300343137 [00:13<12:20, 10981210.95B/s]
GAP-web:   2%|▏         | 166969344/8300343137 [00:13<11:15, 12040892.62B/s]
GAP-web:   2%|▏         | 168198144/8300343137 [00:13<11:38, 11640660.64B/s]
GAP-web:   2%|▏         | 169394176/8300343137 [00:14<12:02, 11252320.28B/s]
GAP-web:   2%|▏         | 170573824/8300343137 [00:14<12:02, 11250024.74B/s]
GAP-web:   2%|▏         | 171966464/8300343137 [00:14<11:18, 11974012.44B/s]
GAP-web:   2%|▏         | 173178880/8300343137 [00:14<11:36, 11673410.91B/s]
GAP-web:   2%|▏         | 174374912/8300343137 [00:14<11:31, 11743027.41B/s]
GAP-web:   2%|▏         | 175898624/8300343137 [00:14<10:37, 12751685.75B/s]
GAP-web:   2%|▏         | 177192960/8300343137 [00:14<10:54, 12420443.02B/s]
GAP-web:   2%|▏         | 178454528/8300343137 [00:14<11:12, 12078139.10B/s]
GAP-web:   2%|▏         | 179798016/8300343137 [00:14<11:23, 11885079.95B/s]
GAP-web:   2%|▏         | 181288960/8300343137 [00:15<10:40, 12678940.94B/s]
GAP-web:   2%|▏         | 182566912/8300343137 [00:15<10:53, 12419508.44B/s]
GAP-web:   2%|▏         | 183828480/8300343137 [00:15<11:01, 12264790.87B/s]
GAP-web:   2%|▏         | 185270272/8300343137 [00:15<10:30, 12873480.37B/s]
GAP-web:   2%|▏         | 186564608/8300343137 [00:15<10:55, 12379478.13B/s]
GAP-web:   2%|▏         | 187809792/8300343137 [00:15<11:15, 12014516.62B/s]
GAP-web:   2%|▏         | 189366272/8300343137 [00:15<10:57, 12331164.05B/s]
GAP-web:   2%|▏         | 190971904/8300343137 [00:15<10:07, 13347375.63B/s]
GAP-web:   2%|▏         | 192331776/8300343137 [00:15<10:30, 12860808.19B/s]
GAP-web:   2%|▏         | 193642496/8300343137 [00:16<10:47, 12515848.97B/s]
GAP-web:   2%|▏         | 195182592/8300343137 [00:16<10:09, 13288083.72B/s]
GAP-web:   2%|▏         | 196526080/8300343137 [00:16<10:36, 12722735.64B/s]
GAP-web:   2%|▏         | 197820416/8300343137 [00:16<10:50, 12446415.05B/s]
GAP-web:   2%|▏         | 199327744/8300343137 [00:16<10:14, 13175115.53B/s]
GAP-web:   2%|▏         | 200671232/8300343137 [00:16<10:38, 12689276.06B/s]
GAP-web:   2%|▏         | 201965568/8300343137 [00:16<11:09, 12091732.19B/s]
GAP-web:   2%|▏         | 203571200/8300343137 [00:16<10:15, 13153147.01B/s]
GAP-web:   2%|▏         | 204914688/8300343137 [00:16<10:17, 13107210.59B/s]
GAP-web:   2%|▏         | 206241792/8300343137 [00:16<10:21, 13017976.16B/s]
GAP-web:   3%|▎         | 207831040/8300343137 [00:17<09:45, 13819790.41B/s]
GAP-web:   3%|▎         | 209223680/8300343137 [00:17<09:45, 13826310.25B/s]
GAP-web:   3%|▎         | 210616320/8300343137 [00:17<10:00, 13460842.15B/s]
GAP-web:   3%|▎         | 212254720/8300343137 [00:17<09:26, 14282097.52B/s]
GAP-web:   3%|▎         | 213696512/8300343137 [00:17<09:39, 13952342.98B/s]
GAP-web:   3%|▎         | 215105536/8300343137 [00:17<10:02, 13419697.61B/s]
GAP-web:   3%|▎         | 216629248/8300343137 [00:17<09:45, 13807175.50B/s]
GAP-web:   3%|▎         | 218300416/8300343137 [00:17<09:13, 14597143.43B/s]
GAP-web:   3%|▎         | 219774976/8300343137 [00:17<09:23, 14330701.44B/s]
GAP-web:   3%|▎         | 221216768/8300343137 [00:18<09:33, 14080782.75B/s]
GAP-web:   3%|▎         | 222887936/8300343137 [00:18<09:05, 14804602.99B/s]
GAP-web:   3%|▎         | 224378880/8300343137 [00:18<09:27, 14242088.05B/s]
GAP-web:   3%|▎         | 225820672/8300343137 [00:18<09:46, 13772910.20B/s]
GAP-web:   3%|▎         | 227459072/8300343137 [00:18<09:17, 14475639.37B/s]
GAP-web:   3%|▎         | 228917248/8300343137 [00:18<09:44, 13809323.18B/s]
GAP-web:   3%|▎         | 230309888/8300343137 [00:18<10:03, 13373880.99B/s]
GAP-web:   3%|▎         | 231849984/8300343137 [00:18<09:38, 13937857.03B/s]
GAP-web:   3%|▎         | 233259008/8300343137 [00:18<09:49, 13684973.48B/s]
GAP-web:   3%|▎         | 234635264/8300343137 [00:19<10:05, 13329157.29B/s]
GAP-web:   3%|▎         | 236257280/8300343137 [00:19<09:31, 14113559.91B/s]
GAP-web:   3%|▎         | 237682688/8300343137 [00:19<10:02, 13376574.48B/s]
GAP-web:   3%|▎         | 239042560/8300343137 [00:19<10:20, 12997050.00B/s]
GAP-web:   3%|▎         | 240664576/8300343137 [00:19<09:40, 13884120.05B/s]
GAP-web:   3%|▎         | 242073600/8300343137 [00:19<09:58, 13470523.90B/s]
GAP-web:   3%|▎         | 243597312/8300343137 [00:19<10:03, 13358620.64B/s]
GAP-web:   3%|▎         | 245104640/8300343137 [00:19<09:43, 13810747.41B/s]
GAP-web:   3%|▎         | 246497280/8300343137 [00:19<09:56, 13504501.88B/s]
GAP-web:   3%|▎         | 248102912/8300343137 [00:20<09:27, 14184446.74B/s]
GAP-web:   3%|▎         | 249544704/8300343137 [00:20<09:46, 13726564.64B/s]
GAP-web:   3%|▎         | 250937344/8300343137 [00:20<10:02, 13365118.09B/s]
GAP-web:   3%|▎         | 252477440/8300343137 [00:20<09:38, 13903328.20B/s]
GAP-web:   3%|▎         | 253886464/8300343137 [00:20<10:16, 13061173.60B/s]
GAP-web:   3%|▎         | 255213568/8300343137 [00:20<10:44, 12487715.56B/s]
GAP-web:   3%|▎         | 256770048/8300343137 [00:20<10:04, 13297413.10B/s]
GAP-web:   3%|▎         | 258129920/8300343137 [00:20<10:07, 13233564.01B/s]
GAP-web:   3%|▎         | 259735552/8300343137 [00:20<09:59, 13402405.32B/s]
GAP-web:   3%|▎         | 261242880/8300343137 [00:20<09:41, 13831829.69B/s]
GAP-web:   3%|▎         | 262635520/8300343137 [00:21<10:10, 13156186.49B/s]
GAP-web:   3%|▎         | 264077312/8300343137 [00:21<09:55, 13501446.44B/s]
GAP-web:   3%|▎         | 265437184/8300343137 [00:21<10:30, 12747764.46B/s]
GAP-web:   3%|▎         | 266731520/8300343137 [00:21<10:48, 12395245.08B/s]
GAP-web:   3%|▎         | 268238848/8300343137 [00:21<10:11, 13125800.80B/s]
GAP-web:   3%|▎         | 269565952/8300343137 [00:21<10:30, 12732747.99B/s]
GAP-web:   3%|▎         | 271089664/8300343137 [00:21<09:57, 13430096.69B/s]
GAP-web:   3%|▎         | 272449536/8300343137 [00:21<10:31, 12721277.19B/s]
GAP-web:   3%|▎         | 273743872/8300343137 [00:21<10:42, 12493465.24B/s]
GAP-web:   3%|▎         | 275300352/8300343137 [00:22<10:03, 13306795.03B/s]
GAP-web:   3%|▎         | 276643840/8300343137 [00:22<10:33, 12667184.23B/s]
GAP-web:   3%|▎         | 277970944/8300343137 [00:22<10:55, 12244801.37B/s]
GAP-web:   3%|▎         | 279216128/8300343137 [00:22<11:47, 11332417.87B/s]
GAP-web:   3%|▎         | 280379392/8300343137 [00:22<12:32, 10661149.08B/s]
GAP-web:   3%|▎         | 281542656/8300343137 [00:22<12:16, 10891248.35B/s]
GAP-web:   3%|▎         | 282787840/8300343137 [00:22<11:50, 11286427.76B/s]
GAP-web:   3%|▎         | 283934720/8300343137 [00:22<12:02, 11092152.87B/s]
GAP-web:   3%|▎         | 285130752/8300343137 [00:22<11:51, 11265893.95B/s]
GAP-web:   3%|▎         | 286277632/8300343137 [00:23<12:04, 11063632.72B/s]
GAP-web:   3%|▎         | 287391744/8300343137 [00:23<12:23, 10780168.88B/s]
GAP-web:   3%|▎         | 288489472/8300343137 [00:23<12:25, 10742597.39B/s]
GAP-web:   3%|▎         | 289619968/8300343137 [00:23<12:16, 10876108.68B/s]
GAP-web:   4%|▎         | 290816000/8300343137 [00:23<11:55, 11186762.17B/s]
GAP-web:   4%|▎         | 291979264/8300343137 [00:23<11:49, 11290561.53B/s]
GAP-web:   4%|▎         | 293126144/8300343137 [00:23<11:51, 11256854.51B/s]
GAP-web:   4%|▎         | 294256640/8300343137 [00:23<11:52, 11236039.07B/s]
GAP-web:   4%|▎         | 295387136/8300343137 [00:23<11:52, 11227183.04B/s]
GAP-web:   4%|▎         | 296517632/8300343137 [00:24<11:51, 11246200.77B/s]
GAP-web:   4%|▎         | 297648128/8300343137 [00:24<11:54, 11202634.16B/s]
GAP-web:   4%|▎         | 298844160/8300343137 [00:24<11:50, 11268547.31B/s]
GAP-web:   4%|▎         | 300105728/8300343137 [00:24<11:45, 11345748.56B/s]
GAP-web:   4%|▎         | 301350912/8300343137 [00:24<11:49, 11274693.03B/s]
GAP-web:   4%|▎         | 302628864/8300343137 [00:24<11:45, 11343121.95B/s]
GAP-web:   4%|▎         | 303890432/8300343137 [00:24<11:43, 11363413.37B/s]
GAP-web:   4%|▎         | 305168384/8300343137 [00:24<11:38, 11452342.77B/s]
GAP-web:   4%|▎         | 306462720/8300343137 [00:24<11:30, 11580002.96B/s]
GAP-web:   4%|▎         | 307757056/8300343137 [00:25<11:34, 11512036.44B/s]
GAP-web:   4%|▎         | 309051392/8300343137 [00:25<11:26, 11645004.47B/s]
GAP-web:   4%|▎         | 310362112/8300343137 [00:25<11:33, 11516494.79B/s]
GAP-web:   4%|▍         | 311656448/8300343137 [00:25<11:26, 11643552.42B/s]
GAP-web:   4%|▍         | 312983552/8300343137 [00:25<11:28, 11605461.49B/s]
GAP-web:   4%|▍         | 314294272/8300343137 [00:25<11:23, 11680153.01B/s]
GAP-web:   4%|▍         | 315604992/8300343137 [00:25<11:43, 11350367.65B/s]
GAP-web:   4%|▍         | 316932096/8300343137 [00:25<11:44, 11338549.43B/s]
GAP-web:   4%|▍         | 318242816/8300343137 [00:25<11:41, 11386000.88B/s]
GAP-web:   4%|▍         | 319569920/8300343137 [00:26<11:34, 11487196.04B/s]
GAP-web:   4%|▍         | 320897024/8300343137 [00:26<11:16, 11795600.39B/s]
GAP-web:   4%|▍         | 322240512/8300343137 [00:26<11:05, 11983165.18B/s]
GAP-web:   4%|▍         | 323633152/8300343137 [00:26<11:00, 12085126.14B/s]
GAP-web:   4%|▍         | 324960256/8300343137 [00:26<10:54, 12184905.16B/s]
GAP-web:   4%|▍         | 326303744/8300343137 [00:26<10:57, 12126021.47B/s]
GAP-web:   4%|▍         | 327647232/8300343137 [00:26<11:28, 11572166.96B/s]
GAP-web:   4%|▍         | 328990720/8300343137 [00:26<11:20, 11708956.74B/s]
GAP-web:   4%|▍         | 330350592/8300343137 [00:26<11:19, 11732675.18B/s]
GAP-web:   4%|▍         | 331743232/8300343137 [00:27<10:58, 12109186.40B/s]
GAP-web:   4%|▍         | 333185024/8300343137 [00:27<10:26, 12716586.82B/s]
GAP-web:   4%|▍         | 334544896/8300343137 [00:27<10:14, 12959271.58B/s]
GAP-web:   4%|▍         | 335855616/8300343137 [00:27<10:13, 12972540.64B/s]
GAP-web:   4%|▍         | 337166336/8300343137 [00:27<10:37, 12487040.48B/s]
GAP-web:   4%|▍         | 338493440/8300343137 [00:27<10:59, 12068846.12B/s]
GAP-web:   4%|▍         | 339755008/8300343137 [00:27<10:53, 12176293.23B/s]
GAP-web:   4%|▍         | 340983808/8300343137 [00:27<11:13, 11817597.29B/s]
GAP-web:   4%|▍         | 342179840/8300343137 [00:27<11:26, 11590513.92B/s]
GAP-web:   4%|▍         | 343343104/8300343137 [00:28<11:55, 11125250.05B/s]
GAP-web:   4%|▍         | 344473600/8300343137 [00:28<11:57, 11086707.32B/s]
GAP-web:   4%|▍         | 345636864/8300343137 [00:28<11:49, 11204430.39B/s]
GAP-web:   4%|▍         | 346783744/8300343137 [00:28<11:45, 11279332.96B/s]
GAP-web:   4%|▍         | 348028928/8300343137 [00:28<11:37, 11397486.85B/s]
GAP-web:   4%|▍         | 349388800/8300343137 [00:28<11:05, 11952354.40B/s]
GAP-web:   4%|▍         | 350765056/8300343137 [00:28<11:29, 11536411.61B/s]
GAP-web:   4%|▍         | 352124928/8300343137 [00:28<11:27, 11561442.28B/s]
GAP-web:   4%|▍         | 353386496/8300343137 [00:28<11:13, 11808085.89B/s]
GAP-web:   4%|▍         | 354582528/8300343137 [00:28<11:47, 11236633.87B/s]
GAP-web:   4%|▍         | 355729408/8300343137 [00:29<11:46, 11247904.32B/s]
GAP-web:   4%|▍         | 356941824/8300343137 [00:29<11:32, 11462389.27B/s]
GAP-web:   4%|▍         | 358137856/8300343137 [00:29<11:25, 11584555.62B/s]
GAP-web:   4%|▍         | 359448576/8300343137 [00:29<11:01, 12011367.68B/s]
GAP-web:   4%|▍         | 360775680/8300343137 [00:29<10:41, 12379489.35B/s]
GAP-web:   4%|▍         | 362070016/8300343137 [00:29<10:33, 12521313.23B/s]
GAP-web:   4%|▍         | 363331584/8300343137 [00:29<10:39, 12414064.42B/s]
GAP-web:   4%|▍         | 364576768/8300343137 [00:29<10:39, 12406706.45B/s]
GAP-web:   4%|▍         | 365821952/8300343137 [00:29<10:47, 12252232.25B/s]
GAP-web:   4%|▍         | 367116288/8300343137 [00:30<10:53, 12142738.30B/s]
GAP-web:   4%|▍         | 368476160/8300343137 [00:30<10:52, 12164583.03B/s]
GAP-web:   4%|▍         | 369868800/8300343137 [00:30<10:58, 12037965.30B/s]
GAP-web:   4%|▍         | 371228672/8300343137 [00:30<10:56, 12083016.23B/s]
GAP-web:   4%|▍         | 372588544/8300343137 [00:30<10:50, 12185481.79B/s]
GAP-web:   5%|▍         | 373948416/8300343137 [00:30<10:37, 12438573.70B/s]
GAP-web:   5%|▍         | 375324672/8300343137 [00:30<10:22, 12724891.77B/s]
GAP-web:   5%|▍         | 376717312/8300343137 [00:30<10:19, 12787931.77B/s]
GAP-web:   5%|▍         | 378077184/8300343137 [00:30<10:22, 12727200.54B/s]
GAP-web:   5%|▍         | 379437056/8300343137 [00:30<10:30, 12554510.27B/s]
GAP-web:   5%|▍         | 380796928/8300343137 [00:31<10:41, 12347773.03B/s]
GAP-web:   5%|▍         | 382156800/8300343137 [00:31<10:46, 12248717.46B/s]
GAP-web:   5%|▍         | 383516672/8300343137 [00:31<10:35, 12467393.14B/s]
GAP-web:   5%|▍         | 384892928/8300343137 [00:31<10:35, 12448548.36B/s]
GAP-web:   5%|▍         | 386252800/8300343137 [00:31<10:35, 12450964.60B/s]
GAP-web:   5%|▍         | 387629056/8300343137 [00:31<10:25, 12648142.53B/s]
GAP-web:   5%|▍         | 389054464/8300343137 [00:31<10:32, 12504076.25B/s]
GAP-web:   5%|▍         | 390414336/8300343137 [00:31<10:22, 12711223.26B/s]
GAP-web:   5%|▍         | 391806976/8300343137 [00:31<10:21, 12722727.00B/s]
GAP-web:   5%|▍         | 393183232/8300343137 [00:32<10:26, 12628078.63B/s]
GAP-web:   5%|▍         | 394543104/8300343137 [00:32<10:29, 12567054.59B/s]
GAP-web:   5%|▍         | 395902976/8300343137 [00:32<10:32, 12498906.22B/s]
GAP-web:   5%|▍         | 397279232/8300343137 [00:32<10:29, 12563550.20B/s]
GAP-web:   5%|▍         | 398639104/8300343137 [00:32<10:20, 12726247.63B/s]
GAP-web:   5%|▍         | 399982592/8300343137 [00:32<10:13, 12882037.31B/s]
GAP-web:   5%|▍         | 401276928/8300343137 [00:32<10:53, 12083927.41B/s]
GAP-web:   5%|▍         | 402505728/8300343137 [00:32<10:58, 11994383.60B/s]
GAP-web:   5%|▍         | 403718144/8300343137 [00:32<11:09, 11796795.75B/s]
GAP-web:   5%|▍         | 404914176/8300343137 [00:33<11:16, 11675039.88B/s]
GAP-web:   5%|▍         | 406093824/8300343137 [00:33<11:36, 11330697.09B/s]
GAP-web:   5%|▍         | 407240704/8300343137 [00:33<12:08, 10836171.56B/s]
GAP-web:   5%|▍         | 408338432/8300343137 [00:33<12:38, 10410579.80B/s]
GAP-web:   5%|▍         | 409714688/8300343137 [00:33<12:29, 10528828.04B/s]
GAP-web:   5%|▍         | 411107328/8300343137 [00:33<12:16, 10705389.73B/s]
GAP-web:   5%|▍         | 412499968/8300343137 [00:33<12:14, 10732381.40B/s]
GAP-web:   5%|▍         | 413892608/8300343137 [00:33<12:07, 10847251.37B/s]
GAP-web:   5%|▌         | 415252480/8300343137 [00:34<11:23, 11539419.66B/s]
GAP-web:   5%|▌         | 416432128/8300343137 [00:34<11:35, 11331673.28B/s]
GAP-web:   5%|▌         | 417579008/8300343137 [00:34<11:53, 11044430.44B/s]
GAP-web:   5%|▌         | 418693120/8300343137 [00:34<12:18, 10676121.64B/s]
GAP-web:   5%|▌         | 419889152/8300343137 [00:34<11:58, 10964925.22B/s]
GAP-web:   5%|▌         | 421003264/8300343137 [00:34<12:04, 10882000.42B/s]
GAP-web:   5%|▌         | 422330368/8300343137 [00:34<11:21, 11555983.57B/s]
GAP-web:   5%|▌         | 423493632/8300343137 [00:34<11:28, 11441988.75B/s]
GAP-web:   5%|▌         | 424656896/8300343137 [00:34<11:25, 11495527.43B/s]
GAP-web:   5%|▌         | 425820160/8300343137 [00:34<11:24, 11502407.79B/s]
GAP-web:   5%|▌         | 426983424/8300343137 [00:35<11:50, 11083813.53B/s]
GAP-web:   5%|▌         | 428130304/8300343137 [00:35<12:00, 10930033.94B/s]
GAP-web:   5%|▌         | 429572096/8300343137 [00:35<11:02, 11881723.17B/s]
GAP-web:   5%|▌         | 430768128/8300343137 [00:35<11:13, 11679045.78B/s]
GAP-web:   5%|▌         | 431947776/8300343137 [00:35<11:37, 11274492.43B/s]
GAP-web:   5%|▌         | 433094656/8300343137 [00:35<11:35, 11311283.76B/s]
GAP-web:   5%|▌         | 434241536/8300343137 [00:35<11:37, 11272016.53B/s]
GAP-web:   5%|▌         | 435503104/8300343137 [00:35<11:15, 11651287.47B/s]
GAP-web:   5%|▌         | 436879360/8300343137 [00:35<10:43, 12219271.96B/s]
GAP-web:   5%|▌         | 438108160/8300343137 [00:36<11:12, 11689432.99B/s]
GAP-web:   5%|▌         | 439287808/8300343137 [00:36<11:15, 11639744.78B/s]
GAP-web:   5%|▌         | 440467456/8300343137 [00:36<11:16, 11622369.71B/s]
GAP-web:   5%|▌         | 441729024/8300343137 [00:36<11:01, 11877422.39B/s]
GAP-web:   5%|▌         | 442990592/8300343137 [00:36<10:52, 12032969.99B/s]
GAP-web:   5%|▌         | 444497920/8300343137 [00:36<10:29, 12488589.45B/s]
GAP-web:   5%|▌         | 445988864/8300343137 [00:36<09:56, 13174022.00B/s]
GAP-web:   5%|▌         | 447315968/8300343137 [00:36<10:18, 12694196.42B/s]
GAP-web:   5%|▌         | 448593920/8300343137 [00:36<10:33, 12400179.47B/s]
GAP-web:   5%|▌         | 449839104/8300343137 [00:36<10:57, 11934972.34B/s]
GAP-web:   5%|▌         | 451051520/8300343137 [00:37<10:58, 11923374.44B/s]
GAP-web:   5%|▌         | 452378624/8300343137 [00:37<10:40, 12258796.35B/s]
GAP-web:   5%|▌         | 453804032/8300343137 [00:37<10:25, 12548009.31B/s]
GAP-web:   5%|▌         | 455180288/8300343137 [00:37<10:10, 12853090.04B/s]
GAP-web:   5%|▌         | 456474624/8300343137 [00:37<10:59, 11886213.86B/s]
GAP-web:   6%|▌         | 457687040/8300343137 [00:37<11:18, 11557333.48B/s]
GAP-web:   6%|▌         | 458866688/8300343137 [00:37<11:24, 11450939.41B/s]
GAP-web:   6%|▌         | 460259328/8300343137 [00:37<11:32, 11323268.44B/s]
GAP-web:   6%|▌         | 461733888/8300343137 [00:37<10:41, 12226358.92B/s]
GAP-web:   6%|▌         | 462979072/8300343137 [00:38<10:58, 11895712.98B/s]
GAP-web:   6%|▌         | 464191488/8300343137 [00:38<11:12, 11657703.33B/s]
GAP-web:   6%|▌         | 465420288/8300343137 [00:38<11:02, 11825452.17B/s]
GAP-web:   6%|▌         | 466894848/8300343137 [00:38<10:20, 12628023.88B/s]
GAP-web:   6%|▌         | 468172800/8300343137 [00:38<10:39, 12242834.31B/s]
GAP-web:   6%|▌         | 469417984/8300343137 [00:38<10:40, 12219990.07B/s]
GAP-web:   6%|▌         | 470646784/8300343137 [00:38<10:54, 11957773.01B/s]
GAP-web:   6%|▌         | 472137728/8300343137 [00:38<10:12, 12786458.72B/s]
GAP-web:   6%|▌         | 473432064/8300343137 [00:38<10:28, 12453050.54B/s]
GAP-web:   6%|▌         | 474693632/8300343137 [00:39<10:44, 12145301.13B/s]
GAP-web:   6%|▌         | 475922432/8300343137 [00:39<10:49, 12041491.39B/s]
GAP-web:   6%|▌         | 477478912/8300343137 [00:39<10:00, 13035418.01B/s]
GAP-web:   6%|▌         | 478789632/8300343137 [00:39<10:09, 12825677.29B/s]
GAP-web:   6%|▌         | 480083968/8300343137 [00:39<10:14, 12729019.00B/s]
GAP-web:   6%|▌         | 481361920/8300343137 [00:39<10:20, 12602976.51B/s]
GAP-web:   6%|▌         | 482787328/8300343137 [00:39<09:59, 13029416.42B/s]
GAP-web:   6%|▌         | 484098048/8300343137 [00:39<10:13, 12743549.60B/s]
GAP-web:   6%|▌         | 485376000/8300343137 [00:39<10:19, 12607321.28B/s]
GAP-web:   6%|▌         | 486965248/8300343137 [00:39<09:37, 13525568.24B/s]
GAP-web:   6%|▌         | 488325120/8300343137 [00:40<09:56, 13102763.29B/s]
GAP-web:   6%|▌         | 489652224/8300343137 [00:40<10:19, 12616846.01B/s]
GAP-web:   6%|▌         | 490930176/8300343137 [00:40<10:47, 12054950.13B/s]
GAP-web:   6%|▌         | 492470272/8300343137 [00:40<10:03, 12939938.79B/s]
GAP-web:   6%|▌         | 493780992/8300343137 [00:40<10:22, 12542528.96B/s]
GAP-web:   6%|▌         | 495058944/8300343137 [00:40<10:42, 12151486.08B/s]
GAP-web:   6%|▌         | 496582656/8300343137 [00:40<10:00, 13004039.24B/s]
GAP-web:   6%|▌         | 497909760/8300343137 [00:40<10:21, 12562449.09B/s]
GAP-web:   6%|▌         | 499187712/8300343137 [00:40<10:39, 12195830.51B/s]
GAP-web:   6%|▌         | 500416512/8300343137 [00:41<11:39, 11157458.90B/s]
GAP-web:   6%|▌         | 501563392/8300343137 [00:41<13:28, 9650221.66B/s] 
GAP-web:   6%|▌         | 502579200/8300343137 [00:41<13:45, 9441953.53B/s]
GAP-web:   6%|▌         | 503562240/8300343137 [00:41<15:02, 8635032.39B/s]
GAP-web:   6%|▌         | 504463360/8300343137 [00:41<14:59, 8663765.20B/s]
GAP-web:   6%|▌         | 505364480/8300343137 [00:41<14:56, 8690451.50B/s]
GAP-web:   6%|▌         | 506249216/8300343137 [00:41<15:43, 8257697.21B/s]
GAP-web:   6%|▌         | 507166720/8300343137 [00:41<15:21, 8460694.36B/s]
GAP-web:   6%|▌         | 508035072/8300343137 [00:42<15:39, 8290346.63B/s]
GAP-web:   6%|▌         | 509362176/8300343137 [00:42<13:27, 9652159.76B/s]
GAP-web:   6%|▌         | 510377984/8300343137 [00:42<13:15, 9793299.63B/s]
GAP-web:   6%|▌         | 511705088/8300343137 [00:42<12:04, 10752095.21B/s]
GAP-web:   6%|▌         | 512802816/8300343137 [00:42<12:27, 10424294.70B/s]
GAP-web:   6%|▌         | 514097152/8300343137 [00:42<11:38, 11139556.64B/s]
GAP-web:   6%|▌         | 515227648/8300343137 [00:42<11:54, 10889325.51B/s]
GAP-web:   6%|▌         | 516521984/8300343137 [00:42<11:19, 11461427.65B/s]
GAP-web:   6%|▌         | 517849088/8300343137 [00:42<11:29, 11287467.58B/s]
GAP-web:   6%|▋         | 519192576/8300343137 [00:43<10:54, 11887941.77B/s]
GAP-web:   6%|▋         | 520486912/8300343137 [00:43<10:39, 12173026.53B/s]
GAP-web:   6%|▋         | 521715712/8300343137 [00:43<11:03, 11716052.73B/s]
GAP-web:   6%|▋         | 523042816/8300343137 [00:43<10:42, 12110353.58B/s]
GAP-web:   6%|▋         | 524271616/8300343137 [00:43<11:01, 11754220.11B/s]
GAP-web:   6%|▋         | 525582336/8300343137 [00:43<10:42, 12102710.19B/s]
GAP-web:   6%|▋         | 526811136/8300343137 [00:43<11:13, 11541205.47B/s]
GAP-web:   6%|▋         | 528121856/8300343137 [00:43<10:51, 11929669.67B/s]
GAP-web:   6%|▋         | 529334272/8300343137 [00:43<11:07, 11645488.55B/s]
GAP-web:   6%|▋         | 530628608/8300343137 [00:43<10:47, 11990544.46B/s]
GAP-web:   6%|▋         | 531857408/8300343137 [00:44<10:45, 12037366.64B/s]
GAP-web:   6%|▋         | 533069824/8300343137 [00:44<11:08, 11613620.23B/s]
GAP-web:   6%|▋         | 534249472/8300343137 [00:44<18:38, 6941358.06B/s] 
GAP-web:   6%|▋         | 535183360/8300343137 [00:44<21:30, 6018374.35B/s]
GAP-web:   6%|▋         | 535969792/8300343137 [00:44<20:37, 6275182.42B/s]
GAP-web:   6%|▋         | 536756224/8300343137 [00:44<20:18, 6373678.97B/s]
GAP-web:   6%|▋         | 537690112/8300343137 [00:45<18:26, 7015306.40B/s]
GAP-web:   6%|▋         | 539000832/8300343137 [00:45<15:17, 8462817.96B/s]
GAP-web:   7%|▋         | 539983872/8300343137 [00:45<14:41, 8807295.67B/s]
GAP-web:   7%|▋         | 541343744/8300343137 [00:45<12:51, 10060628.33B/s]
GAP-web:   7%|▋         | 542425088/8300343137 [00:45<12:54, 10018980.22B/s]
GAP-web:   7%|▋         | 543784960/8300343137 [00:45<11:47, 10970072.01B/s]
GAP-web:   7%|▋         | 544931840/8300343137 [00:45<12:03, 10714379.35B/s]
GAP-web:   7%|▋         | 546062336/8300343137 [00:45<12:13, 10566466.20B/s]
GAP-web:   7%|▋         | 547389440/8300343137 [00:45<11:26, 11296059.55B/s]
GAP-web:   7%|▋         | 548552704/8300343137 [00:46<11:40, 11072859.96B/s]
GAP-web:   7%|▋         | 549879808/8300343137 [00:46<11:02, 11693208.02B/s]
GAP-web:   7%|▋         | 551075840/8300343137 [00:46<11:32, 11187380.11B/s]
GAP-web:   7%|▋         | 552419328/8300343137 [00:46<10:57, 11777010.10B/s]
GAP-web:   7%|▋         | 553615360/8300343137 [00:46<12:54, 10007294.57B/s]
GAP-web:   7%|▋         | 554680320/8300343137 [00:46<12:58, 9949487.41B/s] 
GAP-web:   7%|▋         | 555925504/8300343137 [00:46<12:38, 10213446.92B/s]
GAP-web:   7%|▋         | 557268992/8300343137 [00:46<11:44, 10986837.46B/s]
GAP-web:   7%|▋         | 558399488/8300343137 [00:46<11:56, 10806198.79B/s]
GAP-web:   7%|▋         | 559513600/8300343137 [00:47<12:05, 10671275.34B/s]
GAP-web:   7%|▋         | 560857088/8300343137 [00:47<11:17, 11418686.06B/s]
GAP-web:   7%|▋         | 562020352/8300343137 [00:47<11:43, 10992313.40B/s]
GAP-web:   7%|▋         | 563134464/8300343137 [00:47<12:13, 10547807.97B/s]
GAP-web:   7%|▋         | 564510720/8300343137 [00:47<11:16, 11427475.78B/s]
GAP-web:   7%|▋         | 565673984/8300343137 [00:47<11:27, 11248515.88B/s]
GAP-web:   7%|▋         | 566820864/8300343137 [00:47<11:27, 11246066.67B/s]
GAP-web:   7%|▋         | 568229888/8300343137 [00:47<10:41, 12052995.26B/s]
GAP-web:   7%|▋         | 569458688/8300343137 [00:47<11:05, 11622839.88B/s]
GAP-web:   7%|▋         | 570638336/8300343137 [00:48<11:28, 11224015.81B/s]
GAP-web:   7%|▋         | 571998208/8300343137 [00:48<11:36, 11099637.64B/s]
GAP-web:   7%|▋         | 573276160/8300343137 [00:48<11:08, 11552933.65B/s]
GAP-web:   7%|▋         | 574455808/8300343137 [00:48<11:34, 11123577.41B/s]
GAP-web:   7%|▋         | 575733760/8300343137 [00:48<11:50, 10866643.82B/s]
GAP-web:   7%|▋         | 577093632/8300343137 [00:48<11:07, 11574092.93B/s]
GAP-web:   7%|▋         | 578273280/8300343137 [00:48<11:33, 11139990.58B/s]
GAP-web:   7%|▋         | 579534848/8300343137 [00:48<11:48, 10893188.83B/s]
GAP-web:   7%|▋         | 580861952/8300343137 [00:48<11:09, 11523627.33B/s]
GAP-web:   7%|▋         | 582041600/8300343137 [00:49<11:31, 11158574.97B/s]
GAP-web:   7%|▋         | 583335936/8300343137 [00:49<11:46, 10916923.88B/s]
GAP-web:   7%|▋         | 584679424/8300343137 [00:49<11:05, 11590926.38B/s]
GAP-web:   7%|▋         | 585859072/8300343137 [00:49<11:32, 11139729.92B/s]
GAP-web:   7%|▋         | 587104256/8300343137 [00:49<11:10, 11499352.57B/s]
GAP-web:   7%|▋         | 588267520/8300343137 [00:49<11:38, 11034651.33B/s]
GAP-web:   7%|▋         | 589381632/8300343137 [00:49<12:10, 10553754.11B/s]
GAP-web:   7%|▋         | 590823424/8300343137 [00:49<11:03, 11610730.38B/s]
GAP-web:   7%|▋         | 592003072/8300343137 [00:49<11:13, 11438287.77B/s]
GAP-web:   7%|▋         | 593166336/8300343137 [00:50<11:26, 11224136.42B/s]
GAP-web:   7%|▋         | 594329600/8300343137 [00:50<11:20, 11325494.93B/s]
GAP-web:   7%|▋         | 595476480/8300343137 [00:50<11:46, 10911816.11B/s]
GAP-web:   7%|▋         | 596754432/8300343137 [00:50<11:14, 11412950.12B/s]
GAP-web:   7%|▋         | 597917696/8300343137 [00:50<11:54, 10774451.03B/s]
GAP-web:   7%|▋         | 599064576/8300343137 [00:50<12:38, 10157167.33B/s]
GAP-web:   7%|▋         | 600145920/8300343137 [00:50<12:26, 10320130.05B/s]
GAP-web:   7%|▋         | 601194496/8300343137 [00:50<12:42, 10095363.98B/s]
GAP-web:   7%|▋         | 602324992/8300343137 [00:50<12:20, 10399545.24B/s]
GAP-web:   7%|▋         | 603373568/8300343137 [00:51<12:51, 9976733.85B/s] 
GAP-web:   7%|▋         | 604471296/8300343137 [00:51<12:32, 10226553.39B/s]
GAP-web:   7%|▋         | 605503488/8300343137 [00:51<12:42, 10086447.17B/s]
GAP-web:   7%|▋         | 606797824/8300343137 [00:51<11:45, 10899896.33B/s]
GAP-web:   7%|▋         | 607895552/8300343137 [00:51<11:46, 10885076.02B/s]
GAP-web:   7%|▋         | 609058816/8300343137 [00:51<12:12, 10493188.88B/s]
GAP-web:   7%|▋         | 610500608/8300343137 [00:51<11:03, 11586884.89B/s]
GAP-web:   7%|▋         | 611680256/8300343137 [00:51<11:09, 11483514.95B/s]
GAP-web:   7%|▋         | 612892672/8300343137 [00:51<11:01, 11616871.95B/s]
GAP-web:   7%|▋         | 614072320/8300343137 [00:51<11:21, 11282974.53B/s]
GAP-web:   7%|▋         | 615219200/8300343137 [00:52<11:29, 11141163.61B/s]
GAP-web:   7%|▋         | 616726528/8300343137 [00:52<10:29, 12202617.74B/s]
GAP-web:   7%|▋         | 617955328/8300343137 [00:52<10:55, 11717207.64B/s]
GAP-web:   7%|▋         | 619167744/8300343137 [00:52<11:03, 11580540.11B/s]
GAP-web:   7%|▋         | 620625920/8300343137 [00:52<10:19, 12396912.76B/s]
GAP-web:   7%|▋         | 621887488/8300343137 [00:52<10:59, 11639237.38B/s]
GAP-web:   8%|▊         | 623149056/8300343137 [00:52<10:44, 11902957.00B/s]
GAP-web:   8%|▊         | 624361472/8300343137 [00:52<11:55, 10735567.23B/s]
GAP-web:   8%|▊         | 625475584/8300343137 [00:52<12:21, 10347563.23B/s]
GAP-web:   8%|▊         | 626802688/8300343137 [00:53<11:30, 11109516.22B/s]
GAP-web:   8%|▊         | 627949568/8300343137 [00:53<12:19, 10369984.29B/s]
GAP-web:   8%|▊         | 629260288/8300343137 [00:53<11:31, 11088695.18B/s]
GAP-web:   8%|▊         | 630407168/8300343137 [00:53<12:15, 10427673.84B/s]
GAP-web:   8%|▊         | 631472128/8300343137 [00:53<12:20, 10350235.36B/s]
GAP-web:   8%|▊         | 632799232/8300343137 [00:53<11:27, 11149954.85B/s]
GAP-web:   8%|▊         | 633946112/8300343137 [00:53<11:55, 10708253.48B/s]
GAP-web:   8%|▊         | 635191296/8300343137 [00:53<11:25, 11180086.95B/s]
GAP-web:   8%|▊         | 636338176/8300343137 [00:53<11:52, 10749732.78B/s]
GAP-web:   8%|▊         | 637583360/8300343137 [00:54<11:52, 10748164.71B/s]
GAP-web:   8%|▊         | 638943232/8300343137 [00:54<11:06, 11491521.53B/s]
GAP-web:   8%|▊         | 640106496/8300343137 [00:54<11:32, 11066032.05B/s]
GAP-web:   8%|▊         | 641466368/8300343137 [00:54<10:52, 11737184.39B/s]
GAP-web:   8%|▊         | 642662400/8300343137 [00:54<11:40, 10932986.01B/s]
GAP-web:   8%|▊         | 643776512/8300343137 [00:54<12:35, 10132383.63B/s]
GAP-web:   8%|▊         | 644890624/8300343137 [00:54<12:16, 10389662.96B/s]
GAP-web:   8%|▊         | 645955584/8300343137 [00:54<12:58, 9832989.64B/s] 
GAP-web:   8%|▊         | 647266304/8300343137 [00:54<11:56, 10687713.60B/s]
GAP-web:   8%|▊         | 648364032/8300343137 [00:55<12:15, 10399928.25B/s]
GAP-web:   8%|▊         | 649691136/8300343137 [00:55<11:25, 11167382.19B/s]
GAP-web:   8%|▊         | 650838016/8300343137 [00:55<11:38, 10949935.19B/s]
GAP-web:   8%|▊         | 651952128/8300343137 [00:55<11:57, 10662973.56B/s]
GAP-web:   8%|▊         | 653328384/8300343137 [00:55<11:04, 11513375.65B/s]
GAP-web:   8%|▊         | 654491648/8300343137 [00:55<11:33, 11023575.85B/s]
GAP-web:   8%|▊         | 655835136/8300343137 [00:55<10:56, 11650172.04B/s]
GAP-web:   8%|▊         | 657014784/8300343137 [00:55<11:21, 11221727.29B/s]
GAP-web:   8%|▊         | 658161664/8300343137 [00:55<11:41, 10898448.18B/s]
GAP-web:   8%|▊         | 659521536/8300343137 [00:56<10:57, 11625720.55B/s]
GAP-web:   8%|▊         | 660701184/8300343137 [00:56<11:20, 11234280.78B/s]
GAP-web:   8%|▊         | 662044672/8300343137 [00:56<10:44, 11849441.65B/s]
GAP-web:   8%|▊         | 663240704/8300343137 [00:56<11:24, 11163209.26B/s]
GAP-web:   8%|▊         | 664371200/8300343137 [00:56<11:56, 10661064.88B/s]
GAP-web:   8%|▊         | 665616384/8300343137 [00:56<11:25, 11141125.54B/s]

asv: benchmark timed out (timeout 60s)

For parameters: bfs_gap_inputs.GAP/GAP-kron_106818742
INFO root: Dataset suitesparse_matrix.GAP/GAP-kron manifest metadata is stale.

GAP-kron:   0%|          | 0/14570837178 [00:00<?, ?B/s]
GAP-kron:   0%|          | 180224/14570837178 [00:00<2:29:44, 1621806.43B/s]
GAP-kron:   0%|          | 573440/14570837178 [00:00<1:23:23, 2912232.29B/s]
GAP-kron:   0%|          | 966656/14570837178 [00:00<1:20:23, 3020649.68B/s]
GAP-kron:   0%|          | 1409024/14570837178 [00:00<1:09:24, 3498272.42B/s]
GAP-kron:   0%|          | 1900544/14570837178 [00:00<1:01:47, 3929724.71B/s]
GAP-kron:   0%|          | 2490368/14570837178 [00:00<54:39, 4442100.80B/s]  
GAP-kron:   0%|          | 3178496/14570837178 [00:00<46:46, 5191341.10B/s]
GAP-kron:   0%|          | 3850240/14570837178 [00:00<42:57, 5651514.03B/s]
GAP-kron:   0%|          | 4636672/14570837178 [00:00<40:11, 6040432.93B/s]
GAP-kron:   0%|          | 5570560/14570837178 [00:01<34:40, 7000523.97B/s]
GAP-kron:   0%|          | 6471680/14570837178 [00:01<34:09, 7107079.13B/s]
GAP-kron:   0%|          | 7389184/14570837178 [00:01<31:37, 7675448.45B/s]
GAP-kron:   0%|          | 8339456/14570837178 [00:01<29:36, 8197354.34B/s]
GAP-kron:   0%|          | 9420800/14570837178 [00:01<27:25, 8849636.96B/s]
GAP-kron:   0%|          | 10633216/14570837178 [00:01<24:56, 9732260.06B/s]
GAP-kron:   0%|          | 11862016/14570837178 [00:01<23:12, 10456450.79B/s]
GAP-kron:   0%|          | 12926976/14570837178 [00:01<23:05, 10507100.82B/s]
GAP-kron:   0%|          | 14368768/14570837178 [00:01<20:49, 11653575.67B/s]
GAP-kron:   0%|          | 15548416/14570837178 [00:02<20:56, 11581341.86B/s]
GAP-kron:   0%|          | 17039360/14570837178 [00:02<19:21, 12534678.67B/s]
GAP-kron:   0%|          | 18300928/14570837178 [00:02<19:26, 12472915.21B/s]
GAP-kron:   0%|          | 19709952/14570837178 [00:02<18:44, 12934353.02B/s]
GAP-kron:   0%|          | 21217280/14570837178 [00:02<17:53, 13552094.05B/s]
GAP-kron:   0%|          | 22724608/14570837178 [00:02<17:20, 13985306.27B/s]
GAP-kron:   0%|          | 24199168/14570837178 [00:02<17:04, 14192595.42B/s]
GAP-kron:   0%|          | 25722880/14570837178 [00:02<16:44, 14473987.07B/s]
GAP-kron:   0%|          | 27213824/14570837178 [00:02<16:36, 14591667.36B/s]
GAP-kron:   0%|          | 28786688/14570837178 [00:02<16:14, 14929580.91B/s]
GAP-kron:   0%|          | 30326784/14570837178 [00:03<16:05, 15057019.16B/s]
GAP-kron:   0%|          | 31916032/14570837178 [00:03<15:50, 15297321.73B/s]
GAP-kron:   0%|          | 33505280/14570837178 [00:03<15:40, 15461894.82B/s]
GAP-kron:   0%|          | 35110912/14570837178 [00:03<15:30, 15625543.54B/s]
GAP-kron:   0%|          | 36716544/14570837178 [00:03<15:24, 15722478.59B/s]
GAP-kron:   0%|          | 38289408/14570837178 [00:03<15:27, 15676858.47B/s]
GAP-kron:   0%|          | 39927808/14570837178 [00:03<15:14, 15882365.12B/s]
GAP-kron:   0%|          | 41615360/14570837178 [00:03<14:59, 16145587.23B/s]
GAP-kron:   0%|          | 43253760/14570837178 [00:03<14:55, 16214747.65B/s]
GAP-kron:   0%|          | 44924928/14570837178 [00:03<14:49, 16338478.46B/s]
GAP-kron:   0%|          | 46579712/14570837178 [00:04<14:46, 16376510.70B/s]
GAP-kron:   0%|          | 48267264/14570837178 [00:04<14:40, 16487908.20B/s]
GAP-kron:   0%|          | 49954816/14570837178 [00:04<14:34, 16595573.38B/s]
GAP-kron:   0%|          | 51675136/14570837178 [00:04<14:26, 16747295.95B/s]
GAP-kron:   0%|          | 53411840/14570837178 [00:04<14:18, 16914923.98B/s]
GAP-kron:   0%|          | 55181312/14570837178 [00:04<14:07, 17134170.70B/s]
GAP-kron:   0%|          | 56901632/14570837178 [00:04<14:06, 17148699.56B/s]
GAP-kron:   0%|          | 58621952/14570837178 [00:04<14:12, 17016066.27B/s]
GAP-kron:   0%|          | 60325888/14570837178 [00:04<14:15, 16967375.76B/s]
GAP-kron:   0%|          | 62078976/14570837178 [00:04<14:09, 17087780.82B/s]
GAP-kron:   0%|          | 63848448/14570837178 [00:05<14:01, 17235573.72B/s]
GAP-kron:   0%|          | 65617920/14570837178 [00:05<13:55, 17352348.21B/s]
GAP-kron:   0%|          | 67354624/14570837178 [00:05<14:09, 17081157.26B/s]
GAP-kron:   0%|          | 69074944/14570837178 [00:05<14:14, 16978052.38B/s]
GAP-kron:   0%|          | 70778880/14570837178 [00:05<14:16, 16932356.50B/s]
GAP-kron:   0%|          | 72482816/14570837178 [00:05<14:22, 16812465.26B/s]
GAP-kron:   1%|          | 74186752/14570837178 [00:05<14:20, 16848332.11B/s]
GAP-kron:   1%|          | 75907072/14570837178 [00:05<14:15, 16946493.36B/s]
GAP-kron:   1%|          | 77611008/14570837178 [00:05<14:17, 16906381.12B/s]
GAP-kron:   1%|          | 79314944/14570837178 [00:05<14:19, 16852684.05B/s]
GAP-kron:   1%|          | 81035264/14570837178 [00:06<14:15, 16933374.78B/s]
GAP-kron:   1%|          | 82739200/14570837178 [00:06<14:15, 16926418.47B/s]
GAP-kron:   1%|          | 84443136/14570837178 [00:06<14:14, 16952727.08B/s]
GAP-kron:   1%|          | 86147072/14570837178 [00:06<14:16, 16911943.25B/s]
GAP-kron:   1%|          | 87851008/14570837178 [00:06<14:17, 16892355.50B/s]
GAP-kron:   1%|          | 89554944/14570837178 [00:06<14:15, 16935167.72B/s]
GAP-kron:   1%|          | 91275264/14570837178 [00:06<14:13, 16972748.63B/s]
GAP-kron:   1%|          | 93028352/14570837178 [00:06<14:05, 17132860.89B/s]
GAP-kron:   1%|          | 94748672/14570837178 [00:06<14:05, 17116824.28B/s]
GAP-kron:   1%|          | 96485376/14570837178 [00:06<14:10, 17010130.29B/s]
GAP-kron:   1%|          | 98320384/14570837178 [00:07<13:52, 17376313.91B/s]
GAP-kron:   1%|          | 100073472/14570837178 [00:07<13:54, 17338009.59B/s]
GAP-kron:   1%|          | 101859328/14570837178 [00:07<13:48, 17472238.09B/s]
GAP-kron:   1%|          | 103612416/14570837178 [00:07<13:48, 17461588.89B/s]
GAP-kron:   1%|          | 105398272/14570837178 [00:07<13:44, 17548652.02B/s]
GAP-kron:   1%|          | 107200512/14570837178 [00:07<13:38, 17664058.50B/s]
GAP-kron:   1%|          | 108969984/14570837178 [00:07<13:45, 17514614.08B/s]
GAP-kron:   1%|          | 110723072/14570837178 [00:07<13:59, 17216572.30B/s]
GAP-kron:   1%|          | 112459776/14570837178 [00:07<14:06, 17070282.19B/s]
GAP-kron:   1%|          | 114180096/14570837178 [00:07<14:09, 17020227.97B/s]
GAP-kron:   1%|          | 115933184/14570837178 [00:08<14:03, 17140576.92B/s]
GAP-kron:   1%|          | 117669888/14570837178 [00:08<14:01, 17175922.46B/s]
GAP-kron:   1%|          | 119406592/14570837178 [00:08<14:00, 17203599.87B/s]
GAP-kron:   1%|          | 121143296/14570837178 [00:08<13:58, 17229599.78B/s]
GAP-kron:   1%|          | 122912768/14570837178 [00:08<13:53, 17340334.30B/s]
GAP-kron:   1%|          | 124698624/14570837178 [00:08<13:46, 17478066.42B/s]
GAP-kron:   1%|          | 126451712/14570837178 [00:08<13:51, 17373989.32B/s]
GAP-kron:   1%|          | 128204800/14570837178 [00:08<13:52, 17342961.89B/s]
GAP-kron:   1%|          | 129941504/14570837178 [00:08<14:02, 17139493.61B/s]
GAP-kron:   1%|          | 131694592/14570837178 [00:08<13:58, 17210220.78B/s]
GAP-kron:   1%|          | 133431296/14570837178 [00:09<14:02, 17128672.22B/s]
GAP-kron:   1%|          | 135184384/14570837178 [00:09<13:57, 17234561.35B/s]
GAP-kron:   1%|          | 136970240/14570837178 [00:09<13:50, 17372051.30B/s]
GAP-kron:   1%|          | 138723328/14570837178 [00:09<13:51, 17354205.18B/s]
GAP-kron:   1%|          | 140509184/14570837178 [00:09<13:46, 17458197.44B/s]
GAP-kron:   1%|          | 142262272/14570837178 [00:09<13:53, 17318874.55B/s]
GAP-kron:   1%|          | 144064512/14570837178 [00:09<13:44, 17497392.34B/s]
GAP-kron:   1%|          | 145850368/14570837178 [00:09<13:41, 17566508.10B/s]
GAP-kron:   1%|          | 147619840/14570837178 [00:09<13:40, 17571963.76B/s]
GAP-kron:   1%|          | 149389312/14570837178 [00:09<13:40, 17566368.13B/s]
GAP-kron:   1%|          | 151158784/14570837178 [00:10<13:44, 17494052.47B/s]
GAP-kron:   1%|          | 152928256/14570837178 [00:10<13:43, 17505546.08B/s]
GAP-kron:   1%|          | 154681344/14570837178 [00:10<13:46, 17447594.28B/s]
GAP-kron:   1%|          | 156434432/14570837178 [00:10<13:45, 17455401.58B/s]
GAP-kron:   1%|          | 158220288/14570837178 [00:10<13:40, 17569202.44B/s]
GAP-kron:   1%|          | 159989760/14570837178 [00:10<13:47, 17419545.96B/s]
GAP-kron:   1%|          | 161742848/14570837178 [00:10<13:50, 17340226.34B/s]
GAP-kron:   1%|          | 163479552/14570837178 [00:10<14:02, 17110179.22B/s]
GAP-kron:   1%|          | 165232640/14570837178 [00:10<13:56, 17227223.79B/s]
GAP-kron:   1%|          | 167002112/14570837178 [00:11<13:49, 17359768.10B/s]
GAP-kron:   1%|          | 168738816/14570837178 [00:11<13:52, 17304064.04B/s]
GAP-kron:   1%|          | 170475520/14570837178 [00:11<13:54, 17249475.63B/s]
GAP-kron:   1%|          | 172212224/14570837178 [00:11<13:59, 17150717.50B/s]
GAP-kron:   1%|          | 173932544/14570837178 [00:11<14:00, 17137840.28B/s]
GAP-kron:   1%|          | 175652864/14570837178 [00:11<14:00, 17133075.50B/s]
GAP-kron:   1%|          | 177389568/14570837178 [00:11<13:58, 17166556.84B/s]
GAP-kron:   1%|          | 179109888/14570837178 [00:11<13:59, 17147246.70B/s]
GAP-kron:   1%|          | 180830208/14570837178 [00:11<14:02, 17083388.24B/s]
GAP-kron:   1%|▏         | 182599680/14570837178 [00:11<13:54, 17240473.43B/s]
GAP-kron:   1%|▏         | 184352768/14570837178 [00:12<13:51, 17299191.60B/s]
GAP-kron:   1%|▏         | 186089472/14570837178 [00:12<13:58, 17158069.08B/s]
GAP-kron:   1%|▏         | 187809792/14570837178 [00:12<14:04, 17037240.67B/s]
GAP-kron:   1%|▏         | 189579264/14570837178 [00:12<13:55, 17203036.45B/s]
GAP-kron:   1%|▏         | 191315968/14570837178 [00:12<13:53, 17249691.83B/s]
GAP-kron:   1%|▏         | 193069056/14570837178 [00:12<13:51, 17300165.83B/s]
GAP-kron:   1%|▏         | 194887680/14570837178 [00:12<13:38, 17555011.64B/s]
GAP-kron:   1%|▏         | 196689920/14570837178 [00:12<13:33, 17674487.03B/s]
GAP-kron:   1%|▏         | 198459392/14570837178 [00:12<13:35, 17633475.85B/s]
GAP-kron:   1%|▏         | 200228864/14570837178 [00:12<13:37, 17578055.07B/s]
GAP-kron:   1%|▏         | 201998336/14570837178 [00:13<13:45, 17412275.01B/s]
GAP-kron:   1%|▏         | 203784192/14570837178 [00:13<13:40, 17507899.23B/s]
GAP-kron:   1%|▏         | 205537280/14570837178 [00:13<13:46, 17386610.44B/s]
GAP-kron:   1%|▏         | 207290368/14570837178 [00:13<13:52, 17259373.41B/s]
GAP-kron:   1%|▏         | 209027072/14570837178 [00:13<14:19, 16715343.98B/s]
GAP-kron:   1%|▏         | 210796544/14570837178 [00:13<14:07, 16951175.94B/s]
GAP-kron:   1%|▏         | 212598784/14570837178 [00:13<13:52, 17244957.48B/s]
GAP-kron:   1%|▏         | 214401024/14570837178 [00:13<13:41, 17470499.64B/s]
GAP-kron:   1%|▏         | 216154112/14570837178 [00:13<13:47, 17344667.45B/s]
GAP-kron:   1%|▏         | 217890816/14570837178 [00:13<14:08, 16919313.68B/s]
GAP-kron:   2%|▏         | 219594752/14570837178 [00:14<14:17, 16737994.11B/s]
GAP-kron:   2%|▏         | 221282304/14570837178 [00:14<14:26, 16564685.71B/s]
GAP-kron:   2%|▏         | 222953472/14570837178 [00:14<14:26, 16551908.04B/s]
GAP-kron:   2%|▏         | 224673792/14570837178 [00:14<14:19, 16699734.78B/s]
GAP-kron:   2%|▏         | 226344960/14570837178 [00:14<14:19, 16680434.43B/s]
GAP-kron:   2%|▏         | 228016128/14570837178 [00:14<14:23, 16606217.28B/s]
GAP-kron:   2%|▏         | 229687296/14570837178 [00:14<14:26, 16555754.05B/s]
GAP-kron:   2%|▏         | 231374848/14570837178 [00:14<14:23, 16615336.42B/s]
GAP-kron:   2%|▏         | 233127936/14570837178 [00:14<14:09, 16887029.48B/s]
GAP-kron:   2%|▏         | 234864640/14570837178 [00:14<14:03, 16992649.89B/s]
GAP-kron:   2%|▏         | 236601344/14570837178 [00:15<13:58, 17102224.00B/s]
GAP-kron:   2%|▏         | 238321664/14570837178 [00:15<14:10, 16853268.79B/s]
GAP-kron:   2%|▏         | 240009216/14570837178 [00:15<14:13, 16789181.06B/s]
GAP-kron:   2%|▏         | 241696768/14570837178 [00:15<14:35, 16371185.81B/s]
GAP-kron:   2%|▏         | 243351552/14570837178 [00:15<14:51, 16062493.63B/s]
GAP-kron:   2%|▏         | 244973568/14570837178 [00:15<14:56, 15977542.73B/s]
GAP-kron:   2%|▏         | 246579200/14570837178 [00:15<14:56, 15977646.77B/s]
GAP-kron:   2%|▏         | 248266752/14570837178 [00:15<14:42, 16226353.02B/s]
GAP-kron:   2%|▏         | 249921536/14570837178 [00:15<14:38, 16300739.03B/s]
GAP-kron:   2%|▏         | 251658240/14570837178 [00:16<14:23, 16585111.76B/s]
GAP-kron:   2%|▏         | 253329408/14570837178 [00:16<14:46, 16142286.47B/s]
GAP-kron:   2%|▏         | 254967808/14570837178 [00:16<14:43, 16195829.01B/s]
GAP-kron:   2%|▏         | 256688128/14570837178 [00:16<14:28, 16474272.43B/s]
GAP-kron:   2%|▏         | 258375680/14570837178 [00:16<14:24, 16555777.05B/s]
GAP-kron:   2%|▏         | 260046848/14570837178 [00:16<14:40, 16261195.06B/s]
GAP-kron:   2%|▏         | 261750784/14570837178 [00:16<14:29, 16452764.59B/s]
GAP-kron:   2%|▏         | 263487488/14570837178 [00:16<14:17, 16694147.52B/s]
GAP-kron:   2%|▏         | 265175040/14570837178 [00:16<14:15, 16727325.61B/s]
GAP-kron:   2%|▏         | 266878976/14570837178 [00:16<14:11, 16790446.51B/s]
GAP-kron:   2%|▏         | 268566528/14570837178 [00:17<14:24, 16538898.47B/s]
GAP-kron:   2%|▏         | 270254080/14570837178 [00:17<14:19, 16629367.53B/s]
GAP-kron:   2%|▏         | 271958016/14570837178 [00:17<14:15, 16711969.53B/s]
GAP-kron:   2%|▏         | 273645568/14570837178 [00:17<14:13, 16754783.34B/s]
GAP-kron:   2%|▏         | 275398656/14570837178 [00:17<14:02, 16965006.96B/s]
GAP-kron:   2%|▏         | 277102592/14570837178 [00:17<14:04, 16928086.63B/s]
GAP-kron:   2%|▏         | 278872064/14570837178 [00:17<13:54, 17125120.40B/s]
GAP-kron:   2%|▏         | 280592384/14570837178 [00:17<14:00, 17009307.40B/s]
GAP-kron:   2%|▏         | 282296320/14570837178 [00:17<14:00, 16993760.68B/s]
GAP-kron:   2%|▏         | 284033024/14570837178 [00:17<13:57, 17063932.90B/s]
GAP-kron:   2%|▏         | 285753344/14570837178 [00:18<13:57, 17060326.59B/s]
GAP-kron:   2%|▏         | 287473664/14570837178 [00:18<13:55, 17101766.62B/s]
GAP-kron:   2%|▏         | 289193984/14570837178 [00:18<13:56, 17070464.72B/s]
GAP-kron:   2%|▏         | 290930688/14570837178 [00:18<13:54, 17114801.29B/s]
GAP-kron:   2%|▏         | 292651008/14570837178 [00:18<13:53, 17137621.68B/s]
GAP-kron:   2%|▏         | 294387712/14570837178 [00:18<13:50, 17187634.32B/s]
GAP-kron:   2%|▏         | 296124416/14570837178 [00:18<13:50, 17194357.24B/s]
GAP-kron:   2%|▏         | 297877504/14570837178 [00:18<13:47, 17256500.21B/s]
GAP-kron:   2%|▏         | 299630592/14570837178 [00:18<13:45, 17297252.96B/s]
GAP-kron:   2%|▏         | 301367296/14570837178 [00:18<13:54, 17096797.35B/s]
GAP-kron:   2%|▏         | 303087616/14570837178 [00:19<14:01, 16947399.72B/s]
GAP-kron:   2%|▏         | 304840704/14570837178 [00:19<13:54, 17102835.17B/s]
GAP-kron:   2%|▏         | 306561024/14570837178 [00:19<13:55, 17076884.09B/s]
GAP-kron:   2%|▏         | 308281344/14570837178 [00:19<13:54, 17092546.96B/s]
GAP-kron:   2%|▏         | 310050816/14570837178 [00:19<13:46, 17256763.92B/s]
GAP-kron:   2%|▏         | 311803904/14570837178 [00:19<13:42, 17338295.94B/s]
GAP-kron:   2%|▏         | 313540608/14570837178 [00:19<13:56, 17053572.68B/s]
GAP-kron:   2%|▏         | 315260928/14570837178 [00:19<14:17, 16619040.51B/s]
GAP-kron:   2%|▏         | 316932096/14570837178 [00:19<14:17, 16623569.60B/s]
GAP-kron:   2%|▏         | 318636032/14570837178 [00:19<14:12, 16714006.85B/s]
GAP-kron:   2%|▏         | 320372736/14570837178 [00:20<14:04, 16873263.14B/s]
GAP-kron:   2%|▏         | 322125824/14570837178 [00:20<13:56, 17029127.13B/s]
GAP-kron:   2%|▏         | 323846144/14570837178 [00:20<13:56, 17035408.93B/s]
GAP-kron:   2%|▏         | 325599232/14570837178 [00:20<13:49, 17172209.72B/s]
GAP-kron:   2%|▏         | 327352320/14570837178 [00:20<13:46, 17242693.20B/s]
GAP-kron:   2%|▏         | 329138176/14570837178 [00:20<13:38, 17393026.82B/s]
GAP-kron:   2%|▏         | 330907648/14570837178 [00:20<13:36, 17435080.34B/s]
GAP-kron:   2%|▏         | 332693504/14570837178 [00:20<13:32, 17533876.34B/s]
GAP-kron:   2%|▏         | 334462976/14570837178 [00:20<13:38, 17385655.81B/s]
GAP-kron:   2%|▏         | 336216064/14570837178 [00:20<13:37, 17408662.94B/s]
GAP-kron:   2%|▏         | 337985536/14570837178 [00:21<13:33, 17490310.13B/s]
GAP-kron:   2%|▏         | 339738624/14570837178 [00:21<13:36, 17430140.81B/s]
GAP-kron:   2%|▏         | 341491712/14570837178 [00:21<13:36, 17435349.99B/s]
GAP-kron:   2%|▏         | 343244800/14570837178 [00:21<14:03, 16860314.57B/s]
GAP-kron:   2%|▏         | 344948736/14570837178 [00:21<14:03, 16855895.63B/s]
GAP-kron:   2%|▏         | 346652672/14570837178 [00:21<14:11, 16708665.51B/s]
GAP-kron:   2%|▏         | 348405760/14570837178 [00:21<14:01, 16907086.81B/s]
GAP-kron:   2%|▏         | 350109696/14570837178 [00:21<13:59, 16945076.60B/s]
GAP-kron:   2%|▏         | 351813632/14570837178 [00:21<14:02, 16880078.43B/s]
GAP-kron:   2%|▏         | 353533952/14570837178 [00:22<13:58, 16947060.58B/s]
GAP-kron:   2%|▏         | 355237888/14570837178 [00:22<14:08, 16757198.95B/s]
GAP-kron:   2%|▏         | 356925440/14570837178 [00:22<14:14, 16632157.88B/s]
GAP-kron:   2%|▏         | 358629376/14570837178 [00:22<14:09, 16729320.17B/s]
GAP-kron:   2%|▏         | 360366080/14570837178 [00:22<14:01, 16893557.11B/s]
GAP-kron:   2%|▏         | 362102784/14570837178 [00:22<13:54, 17020319.44B/s]
GAP-kron:   2%|▏         | 363806720/14570837178 [00:22<14:04, 16828878.30B/s]
GAP-kron:   3%|▎         | 365494272/14570837178 [00:22<14:23, 16449583.64B/s]
GAP-kron:   3%|▎         | 367149056/14570837178 [00:22<14:31, 16296200.35B/s]
GAP-kron:   3%|▎         | 368869376/14570837178 [00:22<14:18, 16543185.91B/s]
GAP-kron:   3%|▎         | 370540544/14570837178 [00:23<14:19, 16521625.23B/s]
GAP-kron:   3%|▎         | 372211712/14570837178 [00:23<14:16, 16577347.31B/s]
GAP-kron:   3%|▎         | 373882880/14570837178 [00:23<14:15, 16587246.76B/s]
GAP-kron:   3%|▎         | 375554048/14570837178 [00:23<14:17, 16557291.03B/s]
GAP-kron:   3%|▎         | 377225216/14570837178 [00:23<14:35, 16218449.57B/s]
GAP-kron:   3%|▎         | 378912768/14570837178 [00:23<14:27, 16357939.84B/s]
GAP-kron:   3%|▎         | 380600320/14570837178 [00:23<14:21, 16471704.38B/s]
GAP-kron:   3%|▎         | 382369792/14570837178 [00:23<14:05, 16784944.18B/s]
GAP-kron:   3%|▎         | 384057344/14570837178 [00:23<14:05, 16783129.98B/s]
GAP-kron:   3%|▎         | 385744896/14570837178 [00:23<14:05, 16785317.86B/s]
GAP-kron:   3%|▎         | 387481600/14570837178 [00:24<13:56, 16949557.58B/s]
GAP-kron:   3%|▎         | 389201920/14570837178 [00:24<13:53, 17017146.32B/s]
GAP-kron:   3%|▎         | 390955008/14570837178 [00:24<13:46, 17164164.10B/s]
GAP-kron:   3%|▎         | 392691712/14570837178 [00:24<13:44, 17204675.14B/s]
GAP-kron:   3%|▎         | 394444800/14570837178 [00:24<13:39, 17288324.46B/s]
GAP-kron:   3%|▎         | 396181504/14570837178 [00:24<13:40, 17275430.25B/s]
GAP-kron:   3%|▎         | 397967360/14570837178 [00:24<13:34, 17395562.06B/s]
GAP-kron:   3%|▎         | 399720448/14570837178 [00:24<13:38, 17318271.99B/s]
GAP-kron:   3%|▎         | 401457152/14570837178 [00:24<13:48, 17112223.46B/s]
GAP-kron:   3%|▎         | 403193856/14570837178 [00:24<13:46, 17142602.41B/s]
GAP-kron:   3%|▎         | 404914176/14570837178 [00:25<13:57, 16918841.19B/s]
GAP-kron:   3%|▎         | 406650880/14570837178 [00:25<13:52, 17014086.20B/s]
GAP-kron:   3%|▎         | 408371200/14570837178 [00:25<13:51, 17029144.30B/s]
GAP-kron:   3%|▎         | 410124288/14570837178 [00:25<13:45, 17160904.19B/s]
GAP-kron:   3%|▎         | 411860992/14570837178 [00:25<13:44, 17179585.99B/s]
GAP-kron:   3%|▎         | 413614080/14570837178 [00:25<13:40, 17252075.99B/s]
GAP-kron:   3%|▎         | 415350784/14570837178 [00:25<13:43, 17195191.54B/s]
GAP-kron:   3%|▎         | 417087488/14570837178 [00:25<13:41, 17237497.30B/s]
GAP-kron:   3%|▎         | 418824192/14570837178 [00:25<13:41, 17218626.35B/s]
GAP-kron:   3%|▎         | 420577280/14570837178 [00:25<13:39, 17263070.89B/s]
GAP-kron:   3%|▎         | 422363136/14570837178 [00:26<13:33, 17397904.24B/s]
GAP-kron:   3%|▎         | 424132608/14570837178 [00:26<13:29, 17467910.69B/s]
GAP-kron:   3%|▎         | 425885696/14570837178 [00:26<13:32, 17408611.34B/s]
GAP-kron:   3%|▎         | 427671552/14570837178 [00:26<13:26, 17538833.54B/s]
GAP-kron:   3%|▎         | 429441024/14570837178 [00:26<13:31, 17416442.76B/s]
GAP-kron:   3%|▎         | 431194112/14570837178 [00:26<13:31, 17426457.64B/s]
GAP-kron:   3%|▎         | 432947200/14570837178 [00:26<13:43, 17174391.53B/s]
GAP-kron:   3%|▎         | 434667520/14570837178 [00:26<13:44, 17138273.50B/s]
GAP-kron:   3%|▎         | 436387840/14570837178 [00:26<13:46, 17098040.62B/s]
GAP-kron:   3%|▎         | 438108160/14570837178 [00:26<14:01, 16793054.21B/s]
GAP-kron:   3%|▎         | 439795712/14570837178 [00:27<14:03, 16744808.79B/s]
GAP-kron:   3%|▎         | 441532416/14570837178 [00:27<13:55, 16918080.18B/s]
GAP-kron:   3%|▎         | 443301888/14570837178 [00:27<13:45, 17121088.56B/s]
GAP-kron:   3%|▎         | 445054976/14570837178 [00:27<13:41, 17200136.08B/s]
GAP-kron:   3%|▎         | 446824448/14570837178 [00:27<13:36, 17292826.60B/s]
GAP-kron:   3%|▎         | 448561152/14570837178 [00:27<13:39, 17235865.86B/s]
GAP-kron:   3%|▎         | 450379776/14570837178 [00:27<13:28, 17475424.89B/s]
GAP-kron:   3%|▎         | 452132864/14570837178 [00:27<13:29, 17447113.46B/s]
GAP-kron:   3%|▎         | 453885952/14570837178 [00:27<13:40, 17208349.72B/s]
GAP-kron:   3%|▎         | 455639040/14570837178 [00:28<13:37, 17267114.77B/s]
GAP-kron:   3%|▎         | 457375744/14570837178 [00:28<13:52, 16955744.03B/s]
GAP-kron:   3%|▎         | 459079680/14570837178 [00:28<13:59, 16817060.91B/s]
GAP-kron:   3%|▎         | 460767232/14570837178 [00:28<14:01, 16769999.44B/s]
GAP-kron:   3%|▎         | 462471168/14570837178 [00:28<13:58, 16819425.86B/s]
GAP-kron:   3%|▎         | 464207872/14570837178 [00:28<13:51, 16971248.13B/s]
GAP-kron:   3%|▎         | 465911808/14570837178 [00:28<13:54, 16895237.65B/s]
GAP-kron:   3%|▎         | 467632128/14570837178 [00:28<13:51, 16960977.44B/s]
GAP-kron:   3%|▎         | 469368832/14570837178 [00:28<13:47, 17048291.45B/s]
GAP-kron:   3%|▎         | 471105536/14570837178 [00:28<13:43, 17121251.60B/s]
GAP-kron:   3%|▎         | 472825856/14570837178 [00:29<13:49, 16998936.52B/s]
GAP-kron:   3%|▎         | 474562560/14570837178 [00:29<13:45, 17080296.67B/s]
GAP-kron:   3%|▎         | 476299264/14570837178 [00:29<13:42, 17137218.76B/s]
GAP-kron:   3%|▎         | 478052352/14570837178 [00:29<13:37, 17230770.55B/s]
GAP-kron:   3%|▎         | 479789056/14570837178 [00:29<13:37, 17233062.13B/s]
GAP-kron:   3%|▎         | 481525760/14570837178 [00:29<13:40, 17174633.74B/s]
GAP-kron:   3%|▎         | 483295232/14570837178 [00:29<13:35, 17275301.28B/s]
GAP-kron:   3%|▎         | 485064704/14570837178 [00:29<13:29, 17389945.98B/s]
GAP-kron:   3%|▎         | 486817792/14570837178 [00:29<13:34, 17287705.40B/s]
GAP-kron:   3%|▎         | 488554496/14570837178 [00:29<14:01, 16726400.06B/s]
GAP-kron:   3%|▎         | 490274816/14570837178 [00:30<13:55, 16851762.61B/s]
GAP-kron:   3%|▎         | 492044288/14570837178 [00:30<13:44, 17067047.29B/s]
GAP-kron:   3%|▎         | 493764608/14570837178 [00:30<13:43, 17093394.69B/s]
GAP-kron:   3%|▎         | 495501312/14570837178 [00:30<13:39, 17170427.10B/s]
GAP-kron:   3%|▎         | 497221632/14570837178 [00:30<13:54, 16862537.26B/s]
GAP-kron:   3%|▎         | 498925568/14570837178 [00:30<14:04, 16654989.89B/s]
GAP-kron:   3%|▎         | 500613120/14570837178 [00:30<14:03, 16683721.02B/s]
GAP-kron:   3%|▎         | 502366208/14570837178 [00:30<13:52, 16889116.64B/s]
GAP-kron:   3%|▎         | 504070144/14570837178 [00:30<14:03, 16681938.07B/s]
GAP-kron:   3%|▎         | 505839616/14570837178 [00:30<13:49, 16947500.75B/s]
GAP-kron:   3%|▎         | 507592704/14570837178 [00:31<13:42, 17100186.07B/s]
GAP-kron:   3%|▎         | 509345792/14570837178 [00:31<13:36, 17226503.59B/s]
GAP-kron:   4%|▎         | 511082496/14570837178 [00:31<13:40, 17139675.63B/s]
GAP-kron:   4%|▎         | 512819200/14570837178 [00:31<13:37, 17192742.00B/s]
GAP-kron:   4%|▎         | 514588672/14570837178 [00:31<13:31, 17314354.28B/s]
GAP-kron:   4%|▎         | 516341760/14570837178 [00:31<13:30, 17339636.54B/s]
GAP-kron:   4%|▎         | 518078464/14570837178 [00:31<13:30, 17327812.49B/s]
GAP-kron:   4%|▎         | 519847936/14570837178 [00:31<13:27, 17404301.23B/s]
GAP-kron:   4%|▎         | 521601024/14570837178 [00:31<13:32, 17283159.28B/s]
GAP-kron:   4%|▎         | 523370496/14570837178 [00:31<13:27, 17391487.27B/s]
GAP-kron:   4%|▎         | 525123584/14570837178 [00:32<13:27, 17384323.88B/s]
GAP-kron:   4%|▎         | 526876672/14570837178 [00:32<13:32, 17292941.77B/s]
GAP-kron:   4%|▎         | 528613376/14570837178 [00:32<13:33, 17263138.80B/s]
GAP-kron:   4%|▎         | 530415616/14570837178 [00:32<13:23, 17476719.38B/s]
GAP-kron:   4%|▎         | 532185088/14570837178 [00:32<13:20, 17534436.46B/s]
GAP-kron:   4%|▎         | 533954560/14570837178 [00:32<13:19, 17547727.02B/s]
GAP-kron:   4%|▎         | 535724032/14570837178 [00:32<13:19, 17552896.20B/s]
GAP-kron:   4%|▎         | 537493504/14570837178 [00:32<13:22, 17486289.34B/s]
GAP-kron:   4%|▎         | 539246592/14570837178 [00:32<13:30, 17320710.21B/s]
GAP-kron:   4%|▎         | 541032448/14570837178 [00:32<13:24, 17439147.13B/s]
GAP-kron:   4%|▎         | 542785536/14570837178 [00:33<13:23, 17459869.62B/s]
GAP-kron:   4%|▎         | 544555008/14570837178 [00:33<13:21, 17490052.35B/s]
GAP-kron:   4%|▎         | 546308096/14570837178 [00:33<13:23, 17449372.98B/s]
GAP-kron:   4%|▍         | 548061184/14570837178 [00:33<13:37, 17144361.02B/s]
GAP-kron:   4%|▍         | 549781504/14570837178 [00:33<13:39, 17106375.07B/s]
GAP-kron:   4%|▍         | 551567360/14570837178 [00:33<13:31, 17269894.59B/s]
GAP-kron:   4%|▍         | 553369600/14570837178 [00:33<13:22, 17458887.93B/s]
GAP-kron:   4%|▍         | 555122688/14570837178 [00:33<13:26, 17380154.20B/s]
GAP-kron:   4%|▍         | 556875776/14570837178 [00:33<13:47, 16933843.96B/s]
GAP-kron:   4%|▍         | 558579712/14570837178 [00:34<13:53, 16807873.02B/s]
GAP-kron:   4%|▍         | 560283648/14570837178 [00:34<13:51, 16846752.19B/s]
GAP-kron:   4%|▍         | 561971200/14570837178 [00:34<14:07, 16535488.51B/s]
GAP-kron:   4%|▍         | 563658752/14570837178 [00:34<14:02, 16624555.87B/s]
GAP-kron:   4%|▍         | 565395456/14570837178 [00:34<13:52, 16819988.77B/s]
GAP-kron:   4%|▍         | 567099392/14570837178 [00:34<13:51, 16847616.06B/s]
GAP-kron:   4%|▍         | 568786944/14570837178 [00:34<14:07, 16527150.14B/s]
GAP-kron:   4%|▍         | 570441728/14570837178 [00:34<14:08, 16490946.09B/s]
GAP-kron:   4%|▍         | 572129280/14570837178 [00:34<14:04, 16576076.12B/s]
GAP-kron:   4%|▍         | 573865984/14570837178 [00:34<13:54, 16781924.39B/s]
GAP-kron:   4%|▍         | 575586304/14570837178 [00:35<13:50, 16855434.92B/s]
GAP-kron:   4%|▍         | 577339392/14570837178 [00:35<13:41, 17027745.62B/s]
GAP-kron:   4%|▍         | 579059712/14570837178 [00:35<13:41, 17033592.92B/s]
GAP-kron:   4%|▍         | 580763648/14570837178 [00:35<14:07, 16514916.20B/s]
GAP-kron:   4%|▍         | 582451200/14570837178 [00:35<14:02, 16606593.84B/s]
GAP-kron:   4%|▍         | 584220672/14570837178 [00:35<13:48, 16885744.76B/s]
GAP-kron:   4%|▍         | 585973760/14570837178 [00:35<13:39, 17071750.06B/s]
GAP-kron:   4%|▍         | 587710464/14570837178 [00:35<13:35, 17137111.55B/s]
GAP-kron:   4%|▍         | 589447168/14570837178 [00:35<13:33, 17185064.98B/s]
GAP-kron:   4%|▍         | 591216640/14570837178 [00:35<13:27, 17311398.92B/s]
GAP-kron:   4%|▍         | 593002496/14570837178 [00:36<13:21, 17443941.80B/s]
GAP-kron:   4%|▍         | 594821120/14570837178 [00:36<13:12, 17638043.84B/s]
GAP-kron:   4%|▍         | 596606976/14570837178 [00:36<13:10, 17688134.09B/s]
GAP-kron:   4%|▍         | 598376448/14570837178 [00:36<13:12, 17641971.37B/s]
GAP-kron:   4%|▍         | 600145920/14570837178 [00:36<13:20, 17447199.38B/s]
GAP-kron:   4%|▍         | 601899008/14570837178 [00:36<13:21, 17430908.95B/s]
GAP-kron:   4%|▍         | 603684864/14570837178 [00:36<13:16, 17524796.99B/s]
GAP-kron:   4%|▍         | 605437952/14570837178 [00:36<13:18, 17498682.22B/s]
GAP-kron:   4%|▍         | 607191040/14570837178 [00:36<13:24, 17366734.42B/s]
GAP-kron:   4%|▍         | 608944128/14570837178 [00:36<13:24, 17353540.41B/s]
GAP-kron:   4%|▍         | 610697216/14570837178 [00:37<13:22, 17387297.05B/s]
GAP-kron:   4%|▍         | 612450304/14570837178 [00:37<13:26, 17302668.67B/s]
GAP-kron:   4%|▍         | 614187008/14570837178 [00:37<13:35, 17106444.98B/s]
GAP-kron:   4%|▍         | 615907328/14570837178 [00:37<13:48, 16842007.94B/s]
GAP-kron:   4%|▍         | 617693184/14570837178 [00:37<13:36, 17096447.12B/s]
GAP-kron:   4%|▍         | 619462656/14570837178 [00:37<13:29, 17226185.70B/s]
GAP-kron:   4%|▍         | 621199360/14570837178 [00:37<13:28, 17251110.41B/s]
GAP-kron:   4%|▍         | 622936064/14570837178 [00:37<13:29, 17228924.22B/s]
GAP-kron:   4%|▍         | 624689152/14570837178 [00:37<13:25, 17316673.64B/s]
GAP-kron:   4%|▍         | 626475008/14570837178 [00:37<13:18, 17461586.17B/s]
GAP-kron:   4%|▍         | 628260864/14570837178 [00:38<13:13, 17571551.75B/s]
GAP-kron:   4%|▍         | 630046720/14570837178 [00:38<13:10, 17631197.26B/s]
GAP-kron:   4%|▍         | 631816192/14570837178 [00:38<13:13, 17568694.51B/s]
GAP-kron:   4%|▍         | 633585664/14570837178 [00:38<13:16, 17500710.81B/s]
GAP-kron:   4%|▍         | 635338752/14570837178 [00:38<13:26, 17286366.09B/s]
GAP-kron:   4%|▍         | 637108224/14570837178 [00:38<13:20, 17403770.52B/s]
GAP-kron:   4%|▍         | 638910464/14570837178 [00:38<13:12, 17580533.47B/s]
GAP-kron:   4%|▍         | 640679936/14570837178 [00:38<13:16, 17498902.15B/s]
GAP-kron:   4%|▍         | 642433024/14570837178 [00:38<13:37, 17039925.26B/s]
GAP-kron:   4%|▍         | 644186112/14570837178 [00:38<13:33, 17127810.92B/s]
GAP-kron:   4%|▍         | 645906432/14570837178 [00:39<13:35, 17083433.81B/s]
GAP-kron:   4%|▍         | 647626752/14570837178 [00:39<13:37, 17035685.24B/s]
GAP-kron:   4%|▍         | 649347072/14570837178 [00:39<13:38, 16999775.21B/s]
GAP-kron:   4%|▍         | 651051008/14570837178 [00:39<13:52, 16724945.07B/s]
GAP-kron:   4%|▍         | 652738560/14570837178 [00:39<13:51, 16747189.68B/s]
GAP-kron:   4%|▍         | 654426112/14570837178 [00:39<13:52, 16724183.12B/s]
GAP-kron:   5%|▍         | 656162816/14570837178 [00:39<13:45, 16851998.46B/s]
GAP-kron:   5%|▍         | 657883136/14570837178 [00:39<13:41, 16934452.97B/s]
GAP-kron:   5%|▍         | 659619840/14570837178 [00:39<13:36, 17028752.98B/s]
GAP-kron:   5%|▍         | 661323776/14570837178 [00:40<13:49, 16759964.40B/s]
GAP-kron:   5%|▍         | 663027712/14570837178 [00:40<13:47, 16816994.09B/s]
GAP-kron:   5%|▍         | 664748032/14570837178 [00:40<13:42, 16910277.47B/s]
GAP-kron:   5%|▍         | 666451968/14570837178 [00:40<13:48, 16792300.35B/s]
GAP-kron:   5%|▍         | 668139520/14570837178 [00:40<13:56, 16626298.85B/s]
GAP-kron:   5%|▍         | 669859840/14570837178 [00:40<13:49, 16760510.41B/s]
GAP-kron:   5%|▍         | 671547392/14570837178 [00:40<13:52, 16693526.29B/s]
GAP-kron:   5%|▍         | 673218560/14570837178 [00:40<13:59, 16556449.25B/s]
GAP-kron:   5%|▍         | 674889728/14570837178 [00:40<14:00, 16529280.40B/s]
GAP-kron:   5%|▍         | 676659200/14570837178 [00:40<13:44, 16856245.55B/s]
GAP-kron:   5%|▍         | 678395904/14570837178 [00:41<13:38, 16978435.01B/s]
GAP-kron:   5%|▍         | 680099840/14570837178 [00:41<13:41, 16905506.41B/s]
GAP-kron:   5%|▍         | 681803776/14570837178 [00:41<13:57, 16587416.46B/s]
GAP-kron:   5%|▍         | 683474944/14570837178 [00:41<14:16, 16222953.75B/s]
GAP-kron:   5%|▍         | 685146112/14570837178 [00:41<14:08, 16363774.04B/s]
GAP-kron:   5%|▍         | 686850048/14570837178 [00:41<14:00, 16526675.64B/s]
GAP-kron:   5%|▍         | 688504832/14570837178 [00:41<14:04, 16441297.88B/s]
GAP-kron:   5%|▍         | 690176000/14570837178 [00:41<14:01, 16489716.68B/s]
GAP-kron:   5%|▍         | 691830784/14570837178 [00:41<14:14, 16240117.48B/s]
GAP-kron:   5%|▍         | 693469184/14570837178 [00:41<14:19, 16148123.17B/s]
GAP-kron:   5%|▍         | 695091200/14570837178 [00:42<14:34, 15871005.01B/s]
GAP-kron:   5%|▍         | 696680448/14570837178 [00:42<14:34, 15857732.52B/s]
GAP-kron:   5%|▍         | 698368000/14570837178 [00:42<14:19, 16146521.97B/s]
GAP-kron:   5%|▍         | 700088320/14570837178 [00:42<14:03, 16450519.19B/s]
GAP-kron:   5%|▍         | 701743104/14570837178 [00:42<14:06, 16376538.00B/s]
GAP-kron:   5%|▍         | 703414272/14570837178 [00:42<14:03, 16437051.88B/s]
GAP-kron:   5%|▍         | 705134592/14570837178 [00:42<13:52, 16663388.17B/s]
GAP-kron:   5%|▍         | 706854912/14570837178 [00:42<13:44, 16815508.68B/s]
GAP-kron:   5%|▍         | 708542464/14570837178 [00:42<13:56, 16572345.39B/s]
GAP-kron:   5%|▍         | 710230016/14570837178 [00:42<13:52, 16652915.25B/s]
GAP-kron:   5%|▍         | 711950336/14570837178 [00:43<13:44, 16815703.57B/s]
GAP-kron:   5%|▍         | 713670656/14570837178 [00:43<13:40, 16894602.85B/s]
GAP-kron:   5%|▍         | 715374592/14570837178 [00:43<13:44, 16794566.37B/s]
GAP-kron:   5%|▍         | 717062144/14570837178 [00:43<13:48, 16723146.35B/s]
GAP-kron:   5%|▍         | 718749696/14570837178 [00:43<13:48, 16713588.72B/s]
GAP-kron:   5%|▍         | 720437248/14570837178 [00:43<13:51, 16653792.00B/s]
GAP-kron:   5%|▍         | 722124800/14570837178 [00:43<13:48, 16718021.69B/s]
GAP-kron:   5%|▍         | 723812352/14570837178 [00:43<13:48, 16705647.54B/s]
GAP-kron:   5%|▍         | 725483520/14570837178 [00:43<13:49, 16681663.66B/s]
GAP-kron:   5%|▍         | 727171072/14570837178 [00:43<13:47, 16726164.90B/s]
GAP-kron:   5%|▌         | 728875008/14570837178 [00:44<13:44, 16783205.87B/s]
GAP-kron:   5%|▌         | 730562560/14570837178 [00:44<13:46, 16752415.61B/s]
GAP-kron:   5%|▌         | 732266496/14570837178 [00:44<13:41, 16836993.86B/s]
GAP-kron:   5%|▌         | 733970432/14570837178 [00:44<13:40, 16863314.64B/s]
GAP-kron:   5%|▌         | 735657984/14570837178 [00:44<13:41, 16847098.90B/s]
GAP-kron:   5%|▌         | 737361920/14570837178 [00:44<13:39, 16870672.19B/s]
GAP-kron:   5%|▌         | 739049472/14570837178 [00:44<13:44, 16773262.45B/s]
GAP-kron:   5%|▌         | 740737024/14570837178 [00:44<13:46, 16734390.14B/s]
GAP-kron:   5%|▌         | 742424576/14570837178 [00:44<13:56, 16530898.57B/s]
GAP-kron:   5%|▌         | 744144896/14570837178 [00:44<13:46, 16727311.98B/s]
GAP-kron:   5%|▌         | 745848832/14570837178 [00:45<13:44, 16759965.20B/s]
GAP-kron:   5%|▌         | 747552768/14570837178 [00:45<13:42, 16797987.82B/s]
GAP-kron:   5%|▌         | 749240320/14570837178 [00:45<13:42, 16808865.18B/s]
GAP-kron:   5%|▌         | 750927872/14570837178 [00:45<13:43, 16789563.48B/s]
GAP-kron:   5%|▌         | 752615424/14570837178 [00:45<13:41, 16813611.36B/s]
GAP-kron:   5%|▌         | 754302976/14570837178 [00:45<13:42, 16795643.58B/s]
GAP-kron:   5%|▌         | 755990528/14570837178 [00:45<13:46, 16710651.51B/s]
GAP-kron:   5%|▌         | 757678080/14570837178 [00:45<13:44, 16759300.34B/s]
GAP-kron:   5%|▌         | 759365632/14570837178 [00:45<13:46, 16718583.18B/s]
GAP-kron:   5%|▌         | 761053184/14570837178 [00:46<13:46, 16705799.63B/s]
GAP-kron:   5%|▌         | 762724352/14570837178 [00:46<13:51, 16598573.74B/s]
GAP-kron:   5%|▌         | 764395520/14570837178 [00:46<13:51, 16610437.95B/s]
GAP-kron:   5%|▌         | 766083072/14570837178 [00:46<13:47, 16674226.65B/s]
GAP-kron:   5%|▌         | 767754240/14570837178 [00:46<13:48, 16661023.18B/s]
GAP-kron:   5%|▌         | 769441792/14570837178 [00:46<13:45, 16717627.01B/s]
GAP-kron:   5%|▌         | 771162112/14570837178 [00:46<13:40, 16827906.16B/s]
GAP-kron:   5%|▌         | 772866048/14570837178 [00:46<13:37, 16868035.05B/s]
GAP-kron:   5%|▌         | 774553600/14570837178 [00:46<13:43, 16745735.67B/s]
GAP-kron:   5%|▌         | 776257536/14570837178 [00:46<13:40, 16816161.28B/s]
GAP-kron:   5%|▌         | 777945088/14570837178 [00:47<13:39, 16825598.28B/s]
GAP-kron:   5%|▌         | 779649024/14570837178 [00:47<13:38, 16853399.64B/s]
GAP-kron:   5%|▌         | 781352960/14570837178 [00:47<13:37, 16861431.38B/s]
GAP-kron:   5%|▌         | 783056896/14570837178 [00:47<13:37, 16872923.86B/s]
GAP-kron:   5%|▌         | 784744448/14570837178 [00:47<13:38, 16840280.92B/s]
GAP-kron:   5%|▌         | 786432000/14570837178 [00:47<13:39, 16818360.55B/s]
GAP-kron:   5%|▌         | 788119552/14570837178 [00:47<13:45, 16697474.80B/s]
GAP-kron:   5%|▌         | 789823488/14570837178 [00:47<13:42, 16749328.99B/s]
GAP-kron:   5%|▌         | 791511040/14570837178 [00:47<13:43, 16728632.28B/s]
GAP-kron:   5%|▌         | 793198592/14570837178 [00:47<13:41, 16768050.75B/s]
GAP-kron:   5%|▌         | 794886144/14570837178 [00:48<13:44, 16716485.98B/s]
GAP-kron:   5%|▌         | 796573696/14570837178 [00:48<13:46, 16668800.44B/s]
GAP-kron:   5%|▌         | 798244864/14570837178 [00:48<13:48, 16629269.77B/s]
GAP-kron:   5%|▌         | 799932416/14570837178 [00:48<13:45, 16685725.92B/s]
GAP-kron:   6%|▌         | 801619968/14570837178 [00:48<13:43, 16728220.53B/s]
GAP-kron:   6%|▌         | 803307520/14570837178 [00:48<13:45, 16672310.67B/s]
GAP-kron:   6%|▌         | 804978688/14570837178 [00:48<13:45, 16669436.42B/s]
GAP-kron:   6%|▌         | 806682624/14570837178 [00:48<13:41, 16762549.27B/s]
GAP-kron:   6%|▌         | 808370176/14570837178 [00:48<13:41, 16759848.95B/s]
GAP-kron:   6%|▌         | 810057728/14570837178 [00:48<13:40, 16766995.48B/s]
GAP-kron:   6%|▌         | 811745280/14570837178 [00:49<13:40, 16772860.94B/s]
GAP-kron:   6%|▌         | 813432832/14570837178 [00:49<13:47, 16620711.38B/s]
GAP-kron:   6%|▌         | 815104000/14570837178 [00:49<13:51, 16539644.92B/s]
GAP-kron:   6%|▌         | 816791552/14570837178 [00:49<13:47, 16614120.98B/s]
GAP-kron:   6%|▌         | 818479104/14570837178 [00:49<13:44, 16689138.92B/s]
GAP-kron:   6%|▌         | 820166656/14570837178 [00:49<13:42, 16713866.53B/s]
GAP-kron:   6%|▌         | 821854208/14570837178 [00:49<13:44, 16666372.71B/s]
GAP-kron:   6%|▌         | 823574528/14570837178 [00:49<13:38, 16799298.43B/s]
GAP-kron:   6%|▌         | 825262080/14570837178 [00:49<13:40, 16750005.49B/s]
GAP-kron:   6%|▌         | 826949632/14570837178 [00:49<13:46, 16636802.21B/s]
GAP-kron:   6%|▌         | 828653568/14570837178 [00:50<13:40, 16748280.88B/s]
GAP-kron:   6%|▌         | 830341120/14570837178 [00:50<13:39, 16757539.03B/s]
GAP-kron:   6%|▌         | 832028672/14570837178 [00:50<13:39, 16766347.27B/s]
GAP-kron:   6%|▌         | 833716224/14570837178 [00:50<13:38, 16780889.80B/s]
GAP-kron:   6%|▌         | 835403776/14570837178 [00:50<13:38, 16771127.26B/s]
GAP-kron:   6%|▌         | 837091328/14570837178 [00:50<13:37, 16796898.55B/s]
GAP-kron:   6%|▌         | 838778880/14570837178 [00:50<13:38, 16777054.36B/s]
GAP-kron:   6%|▌         | 840466432/14570837178 [00:50<13:39, 16755557.72B/s]
GAP-kron:   6%|▌         | 842153984/14570837178 [00:50<13:38, 16773293.67B/s]
GAP-kron:   6%|▌         | 843841536/14570837178 [00:50<13:40, 16729719.99B/s]
GAP-kron:   6%|▌         | 845529088/14570837178 [00:51<13:40, 16734427.17B/s]
GAP-kron:   6%|▌         | 847233024/14570837178 [00:51<13:35, 16820630.61B/s]
GAP-kron:   6%|▌         | 848920576/14570837178 [00:51<13:36, 16804265.20B/s]
GAP-kron:   6%|▌         | 850608128/14570837178 [00:51<13:36, 16801109.57B/s]
GAP-kron:   6%|▌         | 852295680/14570837178 [00:51<13:39, 16743081.80B/s]
GAP-kron:   6%|▌         | 853999616/14570837178 [00:51<13:35, 16813346.82B/s]
GAP-kron:   6%|▌         | 855687168/14570837178 [00:51<13:39, 16728072.65B/s]
GAP-kron:   6%|▌         | 857407488/14570837178 [00:51<13:35, 16825063.63B/s]
GAP-kron:   6%|▌         | 859095040/14570837178 [00:51<13:35, 16818802.90B/s]
GAP-kron:   6%|▌         | 860782592/14570837178 [00:51<13:35, 16810383.90B/s]
GAP-kron:   6%|▌         | 862486528/14570837178 [00:52<13:33, 16843533.55B/s]
GAP-kron:   6%|▌         | 864174080/14570837178 [00:52<13:34, 16827951.19B/s]
GAP-kron:   6%|▌         | 865861632/14570837178 [00:52<13:37, 16765925.23B/s]
GAP-kron:   6%|▌         | 867549184/14570837178 [00:52<13:41, 16688833.21B/s]
GAP-kron:   6%|▌         | 869253120/14570837178 [00:52<13:36, 16784998.36B/s]
GAP-kron:   6%|▌         | 870957056/14570837178 [00:52<13:34, 16815831.33B/s]
GAP-kron:   6%|▌         | 872644608/14570837178 [00:52<13:37, 16761450.79B/s]
GAP-kron:   6%|▌         | 874332160/14570837178 [00:52<13:36, 16773009.42B/s]
GAP-kron:   6%|▌         | 876019712/14570837178 [00:52<13:39, 16707468.49B/s]
GAP-kron:   6%|▌         | 877707264/14570837178 [00:52<13:39, 16704789.72B/s]
GAP-kron:   6%|▌         | 879378432/14570837178 [00:53<13:40, 16693023.78B/s]
GAP-kron:   6%|▌         | 881065984/14570837178 [00:53<13:37, 16747339.91B/s]
GAP-kron:   6%|▌         | 882753536/14570837178 [00:53<13:40, 16687531.85B/s]
GAP-kron:   6%|▌         | 884424704/14570837178 [00:53<13:43, 16614123.88B/s]
GAP-kron:   6%|▌         | 886128640/14570837178 [00:53<13:39, 16708394.62B/s]
GAP-kron:   6%|▌         | 887799808/14570837178 [00:53<13:47, 16535114.77B/s]
GAP-kron:   6%|▌         | 889454592/14570837178 [00:53<13:47, 16527774.93B/s]
GAP-kron:   6%|▌         | 891174912/14570837178 [00:53<13:38, 16706574.83B/s]
GAP-kron:   6%|▌         | 892846080/14570837178 [00:53<13:41, 16644203.42B/s]
GAP-kron:   6%|▌         | 894550016/14570837178 [00:53<13:36, 16751959.92B/s]
GAP-kron:   6%|▌         | 896237568/14570837178 [00:54<13:35, 16764663.49B/s]
GAP-kron:   6%|▌         | 897925120/14570837178 [00:54<13:34, 16792329.27B/s]
GAP-kron:   6%|▌         | 899645440/14570837178 [00:54<13:29, 16887123.71B/s]
GAP-kron:   6%|▌         | 901349376/14570837178 [00:54<13:30, 16872203.52B/s]
GAP-kron:   6%|▌         | 903036928/14570837178 [00:54<13:30, 16860085.72B/s]
GAP-kron:   6%|▌         | 904757248/14570837178 [00:54<13:26, 16953405.13B/s]
GAP-kron:   6%|▌         | 906461184/14570837178 [00:54<13:25, 16953947.46B/s]
GAP-kron:   6%|▌         | 908165120/14570837178 [00:54<13:27, 16919365.63B/s]
GAP-kron:   6%|▌         | 909869056/14570837178 [00:54<13:31, 16840538.02B/s]
GAP-kron:   6%|▋         | 911572992/14570837178 [00:54<13:29, 16872281.83B/s]
GAP-kron:   6%|▋         | 913260544/14570837178 [00:55<13:29, 16872903.85B/s]
GAP-kron:   6%|▋         | 914948096/14570837178 [00:55<13:32, 16815088.01B/s]
GAP-kron:   6%|▋         | 916635648/14570837178 [00:55<13:35, 16741282.98B/s]
GAP-kron:   6%|▋         | 918323200/14570837178 [00:55<13:35, 16746209.13B/s]
GAP-kron:   6%|▋         | 920010752/14570837178 [00:55<13:35, 16749391.91B/s]
GAP-kron:   6%|▋         | 921714688/14570837178 [00:55<13:33, 16783908.96B/s]
GAP-kron:   6%|▋         | 923402240/14570837178 [00:55<13:32, 16805220.91B/s]
GAP-kron:   6%|▋         | 925122560/14570837178 [00:55<13:28, 16873713.37B/s]
GAP-kron:   6%|▋         | 926810112/14570837178 [00:55<13:37, 16695338.79B/s]
GAP-kron:   6%|▋         | 928497664/14570837178 [00:55<13:36, 16717505.76B/s]
GAP-kron:   6%|▋         | 930185216/14570837178 [00:56<13:33, 16759916.32B/s]
GAP-kron:   6%|▋         | 931872768/14570837178 [00:56<13:34, 16749839.17B/s]
GAP-kron:   6%|▋         | 933560320/14570837178 [00:56<13:35, 16712804.68B/s]
GAP-kron:   6%|▋         | 935247872/14570837178 [00:56<13:37, 16671038.43B/s]
GAP-kron:   6%|▋         | 936968192/14570837178 [00:56<13:31, 16808134.21B/s]
GAP-kron:   6%|▋         | 938655744/14570837178 [00:56<13:33, 16759663.43B/s]
GAP-kron:   6%|▋         | 940343296/14570837178 [00:56<13:37, 16667544.64B/s]

asv: benchmark timed out (timeout 60s)

For parameters: bfs_gap_inputs.GAP/GAP-urand_49030282
INFO root: Dataset suitesparse_matrix.GAP/GAP-urand manifest metadata is stale.

GAP-urand:   0%|          | 0/16766984746 [00:00<?, ?B/s]
GAP-urand:   0%|          | 212992/16766984746 [00:00<2:22:05, 1966763.60B/s]
GAP-urand:   0%|          | 1196032/16766984746 [00:00<43:25, 6434307.67B/s] 
GAP-urand:   0%|          | 2260992/16766984746 [00:00<33:35, 8316179.47B/s]
GAP-urand:   0%|          | 3194880/16766984746 [00:00<32:04, 8711486.83B/s]
GAP-urand:   0%|          | 4112384/16766984746 [00:00<31:31, 8863766.22B/s]
GAP-urand:   0%|          | 5160960/16766984746 [00:00<30:23, 9194233.33B/s]
GAP-urand:   0%|          | 6471680/16766984746 [00:00<28:42, 9728453.50B/s]
GAP-urand:   0%|          | 7798784/16766984746 [00:00<25:54, 10778506.08B/s]
GAP-urand:   0%|          | 8896512/16766984746 [00:00<26:38, 10482694.73B/s]
GAP-urand:   0%|          | 10256384/16766984746 [00:01<24:30, 11393487.30B/s]
GAP-urand:   0%|          | 11403264/16766984746 [00:01<25:22, 11007070.45B/s]
GAP-urand:   0%|          | 12779520/16766984746 [00:01<23:42, 11780941.57B/s]
GAP-urand:   0%|          | 14172160/16766984746 [00:01<22:33, 12381417.83B/s]
GAP-urand:   0%|          | 15466496/16766984746 [00:01<22:20, 12496234.77B/s]
GAP-urand:   0%|          | 16728064/16766984746 [00:01<23:04, 12096722.07B/s]
GAP-urand:   0%|          | 18137088/16766984746 [00:01<22:03, 12653753.98B/s]
GAP-urand:   0%|          | 19546112/16766984746 [00:01<21:21, 13067837.14B/s]
GAP-urand:   0%|          | 20955136/16766984746 [00:01<20:53, 13360348.71B/s]
GAP-urand:   0%|          | 22364160/16766984746 [00:01<20:33, 13576073.39B/s]
GAP-urand:   0%|          | 23805952/16766984746 [00:02<20:13, 13795628.11B/s]
GAP-urand:   0%|          | 25198592/16766984746 [00:02<20:27, 13634701.42B/s]
GAP-urand:   0%|          | 26902528/16766984746 [00:02<19:49, 14073509.06B/s]
GAP-urand:   0%|          | 28540928/16766984746 [00:02<18:57, 14711501.68B/s]
GAP-urand:   0%|          | 30015488/16766984746 [00:02<19:16, 14466769.93B/s]
GAP-urand:   0%|          | 31473664/16766984746 [00:02<19:25, 14355782.52B/s]
GAP-urand:   0%|          | 32931840/16766984746 [00:02<19:22, 14400878.96B/s]
GAP-urand:   0%|          | 34521088/16766984746 [00:02<18:49, 14818439.59B/s]
GAP-urand:   0%|          | 36208640/16766984746 [00:02<18:07, 15390393.26B/s]
GAP-urand:   0%|          | 37765120/16766984746 [00:03<18:22, 15176467.66B/s]
GAP-urand:   0%|          | 39337984/16766984746 [00:03<18:11, 15318677.20B/s]
GAP-urand:   0%|          | 40878080/16766984746 [00:03<18:12, 15313461.15B/s]
GAP-urand:   0%|          | 42582016/16766984746 [00:03<17:48, 15654351.90B/s]
GAP-urand:   0%|          | 44285952/16766984746 [00:03<17:21, 16057624.62B/s]
GAP-urand:   0%|          | 45907968/16766984746 [00:03<17:23, 16024082.39B/s]
GAP-urand:   0%|          | 47513600/16766984746 [00:03<17:28, 15949396.29B/s]
GAP-urand:   0%|          | 49119232/16766984746 [00:03<17:27, 15954395.23B/s]
GAP-urand:   0%|          | 50790400/16766984746 [00:03<17:28, 15946173.22B/s]
GAP-urand:   0%|          | 52527104/16766984746 [00:03<17:03, 16330938.85B/s]
GAP-urand:   0%|          | 54165504/16766984746 [00:04<17:10, 16214477.82B/s]
GAP-urand:   0%|          | 55787520/16766984746 [00:04<17:15, 16136250.75B/s]
GAP-urand:   0%|          | 57409536/16766984746 [00:04<17:23, 16007325.29B/s]
GAP-urand:   0%|          | 59179008/16766984746 [00:04<16:54, 16464031.93B/s]
GAP-urand:   0%|          | 60850176/16766984746 [00:04<16:50, 16530342.38B/s]
GAP-urand:   0%|          | 62504960/16766984746 [00:04<16:55, 16443933.26B/s]
GAP-urand:   0%|          | 64159744/16766984746 [00:04<16:57, 16415963.12B/s]
GAP-urand:   0%|          | 65814528/16766984746 [00:04<16:55, 16441188.90B/s]
GAP-urand:   0%|          | 67600384/16766984746 [00:04<16:30, 16851587.71B/s]
GAP-urand:   0%|          | 69320704/16766984746 [00:04<16:25, 16949642.11B/s]
GAP-urand:   0%|          | 71057408/16766984746 [00:05<16:18, 17068547.87B/s]
GAP-urand:   0%|          | 72826880/16766984746 [00:05<16:08, 17234065.18B/s]
GAP-urand:   0%|          | 74563584/16766984746 [00:05<16:15, 17106546.70B/s]
GAP-urand:   0%|          | 76316672/16766984746 [00:05<16:10, 17203937.20B/s]
GAP-urand:   0%|          | 78053376/16766984746 [00:05<16:11, 17170339.23B/s]
GAP-urand:   0%|          | 79773696/16766984746 [00:05<16:28, 16883962.08B/s]
GAP-urand:   0%|          | 81477632/16766984746 [00:05<16:26, 16914441.60B/s]
GAP-urand:   0%|          | 83214336/16766984746 [00:05<16:20, 17012465.21B/s]
GAP-urand:   1%|          | 84951040/16766984746 [00:05<16:15, 17102646.18B/s]
GAP-urand:   1%|          | 86671360/16766984746 [00:05<16:25, 16919153.60B/s]
GAP-urand:   1%|          | 88375296/16766984746 [00:06<16:32, 16800017.36B/s]
GAP-urand:   1%|          | 90079232/16766984746 [00:06<16:31, 16825779.34B/s]
GAP-urand:   1%|          | 91815936/16766984746 [00:06<16:24, 16939736.73B/s]
GAP-urand:   1%|          | 93519872/16766984746 [00:06<16:30, 16833166.46B/s]
GAP-urand:   1%|          | 95256576/16766984746 [00:06<16:22, 16970202.24B/s]
GAP-urand:   1%|          | 96960512/16766984746 [00:06<16:28, 16869271.20B/s]
GAP-urand:   1%|          | 98680832/16766984746 [00:06<16:23, 16953573.76B/s]
GAP-urand:   1%|          | 100417536/16766984746 [00:06<16:16, 17068584.87B/s]
GAP-urand:   1%|          | 102154240/16766984746 [00:06<16:13, 17115738.79B/s]
GAP-urand:   1%|          | 103907328/16766984746 [00:06<16:07, 17227432.61B/s]
GAP-urand:   1%|          | 105660416/16766984746 [00:07<16:03, 17297763.52B/s]
GAP-urand:   1%|          | 107397120/16766984746 [00:07<16:05, 17251920.56B/s]
GAP-urand:   1%|          | 109182976/16766984746 [00:07<15:56, 17413233.64B/s]
GAP-urand:   1%|          | 110936064/16766984746 [00:07<15:59, 17350289.60B/s]
GAP-urand:   1%|          | 112672768/16766984746 [00:07<16:02, 17306364.12B/s]
GAP-urand:   1%|          | 114458624/16766984746 [00:07<15:53, 17461068.91B/s]
GAP-urand:   1%|          | 116228096/16766984746 [00:07<15:51, 17506432.31B/s]
GAP-urand:   1%|          | 117997568/16766984746 [00:07<15:48, 17545781.83B/s]
GAP-urand:   1%|          | 119783424/16766984746 [00:07<15:44, 17624217.02B/s]
GAP-urand:   1%|          | 121569280/16766984746 [00:07<15:41, 17685008.23B/s]
GAP-urand:   1%|          | 123338752/16766984746 [00:08<16:00, 17324135.03B/s]
GAP-urand:   1%|          | 125075456/16766984746 [00:08<16:07, 17197936.77B/s]
GAP-urand:   1%|          | 126812160/16766984746 [00:08<16:10, 17143373.33B/s]
GAP-urand:   1%|          | 128565248/16766984746 [00:08<16:06, 17220722.87B/s]
GAP-urand:   1%|          | 130318336/16766984746 [00:08<16:01, 17304288.84B/s]
GAP-urand:   1%|          | 132071424/16766984746 [00:08<15:59, 17331917.37B/s]
GAP-urand:   1%|          | 133808128/16766984746 [00:08<16:03, 17269541.75B/s]
GAP-urand:   1%|          | 135577600/16766984746 [00:08<15:58, 17349847.71B/s]
GAP-urand:   1%|          | 137330688/16766984746 [00:08<15:56, 17384018.90B/s]
GAP-urand:   1%|          | 139100160/16766984746 [00:08<15:52, 17448391.95B/s]
GAP-urand:   1%|          | 140902400/16766984746 [00:09<15:44, 17606211.57B/s]
GAP-urand:   1%|          | 142671872/16766984746 [00:09<15:50, 17491830.23B/s]
GAP-urand:   1%|          | 144424960/16766984746 [00:09<15:50, 17490959.73B/s]
GAP-urand:   1%|          | 146178048/16766984746 [00:09<15:55, 17390664.66B/s]
GAP-urand:   1%|          | 147931136/16766984746 [00:09<15:54, 17402342.85B/s]
GAP-urand:   1%|          | 149684224/16766984746 [00:09<15:59, 17315446.31B/s]
GAP-urand:   1%|          | 151420928/16766984746 [00:09<15:59, 17314590.97B/s]
GAP-urand:   1%|          | 153157632/16766984746 [00:09<16:01, 17271537.87B/s]
GAP-urand:   1%|          | 154943488/16766984746 [00:09<15:52, 17434625.09B/s]
GAP-urand:   1%|          | 156745728/16766984746 [00:10<15:45, 17565181.10B/s]
GAP-urand:   1%|          | 158515200/16766984746 [00:10<15:46, 17552064.62B/s]
GAP-urand:   1%|          | 160284672/16766984746 [00:10<15:46, 17552106.24B/s]
GAP-urand:   1%|          | 162054144/16766984746 [00:10<15:50, 17463126.59B/s]
GAP-urand:   1%|          | 163807232/16766984746 [00:10<15:50, 17469773.96B/s]
GAP-urand:   1%|          | 165593088/16766984746 [00:10<15:44, 17581429.81B/s]
GAP-urand:   1%|          | 167395328/16766984746 [00:10<15:39, 17671040.67B/s]
GAP-urand:   1%|          | 169181184/16766984746 [00:10<15:36, 17716339.24B/s]
GAP-urand:   1%|          | 170967040/16766984746 [00:10<15:39, 17665092.70B/s]
GAP-urand:   1%|          | 172736512/16766984746 [00:10<15:41, 17626785.23B/s]
GAP-urand:   1%|          | 174505984/16766984746 [00:11<15:40, 17646097.88B/s]
GAP-urand:   1%|          | 176291840/16766984746 [00:11<15:37, 17696936.61B/s]
GAP-urand:   1%|          | 178077696/16766984746 [00:11<15:43, 17583908.85B/s]
GAP-urand:   1%|          | 179879936/16766984746 [00:11<15:38, 17669716.76B/s]
GAP-urand:   1%|          | 181665792/16766984746 [00:11<15:36, 17709521.32B/s]
GAP-urand:   1%|          | 183451648/16766984746 [00:11<15:37, 17696651.39B/s]
GAP-urand:   1%|          | 185237504/16766984746 [00:11<15:40, 17624730.54B/s]
GAP-urand:   1%|          | 187006976/16766984746 [00:11<15:42, 17600678.50B/s]
GAP-urand:   1%|          | 188776448/16766984746 [00:11<15:44, 17544602.46B/s]
GAP-urand:   1%|          | 190627840/16766984746 [00:11<15:31, 17790513.11B/s]
GAP-urand:   1%|          | 192430080/16766984746 [00:12<15:28, 17842430.68B/s]
GAP-urand:   1%|          | 194215936/16766984746 [00:12<15:36, 17691459.67B/s]
GAP-urand:   1%|          | 195985408/16766984746 [00:12<15:46, 17504215.26B/s]
GAP-urand:   1%|          | 197738496/16766984746 [00:12<15:52, 17404658.05B/s]
GAP-urand:   1%|          | 199524352/16766984746 [00:12<15:45, 17517064.43B/s]
GAP-urand:   1%|          | 201293824/16766984746 [00:12<15:44, 17531010.48B/s]
GAP-urand:   1%|          | 203063296/16766984746 [00:12<15:46, 17495078.14B/s]
GAP-urand:   1%|          | 204816384/16766984746 [00:12<15:46, 17494096.63B/s]
GAP-urand:   1%|          | 206569472/16766984746 [00:12<15:49, 17433900.98B/s]
GAP-urand:   1%|          | 208355328/16766984746 [00:12<15:43, 17544441.67B/s]
GAP-urand:   1%|▏         | 210141184/16766984746 [00:13<15:40, 17596728.48B/s]
GAP-urand:   1%|▏         | 211910656/16766984746 [00:13<15:42, 17568723.53B/s]
GAP-urand:   1%|▏         | 213680128/16766984746 [00:13<15:50, 17411769.40B/s]
GAP-urand:   1%|▏         | 215449600/16766984746 [00:13<15:46, 17480178.63B/s]
GAP-urand:   1%|▏         | 217235456/16766984746 [00:13<15:42, 17554047.37B/s]
GAP-urand:   1%|▏         | 219004928/16766984746 [00:13<15:41, 17577108.69B/s]
GAP-urand:   1%|▏         | 220774400/16766984746 [00:13<15:42, 17555714.88B/s]
GAP-urand:   1%|▏         | 222576640/16766984746 [00:13<15:37, 17652933.95B/s]
GAP-urand:   1%|▏         | 224362496/16766984746 [00:13<15:34, 17707828.51B/s]
GAP-urand:   1%|▏         | 226164736/16766984746 [00:13<15:30, 17770879.48B/s]
GAP-urand:   1%|▏         | 227950592/16766984746 [00:14<15:30, 17782230.73B/s]
GAP-urand:   1%|▏         | 229736448/16766984746 [00:14<15:37, 17636968.95B/s]
GAP-urand:   1%|▏         | 231505920/16766984746 [00:14<15:44, 17503778.42B/s]
GAP-urand:   1%|▏         | 233291776/16766984746 [00:14<15:39, 17601185.20B/s]
GAP-urand:   1%|▏         | 235094016/16766984746 [00:14<15:32, 17722944.32B/s]
GAP-urand:   1%|▏         | 236912640/16766984746 [00:14<15:27, 17817026.63B/s]
GAP-urand:   1%|▏         | 238731264/16766984746 [00:14<15:23, 17905084.45B/s]
GAP-urand:   1%|▏         | 240566272/16766984746 [00:14<15:17, 18006280.88B/s]
GAP-urand:   1%|▏         | 242368512/16766984746 [00:14<15:18, 17998377.43B/s]
GAP-urand:   1%|▏         | 244170752/16766984746 [00:14<15:31, 17734519.06B/s]
GAP-urand:   1%|▏         | 245956608/16766984746 [00:15<15:50, 17376625.73B/s]
GAP-urand:   1%|▏         | 247709696/16766984746 [00:15<16:13, 16977253.55B/s]
GAP-urand:   1%|▏         | 249413632/16766984746 [00:15<16:27, 16729115.98B/s]
GAP-urand:   1%|▏         | 251101184/16766984746 [00:15<16:24, 16767915.62B/s]
GAP-urand:   2%|▏         | 252821504/16766984746 [00:15<16:17, 16893863.09B/s]
GAP-urand:   2%|▏         | 254525440/16766984746 [00:15<16:17, 16893291.56B/s]
GAP-urand:   2%|▏         | 256229376/16766984746 [00:15<16:20, 16840271.60B/s]
GAP-urand:   2%|▏         | 257933312/16766984746 [00:15<16:17, 16896738.79B/s]
GAP-urand:   2%|▏         | 259637248/16766984746 [00:15<16:15, 16916294.06B/s]
GAP-urand:   2%|▏         | 261373952/16766984746 [00:15<16:11, 16989637.20B/s]
GAP-urand:   2%|▏         | 263176192/16766984746 [00:16<15:55, 17264404.68B/s]
GAP-urand:   2%|▏         | 264912896/16766984746 [00:16<15:58, 17211661.91B/s]
GAP-urand:   2%|▏         | 266649600/16766984746 [00:16<15:57, 17241237.40B/s]
GAP-urand:   2%|▏         | 268386304/16766984746 [00:16<16:00, 17177047.34B/s]
GAP-urand:   2%|▏         | 270106624/16766984746 [00:16<16:00, 17169028.36B/s]
GAP-urand:   2%|▏         | 271826944/16766984746 [00:16<16:29, 16668178.99B/s]
GAP-urand:   2%|▏         | 273498112/16766984746 [00:16<16:52, 16289999.62B/s]
GAP-urand:   2%|▏         | 275136512/16766984746 [00:16<17:08, 16040040.62B/s]
GAP-urand:   2%|▏         | 276758528/16766984746 [00:16<17:09, 16015700.15B/s]
GAP-urand:   2%|▏         | 278478848/16766984746 [00:17<16:49, 16341060.15B/s]
GAP-urand:   2%|▏         | 280215552/16766984746 [00:17<16:32, 16613381.80B/s]
GAP-urand:   2%|▏         | 281919488/16766984746 [00:17<16:26, 16705304.41B/s]
GAP-urand:   2%|▏         | 283607040/16766984746 [00:17<16:37, 16517040.29B/s]
GAP-urand:   2%|▏         | 285261824/16766984746 [00:17<16:46, 16372142.06B/s]
GAP-urand:   2%|▏         | 287014912/16766984746 [00:17<16:27, 16692700.21B/s]
GAP-urand:   2%|▏         | 288735232/16766984746 [00:17<16:18, 16837193.19B/s]
GAP-urand:   2%|▏         | 290422784/16766984746 [00:17<16:22, 16769235.15B/s]
GAP-urand:   2%|▏         | 292110336/16766984746 [00:17<16:36, 16525388.95B/s]
GAP-urand:   2%|▏         | 293830656/16766984746 [00:17<16:26, 16690200.57B/s]
GAP-urand:   2%|▏         | 295550976/16766984746 [00:18<16:20, 16791333.44B/s]
GAP-urand:   2%|▏         | 297254912/16766984746 [00:18<16:16, 16862824.82B/s]
GAP-urand:   2%|▏         | 298991616/16766984746 [00:18<16:11, 16955320.24B/s]
GAP-urand:   2%|▏         | 300695552/16766984746 [00:18<16:18, 16828434.58B/s]
GAP-urand:   2%|▏         | 302383104/16766984746 [00:18<16:28, 16664351.05B/s]
GAP-urand:   2%|▏         | 304054272/16766984746 [00:18<16:40, 16455970.23B/s]
GAP-urand:   2%|▏         | 305758208/16766984746 [00:18<16:31, 16604719.43B/s]
GAP-urand:   2%|▏         | 307462144/16766984746 [00:18<16:24, 16716434.11B/s]
GAP-urand:   2%|▏         | 309149696/16766984746 [00:18<16:24, 16714701.97B/s]
GAP-urand:   2%|▏         | 310902784/16766984746 [00:18<16:13, 16912723.09B/s]
GAP-urand:   2%|▏         | 312623104/16766984746 [00:19<16:09, 16968467.33B/s]
GAP-urand:   2%|▏         | 314327040/16766984746 [00:19<16:11, 16932881.10B/s]
GAP-urand:   2%|▏         | 316112896/16766984746 [00:19<15:58, 17167979.65B/s]
GAP-urand:   2%|▏         | 317833216/16766984746 [00:19<16:04, 17058721.54B/s]
GAP-urand:   2%|▏         | 319553536/16766984746 [00:19<16:07, 16991483.06B/s]
GAP-urand:   2%|▏         | 321306624/16766984746 [00:19<16:01, 17108677.23B/s]
GAP-urand:   2%|▏         | 323043328/16766984746 [00:19<15:57, 17174610.68B/s]
GAP-urand:   2%|▏         | 324780032/16766984746 [00:19<15:55, 17207341.88B/s]
GAP-urand:   2%|▏         | 326516736/16766984746 [00:19<15:57, 17168576.55B/s]
GAP-urand:   2%|▏         | 328269824/16766984746 [00:19<15:51, 17274024.76B/s]
GAP-urand:   2%|▏         | 330022912/16766984746 [00:20<15:48, 17330725.61B/s]
GAP-urand:   2%|▏         | 331759616/16766984746 [00:20<15:49, 17305550.66B/s]
GAP-urand:   2%|▏         | 333512704/16766984746 [00:20<15:47, 17347320.91B/s]
GAP-urand:   2%|▏         | 335265792/16766984746 [00:20<15:44, 17389163.61B/s]
GAP-urand:   2%|▏         | 337018880/16766984746 [00:20<15:42, 17425284.89B/s]
GAP-urand:   2%|▏         | 338804736/16766984746 [00:20<15:36, 17548743.58B/s]
GAP-urand:   2%|▏         | 340606976/16766984746 [00:20<15:30, 17650703.88B/s]
GAP-urand:   2%|▏         | 342376448/16766984746 [00:20<15:48, 17320669.67B/s]
GAP-urand:   2%|▏         | 344113152/16766984746 [00:20<15:52, 17237704.78B/s]
GAP-urand:   2%|▏         | 345866240/16766984746 [00:20<15:48, 17315521.19B/s]
GAP-urand:   2%|▏         | 347602944/16766984746 [00:21<15:53, 17212876.73B/s]
GAP-urand:   2%|▏         | 349339648/16766984746 [00:21<15:57, 17153756.67B/s]
GAP-urand:   2%|▏         | 351076352/16766984746 [00:21<15:54, 17199359.11B/s]
GAP-urand:   2%|▏         | 352845824/16766984746 [00:21<15:47, 17315180.66B/s]
GAP-urand:   2%|▏         | 354582528/16766984746 [00:21<15:49, 17278765.31B/s]
GAP-urand:   2%|▏         | 356319232/16766984746 [00:21<15:49, 17283997.46B/s]
GAP-urand:   2%|▏         | 358055936/16766984746 [00:21<15:54, 17188996.97B/s]
GAP-urand:   2%|▏         | 359776256/16766984746 [00:21<15:57, 17136054.32B/s]
GAP-urand:   2%|▏         | 361496576/16766984746 [00:21<15:58, 17115413.27B/s]
GAP-urand:   2%|▏         | 363266048/16766984746 [00:21<15:51, 17240119.56B/s]
GAP-urand:   2%|▏         | 365051904/16766984746 [00:22<15:43, 17391594.40B/s]
GAP-urand:   2%|▏         | 366804992/16766984746 [00:22<15:51, 17229873.10B/s]
GAP-urand:   2%|▏         | 368541696/16766984746 [00:22<15:49, 17261849.17B/s]
GAP-urand:   2%|▏         | 370294784/16766984746 [00:22<15:47, 17302712.92B/s]
GAP-urand:   2%|▏         | 372064256/16766984746 [00:22<15:42, 17386814.15B/s]
GAP-urand:   2%|▏         | 373833728/16766984746 [00:22<15:38, 17469797.38B/s]
GAP-urand:   2%|▏         | 375586816/16766984746 [00:22<15:38, 17461890.56B/s]
GAP-urand:   2%|▏         | 377372672/16766984746 [00:22<15:32, 17571440.13B/s]
GAP-urand:   2%|▏         | 379142144/16766984746 [00:22<15:33, 17560639.07B/s]
GAP-urand:   2%|▏         | 380911616/16766984746 [00:22<15:36, 17499210.10B/s]
GAP-urand:   2%|▏         | 382681088/16766984746 [00:23<15:35, 17521290.18B/s]
GAP-urand:   2%|▏         | 384466944/16766984746 [00:23<15:31, 17595825.97B/s]
GAP-urand:   2%|▏         | 386236416/16766984746 [00:23<15:30, 17596984.66B/s]
GAP-urand:   2%|▏         | 388022272/16766984746 [00:23<15:28, 17638339.27B/s]
GAP-urand:   2%|▏         | 389791744/16766984746 [00:23<15:32, 17565228.74B/s]
GAP-urand:   2%|▏         | 391561216/16766984746 [00:23<15:48, 17261610.47B/s]
GAP-urand:   2%|▏         | 393297920/16766984746 [00:23<15:53, 17168237.92B/s]
GAP-urand:   2%|▏         | 395018240/16766984746 [00:23<15:54, 17153579.85B/s]
GAP-urand:   2%|▏         | 396787712/16766984746 [00:23<15:46, 17294041.39B/s]
GAP-urand:   2%|▏         | 398540800/16766984746 [00:24<15:44, 17330916.78B/s]
GAP-urand:   2%|▏         | 400293888/16766984746 [00:24<15:41, 17380617.13B/s]
GAP-urand:   2%|▏         | 402046976/16766984746 [00:24<15:39, 17422263.90B/s]
GAP-urand:   2%|▏         | 403800064/16766984746 [00:24<15:39, 17417366.07B/s]
GAP-urand:   2%|▏         | 405553152/16766984746 [00:24<15:45, 17313328.42B/s]
GAP-urand:   2%|▏         | 407289856/16766984746 [00:24<15:46, 17290276.95B/s]
GAP-urand:   2%|▏         | 409075712/16766984746 [00:24<15:38, 17425786.68B/s]
GAP-urand:   2%|▏         | 410861568/16766984746 [00:24<15:33, 17518722.49B/s]
GAP-urand:   2%|▏         | 412614656/16766984746 [00:24<15:41, 17376151.84B/s]
GAP-urand:   2%|▏         | 414367744/16766984746 [00:24<15:52, 17175949.25B/s]
GAP-urand:   2%|▏         | 416088064/16766984746 [00:25<16:06, 16911266.06B/s]
GAP-urand:   2%|▏         | 417808384/16766984746 [00:25<16:03, 16961582.01B/s]
GAP-urand:   3%|▎         | 419545088/16766984746 [00:25<15:58, 17063806.11B/s]
GAP-urand:   3%|▎         | 421281792/16766984746 [00:25<15:53, 17144821.98B/s]
GAP-urand:   3%|▎         | 423002112/16766984746 [00:25<15:56, 17090717.72B/s]
GAP-urand:   3%|▎         | 424722432/16766984746 [00:25<15:56, 17088565.76B/s]
GAP-urand:   3%|▎         | 426442752/16766984746 [00:25<16:04, 16944874.70B/s]
GAP-urand:   3%|▎         | 428146688/16766984746 [00:25<16:07, 16889218.42B/s]
GAP-urand:   3%|▎         | 429850624/16766984746 [00:25<16:07, 16893502.85B/s]
GAP-urand:   3%|▎         | 431570944/16766984746 [00:25<16:02, 16963326.23B/s]
GAP-urand:   3%|▎         | 433340416/16766984746 [00:26<15:50, 17179773.51B/s]
GAP-urand:   3%|▎         | 435142656/16766984746 [00:26<15:39, 17387539.99B/s]
GAP-urand:   3%|▎         | 436895744/16766984746 [00:26<15:38, 17398315.13B/s]
GAP-urand:   3%|▎         | 438665216/16766984746 [00:26<15:35, 17447899.00B/s]
GAP-urand:   3%|▎         | 440418304/16766984746 [00:26<15:47, 17230982.12B/s]
GAP-urand:   3%|▎         | 442220544/16766984746 [00:26<15:36, 17433433.77B/s]
GAP-urand:   3%|▎         | 443990016/16766984746 [00:26<15:32, 17509721.08B/s]
GAP-urand:   3%|▎         | 445759488/16766984746 [00:26<15:30, 17547865.04B/s]
GAP-urand:   3%|▎         | 447528960/16766984746 [00:26<15:39, 17377160.32B/s]
GAP-urand:   3%|▎         | 449282048/16766984746 [00:26<15:36, 17415683.63B/s]
GAP-urand:   3%|▎         | 451067904/16766984746 [00:27<15:31, 17522192.29B/s]
GAP-urand:   3%|▎         | 452853760/16766984746 [00:27<15:28, 17578513.67B/s]
GAP-urand:   3%|▎         | 454623232/16766984746 [00:27<15:35, 17442323.44B/s]
GAP-urand:   3%|▎         | 456376320/16766984746 [00:27<15:40, 17338676.85B/s]
GAP-urand:   3%|▎         | 458145792/16766984746 [00:27<15:37, 17391425.89B/s]
GAP-urand:   3%|▎         | 459964416/16766984746 [00:27<15:27, 17585662.41B/s]
GAP-urand:   3%|▎         | 461733888/16766984746 [00:27<15:32, 17488215.48B/s]
GAP-urand:   3%|▎         | 463486976/16766984746 [00:27<15:33, 17465788.16B/s]
GAP-urand:   3%|▎         | 465256448/16766984746 [00:27<15:32, 17489034.27B/s]
GAP-urand:   3%|▎         | 467009536/16766984746 [00:27<15:32, 17479645.86B/s]
GAP-urand:   3%|▎         | 468795392/16766984746 [00:28<15:27, 17576529.44B/s]
GAP-urand:   3%|▎         | 470581248/16766984746 [00:28<15:25, 17614231.25B/s]
GAP-urand:   3%|▎         | 472350720/16766984746 [00:28<15:27, 17573182.56B/s]
GAP-urand:   3%|▎         | 474120192/16766984746 [00:28<15:31, 17490079.31B/s]
GAP-urand:   3%|▎         | 475889664/16766984746 [00:28<15:31, 17483633.78B/s]
GAP-urand:   3%|▎         | 477675520/16766984746 [00:28<15:27, 17561252.36B/s]
GAP-urand:   3%|▎         | 479494144/16766984746 [00:28<15:19, 17707739.29B/s]
GAP-urand:   3%|▎         | 481280000/16766984746 [00:28<15:20, 17683558.81B/s]
GAP-urand:   3%|▎         | 483065856/16766984746 [00:28<15:18, 17731332.46B/s]
GAP-urand:   3%|▎         | 484868096/16766984746 [00:28<15:13, 17814980.09B/s]
GAP-urand:   3%|▎         | 486670336/16766984746 [00:29<15:12, 17838228.33B/s]
GAP-urand:   3%|▎         | 488456192/16766984746 [00:29<15:25, 17590442.74B/s]
GAP-urand:   3%|▎         | 490225664/16766984746 [00:29<15:35, 17391393.17B/s]
GAP-urand:   3%|▎         | 491978752/16766984746 [00:29<15:48, 17154050.62B/s]
GAP-urand:   3%|▎         | 493699072/16766984746 [00:29<15:54, 17040956.68B/s]
GAP-urand:   3%|▎         | 495435776/16766984746 [00:29<15:51, 17102102.93B/s]
GAP-urand:   3%|▎         | 497156096/16766984746 [00:29<15:49, 17130585.45B/s]
GAP-urand:   3%|▎         | 498876416/16766984746 [00:29<16:01, 16911668.08B/s]
GAP-urand:   3%|▎         | 500580352/16766984746 [00:29<16:11, 16745533.61B/s]
GAP-urand:   3%|▎         | 502349824/16766984746 [00:30<15:56, 17002435.65B/s]
GAP-urand:   3%|▎         | 504135680/16766984746 [00:30<15:44, 17211485.76B/s]
GAP-urand:   3%|▎         | 505905152/16766984746 [00:30<15:37, 17336756.83B/s]
GAP-urand:   3%|▎         | 507641856/16766984746 [00:30<15:37, 17335456.58B/s]
GAP-urand:   3%|▎         | 509427712/16766984746 [00:30<15:31, 17459575.35B/s]
GAP-urand:   3%|▎         | 511197184/16766984746 [00:30<15:28, 17514811.63B/s]
GAP-urand:   3%|▎         | 512950272/16766984746 [00:30<15:35, 17374664.39B/s]
GAP-urand:   3%|▎         | 514703360/16766984746 [00:30<15:35, 17373626.91B/s]
GAP-urand:   3%|▎         | 516456448/16766984746 [00:30<15:44, 17204936.49B/s]
GAP-urand:   3%|▎         | 518193152/16766984746 [00:30<15:59, 16939974.57B/s]
GAP-urand:   3%|▎         | 519897088/16766984746 [00:31<16:06, 16809164.57B/s]
GAP-urand:   3%|▎         | 521601024/16766984746 [00:31<16:08, 16774134.08B/s]
GAP-urand:   3%|▎         | 523304960/16766984746 [00:31<16:04, 16836451.04B/s]
GAP-urand:   3%|▎         | 525058048/16766984746 [00:31<15:55, 17005542.46B/s]
GAP-urand:   3%|▎         | 526761984/16766984746 [00:31<15:58, 16936419.76B/s]
GAP-urand:   3%|▎         | 528482304/16766984746 [00:31<15:56, 16982619.80B/s]
GAP-urand:   3%|▎         | 530268160/16766984746 [00:31<15:44, 17192320.91B/s]
GAP-urand:   3%|▎         | 532004864/16766984746 [00:31<15:43, 17214381.10B/s]
GAP-urand:   3%|▎         | 533741568/16766984746 [00:31<15:50, 17071105.77B/s]
GAP-urand:   3%|▎         | 535461888/16766984746 [00:31<15:51, 17055856.89B/s]
GAP-urand:   3%|▎         | 537182208/16766984746 [00:32<15:50, 17083391.21B/s]
GAP-urand:   3%|▎         | 538918912/16766984746 [00:32<15:47, 17132591.32B/s]
GAP-urand:   3%|▎         | 540655616/16766984746 [00:32<15:43, 17200858.03B/s]
GAP-urand:   3%|▎         | 542425088/16766984746 [00:32<15:36, 17328280.58B/s]
GAP-urand:   3%|▎         | 544161792/16766984746 [00:32<15:44, 17167467.28B/s]
GAP-urand:   3%|▎         | 545914880/16766984746 [00:32<15:40, 17246721.29B/s]
GAP-urand:   3%|▎         | 547684352/16766984746 [00:32<15:34, 17361751.44B/s]
GAP-urand:   3%|▎         | 549470208/16766984746 [00:32<15:34, 17349264.16B/s]
GAP-urand:   3%|▎         | 551239680/16766984746 [00:32<15:31, 17404955.37B/s]
GAP-urand:   3%|▎         | 552992768/16766984746 [00:32<15:34, 17343680.73B/s]
GAP-urand:   3%|▎         | 554745856/16766984746 [00:33<15:34, 17355916.96B/s]
GAP-urand:   3%|▎         | 556498944/16766984746 [00:33<15:34, 17355777.55B/s]
GAP-urand:   3%|▎         | 558268416/16766984746 [00:33<15:30, 17423739.58B/s]
GAP-urand:   3%|▎         | 560021504/16766984746 [00:33<15:36, 17306038.77B/s]
GAP-urand:   3%|▎         | 561758208/16766984746 [00:33<15:52, 17017906.67B/s]
GAP-urand:   3%|▎         | 563462144/16766984746 [00:33<16:02, 16833169.65B/s]
GAP-urand:   3%|▎         | 565166080/16766984746 [00:33<16:01, 16855338.11B/s]
GAP-urand:   3%|▎         | 566919168/16766984746 [00:33<15:52, 17014908.20B/s]
GAP-urand:   3%|▎         | 568623104/16766984746 [00:33<16:00, 16864032.26B/s]
GAP-urand:   3%|▎         | 570359808/16766984746 [00:33<15:53, 16987753.28B/s]
GAP-urand:   3%|▎         | 572096512/16766984746 [00:34<15:48, 17078882.82B/s]
GAP-urand:   3%|▎         | 573865984/16766984746 [00:34<15:38, 17258810.08B/s]
GAP-urand:   3%|▎         | 575602688/16766984746 [00:34<15:39, 17230546.72B/s]
GAP-urand:   3%|▎         | 577339392/16766984746 [00:34<15:38, 17245952.24B/s]
GAP-urand:   3%|▎         | 579076096/16766984746 [00:34<15:39, 17234255.58B/s]
GAP-urand:   3%|▎         | 580845568/16766984746 [00:34<15:31, 17369975.02B/s]
GAP-urand:   3%|▎         | 582615040/16766984746 [00:34<15:28, 17423671.80B/s]
GAP-urand:   3%|▎         | 584417280/16766984746 [00:34<15:20, 17572234.12B/s]
GAP-urand:   3%|▎         | 586186752/16766984746 [00:34<15:24, 17501195.39B/s]
GAP-urand:   4%|▎         | 587956224/16766984746 [00:34<15:21, 17554461.26B/s]
GAP-urand:   4%|▎         | 589725696/16766984746 [00:35<15:22, 17534173.27B/s]
GAP-urand:   4%|▎         | 591495168/16766984746 [00:35<15:23, 17507576.24B/s]
GAP-urand:   4%|▎         | 593248256/16766984746 [00:35<15:24, 17492116.57B/s]
GAP-urand:   4%|▎         | 595017728/16766984746 [00:35<15:23, 17518260.62B/s]
GAP-urand:   4%|▎         | 596770816/16766984746 [00:35<15:26, 17451565.63B/s]
GAP-urand:   4%|▎         | 598523904/16766984746 [00:35<15:29, 17390623.24B/s]
GAP-urand:   4%|▎         | 600309760/16766984746 [00:35<15:23, 17510266.94B/s]
GAP-urand:   4%|▎         | 602062848/16766984746 [00:35<15:23, 17512072.66B/s]
GAP-urand:   4%|▎         | 603848704/16766984746 [00:35<15:19, 17577631.25B/s]
GAP-urand:   4%|▎         | 605634560/16766984746 [00:35<15:17, 17618380.94B/s]
GAP-urand:   4%|▎         | 607436800/16766984746 [00:36<15:12, 17700281.47B/s]
GAP-urand:   4%|▎         | 609222656/16766984746 [00:36<15:22, 17523060.79B/s]
GAP-urand:   4%|▎         | 610975744/16766984746 [00:36<15:24, 17469261.67B/s]
GAP-urand:   4%|▎         | 612728832/16766984746 [00:36<15:25, 17455222.27B/s]
GAP-urand:   4%|▎         | 614498304/16766984746 [00:36<15:23, 17490972.13B/s]
GAP-urand:   4%|▎         | 616267776/16766984746 [00:36<15:21, 17534555.09B/s]
GAP-urand:   4%|▎         | 618037248/16766984746 [00:36<15:19, 17560220.84B/s]
GAP-urand:   4%|▎         | 619806720/16766984746 [00:36<15:18, 17587102.33B/s]
GAP-urand:   4%|▎         | 621576192/16766984746 [00:36<15:29, 17365501.57B/s]
GAP-urand:   4%|▎         | 623329280/16766984746 [00:37<15:42, 17122521.38B/s]
GAP-urand:   4%|▎         | 625049600/16766984746 [00:37<15:42, 17118399.34B/s]
GAP-urand:   4%|▎         | 626819072/16766984746 [00:37<15:33, 17284499.50B/s]
GAP-urand:   4%|▎         | 628604928/16766984746 [00:37<15:26, 17413142.79B/s]
GAP-urand:   4%|▍         | 630390784/16766984746 [00:37<15:19, 17544931.05B/s]
GAP-urand:   4%|▍         | 632160256/16766984746 [00:37<15:31, 17323928.71B/s]
GAP-urand:   4%|▍         | 633896960/16766984746 [00:37<15:50, 16970912.19B/s]
GAP-urand:   4%|▍         | 635617280/16766984746 [00:37<15:47, 17032044.40B/s]
GAP-urand:   4%|▍         | 637337600/16766984746 [00:37<15:51, 16945421.00B/s]
GAP-urand:   4%|▍         | 639041536/16766984746 [00:37<15:58, 16828478.90B/s]
GAP-urand:   4%|▍         | 640761856/16766984746 [00:38<15:52, 16934125.42B/s]
GAP-urand:   4%|▍         | 642531328/16766984746 [00:38<15:42, 17109895.63B/s]
GAP-urand:   4%|▍         | 644251648/16766984746 [00:38<15:49, 16982522.01B/s]
GAP-urand:   4%|▍         | 645955584/16766984746 [00:38<16:14, 16550694.07B/s]
GAP-urand:   4%|▍         | 647692288/16766984746 [00:38<16:00, 16777189.50B/s]
GAP-urand:   4%|▍         | 649396224/16766984746 [00:38<15:57, 16836198.40B/s]
GAP-urand:   4%|▍         | 651083776/16766984746 [00:38<15:59, 16792091.54B/s]
GAP-urand:   4%|▍         | 652836864/16766984746 [00:38<15:47, 17009142.50B/s]
GAP-urand:   4%|▍         | 654589952/16766984746 [00:38<15:40, 17127698.72B/s]
GAP-urand:   4%|▍         | 656310272/16766984746 [00:38<15:39, 17146280.03B/s]
GAP-urand:   4%|▍         | 658079744/16766984746 [00:39<15:32, 17280560.52B/s]
GAP-urand:   4%|▍         | 659832832/16766984746 [00:39<15:30, 17315892.49B/s]
GAP-urand:   4%|▍         | 661602304/16766984746 [00:39<15:25, 17411197.28B/s]
GAP-urand:   4%|▍         | 663355392/16766984746 [00:39<15:24, 17417318.32B/s]
GAP-urand:   4%|▍         | 665108480/16766984746 [00:39<15:27, 17367469.82B/s]
GAP-urand:   4%|▍         | 666894336/16766984746 [00:39<15:20, 17492383.94B/s]
GAP-urand:   4%|▍         | 668680192/16766984746 [00:39<15:16, 17569870.49B/s]
GAP-urand:   4%|▍         | 670466048/16766984746 [00:39<15:12, 17644422.60B/s]
GAP-urand:   4%|▍         | 672235520/16766984746 [00:39<15:11, 17656878.44B/s]
GAP-urand:   4%|▍         | 674021376/16766984746 [00:39<15:09, 17689231.90B/s]
GAP-urand:   4%|▍         | 675823616/16766984746 [00:40<15:04, 17788064.08B/s]
GAP-urand:   4%|▍         | 677625856/16766984746 [00:40<15:00, 17857819.09B/s]
GAP-urand:   4%|▍         | 679411712/16766984746 [00:40<15:11, 17647692.26B/s]
GAP-urand:   4%|▍         | 681181184/16766984746 [00:40<15:15, 17578955.28B/s]
GAP-urand:   4%|▍         | 682950656/16766984746 [00:40<15:22, 17441820.44B/s]
GAP-urand:   4%|▍         | 684720128/16766984746 [00:40<15:19, 17491211.11B/s]
GAP-urand:   4%|▍         | 686505984/16766984746 [00:40<15:15, 17558547.99B/s]
GAP-urand:   4%|▍         | 688275456/16766984746 [00:40<15:25, 17377531.15B/s]
GAP-urand:   4%|▍         | 690028544/16766984746 [00:40<15:31, 17250230.35B/s]
GAP-urand:   4%|▍         | 691798016/16766984746 [00:40<15:27, 17333246.49B/s]
GAP-urand:   4%|▍         | 693567488/16766984746 [00:41<15:23, 17404127.85B/s]
GAP-urand:   4%|▍         | 695320576/16766984746 [00:41<15:26, 17344072.76B/s]
GAP-urand:   4%|▍         | 697057280/16766984746 [00:41<15:35, 17183574.57B/s]
GAP-urand:   4%|▍         | 698777600/16766984746 [00:41<15:41, 17070203.05B/s]
GAP-urand:   4%|▍         | 700530688/16766984746 [00:41<15:36, 17156073.87B/s]
GAP-urand:   4%|▍         | 702332928/16766984746 [00:41<15:24, 17370797.08B/s]
GAP-urand:   4%|▍         | 704102400/16766984746 [00:41<15:21, 17432089.23B/s]
GAP-urand:   4%|▍         | 705855488/16766984746 [00:41<15:28, 17293899.17B/s]
GAP-urand:   4%|▍         | 707624960/16766984746 [00:41<15:24, 17374821.23B/s]
GAP-urand:   4%|▍         | 709378048/16766984746 [00:41<15:25, 17345278.15B/s]
GAP-urand:   4%|▍         | 711163904/16766984746 [00:42<15:17, 17497327.15B/s]
GAP-urand:   4%|▍         | 712933376/16766984746 [00:42<15:16, 17523764.76B/s]
GAP-urand:   4%|▍         | 714702848/16766984746 [00:42<15:13, 17568968.76B/s]
GAP-urand:   4%|▍         | 716472320/16766984746 [00:42<15:12, 17589328.08B/s]
GAP-urand:   4%|▍         | 718241792/16766984746 [00:42<15:15, 17535416.79B/s]
GAP-urand:   4%|▍         | 720011264/16766984746 [00:42<15:16, 17499674.18B/s]
GAP-urand:   4%|▍         | 721764352/16766984746 [00:42<15:18, 17462168.79B/s]
GAP-urand:   4%|▍         | 723517440/16766984746 [00:42<15:19, 17449072.92B/s]
GAP-urand:   4%|▍         | 725319680/16766984746 [00:42<15:11, 17597398.20B/s]
GAP-urand:   4%|▍         | 727121920/16766984746 [00:42<15:06, 17703837.55B/s]
GAP-urand:   4%|▍         | 728907776/16766984746 [00:43<15:14, 17545886.22B/s]
GAP-urand:   4%|▍         | 730677248/16766984746 [00:43<15:46, 16937812.49B/s]
GAP-urand:   4%|▍         | 732381184/16766984746 [00:43<15:47, 16917720.02B/s]
GAP-urand:   4%|▍         | 734085120/16766984746 [00:43<15:46, 16939670.82B/s]
GAP-urand:   4%|▍         | 735789056/16766984746 [00:43<15:47, 16919578.86B/s]
GAP-urand:   4%|▍         | 737492992/16766984746 [00:43<15:45, 16946467.90B/s]
GAP-urand:   4%|▍         | 739213312/16766984746 [00:43<15:43, 16992466.68B/s]
GAP-urand:   4%|▍         | 740917248/16766984746 [00:43<15:47, 16912255.45B/s]
GAP-urand:   4%|▍         | 742621184/16766984746 [00:43<15:57, 16740613.58B/s]
GAP-urand:   4%|▍         | 744308736/16766984746 [00:44<15:59, 16699490.67B/s]
GAP-urand:   4%|▍         | 745996288/16766984746 [00:44<15:56, 16744940.67B/s]
GAP-urand:   4%|▍         | 747749376/16766984746 [00:44<15:46, 16933471.82B/s]
GAP-urand:   4%|▍         | 749502464/16766984746 [00:44<15:38, 17072094.46B/s]
GAP-urand:   4%|▍         | 751271936/16766984746 [00:44<15:30, 17216428.08B/s]
GAP-urand:   4%|▍         | 753008640/16766984746 [00:44<15:35, 17110071.06B/s]
GAP-urand:   5%|▍         | 754728960/16766984746 [00:44<15:48, 16888612.56B/s]
GAP-urand:   5%|▍         | 756432896/16766984746 [00:44<15:48, 16882749.49B/s]
GAP-urand:   5%|▍         | 758136832/16766984746 [00:44<15:48, 16869592.48B/s]
GAP-urand:   5%|▍         | 759840768/16766984746 [00:44<15:47, 16885834.48B/s]
GAP-urand:   5%|▍         | 761544704/16766984746 [00:45<15:57, 16718370.94B/s]
GAP-urand:   5%|▍         | 763281408/16766984746 [00:45<15:48, 16879536.51B/s]
GAP-urand:   5%|▍         | 764985344/16766984746 [00:45<15:47, 16893692.15B/s]
GAP-urand:   5%|▍         | 766689280/16766984746 [00:45<15:51, 16816859.98B/s]
GAP-urand:   5%|▍         | 768376832/16766984746 [00:45<15:59, 16673704.47B/s]
GAP-urand:   5%|▍         | 770080768/16766984746 [00:45<15:53, 16779766.89B/s]
GAP-urand:   5%|▍         | 771833856/16766984746 [00:45<15:40, 17002345.19B/s]
GAP-urand:   5%|▍         | 773586944/16766984746 [00:45<15:33, 17129361.41B/s]
GAP-urand:   5%|▍         | 775340032/16766984746 [00:45<15:27, 17236271.60B/s]
GAP-urand:   5%|▍         | 777076736/16766984746 [00:45<15:30, 17178089.30B/s]
GAP-urand:   5%|▍         | 778797056/16766984746 [00:46<15:50, 16829423.02B/s]
GAP-urand:   5%|▍         | 780484608/16766984746 [00:46<16:21, 16290973.54B/s]
GAP-urand:   5%|▍         | 782123008/16766984746 [00:46<16:20, 16295169.99B/s]
GAP-urand:   5%|▍         | 783843328/16766984746 [00:46<16:07, 16518049.56B/s]
GAP-urand:   5%|▍         | 785530880/16766984746 [00:46<16:02, 16609991.78B/s]
GAP-urand:   5%|▍         | 787234816/16766984746 [00:46<15:55, 16731985.51B/s]
GAP-urand:   5%|▍         | 788922368/16766984746 [00:46<16:00, 16637530.26B/s]
GAP-urand:   5%|▍         | 790593536/16766984746 [00:46<16:18, 16328740.93B/s]
GAP-urand:   5%|▍         | 792231936/16766984746 [00:46<16:34, 16064920.24B/s]
GAP-urand:   5%|▍         | 793853952/16766984746 [00:46<16:36, 16034145.71B/s]
GAP-urand:   5%|▍         | 795459584/16766984746 [00:47<16:40, 15968571.87B/s]
GAP-urand:   5%|▍         | 797147136/16766984746 [00:47<16:24, 16214818.33B/s]
GAP-urand:   5%|▍         | 798883840/16766984746 [00:47<16:06, 16522788.03B/s]
GAP-urand:   5%|▍         | 800620544/16766984746 [00:47<15:52, 16765777.39B/s]
GAP-urand:   5%|▍         | 802308096/16766984746 [00:47<16:04, 16560033.82B/s]
GAP-urand:   5%|▍         | 803979264/16766984746 [00:47<16:02, 16580626.91B/s]
GAP-urand:   5%|▍         | 805715968/16766984746 [00:47<15:49, 16809650.95B/s]
GAP-urand:   5%|▍         | 807436288/16766984746 [00:47<15:43, 16918292.12B/s]
GAP-urand:   5%|▍         | 809140224/16766984746 [00:47<15:47, 16847518.01B/s]
GAP-urand:   5%|▍         | 810827776/16766984746 [00:47<15:49, 16796460.00B/s]
GAP-urand:   5%|▍         | 812515328/16766984746 [00:48<15:55, 16703336.65B/s]
GAP-urand:   5%|▍         | 814186496/16766984746 [00:48<15:58, 16652089.74B/s]
GAP-urand:   5%|▍         | 815857664/16766984746 [00:48<15:57, 16661334.04B/s]
GAP-urand:   5%|▍         | 817528832/16766984746 [00:48<15:56, 16671206.39B/s]
GAP-urand:   5%|▍         | 819200000/16766984746 [00:48<16:01, 16578449.45B/s]
GAP-urand:   5%|▍         | 820871168/16766984746 [00:48<16:00, 16594787.30B/s]
GAP-urand:   5%|▍         | 822542336/16766984746 [00:48<16:00, 16607996.55B/s]
GAP-urand:   5%|▍         | 824213504/16766984746 [00:48<15:59, 16620585.18B/s]
GAP-urand:   5%|▍         | 825884672/16766984746 [00:48<15:59, 16607144.13B/s]
GAP-urand:   5%|▍         | 827555840/16766984746 [00:48<15:59, 16617656.49B/s]
GAP-urand:   5%|▍         | 829243392/16766984746 [00:49<15:56, 16660239.96B/s]
GAP-urand:   5%|▍         | 830914560/16766984746 [00:49<16:00, 16594891.64B/s]
GAP-urand:   5%|▍         | 832585728/16766984746 [00:49<16:01, 16579986.46B/s]
GAP-urand:   5%|▍         | 834256896/16766984746 [00:49<16:00, 16580255.61B/s]
GAP-urand:   5%|▍         | 835928064/16766984746 [00:49<15:59, 16606195.81B/s]
GAP-urand:   5%|▍         | 837599232/16766984746 [00:49<15:58, 16615740.29B/s]
GAP-urand:   5%|▌         | 839270400/16766984746 [00:49<15:59, 16602076.11B/s]
GAP-urand:   5%|▌         | 840941568/16766984746 [00:49<15:59, 16599922.92B/s]
GAP-urand:   5%|▌         | 842629120/16766984746 [00:49<15:57, 16636082.50B/s]
GAP-urand:   5%|▌         | 844316672/16766984746 [00:50<15:55, 16671465.96B/s]
GAP-urand:   5%|▌         | 845987840/16766984746 [00:50<15:54, 16674798.85B/s]
GAP-urand:   5%|▌         | 847659008/16766984746 [00:50<16:01, 16560211.09B/s]
GAP-urand:   5%|▌         | 849346560/16766984746 [00:50<15:58, 16611391.08B/s]
GAP-urand:   5%|▌         | 851017728/16766984746 [00:50<15:56, 16639355.60B/s]
GAP-urand:   5%|▌         | 852688896/16766984746 [00:50<15:57, 16613380.37B/s]
GAP-urand:   5%|▌         | 854360064/16766984746 [00:50<15:57, 16618159.75B/s]
GAP-urand:   5%|▌         | 856031232/16766984746 [00:50<15:57, 16609802.48B/s]
GAP-urand:   5%|▌         | 857702400/16766984746 [00:50<15:56, 16629032.80B/s]
GAP-urand:   5%|▌         | 859389952/16766984746 [00:50<15:52, 16698106.80B/s]
GAP-urand:   5%|▌         | 861061120/16766984746 [00:51<15:54, 16662722.17B/s]
GAP-urand:   5%|▌         | 862732288/16766984746 [00:51<15:53, 16677097.61B/s]
GAP-urand:   5%|▌         | 864403456/16766984746 [00:51<15:56, 16626130.97B/s]
GAP-urand:   5%|▌         | 866091008/16766984746 [00:51<15:52, 16692134.51B/s]
GAP-urand:   5%|▌         | 867778560/16766984746 [00:51<15:51, 16711753.29B/s]
GAP-urand:   5%|▌         | 869466112/16766984746 [00:51<15:51, 16699802.17B/s]
GAP-urand:   5%|▌         | 871137280/16766984746 [00:51<15:53, 16674179.26B/s]
GAP-urand:   5%|▌         | 872824832/16766984746 [00:51<15:50, 16724302.44B/s]
GAP-urand:   5%|▌         | 874512384/16766984746 [00:51<15:50, 16722981.06B/s]
GAP-urand:   5%|▌         | 876199936/16766984746 [00:51<15:54, 16648021.07B/s]
GAP-urand:   5%|▌         | 877871104/16766984746 [00:52<15:55, 16632915.64B/s]
GAP-urand:   5%|▌         | 879558656/16766984746 [00:52<15:53, 16668129.02B/s]
GAP-urand:   5%|▌         | 881229824/16766984746 [00:52<15:53, 16661177.25B/s]
GAP-urand:   5%|▌         | 882900992/16766984746 [00:52<15:55, 16631836.99B/s]
GAP-urand:   5%|▌         | 884572160/16766984746 [00:52<15:54, 16632721.97B/s]
GAP-urand:   5%|▌         | 886243328/16766984746 [00:52<15:56, 16603993.81B/s]
GAP-urand:   5%|▌         | 887930880/16766984746 [00:52<15:53, 16661247.87B/s]
GAP-urand:   5%|▌         | 889602048/16766984746 [00:52<15:53, 16644240.75B/s]
GAP-urand:   5%|▌         | 891273216/16766984746 [00:52<15:56, 16602572.84B/s]
GAP-urand:   5%|▌         | 892960768/16766984746 [00:52<15:53, 16643738.68B/s]
GAP-urand:   5%|▌         | 894648320/16766984746 [00:53<15:51, 16674418.87B/s]
GAP-urand:   5%|▌         | 896319488/16766984746 [00:53<15:51, 16684315.79B/s]
GAP-urand:   5%|▌         | 897990656/16766984746 [00:53<15:52, 16653183.01B/s]
GAP-urand:   5%|▌         | 899661824/16766984746 [00:53<15:53, 16649354.51B/s]
GAP-urand:   5%|▌         | 901365760/16766984746 [00:53<15:48, 16719484.90B/s]
GAP-urand:   5%|▌         | 903053312/16766984746 [00:53<15:50, 16692772.87B/s]
GAP-urand:   5%|▌         | 904724480/16766984746 [00:53<15:51, 16674842.97B/s]
GAP-urand:   5%|▌         | 906395648/16766984746 [00:53<15:54, 16620470.13B/s]
GAP-urand:   5%|▌         | 908083200/16766984746 [00:53<15:50, 16684725.93B/s]
GAP-urand:   5%|▌         | 909754368/16766984746 [00:53<15:50, 16683871.39B/s]
GAP-urand:   5%|▌         | 911425536/16766984746 [00:54<15:50, 16676360.63B/s]
GAP-urand:   5%|▌         | 913096704/16766984746 [00:54<15:51, 16669422.68B/s]
GAP-urand:   5%|▌         | 914767872/16766984746 [00:54<15:53, 16624421.77B/s]
GAP-urand:   5%|▌         | 916455424/16766984746 [00:54<15:51, 16653783.53B/s]
GAP-urand:   5%|▌         | 918126592/16766984746 [00:54<15:50, 16667379.34B/s]
GAP-urand:   5%|▌         | 919830528/16766984746 [00:54<15:47, 16723420.70B/s]
GAP-urand:   5%|▌         | 921518080/16766984746 [00:54<15:47, 16716955.27B/s]
GAP-urand:   6%|▌         | 923205632/16766984746 [00:54<15:45, 16754347.64B/s]
GAP-urand:   6%|▌         | 924893184/16766984746 [00:54<15:45, 16751869.75B/s]
GAP-urand:   6%|▌         | 926580736/16766984746 [00:54<15:47, 16713371.46B/s]
GAP-urand:   6%|▌         | 928268288/16766984746 [00:55<15:45, 16750899.72B/s]
GAP-urand:   6%|▌         | 929955840/16766984746 [00:55<15:48, 16705331.10B/s]
GAP-urand:   6%|▌         | 931627008/16766984746 [00:55<15:51, 16645014.25B/s]
GAP-urand:   6%|▌         | 933314560/16766984746 [00:55<15:48, 16689401.95B/s]
GAP-urand:   6%|▌         | 935002112/16766984746 [00:55<15:48, 16693799.43B/s]
GAP-urand:   6%|▌         | 936689664/16766984746 [00:55<15:48, 16681052.18B/s]
GAP-urand:   6%|▌         | 938377216/16766984746 [00:55<15:47, 16698575.04B/s]
GAP-urand:   6%|▌         | 940081152/16766984746 [00:55<15:45, 16744697.67B/s]
GAP-urand:   6%|▌         | 941768704/16766984746 [00:55<15:47, 16705287.20B/s]
GAP-urand:   6%|▌         | 943456256/16766984746 [00:55<15:46, 16724324.27B/s]
GAP-urand:   6%|▌         | 945143808/16766984746 [00:56<15:45, 16739218.10B/s]
GAP-urand:   6%|▌         | 946831360/16766984746 [00:56<15:49, 16657856.05B/s]

asv: benchmark timed out (timeout 60s)

·· ========================================= ========
                    dataset                          
   ----------------------------------------- --------
         bfs_inputs.snap-email-Eu-core         n/a   
       bfs_inputs.snap-facebook_combined       n/a   
            bfs_inputs.snap-ca-GrQc            n/a   
         bfs_inputs.snap-p2p-Gnutella04        n/a   
         bfs_test_inputs.test_bfs_basic        n/a   
      bfs_test_inputs.test_bfs_single_node     n/a   
     bfs_test_inputs.test_bfs_disconnected     n/a   
      bfs_test_inputs.test_bfs_undirected      n/a   
         bfs_test_inputs.test_bfs_cycle        n/a   
       bfs_test_inputs.test_bfs_snap_toy       n/a   
      bfs_gap_inputs.GAP/GAP-road_4795720      n/a   
      bfs_gap_inputs.GAP/GAP-road_21003853     n/a   
       bfs_gap_inputs.GAP/GAP-road_417968      n/a   
      bfs_gap_inputs.GAP/GAP-road_6496511      n/a   
      bfs_gap_inputs.GAP/GAP-road_6648699      n/a   
      bfs_gap_inputs.GAP/GAP-road_9811073      n/a   
      bfs_gap_inputs.GAP/GAP-road_22247478     n/a   
      bfs_gap_inputs.GAP/GAP-road_5720252      n/a   
      bfs_gap_inputs.GAP/GAP-road_12366459     n/a   
      bfs_gap_inputs.GAP/GAP-road_20413729     n/a   
      bfs_gap_inputs.GAP/GAP-road_4217374      n/a   
      bfs_gap_inputs.GAP/GAP-road_2674749      n/a   
      bfs_gap_inputs.GAP/GAP-road_22085557     n/a   
      bfs_gap_inputs.GAP/GAP-road_19445040     n/a   
      bfs_gap_inputs.GAP/GAP-road_2360788      n/a   
      bfs_gap_inputs.GAP/GAP-road_19115968     n/a   
      bfs_gap_inputs.GAP/GAP-road_7758767      n/a   
      bfs_gap_inputs.GAP/GAP-road_13468234     n/a   
       bfs_gap_inputs.GAP/GAP-road_30367       n/a   
      bfs_gap_inputs.GAP/GAP-road_18599547     n/a   
      bfs_gap_inputs.GAP/GAP-road_7526108      n/a   
      bfs_gap_inputs.GAP/GAP-road_16836280     n/a   
      bfs_gap_inputs.GAP/GAP-road_12742067     n/a   
      bfs_gap_inputs.GAP/GAP-road_7697995      n/a   
      bfs_gap_inputs.GAP/GAP-road_5876443      n/a   
      bfs_gap_inputs.GAP/GAP-road_9616340      n/a   
      bfs_gap_inputs.GAP/GAP-road_2497673      n/a   
      bfs_gap_inputs.GAP/GAP-road_10052290     n/a   
      bfs_gap_inputs.GAP/GAP-road_12493057     n/a   
      bfs_gap_inputs.GAP/GAP-road_1670855      n/a   
      bfs_gap_inputs.GAP/GAP-road_2760679      n/a   
      bfs_gap_inputs.GAP/GAP-road_2460941      n/a   
      bfs_gap_inputs.GAP/GAP-road_8489650      n/a   
      bfs_gap_inputs.GAP/GAP-road_5005225      n/a   
      bfs_gap_inputs.GAP/GAP-road_8744645      n/a   
      bfs_gap_inputs.GAP/GAP-road_8512023      n/a   
      bfs_gap_inputs.GAP/GAP-road_21912165     n/a   
      bfs_gap_inputs.GAP/GAP-road_1105390      n/a   
      bfs_gap_inputs.GAP/GAP-road_15432163     n/a   
      bfs_gap_inputs.GAP/GAP-road_1600177      n/a   
      bfs_gap_inputs.GAP/GAP-road_19079469     n/a   
      bfs_gap_inputs.GAP/GAP-road_16516637     n/a   
      bfs_gap_inputs.GAP/GAP-road_20202566     n/a   
      bfs_gap_inputs.GAP/GAP-road_21372803     n/a   
      bfs_gap_inputs.GAP/GAP-road_2898009      n/a   
      bfs_gap_inputs.GAP/GAP-road_8491277     failed 
      bfs_gap_inputs.GAP/GAP-road_18798317     n/a   
      bfs_gap_inputs.GAP/GAP-road_23757560     n/a   
      bfs_gap_inputs.GAP/GAP-road_17161819     n/a   
      bfs_gap_inputs.GAP/GAP-road_23180739     n/a   
      bfs_gap_inputs.GAP/GAP-road_10997085     n/a   
      bfs_gap_inputs.GAP/GAP-road_3730630      n/a   
      bfs_gap_inputs.GAP/GAP-road_1079068      n/a   
      bfs_gap_inputs.GAP/GAP-road_15426822     n/a   
      bfs_gap_inputs.GAP/GAP-road_12190925     n/a   
      bfs_gap_inputs.GAP/GAP-road_1155218      n/a   
      bfs_gap_inputs.GAP/GAP-road_10693488     n/a   
      bfs_gap_inputs.GAP/GAP-road_14434835     n/a   
      bfs_gap_inputs.GAP/GAP-road_19963339     n/a   
      bfs_gap_inputs.GAP/GAP-road_3486185      n/a   
      bfs_gap_inputs.GAP/GAP-road_18383269     n/a   
      bfs_gap_inputs.GAP/GAP-road_20269908     n/a   
      bfs_gap_inputs.GAP/GAP-road_12370764     n/a   
      bfs_gap_inputs.GAP/GAP-road_7843140      n/a   
    bfs_gap_inputs.GAP/GAP-twitter_12441072    n/a   
    bfs_gap_inputs.GAP/GAP-twitter_54488257    n/a   
    bfs_gap_inputs.GAP/GAP-twitter_25451915    n/a   
    bfs_gap_inputs.GAP/GAP-twitter_57714473    n/a   
    bfs_gap_inputs.GAP/GAP-twitter_14839494    n/a   
    bfs_gap_inputs.GAP/GAP-twitter_32081104    n/a   
    bfs_gap_inputs.GAP/GAP-twitter_52957357    n/a   
    bfs_gap_inputs.GAP/GAP-twitter_50444380    n/a   
    bfs_gap_inputs.GAP/GAP-twitter_49590701    n/a   
    bfs_gap_inputs.GAP/GAP-twitter_20127816    n/a   
    bfs_gap_inputs.GAP/GAP-twitter_34939333    n/a   
    bfs_gap_inputs.GAP/GAP-twitter_48251001    n/a   
    bfs_gap_inputs.GAP/GAP-twitter_19524253    n/a   
    bfs_gap_inputs.GAP/GAP-twitter_43676726    n/a   
    bfs_gap_inputs.GAP/GAP-twitter_33055508    n/a   
    bfs_gap_inputs.GAP/GAP-twitter_15244687    n/a   
    bfs_gap_inputs.GAP/GAP-twitter_24946738    n/a   
     bfs_gap_inputs.GAP/GAP-twitter_6479472    n/a   
    bfs_gap_inputs.GAP/GAP-twitter_26077682    n/a   
    bfs_gap_inputs.GAP/GAP-twitter_22023875    n/a   
    bfs_gap_inputs.GAP/GAP-twitter_22081915    n/a   
    bfs_gap_inputs.GAP/GAP-twitter_40034162    n/a   
    bfs_gap_inputs.GAP/GAP-twitter_49496014    n/a   
    bfs_gap_inputs.GAP/GAP-twitter_42847507    n/a   
    bfs_gap_inputs.GAP/GAP-twitter_52409557    n/a   
    bfs_gap_inputs.GAP/GAP-twitter_55445388    n/a   
    bfs_gap_inputs.GAP/GAP-twitter_22028097    n/a   
    bfs_gap_inputs.GAP/GAP-twitter_48766648    n/a   
    bfs_gap_inputs.GAP/GAP-twitter_44521241    n/a   
    bfs_gap_inputs.GAP/GAP-twitter_60135542    n/a   
    bfs_gap_inputs.GAP/GAP-twitter_28528671    n/a   
     bfs_gap_inputs.GAP/GAP-twitter_9678012    n/a   
    bfs_gap_inputs.GAP/GAP-twitter_40020306    n/a   
    bfs_gap_inputs.GAP/GAP-twitter_31625735    n/a   
    bfs_gap_inputs.GAP/GAP-twitter_37446892    n/a   
    bfs_gap_inputs.GAP/GAP-twitter_51788952    n/a   
    bfs_gap_inputs.GAP/GAP-twitter_52584255    n/a   
    bfs_gap_inputs.GAP/GAP-twitter_20346696    n/a   
    bfs_gap_inputs.GAP/GAP-twitter_48387909    n/a   
    bfs_gap_inputs.GAP/GAP-twitter_37337427    n/a   
    bfs_gap_inputs.GAP/GAP-twitter_50501084    n/a   
    bfs_gap_inputs.GAP/GAP-twitter_30130061    n/a   
    bfs_gap_inputs.GAP/GAP-twitter_41185893    n/a   
    bfs_gap_inputs.GAP/GAP-twitter_56495703    n/a   
    bfs_gap_inputs.GAP/GAP-twitter_45663305    n/a   
    bfs_gap_inputs.GAP/GAP-twitter_33359460   failed 
    bfs_gap_inputs.GAP/GAP-twitter_48143058    n/a   
    bfs_gap_inputs.GAP/GAP-twitter_33291513    n/a   
    bfs_gap_inputs.GAP/GAP-twitter_53461445    n/a   
    bfs_gap_inputs.GAP/GAP-twitter_29340610    n/a   
    bfs_gap_inputs.GAP/GAP-twitter_34148498    n/a   
    bfs_gap_inputs.GAP/GAP-twitter_49171806    n/a   
    bfs_gap_inputs.GAP/GAP-twitter_35550696    n/a   
    bfs_gap_inputs.GAP/GAP-twitter_14521507    n/a   
    bfs_gap_inputs.GAP/GAP-twitter_51633218    n/a   
    bfs_gap_inputs.GAP/GAP-twitter_46823382    n/a   
    bfs_gap_inputs.GAP/GAP-twitter_19396273    n/a   
    bfs_gap_inputs.GAP/GAP-twitter_19871750    n/a   
    bfs_gap_inputs.GAP/GAP-twitter_36862677    n/a   
    bfs_gap_inputs.GAP/GAP-twitter_49539126    n/a   
    bfs_gap_inputs.GAP/GAP-twitter_34016452    n/a   
    bfs_gap_inputs.GAP/GAP-twitter_36567395    n/a   
    bfs_gap_inputs.GAP/GAP-twitter_55487793    n/a   
    bfs_gap_inputs.GAP/GAP-twitter_14391370    n/a   
      bfs_gap_inputs.GAP/GAP-web_10219452      n/a   
      bfs_gap_inputs.GAP/GAP-web_44758211      n/a   
       bfs_gap_inputs.GAP/GAP-web_890671       n/a   
      bfs_gap_inputs.GAP/GAP-web_13843756      n/a   
      bfs_gap_inputs.GAP/GAP-web_14168062      n/a   
      bfs_gap_inputs.GAP/GAP-web_20906930      n/a   
      bfs_gap_inputs.GAP/GAP-web_12189584      n/a   
      bfs_gap_inputs.GAP/GAP-web_26352335      n/a   
      bfs_gap_inputs.GAP/GAP-web_43500686      n/a   
       bfs_gap_inputs.GAP/GAP-web_8987024      n/a   
       bfs_gap_inputs.GAP/GAP-web_5699762      n/a   
      bfs_gap_inputs.GAP/GAP-web_41436455      n/a   
       bfs_gap_inputs.GAP/GAP-web_5030727      n/a   
      bfs_gap_inputs.GAP/GAP-web_40735218      n/a   
      bfs_gap_inputs.GAP/GAP-web_16533563      n/a   
      bfs_gap_inputs.GAP/GAP-web_28700166      n/a   
        bfs_gap_inputs.GAP/GAP-web_64711       n/a   
      bfs_gap_inputs.GAP/GAP-web_39634750      n/a   
      bfs_gap_inputs.GAP/GAP-web_16037779      n/a   
      bfs_gap_inputs.GAP/GAP-web_27152739      n/a   
      bfs_gap_inputs.GAP/GAP-web_16404061      n/a   
      bfs_gap_inputs.GAP/GAP-web_20491963      n/a   
       bfs_gap_inputs.GAP/GAP-web_5322423      n/a   
      bfs_gap_inputs.GAP/GAP-web_21420953      n/a   
      bfs_gap_inputs.GAP/GAP-web_26622109      n/a   
       bfs_gap_inputs.GAP/GAP-web_5882875      n/a   
      bfs_gap_inputs.GAP/GAP-web_18091040      n/a   
      bfs_gap_inputs.GAP/GAP-web_10665896      n/a   
      bfs_gap_inputs.GAP/GAP-web_18634422      n/a   
      bfs_gap_inputs.GAP/GAP-web_18138715      n/a   
       bfs_gap_inputs.GAP/GAP-web_2355535      n/a   
      bfs_gap_inputs.GAP/GAP-web_32885205      n/a   
      bfs_gap_inputs.GAP/GAP-web_40657440      n/a   
      bfs_gap_inputs.GAP/GAP-web_35196167      n/a   
      bfs_gap_inputs.GAP/GAP-web_45544426      n/a   
       bfs_gap_inputs.GAP/GAP-web_6175519      n/a   
      bfs_gap_inputs.GAP/GAP-web_40058318      n/a   
      bfs_gap_inputs.GAP/GAP-web_50626230      n/a   
      bfs_gap_inputs.GAP/GAP-web_36571019      n/a   
      bfs_gap_inputs.GAP/GAP-web_49397052      n/a   
      bfs_gap_inputs.GAP/GAP-web_23434265      n/a   
       bfs_gap_inputs.GAP/GAP-web_2299444      n/a   
      bfs_gap_inputs.GAP/GAP-web_32873823      n/a   
      bfs_gap_inputs.GAP/GAP-web_25978282      n/a   
       bfs_gap_inputs.GAP/GAP-web_2461715      n/a   
      bfs_gap_inputs.GAP/GAP-web_22787314     failed 
      bfs_gap_inputs.GAP/GAP-web_30759947      n/a   
       bfs_gap_inputs.GAP/GAP-web_7428894      n/a   
      bfs_gap_inputs.GAP/GAP-web_39173870      n/a   
      bfs_gap_inputs.GAP/GAP-web_43194209      n/a   
      bfs_gap_inputs.GAP/GAP-web_26361509      n/a   
      bfs_gap_inputs.GAP/GAP-web_39747211      n/a   
      bfs_gap_inputs.GAP/GAP-web_30670029      n/a   
      bfs_gap_inputs.GAP/GAP-web_41483033      n/a   
       bfs_gap_inputs.GAP/GAP-web_9358666      n/a   
       bfs_gap_inputs.GAP/GAP-web_9945008      n/a   
       bfs_gap_inputs.GAP/GAP-web_3355244      n/a   
      bfs_gap_inputs.GAP/GAP-web_33831269      n/a   
      bfs_gap_inputs.GAP/GAP-web_45124744      n/a   
      bfs_gap_inputs.GAP/GAP-web_16137877      n/a   
      bfs_gap_inputs.GAP/GAP-web_11235448      n/a   
      bfs_gap_inputs.GAP/GAP-web_37509144      n/a   
      bfs_gap_inputs.GAP/GAP-web_27402414      n/a   
      bfs_gap_inputs.GAP/GAP-web_39546083      n/a   
      bfs_gap_inputs.GAP/GAP-kron_2338012      n/a   
      bfs_gap_inputs.GAP/GAP-kron_31997659     n/a   
      bfs_gap_inputs.GAP/GAP-kron_23590940     n/a   
      bfs_gap_inputs.GAP/GAP-kron_43400604     n/a   
      bfs_gap_inputs.GAP/GAP-kron_75337937     n/a   
       bfs_gap_inputs.GAP/GAP-kron_169867      n/a   
     bfs_gap_inputs.GAP/GAP-kron_104041220     n/a   
      bfs_gap_inputs.GAP/GAP-kron_94177942     n/a   
      bfs_gap_inputs.GAP/GAP-kron_32871357     n/a   
      bfs_gap_inputs.GAP/GAP-kron_56230002     n/a   
      bfs_gap_inputs.GAP/GAP-kron_69883037     n/a   
      bfs_gap_inputs.GAP/GAP-kron_9346345      n/a   
      bfs_gap_inputs.GAP/GAP-kron_48915358     n/a   
     bfs_gap_inputs.GAP/GAP-kron_122571173     n/a   
      bfs_gap_inputs.GAP/GAP-kron_6183279      n/a   
      bfs_gap_inputs.GAP/GAP-kron_86323663     n/a   
     bfs_gap_inputs.GAP/GAP-kron_106725780     n/a   
      bfs_gap_inputs.GAP/GAP-kron_92389938     n/a   
      bfs_gap_inputs.GAP/GAP-kron_16210738     n/a   
      bfs_gap_inputs.GAP/GAP-kron_59816700     n/a   
     bfs_gap_inputs.GAP/GAP-kron_111669929     n/a   
     bfs_gap_inputs.GAP/GAP-kron_102831411     n/a   
     bfs_gap_inputs.GAP/GAP-kron_113384800     n/a   
      bfs_gap_inputs.GAP/GAP-kron_43872564     n/a   
      bfs_gap_inputs.GAP/GAP-kron_80508827     n/a   
      bfs_gap_inputs.GAP/GAP-kron_26105648     n/a   
      bfs_gap_inputs.GAP/GAP-kron_8807516      n/a   
     bfs_gap_inputs.GAP/GAP-kron_118452455     n/a   
     bfs_gap_inputs.GAP/GAP-kron_121818859     n/a   
      bfs_gap_inputs.GAP/GAP-kron_42361928     n/a   
      bfs_gap_inputs.GAP/GAP-kron_29493053     n/a   
      bfs_gap_inputs.GAP/GAP-kron_98461503     n/a   
      bfs_gap_inputs.GAP/GAP-kron_71931337     n/a   
     bfs_gap_inputs.GAP/GAP-kron_103808468     n/a   
      bfs_gap_inputs.GAP/GAP-kron_4092345      n/a   
     bfs_gap_inputs.GAP/GAP-kron_115276241     n/a   
      bfs_gap_inputs.GAP/GAP-kron_4649343      n/a   
      bfs_gap_inputs.GAP/GAP-kron_76656189     n/a   
      bfs_gap_inputs.GAP/GAP-kron_31312001     n/a   
     bfs_gap_inputs.GAP/GAP-kron_111334127     n/a   
     bfs_gap_inputs.GAP/GAP-kron_100962918     n/a   
      bfs_gap_inputs.GAP/GAP-kron_41823215     n/a   
      bfs_gap_inputs.GAP/GAP-kron_22631240     n/a   
      bfs_gap_inputs.GAP/GAP-kron_42848461     n/a   
      bfs_gap_inputs.GAP/GAP-kron_79485148     n/a   
     bfs_gap_inputs.GAP/GAP-kron_106818742    failed 
      bfs_gap_inputs.GAP/GAP-kron_73347974     n/a   
      bfs_gap_inputs.GAP/GAP-kron_78848445     n/a   
     bfs_gap_inputs.GAP/GAP-kron_109920510     n/a   
     bfs_gap_inputs.GAP/GAP-kron_121492133     n/a   
     bfs_gap_inputs.GAP/GAP-kron_101037296     n/a   
      bfs_gap_inputs.GAP/GAP-kron_15438600     n/a   
      bfs_gap_inputs.GAP/GAP-kron_4584784      n/a   
     bfs_gap_inputs.GAP/GAP-kron_124503845     n/a   
      bfs_gap_inputs.GAP/GAP-kron_87241743     n/a   
     bfs_gap_inputs.GAP/GAP-kron_108297008     n/a   
      bfs_gap_inputs.GAP/GAP-kron_33955082     n/a   
      bfs_gap_inputs.GAP/GAP-kron_79934823     n/a   
      bfs_gap_inputs.GAP/GAP-kron_8608481      n/a   
      bfs_gap_inputs.GAP/GAP-kron_82435063     n/a   
      bfs_gap_inputs.GAP/GAP-kron_46579271     n/a   
       bfs_gap_inputs.GAP/GAP-kron_515421      n/a   
     bfs_gap_inputs.GAP/GAP-kron_121530467     n/a   
     bfs_gap_inputs.GAP/GAP-kron_127978736     n/a   
     bfs_gap_inputs.GAP/GAP-urand_27691419     n/a   
     bfs_gap_inputs.GAP/GAP-urand_121280314    n/a   
      bfs_gap_inputs.GAP/GAP-urand_2413431     n/a   
     bfs_gap_inputs.GAP/GAP-urand_37512113     n/a   
     bfs_gap_inputs.GAP/GAP-urand_38390877     n/a   
     bfs_gap_inputs.GAP/GAP-urand_56651037     n/a   
     bfs_gap_inputs.GAP/GAP-urand_128461248    n/a   
     bfs_gap_inputs.GAP/GAP-urand_33029842     n/a   
     bfs_gap_inputs.GAP/GAP-urand_71406328     n/a   
     bfs_gap_inputs.GAP/GAP-urand_117872827    n/a   
     bfs_gap_inputs.GAP/GAP-urand_24351938     n/a   
     bfs_gap_inputs.GAP/GAP-urand_15444519     n/a   
     bfs_gap_inputs.GAP/GAP-urand_127526281    n/a   
     bfs_gap_inputs.GAP/GAP-urand_112279428    n/a   
     bfs_gap_inputs.GAP/GAP-urand_13631649     n/a   
     bfs_gap_inputs.GAP/GAP-urand_110379302    n/a   
     bfs_gap_inputs.GAP/GAP-urand_44800623     n/a   
     bfs_gap_inputs.GAP/GAP-urand_77768193     n/a   
      bfs_gap_inputs.GAP/GAP-urand_175347      n/a   
     bfs_gap_inputs.GAP/GAP-urand_107397389    n/a   
     bfs_gap_inputs.GAP/GAP-urand_43457209     n/a   
     bfs_gap_inputs.GAP/GAP-urand_97215940     n/a   
     bfs_gap_inputs.GAP/GAP-urand_73575165     n/a   
     bfs_gap_inputs.GAP/GAP-urand_44449715     n/a   
     bfs_gap_inputs.GAP/GAP-urand_33931724     n/a   
     bfs_gap_inputs.GAP/GAP-urand_55526610     n/a   
     bfs_gap_inputs.GAP/GAP-urand_14422051     n/a   
     bfs_gap_inputs.GAP/GAP-urand_58043873     n/a   
     bfs_gap_inputs.GAP/GAP-urand_72137329     n/a   
      bfs_gap_inputs.GAP/GAP-urand_9647840     n/a   
     bfs_gap_inputs.GAP/GAP-urand_15940695     n/a   
     bfs_gap_inputs.GAP/GAP-urand_14209952     n/a   
     bfs_gap_inputs.GAP/GAP-urand_49020883     n/a   
     bfs_gap_inputs.GAP/GAP-urand_28901138     n/a   
     bfs_gap_inputs.GAP/GAP-urand_50493273     n/a   
     bfs_gap_inputs.GAP/GAP-urand_49150069     n/a   
     bfs_gap_inputs.GAP/GAP-urand_126525082    n/a   
      bfs_gap_inputs.GAP/GAP-urand_6382740     n/a   
     bfs_gap_inputs.GAP/GAP-urand_89108297     n/a   
      bfs_gap_inputs.GAP/GAP-urand_9239735     n/a   
     bfs_gap_inputs.GAP/GAP-urand_110168548    n/a   
     bfs_gap_inputs.GAP/GAP-urand_95370259     n/a   
     bfs_gap_inputs.GAP/GAP-urand_116653530    n/a   
     bfs_gap_inputs.GAP/GAP-urand_123410703    n/a   
     bfs_gap_inputs.GAP/GAP-urand_16733665     n/a   
     bfs_gap_inputs.GAP/GAP-urand_49030282    failed 
     bfs_gap_inputs.GAP/GAP-urand_108545121    n/a   
     bfs_gap_inputs.GAP/GAP-urand_99095665     n/a   
     bfs_gap_inputs.GAP/GAP-urand_133850077    n/a   
     bfs_gap_inputs.GAP/GAP-urand_63499301     n/a   
     bfs_gap_inputs.GAP/GAP-urand_21541382     n/a   
      bfs_gap_inputs.GAP/GAP-urand_6230751     n/a   
     bfs_gap_inputs.GAP/GAP-urand_89077456     n/a   
     bfs_gap_inputs.GAP/GAP-urand_70392765     n/a   
      bfs_gap_inputs.GAP/GAP-urand_6670455     n/a   
     bfs_gap_inputs.GAP/GAP-urand_61746271     n/a   
     bfs_gap_inputs.GAP/GAP-urand_83349535     n/a   
     bfs_gap_inputs.GAP/GAP-urand_115272184    n/a   
     bfs_gap_inputs.GAP/GAP-urand_20129908     n/a   
     bfs_gap_inputs.GAP/GAP-urand_106148553    n/a   
     bfs_gap_inputs.GAP/GAP-urand_117042375    n/a   
     bfs_gap_inputs.GAP/GAP-urand_71431187     n/a   
     bfs_gap_inputs.GAP/GAP-urand_45287808     n/a   
     bfs_gap_inputs.GAP/GAP-urand_107702120    n/a   
   ========================================= ========
   For parameters: bfs_gap_inputs.GAP/GAP-road_8491277
   INFO root: Dataset suitesparse_matrix.GAP/GAP-road manifest metadata is stale.
   INFO root: Dataset suitesparse_matrix.GAP/GAP-road regenerated.
   Traceback (most recent call last):
     File "/storage/scratch1/7/wahrens6/SparseArrayProgrammingSuite/competition/run_13072363/task_6/env/chunk-6/c6e6c30cd4da42ee650d557ff6858c92/lib/python3.12/site-packages/asv_runner/server.py", line 179, in _run_server
       _run(run_args)
     File "/storage/scratch1/7/wahrens6/SparseArrayProgrammingSuite/competition/run_13072363/task_6/env/chunk-6/c6e6c30cd4da42ee650d557ff6858c92/lib/python3.12/site-packages/asv_runner/run.py", line 73, in _run
       result = benchmark.do_run()
                ^^^^^^^^^^^^^^^^^^
     File "/storage/scratch1/7/wahrens6/SparseArrayProgrammingSuite/competition/run_13072363/task_6/env/chunk-6/c6e6c30cd4da42ee650d557ff6858c92/lib/python3.12/site-packages/asv_runner/benchmarks/_base.py", line 758, in do_run
       return self.run(*self._build_params())
              ^^^^^^^^^^^^^^^^^^^^^^^^^^^^^^^
     File "/storage/scratch1/7/wahrens6/SparseArrayProgrammingSuite/competition/run_13072363/task_6/env/chunk-6/c6e6c30cd4da42ee650d557ff6858c92/lib/python3.12/site-packages/asv_runner/benchmarks/time.py", line 235, in run
       samples, number = self.benchmark_timing(
                         ^^^^^^^^^^^^^^^^^^^^^^
     File "/storage/scratch1/7/wahrens6/SparseArrayProgrammingSuite/competition/run_13072363/task_6/env/chunk-6/c6e6c30cd4da42ee650d557ff6858c92/lib/python3.12/site-packages/asv_runner/benchmarks/time.py", line 357, in benchmark_timing
       timing = timer.timeit(number)
                ^^^^^^^^^^^^^^^^^^^^
     File "/storage/pace-apps/spack/packages/linux-rhel9-x86_64_v3/gcc-11.3.1/python-3.12.5-5sase6atfv2x5tf7dy5x5sqfzyguhsia/lib/python3.12/timeit.py", line 180, in timeit
       timing = self.inner(it, self.timer)
                ^^^^^^^^^^^^^^^^^^^^^^^^^^
     File "<timeit-src>", line 6, in inner
     File "/storage/scratch1/7/wahrens6/SparseArrayProgrammingSuite/competition/run_13072363/task_6/env/chunk-6/c6e6c30cd4da42ee650d557ff6858c92/lib/python3.12/site-packages/asv_runner/benchmarks/time.py", line 130, in func
       self.func(*param)
     File "/storage/scratch1/7/wahrens6/SparseArrayProgrammingSuite/competition/run_13072363/task_6/env/chunk-6/c6e6c30cd4da42ee650d557ff6858c92/lib/python3.12/site-packages/saps/benchmark.py", line 360, in _time_run
       self.run(param)
     File "/storage/scratch1/7/wahrens6/SparseArrayProgrammingSuite/competition/run_13072363/task_6/env/chunk-6/c6e6c30cd4da42ee650d557ff6858c92/lib/python3.12/site-packages/saps/benchmark.py", line 432, in run
       input = [xp.from_binsparse(d) for d in self._input]
                ^^^^^^^^^^^^^^^^^^^^
     File "/storage/scratch1/7/wahrens6/SparseArrayProgrammingSuite/frameworks/saps_numpy.py", line 33, in from_binsparse
       return np.asarray(to_sparse(array).todense())
                         ^^^^^^^^^^^^^^^^^^^^^^^^^^
     File "/storage/scratch1/7/wahrens6/SparseArrayProgrammingSuite/competition/run_13072363/task_6/env/chunk-6/c6e6c30cd4da42ee650d557ff6858c92/lib/python3.12/site-packages/sparse/numba_backend/_coo/core.py", line 410, in todense
       x = np.full(self.shape, self.fill_value, self.dtype)
           ^^^^^^^^^^^^^^^^^^^^^^^^^^^^^^^^^^^^^^^^^^^^^^^^
     File "/storage/scratch1/7/wahrens6/SparseArrayProgrammingSuite/competition/run_13072363/task_6/env/chunk-6/c6e6c30cd4da42ee650d557ff6858c92/lib/python3.12/site-packages/numpy/_core/numeric.py", line 386, in full
       a = empty(shape, dtype, order, device=device)
           ^^^^^^^^^^^^^^^^^^^^^^^^^^^^^^^^^^^^^^^^^
   numpy._core._exceptions._ArrayMemoryError: Unable to allocate 4.07 PiB for an array with shape (23947347, 23947347) and data type int64
   
   For parameters: bfs_gap_inputs.GAP/GAP-twitter_33359460
   INFO root: Dataset suitesparse_matrix.GAP/GAP-twitter manifest metadata is stale.
   
   GAP-twitter:   0%|          | 0/9469180207 [00:00<?, ?B/s]
   GAP-twitter:   0%|          | 278528/9469180207 [00:00<57:08, 2761808.31B/s]
   GAP-twitter:   0%|          | 1310720/9469180207 [00:00<21:59, 7175798.18B/s]
   GAP-twitter:   0%|          | 2785280/9469180207 [00:00<14:53, 10595251.79B/s]
   GAP-twitter:   0%|          | 4276224/9469180207 [00:00<12:52, 12249488.63B/s]
   GAP-twitter:   0%|          | 5816320/9469180207 [00:00<11:47, 13378484.38B/s]
   GAP-twitter:   0%|          | 7389184/9469180207 [00:00<11:09, 14131876.03B/s]
   GAP-twitter:   0%|          | 9011200/9469180207 [00:00<10:38, 14807508.15B/s]
   GAP-twitter:   0%|          | 10600448/9469180207 [00:00<10:25, 15111546.70B/s]
   GAP-twitter:   0%|          | 12271616/9469180207 [00:00<10:07, 15579282.11B/s]
   GAP-twitter:   0%|          | 13959168/9469180207 [00:01<09:51, 15972702.52B/s]
   GAP-twitter:   0%|          | 15564800/9469180207 [00:01<09:51, 15977357.42B/s]
   GAP-twitter:   0%|          | 17186816/9469180207 [00:01<09:50, 16012306.56B/s]
   GAP-twitter:   0%|          | 18808832/9469180207 [00:01<09:49, 16033645.86B/s]
   GAP-twitter:   0%|          | 20463616/9469180207 [00:01<09:44, 16168670.25B/s]
   GAP-twitter:   0%|          | 22118400/9469180207 [00:01<09:40, 16277821.04B/s]
   GAP-twitter:   0%|          | 23838720/9469180207 [00:01<09:32, 16512650.45B/s]
   GAP-twitter:   0%|          | 25526272/9469180207 [00:01<09:28, 16617880.49B/s]
   GAP-twitter:   0%|          | 27197440/9469180207 [00:01<09:27, 16636138.06B/s]
   GAP-twitter:   0%|          | 28917760/9469180207 [00:01<09:22, 16785096.23B/s]
   GAP-twitter:   0%|          | 30638080/9469180207 [00:02<09:19, 16882236.94B/s]
   GAP-twitter:   0%|          | 32391168/9469180207 [00:02<09:13, 17048680.10B/s]
   GAP-twitter:   0%|          | 34111488/9469180207 [00:02<09:12, 17070377.15B/s]
   GAP-twitter:   0%|          | 35864576/9469180207 [00:02<09:08, 17185216.60B/s]
   GAP-twitter:   0%|          | 37584896/9469180207 [00:02<09:08, 17180211.25B/s]
   GAP-twitter:   0%|          | 39305216/9469180207 [00:02<09:16, 16950038.73B/s]
   GAP-twitter:   0%|          | 41025536/9469180207 [00:02<09:14, 16993784.79B/s]
   GAP-twitter:   0%|          | 42729472/9469180207 [00:02<09:18, 16868622.67B/s]
   GAP-twitter:   0%|          | 44449792/9469180207 [00:02<09:16, 16930583.03B/s]
   GAP-twitter:   0%|          | 46153728/9469180207 [00:02<09:20, 16816055.10B/s]
   GAP-twitter:   1%|          | 47906816/9469180207 [00:03<09:13, 17024763.67B/s]
   GAP-twitter:   1%|          | 49659904/9469180207 [00:03<09:09, 17128975.65B/s]
   GAP-twitter:   1%|          | 51380224/9469180207 [00:03<09:11, 17078929.57B/s]
   GAP-twitter:   1%|          | 53149696/9469180207 [00:03<09:06, 17215716.90B/s]
   GAP-twitter:   1%|          | 54886400/9469180207 [00:03<09:17, 16893438.72B/s]
   GAP-twitter:   1%|          | 56590336/9469180207 [00:03<09:25, 16648410.61B/s]
   GAP-twitter:   1%|          | 58261504/9469180207 [00:03<09:49, 15972360.91B/s]
   GAP-twitter:   1%|          | 59965440/9469180207 [00:03<09:38, 16254648.50B/s]
   GAP-twitter:   1%|          | 61685760/9469180207 [00:03<09:29, 16522222.22B/s]
   GAP-twitter:   1%|          | 63356928/9469180207 [00:03<09:59, 15677931.37B/s]
   GAP-twitter:   1%|          | 65110016/9469180207 [00:04<09:41, 16168754.15B/s]
   GAP-twitter:   1%|          | 66748416/9469180207 [00:04<10:11, 15368820.59B/s]
   GAP-twitter:   1%|          | 68468736/9469180207 [00:04<09:53, 15845157.99B/s]
   GAP-twitter:   1%|          | 70074368/9469180207 [00:04<09:53, 15824129.29B/s]
   GAP-twitter:   1%|          | 71680000/9469180207 [00:04<09:56, 15745921.95B/s]
   GAP-twitter:   1%|          | 73400320/9469180207 [00:04<09:43, 16111920.66B/s]
   GAP-twitter:   1%|          | 75022336/9469180207 [00:04<10:19, 15168510.31B/s]
   GAP-twitter:   1%|          | 76775424/9469180207 [00:04<09:54, 15805481.56B/s]
   GAP-twitter:   1%|          | 78381056/9469180207 [00:04<10:27, 14969202.31B/s]
   GAP-twitter:   1%|          | 80117760/9469180207 [00:05<10:01, 15610865.37B/s]
   GAP-twitter:   1%|          | 81887232/9469180207 [00:05<09:39, 16199945.01B/s]
   GAP-twitter:   1%|          | 83525632/9469180207 [00:05<10:29, 14903897.65B/s]
   GAP-twitter:   1%|          | 85262336/9469180207 [00:05<10:04, 15534030.23B/s]
   GAP-twitter:   1%|          | 86851584/9469180207 [00:05<10:29, 14895493.99B/s]
   GAP-twitter:   1%|          | 88604672/9469180207 [00:05<10:00, 15611072.80B/s]
   GAP-twitter:   1%|          | 90243072/9469180207 [00:05<10:29, 14893602.62B/s]
   GAP-twitter:   1%|          | 91979776/9469180207 [00:05<10:02, 15558032.80B/s]
   GAP-twitter:   1%|          | 93634560/9469180207 [00:05<09:52, 15820706.25B/s]
   GAP-twitter:   1%|          | 95240192/9469180207 [00:06<10:20, 15117409.19B/s]
   GAP-twitter:   1%|          | 96911360/9469180207 [00:06<10:02, 15561876.30B/s]
   GAP-twitter:   1%|          | 98484224/9469180207 [00:06<10:32, 14814269.24B/s]
   GAP-twitter:   1%|          | 100171776/9469180207 [00:06<10:09, 15365710.14B/s]
   GAP-twitter:   1%|          | 101859328/9469180207 [00:06<09:53, 15786831.52B/s]
   GAP-twitter:   1%|          | 103464960/9469180207 [00:06<10:22, 15047448.02B/s]
   GAP-twitter:   1%|          | 105218048/9469180207 [00:06<09:54, 15745847.67B/s]
   GAP-twitter:   1%|          | 106807296/9469180207 [00:06<10:18, 15143697.37B/s]
   GAP-twitter:   1%|          | 108625920/9469180207 [00:06<09:45, 15980765.11B/s]
   GAP-twitter:   1%|          | 110346240/9469180207 [00:07<10:08, 15374122.32B/s]
   GAP-twitter:   1%|          | 112148480/9469180207 [00:07<09:41, 16085986.23B/s]
   GAP-twitter:   1%|          | 113967104/9469180207 [00:07<09:21, 16665409.34B/s]
   GAP-twitter:   1%|          | 115654656/9469180207 [00:07<09:52, 15789867.11B/s]
   GAP-twitter:   1%|          | 117325824/9469180207 [00:07<09:44, 16011846.83B/s]
   GAP-twitter:   1%|▏         | 118947840/9469180207 [00:07<10:14, 15220194.28B/s]
   GAP-twitter:   1%|▏         | 120700928/9469180207 [00:07<09:49, 15853999.56B/s]
   GAP-twitter:   1%|▏         | 122421248/9469180207 [00:07<09:37, 16195469.97B/s]
   GAP-twitter:   1%|▏         | 124059648/9469180207 [00:07<10:08, 15358737.88B/s]
   GAP-twitter:   1%|▏         | 125796352/9469180207 [00:07<09:48, 15888933.52B/s]
   GAP-twitter:   1%|▏         | 127401984/9469180207 [00:08<10:20, 15049612.15B/s]
   GAP-twitter:   1%|▏         | 129204224/9469180207 [00:08<09:49, 15852485.63B/s]
   GAP-twitter:   1%|▏         | 130809856/9469180207 [00:08<10:11, 15265268.02B/s]
   GAP-twitter:   1%|▏         | 132595712/9469180207 [00:08<09:44, 15985431.21B/s]
   GAP-twitter:   1%|▏         | 134316032/9469180207 [00:08<09:31, 16321710.82B/s]
   GAP-twitter:   1%|▏         | 135970816/9469180207 [00:08<10:02, 15482039.88B/s]
   GAP-twitter:   1%|▏         | 137805824/9469180207 [00:08<09:34, 16252106.41B/s]
   GAP-twitter:   1%|▏         | 139460608/9469180207 [00:08<10:00, 15533494.99B/s]
   GAP-twitter:   1%|▏         | 141279232/9469180207 [00:08<09:34, 16247219.00B/s]
   GAP-twitter:   2%|▏         | 142934016/9469180207 [00:09<09:54, 15685399.79B/s]
   GAP-twitter:   2%|▏         | 144719872/9469180207 [00:09<09:33, 16262656.46B/s]
   GAP-twitter:   2%|▏         | 146505728/9469180207 [00:09<09:18, 16681732.55B/s]
   GAP-twitter:   2%|▏         | 148193280/9469180207 [00:09<09:48, 15851394.49B/s]
   GAP-twitter:   2%|▏         | 149962752/9469180207 [00:09<09:30, 16339888.66B/s]
   GAP-twitter:   2%|▏         | 151617536/9469180207 [00:09<10:02, 15469015.90B/s]
   GAP-twitter:   2%|▏         | 153419776/9469180207 [00:09<09:36, 16147188.76B/s]
   GAP-twitter:   2%|▏         | 155074560/9469180207 [00:09<10:14, 15153465.50B/s]
   GAP-twitter:   2%|▏         | 156827648/9469180207 [00:09<09:49, 15790567.29B/s]
   GAP-twitter:   2%|▏         | 158646272/9469180207 [00:10<09:26, 16439661.01B/s]
   GAP-twitter:   2%|▏         | 160317440/9469180207 [00:10<10:01, 15468407.58B/s]
   GAP-twitter:   2%|▏         | 162136064/9469180207 [00:10<09:35, 16185531.89B/s]
   GAP-twitter:   2%|▏         | 163790848/9469180207 [00:10<09:59, 15524209.54B/s]
   GAP-twitter:   2%|▏         | 165609472/9469180207 [00:10<09:32, 16242694.00B/s]
   GAP-twitter:   2%|▏         | 167346176/9469180207 [00:10<09:23, 16517632.93B/s]
   GAP-twitter:   2%|▏         | 169017344/9469180207 [00:10<09:43, 15940842.67B/s]
   GAP-twitter:   2%|▏         | 170852352/9469180207 [00:10<09:19, 16604300.07B/s]
   GAP-twitter:   2%|▏         | 172539904/9469180207 [00:10<09:53, 15660610.88B/s]
   GAP-twitter:   2%|▏         | 174325760/9469180207 [00:11<09:31, 16269841.46B/s]
   GAP-twitter:   2%|▏         | 175980544/9469180207 [00:11<09:57, 15554573.96B/s]
   GAP-twitter:   2%|▏         | 177831936/9469180207 [00:11<09:28, 16354255.50B/s]
   GAP-twitter:   2%|▏         | 179486720/9469180207 [00:11<09:54, 15618932.00B/s]
   GAP-twitter:   2%|▏         | 181354496/9469180207 [00:11<09:24, 16446942.06B/s]
   GAP-twitter:   2%|▏         | 183156736/9469180207 [00:11<09:10, 16869196.79B/s]
   GAP-twitter:   2%|▏         | 184860672/9469180207 [00:11<09:41, 15961766.39B/s]
   GAP-twitter:   2%|▏         | 186564608/9469180207 [00:11<09:31, 16244486.42B/s]
   GAP-twitter:   2%|▏         | 188219392/9469180207 [00:11<10:01, 15430900.57B/s]
   GAP-twitter:   2%|▏         | 190054400/9469180207 [00:11<09:32, 16216110.15B/s]
   GAP-twitter:   2%|▏         | 191709184/9469180207 [00:12<09:59, 15469621.91B/s]
   GAP-twitter:   2%|▏         | 193527808/9469180207 [00:12<09:32, 16194552.14B/s]
   GAP-twitter:   2%|▏         | 195330048/9469180207 [00:12<09:16, 16676506.95B/s]
   GAP-twitter:   2%|▏         | 197017600/9469180207 [00:12<09:46, 15820158.05B/s]
   GAP-twitter:   2%|▏         | 198819840/9469180207 [00:12<09:24, 16429048.63B/s]
   GAP-twitter:   2%|▏         | 200491008/9469180207 [00:12<09:47, 15786177.66B/s]
   GAP-twitter:   2%|▏         | 202293248/9469180207 [00:12<09:25, 16395641.84B/s]
   GAP-twitter:   2%|▏         | 203948032/9469180207 [00:12<09:53, 15609044.67B/s]
   GAP-twitter:   2%|▏         | 205701120/9469180207 [00:12<09:35, 16102953.83B/s]
   GAP-twitter:   2%|▏         | 207437824/9469180207 [00:13<09:22, 16455698.09B/s]
   GAP-twitter:   2%|▏         | 209108992/9469180207 [00:13<09:31, 16189794.73B/s]
   GAP-twitter:   2%|▏         | 210894848/9469180207 [00:13<09:16, 16636664.26B/s]
   GAP-twitter:   2%|▏         | 212582400/9469180207 [00:13<09:49, 15689841.98B/s]
   GAP-twitter:   2%|▏         | 214417408/9469180207 [00:13<09:23, 16413150.25B/s]
   GAP-twitter:   2%|▏         | 216088576/9469180207 [00:13<09:49, 15686996.86B/s]
   GAP-twitter:   2%|▏         | 217874432/9469180207 [00:13<09:27, 16293134.32B/s]
   GAP-twitter:   2%|▏         | 219709440/9469180207 [00:13<09:08, 16873236.56B/s]
   GAP-twitter:   2%|▏         | 221413376/9469180207 [00:13<09:40, 15927167.13B/s]
   GAP-twitter:   2%|▏         | 223215616/9469180207 [00:14<09:20, 16505599.92B/s]
   GAP-twitter:   2%|▏         | 224886784/9469180207 [00:14<09:52, 15610819.24B/s]
   GAP-twitter:   2%|▏         | 226689024/9469180207 [00:14<09:27, 16274426.59B/s]
   GAP-twitter:   2%|▏         | 228343808/9469180207 [00:14<09:59, 15422345.96B/s]
   GAP-twitter:   2%|▏         | 230064128/9469180207 [00:14<09:41, 15891856.81B/s]
   GAP-twitter:   2%|▏         | 231817216/9469180207 [00:14<09:24, 16354481.90B/s]
   GAP-twitter:   2%|▏         | 233472000/9469180207 [00:14<09:55, 15503991.76B/s]
   GAP-twitter:   2%|▏         | 235257856/9469180207 [00:14<09:31, 16144014.94B/s]
   GAP-twitter:   3%|▎         | 236896256/9469180207 [00:14<09:58, 15422897.07B/s]
   GAP-twitter:   3%|▎         | 238665728/9469180207 [00:15<09:36, 16018971.46B/s]
   GAP-twitter:   3%|▎         | 240287744/9469180207 [00:15<10:03, 15297120.03B/s]
   GAP-twitter:   3%|▎         | 242040832/9469180207 [00:15<09:40, 15895455.12B/s]
   GAP-twitter:   3%|▎         | 243744768/9469180207 [00:15<09:30, 16172755.77B/s]
   GAP-twitter:   3%|▎         | 245383168/9469180207 [00:15<10:04, 15246759.28B/s]
   GAP-twitter:   3%|▎         | 247185408/9469180207 [00:15<09:36, 16004135.30B/s]
   GAP-twitter:   3%|▎         | 248807424/9469180207 [00:15<10:04, 15258754.92B/s]
   GAP-twitter:   3%|▎         | 250593280/9469180207 [00:15<09:38, 15943813.81B/s]
   GAP-twitter:   3%|▎         | 252215296/9469180207 [00:15<10:04, 15239911.35B/s]
   GAP-twitter:   3%|▎         | 253886464/9469180207 [00:16<09:50, 15612780.56B/s]
   GAP-twitter:   3%|▎         | 255606784/9469180207 [00:16<09:34, 16049399.88B/s]
   GAP-twitter:   3%|▎         | 257228800/9469180207 [00:16<10:03, 15271862.87B/s]
   GAP-twitter:   3%|▎         | 259063808/9469180207 [00:16<09:30, 16132481.42B/s]
   GAP-twitter:   3%|▎         | 260702208/9469180207 [00:16<10:00, 15330989.91B/s]
   GAP-twitter:   3%|▎         | 262488064/9469180207 [00:16<09:34, 16012213.01B/s]
   GAP-twitter:   3%|▎         | 264110080/9469180207 [00:16<10:02, 15277735.81B/s]
   GAP-twitter:   3%|▎         | 265895936/9469180207 [00:16<09:35, 15983121.06B/s]
   GAP-twitter:   3%|▎         | 267730944/9469180207 [00:16<09:12, 16655136.12B/s]
   GAP-twitter:   3%|▎         | 269418496/9469180207 [00:16<09:41, 15828089.05B/s]
   GAP-twitter:   3%|▎         | 271269888/9469180207 [00:17<09:15, 16558789.19B/s]
   GAP-twitter:   3%|▎         | 272957440/9469180207 [00:17<09:43, 15747879.07B/s]
   GAP-twitter:   3%|▎         | 274759680/9469180207 [00:17<09:22, 16352522.92B/s]
   GAP-twitter:   3%|▎         | 276414464/9469180207 [00:17<09:50, 15573337.03B/s]
   GAP-twitter:   3%|▎         | 278216704/9469180207 [00:17<09:25, 16249582.62B/s]
   GAP-twitter:   3%|▎         | 280002560/9469180207 [00:17<09:11, 16666181.70B/s]
   GAP-twitter:   3%|▎         | 281690112/9469180207 [00:17<09:47, 15626335.92B/s]
   GAP-twitter:   3%|▎         | 283492352/9469180207 [00:17<09:24, 16278513.64B/s]
   GAP-twitter:   3%|▎         | 285147136/9469180207 [00:17<09:50, 15542703.76B/s]
   GAP-twitter:   3%|▎         | 286982144/9469180207 [00:18<09:22, 16318872.84B/s]
   GAP-twitter:   3%|▎         | 288636928/9469180207 [00:18<09:30, 16086219.86B/s]
   GAP-twitter:   3%|▎         | 290455552/9469180207 [00:18<09:11, 16646584.16B/s]
   GAP-twitter:   3%|▎         | 292257792/9469180207 [00:18<08:58, 17042592.61B/s]
   GAP-twitter:   3%|▎         | 293978112/9469180207 [00:18<09:31, 16061331.49B/s]
   GAP-twitter:   3%|▎         | 295796736/9469180207 [00:18<09:11, 16638902.45B/s]
   GAP-twitter:   3%|▎         | 297484288/9469180207 [00:18<09:37, 15881641.76B/s]
   GAP-twitter:   3%|▎         | 299368448/9469180207 [00:18<09:09, 16695921.19B/s]
   GAP-twitter:   3%|▎         | 301056000/9469180207 [00:18<09:18, 16422984.93B/s]
   GAP-twitter:   3%|▎         | 302907392/9469180207 [00:19<08:59, 16986195.91B/s]
   GAP-twitter:   3%|▎         | 304676864/9469180207 [00:19<08:53, 17162187.36B/s]
   GAP-twitter:   3%|▎         | 306413568/9469180207 [00:19<09:38, 15838900.29B/s]
   GAP-twitter:   3%|▎         | 308101120/9469180207 [00:19<09:28, 16114947.23B/s]
   GAP-twitter:   3%|▎         | 309739520/9469180207 [00:19<10:13, 14936994.20B/s]
   GAP-twitter:   3%|▎         | 311394304/9469180207 [00:19<09:55, 15370472.16B/s]
   GAP-twitter:   3%|▎         | 312967168/9469180207 [00:19<10:31, 14505011.82B/s]
   GAP-twitter:   3%|▎         | 314654720/9469180207 [00:19<10:05, 15130855.38B/s]
   GAP-twitter:   3%|▎         | 316391424/9469180207 [00:19<09:42, 15726183.06B/s]
   GAP-twitter:   3%|▎         | 317997056/9469180207 [00:20<10:11, 14957157.44B/s]
   GAP-twitter:   3%|▎         | 319733760/9469180207 [00:20<09:46, 15611764.72B/s]
   GAP-twitter:   3%|▎         | 321323008/9469180207 [00:20<10:17, 14804637.87B/s]
   GAP-twitter:   3%|▎         | 323076096/9469180207 [00:20<09:49, 15518788.88B/s]
   GAP-twitter:   3%|▎         | 324796416/9469180207 [00:20<09:32, 15974297.57B/s]
   GAP-twitter:   3%|▎         | 326418432/9469180207 [00:20<10:04, 15132499.80B/s]
   GAP-twitter:   3%|▎         | 328122368/9469180207 [00:20<09:43, 15656925.17B/s]
   GAP-twitter:   3%|▎         | 329891840/9469180207 [00:20<09:23, 16208536.23B/s]
   GAP-twitter:   4%|▎         | 331530240/9469180207 [00:20<09:52, 15425925.73B/s]
   GAP-twitter:   4%|▎         | 333316096/9469180207 [00:20<09:27, 16085994.44B/s]
   GAP-twitter:   4%|▎         | 334954496/9469180207 [00:21<10:03, 15142235.65B/s]
   GAP-twitter:   4%|▎         | 336691200/9469180207 [00:21<09:40, 15743039.38B/s]
   GAP-twitter:   4%|▎         | 338362368/9469180207 [00:21<10:08, 15015891.46B/s]
   GAP-twitter:   4%|▎         | 340066304/9469180207 [00:21<09:46, 15560172.40B/s]
   GAP-twitter:   4%|▎         | 341770240/9469180207 [00:21<09:31, 15963716.73B/s]
   GAP-twitter:   4%|▎         | 343392256/9469180207 [00:21<10:21, 14681761.42B/s]
   GAP-twitter:   4%|▎         | 344997888/9469180207 [00:21<10:06, 15032174.61B/s]
   GAP-twitter:   4%|▎         | 346537984/9469180207 [00:21<10:48, 14060076.01B/s]
   GAP-twitter:   4%|▎         | 348028928/9469180207 [00:22<10:38, 14281760.57B/s]
   GAP-twitter:   4%|▎         | 349650944/9469180207 [00:22<10:16, 14781778.25B/s]
   GAP-twitter:   4%|▎         | 351158272/9469180207 [00:22<11:05, 13709113.98B/s]
   GAP-twitter:   4%|▎         | 352763904/9469180207 [00:22<10:35, 14334614.15B/s]
   GAP-twitter:   4%|▎         | 354467840/9469180207 [00:22<10:05, 15057937.26B/s]
   GAP-twitter:   4%|▍         | 356007936/9469180207 [00:22<10:25, 14560354.50B/s]
   GAP-twitter:   4%|▍         | 357777408/9469180207 [00:22<09:50, 15435764.05B/s]
   GAP-twitter:   4%|▍         | 359350272/9469180207 [00:22<10:17, 14754486.77B/s]
   GAP-twitter:   4%|▍         | 360923136/9469180207 [00:22<10:07, 14993147.80B/s]
   GAP-twitter:   4%|▍         | 362496000/9469180207 [00:22<09:59, 15196421.26B/s]
   GAP-twitter:   4%|▍         | 364036096/9469180207 [00:23<10:28, 14487063.12B/s]
   GAP-twitter:   4%|▍         | 365789184/9469180207 [00:23<09:53, 15341744.27B/s]
   GAP-twitter:   4%|▍         | 367345664/9469180207 [00:23<10:17, 14745048.68B/s]
   GAP-twitter:   4%|▍         | 369082368/9469180207 [00:23<09:47, 15479737.37B/s]
   GAP-twitter:   4%|▍         | 370720768/9469180207 [00:23<09:38, 15739211.64B/s]
   GAP-twitter:   4%|▍         | 372310016/9469180207 [00:23<10:20, 14652379.88B/s]
   GAP-twitter:   4%|▍         | 373866496/9469180207 [00:23<10:11, 14867374.70B/s]
   GAP-twitter:   4%|▍         | 375373824/9469180207 [00:23<10:43, 14134118.89B/s]
   GAP-twitter:   4%|▍         | 377028608/9469180207 [00:23<10:15, 14764698.74B/s]
   GAP-twitter:   4%|▍         | 378748928/9469180207 [00:24<09:49, 15423853.67B/s]
   GAP-twitter:   4%|▍         | 380321792/9469180207 [00:24<10:13, 14808049.66B/s]
   GAP-twitter:   4%|▍         | 382058496/9469180207 [00:24<09:45, 15527678.83B/s]
   GAP-twitter:   4%|▍         | 383631360/9469180207 [00:24<10:15, 14756815.58B/s]
   GAP-twitter:   4%|▍         | 385400832/9469180207 [00:24<09:45, 15524344.97B/s]
   GAP-twitter:   4%|▍         | 387153920/9469180207 [00:24<09:24, 16082238.54B/s]
   GAP-twitter:   4%|▍         | 388792320/9469180207 [00:24<10:06, 14970599.68B/s]
   GAP-twitter:   4%|▍         | 390447104/9469180207 [00:24<09:50, 15377616.87B/s]
   GAP-twitter:   4%|▍         | 392019968/9469180207 [00:24<10:24, 14531906.08B/s]
   GAP-twitter:   4%|▍         | 393658368/9469180207 [00:25<10:03, 15032814.47B/s]
   GAP-twitter:   4%|▍         | 395313152/9469180207 [00:25<09:47, 15435442.60B/s]
   GAP-twitter:   4%|▍         | 396886016/9469180207 [00:25<10:18, 14673301.20B/s]
   GAP-twitter:   4%|▍         | 398622720/9469180207 [00:25<09:48, 15418286.94B/s]
   GAP-twitter:   4%|▍         | 400195584/9469180207 [00:25<10:24, 14525144.55B/s]
   GAP-twitter:   4%|▍         | 401883136/9469180207 [00:25<09:58, 15139289.37B/s]
   GAP-twitter:   4%|▍         | 403587072/9469180207 [00:25<09:38, 15674089.39B/s]
   GAP-twitter:   4%|▍         | 405176320/9469180207 [00:25<10:23, 14529726.61B/s]
   GAP-twitter:   4%|▍         | 406863872/9469180207 [00:25<09:59, 15126734.25B/s]
   GAP-twitter:   4%|▍         | 408403968/9469180207 [00:26<10:17, 14676333.87B/s]
   GAP-twitter:   4%|▍         | 410173440/9469180207 [00:26<09:43, 15514445.80B/s]
   GAP-twitter:   4%|▍         | 411844608/9469180207 [00:26<09:32, 15814287.94B/s]
   GAP-twitter:   4%|▍         | 413450240/9469180207 [00:26<10:08, 14874680.29B/s]
   GAP-twitter:   4%|▍         | 415219712/9469180207 [00:26<09:39, 15625318.92B/s]
   GAP-twitter:   4%|▍         | 416808960/9469180207 [00:26<10:02, 15019973.74B/s]
   GAP-twitter:   4%|▍         | 418545664/9469180207 [00:26<09:37, 15674322.03B/s]
   GAP-twitter:   4%|▍         | 420184064/9469180207 [00:26<09:31, 15842872.09B/s]
   GAP-twitter:   4%|▍         | 421789696/9469180207 [00:26<10:09, 14850333.56B/s]
   GAP-twitter:   4%|▍         | 423559168/9469180207 [00:26<09:39, 15609849.03B/s]
   GAP-twitter:   4%|▍         | 425197568/9469180207 [00:27<10:01, 15039719.97B/s]
   GAP-twitter:   5%|▍         | 426901504/9469180207 [00:27<09:41, 15563186.18B/s]
   GAP-twitter:   5%|▍         | 428654592/9469180207 [00:27<09:20, 16120521.64B/s]
   GAP-twitter:   5%|▍         | 430292992/9469180207 [00:27<09:48, 15347794.27B/s]
   GAP-twitter:   5%|▍         | 431964160/9469180207 [00:27<09:35, 15693560.16B/s]
   GAP-twitter:   5%|▍         | 433553408/9469180207 [00:27<10:05, 14911170.23B/s]
   GAP-twitter:   5%|▍         | 435273728/9469180207 [00:27<09:42, 15520207.91B/s]
   GAP-twitter:   5%|▍         | 436994048/9469180207 [00:27<09:25, 15962250.20B/s]
   GAP-twitter:   5%|▍         | 438616064/9469180207 [00:27<09:50, 15285623.59B/s]
   GAP-twitter:   5%|▍         | 440385536/9469180207 [00:28<09:26, 15930848.62B/s]
   GAP-twitter:   5%|▍         | 442007552/9469180207 [00:28<09:52, 15240946.55B/s]
   GAP-twitter:   5%|▍         | 443793408/9469180207 [00:28<09:26, 15938173.29B/s]
   GAP-twitter:   5%|▍         | 445415424/9469180207 [00:28<09:55, 15156078.97B/s]
   GAP-twitter:   5%|▍         | 447201280/9469180207 [00:28<09:27, 15885397.29B/s]
   GAP-twitter:   5%|▍         | 448937984/9469180207 [00:28<09:13, 16292530.60B/s]
   GAP-twitter:   5%|▍         | 450592768/9469180207 [00:28<09:39, 15549966.14B/s]
   GAP-twitter:   5%|▍         | 452345856/9469180207 [00:28<09:20, 16074298.38B/s]
   GAP-twitter:   5%|▍         | 453967872/9469180207 [00:28<09:26, 15909421.87B/s]
   GAP-twitter:   5%|▍         | 455720960/9469180207 [00:29<09:11, 16340329.26B/s]
   GAP-twitter:   5%|▍         | 457490432/9469180207 [00:29<08:58, 16722383.64B/s]
   GAP-twitter:   5%|▍         | 459177984/9469180207 [00:29<09:30, 15797706.62B/s]
   GAP-twitter:   5%|▍         | 460800000/9469180207 [00:29<09:26, 15888595.16B/s]
   GAP-twitter:   5%|▍         | 462405632/9469180207 [00:29<10:14, 14660360.03B/s]
   GAP-twitter:   5%|▍         | 464011264/9469180207 [00:29<09:59, 15021052.94B/s]
   GAP-twitter:   5%|▍         | 465731584/9469180207 [00:29<09:36, 15629856.62B/s]
   GAP-twitter:   5%|▍         | 467320832/9469180207 [00:29<10:05, 14874574.25B/s]
   GAP-twitter:   5%|▍         | 469057536/9469180207 [00:29<09:38, 15565852.65B/s]
   GAP-twitter:   5%|▍         | 470646784/9469180207 [00:30<09:41, 15473070.89B/s]
   GAP-twitter:   5%|▍         | 472317952/9469180207 [00:30<09:29, 15787840.50B/s]
   GAP-twitter:   5%|▌         | 473972736/9469180207 [00:30<09:21, 16007730.44B/s]
   GAP-twitter:   5%|▌         | 475594752/9469180207 [00:30<09:55, 15093468.39B/s]
   GAP-twitter:   5%|▌         | 477265920/9469180207 [00:30<09:38, 15539186.27B/s]
   GAP-twitter:   5%|▌         | 478838784/9469180207 [00:30<10:09, 14743753.35B/s]
   GAP-twitter:   5%|▌         | 480559104/9469180207 [00:30<09:42, 15427714.84B/s]
   GAP-twitter:   5%|▌         | 482263040/9469180207 [00:30<10:11, 14704197.29B/s]
   GAP-twitter:   5%|▌         | 483966976/9469180207 [00:30<09:45, 15341764.70B/s]
   GAP-twitter:   5%|▌         | 485605376/9469180207 [00:30<09:35, 15608638.84B/s]
   GAP-twitter:   5%|▌         | 487194624/9469180207 [00:31<10:05, 14828931.99B/s]
   GAP-twitter:   5%|▌         | 488800256/9469180207 [00:31<09:52, 15145203.28B/s]
   GAP-twitter:   5%|▌         | 490422272/9469180207 [00:31<10:03, 14886533.75B/s]
   GAP-twitter:   5%|▌         | 491995136/9469180207 [00:31<09:54, 15100138.89B/s]
   GAP-twitter:   5%|▌         | 493633536/9469180207 [00:31<09:41, 15432604.17B/s]
   GAP-twitter:   5%|▌         | 495190016/9469180207 [00:31<09:51, 15170473.78B/s]
   GAP-twitter:   5%|▌         | 496828416/9469180207 [00:31<09:39, 15492616.14B/s]
   GAP-twitter:   5%|▌         | 498450432/9469180207 [00:31<09:32, 15680171.31B/s]
   GAP-twitter:   5%|▌         | 500023296/9469180207 [00:31<09:38, 15504182.44B/s]
   GAP-twitter:   5%|▌         | 501694464/9469180207 [00:32<09:26, 15835237.72B/s]
   GAP-twitter:   5%|▌         | 503283712/9469180207 [00:32<09:42, 15392256.61B/s]
   GAP-twitter:   5%|▌         | 504922112/9469180207 [00:32<09:31, 15677538.76B/s]
   GAP-twitter:   5%|▌         | 506609664/9469180207 [00:32<09:20, 15996161.40B/s]
   GAP-twitter:   5%|▌         | 508280832/9469180207 [00:32<09:13, 16192685.62B/s]
   GAP-twitter:   5%|▌         | 509952000/9469180207 [00:32<09:08, 16327179.71B/s]
   GAP-twitter:   5%|▌         | 511590400/9469180207 [00:32<09:17, 16066328.25B/s]
   GAP-twitter:   5%|▌         | 513277952/9469180207 [00:32<09:10, 16263721.41B/s]
   GAP-twitter:   5%|▌         | 514916352/9469180207 [00:32<09:09, 16298474.14B/s]
   GAP-twitter:   5%|▌         | 516620288/9469180207 [00:32<09:02, 16502688.78B/s]
   GAP-twitter:   5%|▌         | 518275072/9469180207 [00:33<09:02, 16490752.98B/s]
   GAP-twitter:   5%|▌         | 519946240/9469180207 [00:33<09:00, 16553012.23B/s]
   GAP-twitter:   6%|▌         | 521617408/9469180207 [00:33<09:04, 16425546.46B/s]
   GAP-twitter:   6%|▌         | 523272192/9469180207 [00:33<09:25, 15821811.04B/s]
   GAP-twitter:   6%|▌         | 524894208/9469180207 [00:33<09:22, 15898466.20B/s]
   GAP-twitter:   6%|▌         | 526499840/9469180207 [00:33<09:21, 15920207.73B/s]
   GAP-twitter:   6%|▌         | 528105472/9469180207 [00:33<09:38, 15467451.77B/s]
   GAP-twitter:   6%|▌         | 529727488/9469180207 [00:33<09:30, 15661122.65B/s]
   GAP-twitter:   6%|▌         | 531300352/9469180207 [00:33<09:33, 15580210.75B/s]
   GAP-twitter:   6%|▌         | 532873216/9469180207 [00:33<09:45, 15273688.29B/s]
   GAP-twitter:   6%|▌         | 534478848/9469180207 [00:34<09:37, 15470545.73B/s]
   GAP-twitter:   6%|▌         | 536035328/9469180207 [00:34<09:38, 15439863.68B/s]
   GAP-twitter:   6%|▌         | 537591808/9469180207 [00:34<09:43, 15301751.13B/s]
   GAP-twitter:   6%|▌         | 539164672/9469180207 [00:34<09:40, 15373750.94B/s]
   GAP-twitter:   6%|▌         | 540753920/9469180207 [00:34<09:36, 15483672.94B/s]
   GAP-twitter:   6%|▌         | 542359552/9469180207 [00:34<09:31, 15613475.01B/s]
   GAP-twitter:   6%|▌         | 543997952/9469180207 [00:34<09:24, 15813461.61B/s]
   GAP-twitter:   6%|▌         | 545603584/9469180207 [00:34<09:22, 15876866.19B/s]
   GAP-twitter:   6%|▌         | 547192832/9469180207 [00:34<09:25, 15771018.72B/s]
   GAP-twitter:   6%|▌         | 548782080/9469180207 [00:35<09:27, 15725113.75B/s]
   GAP-twitter:   6%|▌         | 550354944/9469180207 [00:35<09:29, 15668601.60B/s]
   GAP-twitter:   6%|▌         | 551944192/9469180207 [00:35<09:27, 15715436.99B/s]
   GAP-twitter:   6%|▌         | 553517056/9469180207 [00:35<09:40, 15351194.13B/s]
   GAP-twitter:   6%|▌         | 555106304/9469180207 [00:35<09:35, 15497874.24B/s]
   GAP-twitter:   6%|▌         | 556662784/9469180207 [00:35<09:36, 15463328.40B/s]
   GAP-twitter:   6%|▌         | 558219264/9469180207 [00:35<09:57, 14905924.09B/s]
   GAP-twitter:   6%|▌         | 559742976/9469180207 [00:35<09:54, 14994814.66B/s]
   GAP-twitter:   6%|▌         | 561430528/9469180207 [00:35<09:34, 15509965.57B/s]
   GAP-twitter:   6%|▌         | 562987008/9469180207 [00:35<09:38, 15407722.36B/s]
   GAP-twitter:   6%|▌         | 564576256/9469180207 [00:36<09:33, 15534784.60B/s]
   GAP-twitter:   6%|▌         | 566132736/9469180207 [00:36<09:42, 15277383.12B/s]
   GAP-twitter:   6%|▌         | 567689216/9469180207 [00:36<09:39, 15355193.02B/s]
   GAP-twitter:   6%|▌         | 569229312/9469180207 [00:36<09:45, 15191205.31B/s]
   GAP-twitter:   6%|▌         | 570753024/9469180207 [00:36<09:50, 15072745.35B/s]
   GAP-twitter:   6%|▌         | 572342272/9469180207 [00:36<09:41, 15312197.33B/s]
   GAP-twitter:   6%|▌         | 573980672/9469180207 [00:36<09:30, 15602966.09B/s]
   GAP-twitter:   6%|▌         | 575635456/9469180207 [00:36<09:21, 15844401.23B/s]
   GAP-twitter:   6%|▌         | 577273856/9469180207 [00:36<09:16, 15983319.39B/s]
   GAP-twitter:   6%|▌         | 578879488/9469180207 [00:36<09:24, 15757072.71B/s]
   GAP-twitter:   6%|▌         | 580534272/9469180207 [00:37<09:16, 15966446.84B/s]
   GAP-twitter:   6%|▌         | 582139904/9469180207 [00:37<09:23, 15758095.53B/s]
   GAP-twitter:   6%|▌         | 583794688/9469180207 [00:37<09:16, 15977957.29B/s]
   GAP-twitter:   6%|▌         | 585416704/9469180207 [00:37<09:15, 16001567.32B/s]
   GAP-twitter:   6%|▌         | 587022336/9469180207 [00:37<09:32, 15505001.31B/s]
   GAP-twitter:   6%|▌         | 588611584/9469180207 [00:37<09:29, 15581684.62B/s]
   GAP-twitter:   6%|▌         | 590184448/9469180207 [00:37<09:41, 15258092.85B/s]
   GAP-twitter:   6%|▋         | 591839232/9469180207 [00:37<09:29, 15589640.59B/s]
   GAP-twitter:   6%|▋         | 593477632/9469180207 [00:37<09:21, 15802219.78B/s]
   GAP-twitter:   6%|▋         | 595066880/9469180207 [00:37<09:31, 15517795.74B/s]
   GAP-twitter:   6%|▋         | 596672512/9469180207 [00:38<09:26, 15656498.75B/s]
   GAP-twitter:   6%|▋         | 598245376/9469180207 [00:38<09:28, 15617526.01B/s]
   GAP-twitter:   6%|▋         | 599883776/9469180207 [00:38<09:21, 15808635.20B/s]
   GAP-twitter:   6%|▋         | 601522176/9469180207 [00:38<09:16, 15939561.43B/s]
   GAP-twitter:   6%|▋         | 603127808/9469180207 [00:38<09:31, 15517808.87B/s]
   GAP-twitter:   6%|▋         | 604782592/9469180207 [00:38<09:20, 15802957.34B/s]
   GAP-twitter:   6%|▋         | 606420992/9469180207 [00:38<09:15, 15966330.76B/s]
   GAP-twitter:   6%|▋         | 608059392/9469180207 [00:38<09:10, 16084136.91B/s]
   GAP-twitter:   6%|▋         | 609730560/9469180207 [00:38<09:04, 16260642.09B/s]
   GAP-twitter:   6%|▋         | 611368960/9469180207 [00:39<09:12, 16040048.30B/s]
   GAP-twitter:   6%|▋         | 613072896/9469180207 [00:39<09:03, 16287522.74B/s]
   GAP-twitter:   6%|▋         | 614760448/9469180207 [00:39<08:58, 16433889.09B/s]
   GAP-twitter:   7%|▋         | 616415232/9469180207 [00:39<09:00, 16389388.99B/s]
   GAP-twitter:   7%|▋         | 618070016/9469180207 [00:39<09:14, 15972903.43B/s]
   GAP-twitter:   7%|▋         | 619675648/9469180207 [00:39<09:19, 15817306.87B/s]
   GAP-twitter:   7%|▋         | 621297664/9469180207 [00:39<09:15, 15922859.77B/s]
   GAP-twitter:   7%|▋         | 622903296/9469180207 [00:39<09:20, 15784208.09B/s]
   GAP-twitter:   7%|▋         | 624607232/9469180207 [00:39<09:08, 16131858.66B/s]
   GAP-twitter:   7%|▋         | 626229248/9469180207 [00:39<09:22, 15722348.74B/s]
   GAP-twitter:   7%|▋         | 627900416/9469180207 [00:40<09:12, 16001771.49B/s]
   GAP-twitter:   7%|▋         | 629571584/9469180207 [00:40<09:05, 16205096.79B/s]
   GAP-twitter:   7%|▋         | 631209984/9469180207 [00:40<09:22, 15714893.08B/s]
   GAP-twitter:   7%|▋         | 632897536/9469180207 [00:40<09:10, 16043810.11B/s]
   GAP-twitter:   7%|▋         | 634519552/9469180207 [00:40<09:31, 15468969.10B/s]
   GAP-twitter:   7%|▋         | 636190720/9469180207 [00:40<09:19, 15774627.45B/s]
   GAP-twitter:   7%|▋         | 637894656/9469180207 [00:40<09:07, 16137417.02B/s]
   GAP-twitter:   7%|▋         | 639516672/9469180207 [00:40<09:20, 15763813.94B/s]
   GAP-twitter:   7%|▋         | 641220608/9469180207 [00:40<09:07, 16126423.97B/s]
   GAP-twitter:   7%|▋         | 642908160/9469180207 [00:40<09:00, 16332538.89B/s]
   GAP-twitter:   7%|▋         | 644579328/9469180207 [00:41<08:56, 16439396.90B/s]
   GAP-twitter:   7%|▋         | 646234112/9469180207 [00:41<09:09, 16068533.28B/s]
   GAP-twitter:   7%|▋         | 647905280/9469180207 [00:41<09:04, 16204912.94B/s]
   GAP-twitter:   7%|▋         | 649560064/9469180207 [00:41<09:02, 16271615.58B/s]
   GAP-twitter:   7%|▋         | 651198464/9469180207 [00:41<09:23, 15649391.41B/s]
   GAP-twitter:   7%|▋         | 652787712/9469180207 [00:41<09:22, 15681271.63B/s]
   GAP-twitter:   7%|▋         | 654360576/9469180207 [00:41<09:30, 15438225.51B/s]
   GAP-twitter:   7%|▋         | 656015360/9469180207 [00:41<09:20, 15737184.19B/s]
   GAP-twitter:   7%|▋         | 657686528/9469180207 [00:41<09:10, 16010531.61B/s]
   GAP-twitter:   7%|▋         | 659292160/9469180207 [00:42<09:26, 15544284.51B/s]
   GAP-twitter:   7%|▋         | 660963328/9469180207 [00:42<09:14, 15876566.17B/s]
   GAP-twitter:   7%|▋         | 662568960/9469180207 [00:42<09:53, 14841712.43B/s]
   GAP-twitter:   7%|▋         | 664207360/9469180207 [00:42<09:37, 15234554.83B/s]
   GAP-twitter:   7%|▋         | 665845760/9469180207 [00:42<09:25, 15554413.48B/s]
   GAP-twitter:   7%|▋         | 667418624/9469180207 [00:42<10:00, 14667897.29B/s]
   GAP-twitter:   7%|▋         | 669089792/9469180207 [00:42<09:38, 15205441.98B/s]
   GAP-twitter:   7%|▋         | 670629888/9469180207 [00:42<10:08, 14457252.12B/s]
   GAP-twitter:   7%|▋         | 672284672/9469180207 [00:42<09:45, 15022832.24B/s]
   GAP-twitter:   7%|▋         | 673955840/9469180207 [00:42<09:27, 15497701.25B/s]
   GAP-twitter:   7%|▋         | 675528704/9469180207 [00:43<10:00, 14637753.57B/s]
   GAP-twitter:   7%|▋         | 677199872/9469180207 [00:43<09:38, 15187924.85B/s]
   GAP-twitter:   7%|▋         | 678739968/9469180207 [00:43<10:12, 14346849.82B/s]
   GAP-twitter:   7%|▋         | 680378368/9469180207 [00:43<09:49, 14899523.95B/s]
   GAP-twitter:   7%|▋         | 682033152/9469180207 [00:43<09:33, 15329419.63B/s]
   GAP-twitter:   7%|▋         | 683589632/9469180207 [00:43<10:03, 14568735.08B/s]
   GAP-twitter:   7%|▋         | 685228032/9469180207 [00:43<09:42, 15074528.14B/s]
   GAP-twitter:   7%|▋         | 686751744/9469180207 [00:43<10:13, 14308115.47B/s]
   GAP-twitter:   7%|▋         | 688406528/9469180207 [00:43<09:48, 14912294.52B/s]
   GAP-twitter:   7%|▋         | 690028544/9469180207 [00:44<09:35, 15256998.98B/s]
   GAP-twitter:   7%|▋         | 691568640/9469180207 [00:44<10:08, 14421880.31B/s]
   GAP-twitter:   7%|▋         | 693223424/9469180207 [00:44<09:46, 14974105.36B/s]
   GAP-twitter:   7%|▋         | 694747136/9469180207 [00:44<10:17, 14207053.55B/s]
   GAP-twitter:   7%|▋         | 696385536/9469180207 [00:44<09:54, 14768224.85B/s]
   GAP-twitter:   7%|▋         | 698023936/9469180207 [00:44<09:37, 15196991.17B/s]
   GAP-twitter:   7%|▋         | 699564032/9469180207 [00:44<10:08, 14402187.93B/s]
   GAP-twitter:   7%|▋         | 701235200/9469180207 [00:44<09:43, 15029543.59B/s]
   GAP-twitter:   7%|▋         | 702758912/9469180207 [00:44<10:12, 14303883.29B/s]
   GAP-twitter:   7%|▋         | 704430080/9469180207 [00:45<09:45, 14961084.27B/s]
   GAP-twitter:   7%|▋         | 706101248/9469180207 [00:45<09:27, 15443588.52B/s]
   GAP-twitter:   7%|▋         | 707674112/9469180207 [00:45<10:02, 14551554.31B/s]
   GAP-twitter:   7%|▋         | 709312512/9469180207 [00:45<09:42, 15028488.41B/s]
   GAP-twitter:   8%|▊         | 710836224/9469180207 [00:45<10:11, 14312669.50B/s]
   GAP-twitter:   8%|▊         | 712441856/9469180207 [00:45<09:52, 14788671.26B/s]
   GAP-twitter:   8%|▊         | 714096640/9469180207 [00:45<09:33, 15267703.30B/s]
   GAP-twitter:   8%|▊         | 715636736/9469180207 [00:45<10:04, 14483080.99B/s]
   GAP-twitter:   8%|▊         | 717307904/9469180207 [00:45<09:40, 15072176.13B/s]
   GAP-twitter:   8%|▊         | 718864384/9469180207 [00:46<10:10, 14340563.45B/s]
   GAP-twitter:   8%|▊         | 720519168/9469180207 [00:46<09:46, 14913457.48B/s]
   GAP-twitter:   8%|▊         | 722173952/9469180207 [00:46<09:29, 15368998.18B/s]
   GAP-twitter:   8%|▊         | 723730432/9469180207 [00:46<10:02, 14522277.16B/s]
   GAP-twitter:   8%|▊         | 725401600/9469180207 [00:46<09:39, 15091552.71B/s]
   GAP-twitter:   8%|▊         | 727040000/9469180207 [00:46<10:07, 14398938.90B/s]
   GAP-twitter:   8%|▊         | 728678400/9469180207 [00:46<09:46, 14905890.78B/s]
   GAP-twitter:   8%|▊         | 730333184/9469180207 [00:46<09:29, 15345849.69B/s]
   GAP-twitter:   8%|▊         | 731889664/9469180207 [00:46<10:00, 14547950.32B/s]
   GAP-twitter:   8%|▊         | 733528064/9469180207 [00:47<09:41, 15025000.94B/s]
   GAP-twitter:   8%|▊         | 735133696/9469180207 [00:47<10:12, 14257510.71B/s]
   GAP-twitter:   8%|▊         | 736788480/9469180207 [00:47<09:46, 14881803.42B/s]
   GAP-twitter:   8%|▊         | 738410496/9469180207 [00:47<09:32, 15255929.45B/s]
   GAP-twitter:   8%|▊         | 739966976/9469180207 [00:47<10:05, 14410102.68B/s]
   GAP-twitter:   8%|▊         | 741621760/9469180207 [00:47<09:42, 14990186.32B/s]
   GAP-twitter:   8%|▊         | 743276544/9469180207 [00:47<09:26, 15403122.18B/s]
   GAP-twitter:   8%|▊         | 744833024/9469180207 [00:47<10:00, 14538768.29B/s]
   GAP-twitter:   8%|▊         | 746455040/9469180207 [00:47<09:42, 14970312.35B/s]
   GAP-twitter:   8%|▊         | 747978752/9469180207 [00:48<10:12, 14244449.95B/s]
   GAP-twitter:   8%|▊         | 749633536/9469180207 [00:48<09:46, 14867317.62B/s]
   GAP-twitter:   8%|▊         | 751255552/9469180207 [00:48<10:12, 14242915.51B/s]
   GAP-twitter:   8%|▊         | 752910336/9469180207 [00:48<09:46, 14864527.76B/s]
   GAP-twitter:   8%|▊         | 754565120/9469180207 [00:48<09:28, 15322420.24B/s]
   GAP-twitter:   8%|▊         | 756121600/9469180207 [00:48<10:00, 14508941.96B/s]
   GAP-twitter:   8%|▊         | 757792768/9469180207 [00:48<09:36, 15111024.95B/s]
   GAP-twitter:   8%|▊         | 759332864/9469180207 [00:48<10:05, 14384665.88B/s]
   GAP-twitter:   8%|▊         | 760987648/9469180207 [00:48<09:41, 14981239.60B/s]
   GAP-twitter:   8%|▊         | 762642432/9469180207 [00:48<09:24, 15423669.44B/s]
   GAP-twitter:   8%|▊         | 764198912/9469180207 [00:49<10:02, 14441132.07B/s]
   GAP-twitter:   8%|▊         | 765853696/9469180207 [00:49<09:40, 15001777.65B/s]
   GAP-twitter:   8%|▊         | 767508480/9469180207 [00:49<09:24, 15410627.26B/s]
   GAP-twitter:   8%|▊         | 769064960/9469180207 [00:49<10:04, 14395185.77B/s]
   GAP-twitter:   8%|▊         | 770752512/9469180207 [00:49<09:38, 15045469.87B/s]
   GAP-twitter:   8%|▊         | 772390912/9469180207 [00:49<09:24, 15416793.33B/s]
   GAP-twitter:   8%|▊         | 773963776/9469180207 [00:49<09:56, 14587037.95B/s]
   GAP-twitter:   8%|▊         | 775634944/9469180207 [00:49<09:33, 15152090.53B/s]
   GAP-twitter:   8%|▊         | 777240576/9469180207 [00:49<10:03, 14401763.42B/s]
   GAP-twitter:   8%|▊         | 778895360/9469180207 [00:50<09:40, 14959149.50B/s]
   GAP-twitter:   8%|▊         | 780566528/9469180207 [00:50<09:23, 15422026.20B/s]
   GAP-twitter:   8%|▊         | 782237696/9469180207 [00:50<09:11, 15756345.47B/s]
   GAP-twitter:   8%|▊         | 783826944/9469180207 [00:50<09:51, 14678897.98B/s]
   GAP-twitter:   8%|▊         | 785481728/9469180207 [00:50<09:31, 15192371.48B/s]
   GAP-twitter:   8%|▊         | 787021824/9469180207 [00:50<10:02, 14406263.85B/s]
   GAP-twitter:   8%|▊         | 788692992/9469180207 [00:50<09:38, 15008552.51B/s]
   GAP-twitter:   8%|▊         | 790331392/9469180207 [00:50<09:23, 15396041.63B/s]
   GAP-twitter:   8%|▊         | 791887872/9469180207 [00:50<10:00, 14443793.64B/s]
   GAP-twitter:   8%|▊         | 793542656/9469180207 [00:51<09:37, 15016538.97B/s]
   GAP-twitter:   8%|▊         | 795164672/9469180207 [00:51<09:24, 15357931.08B/s]
   GAP-twitter:   8%|▊         | 796721152/9469180207 [00:51<10:02, 14383125.17B/s]
   GAP-twitter:   8%|▊         | 798310400/9469180207 [00:51<09:46, 14790260.55B/s]
   GAP-twitter:   8%|▊         | 799817728/9469180207 [00:51<10:12, 14156333.56B/s]
   GAP-twitter:   8%|▊         | 801488896/9469180207 [00:51<09:44, 14823420.67B/s]
   GAP-twitter:   8%|▊         | 803143680/9469180207 [00:51<09:26, 15298591.01B/s]
   GAP-twitter:   8%|▊         | 804700160/9469180207 [00:51<10:02, 14385315.58B/s]
   GAP-twitter:   9%|▊         | 806338560/9469180207 [00:51<09:39, 14941473.33B/s]
   GAP-twitter:   9%|▊         | 807993344/9469180207 [00:52<09:22, 15397662.78B/s]
   GAP-twitter:   9%|▊         | 809549824/9469180207 [00:52<09:58, 14467499.64B/s]
   GAP-twitter:   9%|▊         | 811237376/9469180207 [00:52<09:32, 15112641.63B/s]
   GAP-twitter:   9%|▊         | 812777472/9469180207 [00:52<10:04, 14324631.39B/s]
   GAP-twitter:   9%|▊         | 814448640/9469180207 [00:52<09:38, 14956140.80B/s]
   GAP-twitter:   9%|▊         | 816103424/9469180207 [00:52<09:21, 15405167.66B/s]
   GAP-twitter:   9%|▊         | 817659904/9469180207 [00:52<09:54, 14562284.16B/s]
   GAP-twitter:   9%|▊         | 819331072/9469180207 [00:52<09:31, 15128706.61B/s]
   GAP-twitter:   9%|▊         | 820871168/9469180207 [00:52<10:00, 14393002.00B/s]
   GAP-twitter:   9%|▊         | 822525952/9469180207 [00:53<09:38, 14948678.42B/s]
   GAP-twitter:   9%|▊         | 824180736/9469180207 [00:53<09:21, 15394592.44B/s]
   GAP-twitter:   9%|▊         | 825737216/9469180207 [00:53<09:53, 14562123.05B/s]
   GAP-twitter:   9%|▊         | 827392000/9469180207 [00:53<09:32, 15103295.80B/s]
   GAP-twitter:   9%|▉         | 828932096/9469180207 [00:53<10:03, 14318200.91B/s]
   GAP-twitter:   9%|▉         | 830586880/9469180207 [00:53<09:39, 14917921.54B/s]
   GAP-twitter:   9%|▉         | 832258048/9469180207 [00:53<09:20, 15421513.51B/s]
   GAP-twitter:   9%|▉         | 833830912/9469180207 [00:53<09:55, 14494788.75B/s]
   GAP-twitter:   9%|▉         | 835502080/9469180207 [00:53<09:32, 15081861.65B/s]
   GAP-twitter:   9%|▉         | 837042176/9469180207 [00:54<10:01, 14352278.60B/s]
   GAP-twitter:   9%|▉         | 838533120/9469180207 [00:54<09:55, 14486992.31B/s]
   GAP-twitter:   9%|▉         | 840089600/9469180207 [00:54<09:43, 14783119.50B/s]
   GAP-twitter:   9%|▉         | 841580544/9469180207 [00:54<10:11, 14105614.67B/s]
   GAP-twitter:   9%|▉         | 843235328/9469180207 [00:54<09:44, 14756881.11B/s]
   GAP-twitter:   9%|▉         | 844857344/9469180207 [00:54<09:28, 15157980.43B/s]
   GAP-twitter:   9%|▉         | 846397440/9469180207 [00:54<10:00, 14365743.09B/s]
   GAP-twitter:   9%|▉         | 848052224/9469180207 [00:54<09:35, 14969592.32B/s]
   GAP-twitter:   9%|▉         | 849575936/9469180207 [00:54<10:08, 14175928.91B/s]
   GAP-twitter:   9%|▉         | 851230720/9469180207 [00:54<09:41, 14820376.97B/s]
   GAP-twitter:   9%|▉         | 852869120/9469180207 [00:55<09:25, 15245366.98B/s]
   GAP-twitter:   9%|▉         | 854409216/9469180207 [00:55<09:55, 14465573.32B/s]
   GAP-twitter:   9%|▉         | 856080384/9469180207 [00:55<09:32, 15057138.41B/s]
   GAP-twitter:   9%|▉         | 857604096/9469180207 [00:55<10:03, 14264160.94B/s]
   GAP-twitter:   9%|▉         | 859275264/9469180207 [00:55<09:37, 14914150.17B/s]
   GAP-twitter:   9%|▉         | 860897280/9469180207 [00:55<09:23, 15272170.94B/s]
   GAP-twitter:   9%|▉         | 862453760/9469180207 [00:55<09:56, 14422940.36B/s]
   GAP-twitter:   9%|▉         | 864108544/9469180207 [00:55<09:33, 15009652.05B/s]
   GAP-twitter:   9%|▉         | 865632256/9469180207 [00:55<10:01, 14293896.54B/s]
   GAP-twitter:   9%|▉         | 867303424/9469180207 [00:56<09:35, 14956090.00B/s]
   GAP-twitter:   9%|▉         | 868958208/9469180207 [00:56<09:18, 15389694.41B/s]
   GAP-twitter:   9%|▉         | 870514688/9469180207 [00:56<09:50, 14550555.87B/s]
   GAP-twitter:   9%|▉         | 872153088/9469180207 [00:56<09:31, 15038829.87B/s]
   GAP-twitter:   9%|▉         | 873791488/9469180207 [00:56<09:18, 15396193.55B/s]
   GAP-twitter:   9%|▉         | 875347968/9469180207 [00:56<09:53, 14484957.08B/s]
   GAP-twitter:   9%|▉         | 877002752/9469180207 [00:56<09:31, 15025922.40B/s]
   GAP-twitter:   9%|▉         | 878526464/9469180207 [00:56<10:00, 14295729.39B/s]
   GAP-twitter:   9%|▉         | 881590272/9469180207 [00:56<07:36, 18831574.97B/s]
   GAP-twitter:   9%|▉         | 884637696/9469180207 [00:57<06:27, 22128300.18B/s]
   GAP-twitter:   9%|▉         | 887767040/9469180207 [00:57<05:46, 24747656.14B/s]
   GAP-twitter:   9%|▉         | 891797504/9469180207 [00:57<04:52, 29275597.80B/s]
   GAP-twitter:   9%|▉         | 895827968/9469180207 [00:57<04:23, 32493039.33B/s]
   GAP-twitter:  10%|▉         | 899842048/9469180207 [00:57<04:07, 34663688.34B/s]
   GAP-twitter:  10%|▉         | 903938048/9469180207 [00:57<03:54, 36509325.93B/s]
   GAP-twitter:  10%|▉         | 908017664/9469180207 [00:57<03:46, 37755437.78B/s]
   GAP-twitter:  10%|▉         | 912048128/9469180207 [00:57<03:42, 38502568.00B/s]
   GAP-twitter:  10%|▉         | 916029440/9469180207 [00:57<03:39, 38888995.70B/s]
   GAP-twitter:  10%|▉         | 920092672/9469180207 [00:57<03:37, 39376759.33B/s]
   GAP-twitter:  10%|▉         | 924041216/9469180207 [00:58<03:46, 37751744.42B/s]
   GAP-twitter:  10%|▉         | 927973376/9469180207 [00:58<03:43, 38179731.03B/s]
   GAP-twitter:  10%|▉         | 931872768/9469180207 [00:58<03:42, 38398105.70B/s]
   
   asv: benchmark timed out (timeout 60s)
   
   For parameters: bfs_gap_inputs.GAP/GAP-web_22787314
   INFO root: Dataset suitesparse_matrix.GAP/GAP-web manifest metadata is stale.
   
   GAP-web:   0%|          | 0/8300343137 [00:00<?, ?B/s]
   GAP-web:   0%|          | 311296/8300343137 [00:00<49:11, 2812125.91B/s]
   GAP-web:   0%|          | 1359872/8300343137 [00:00<20:06, 6878407.86B/s]
   GAP-web:   0%|          | 2686976/8300343137 [00:00<14:19, 9655520.35B/s]
   GAP-web:   0%|          | 4046848/8300343137 [00:00<12:24, 11143083.36B/s]
   GAP-web:   0%|          | 5406720/8300343137 [00:00<11:31, 11988722.06B/s]
   GAP-web:   0%|          | 6815744/8300343137 [00:00<10:56, 12624500.90B/s]
   GAP-web:   0%|          | 8126464/8300343137 [00:00<10:49, 12764526.88B/s]
   GAP-web:   0%|          | 9420800/8300343137 [00:00<11:23, 12136814.58B/s]
   GAP-web:   0%|          | 10846208/8300343137 [00:00<10:49, 12758908.58B/s]
   GAP-web:   0%|          | 12238848/8300343137 [00:01<10:33, 13083552.10B/s]
   GAP-web:   0%|          | 13713408/8300343137 [00:01<10:11, 13560085.65B/s]
   GAP-web:   0%|          | 15155200/8300343137 [00:01<10:11, 13543471.59B/s]
   GAP-web:   0%|          | 16515072/8300343137 [00:01<10:31, 13119839.14B/s]
   GAP-web:   0%|          | 17907712/8300343137 [00:01<10:21, 13325090.51B/s]
   GAP-web:   0%|          | 19316736/8300343137 [00:01<10:11, 13545562.06B/s]
   GAP-web:   0%|          | 20676608/8300343137 [00:01<10:21, 13324911.53B/s]
   GAP-web:   0%|          | 22020096/8300343137 [00:01<10:20, 13347510.85B/s]
   GAP-web:   0%|          | 23363584/8300343137 [00:01<10:57, 12593715.79B/s]
   GAP-web:   0%|          | 24641536/8300343137 [00:01<11:03, 12468065.31B/s]
   GAP-web:   0%|          | 25935872/8300343137 [00:02<10:58, 12568566.61B/s]
   GAP-web:   0%|          | 27213824/8300343137 [00:02<10:57, 12591470.76B/s]
   GAP-web:   0%|          | 28557312/8300343137 [00:02<10:46, 12787844.19B/s]
   GAP-web:   0%|          | 29851648/8300343137 [00:02<10:52, 12672015.65B/s]
   GAP-web:   0%|          | 31178752/8300343137 [00:02<10:44, 12822219.30B/s]
   GAP-web:   0%|          | 32473088/8300343137 [00:02<10:43, 12849853.67B/s]
   GAP-web:   0%|          | 33767424/8300343137 [00:02<11:37, 11856486.95B/s]
   GAP-web:   0%|          | 34979840/8300343137 [00:02<11:37, 11846558.36B/s]
   GAP-web:   0%|          | 36175872/8300343137 [00:02<11:43, 11738943.15B/s]
   GAP-web:   0%|          | 37404672/8300343137 [00:03<11:36, 11871079.73B/s]
   GAP-web:   0%|          | 38682624/8300343137 [00:03<11:22, 12105888.13B/s]
   GAP-web:   0%|          | 39993344/8300343137 [00:03<11:06, 12394736.03B/s]
   GAP-web:   0%|          | 41336832/8300343137 [00:03<10:54, 12612233.21B/s]
   GAP-web:   1%|          | 42614784/8300343137 [00:03<10:58, 12536398.15B/s]
   GAP-web:   1%|          | 43876352/8300343137 [00:03<11:10, 12310369.42B/s]
   GAP-web:   1%|          | 45121536/8300343137 [00:03<11:22, 12099967.53B/s]
   GAP-web:   1%|          | 46333952/8300343137 [00:03<11:26, 12015339.68B/s]
   GAP-web:   1%|          | 47546368/8300343137 [00:03<11:26, 12022261.00B/s]
   GAP-web:   1%|          | 48758784/8300343137 [00:03<11:28, 11977503.21B/s]
   GAP-web:   1%|          | 49971200/8300343137 [00:04<12:21, 11123400.08B/s]
   GAP-web:   1%|          | 51150848/8300343137 [00:04<12:12, 11264816.92B/s]
   GAP-web:   1%|          | 52330496/8300343137 [00:04<12:04, 11391763.69B/s]
   GAP-web:   1%|          | 53477376/8300343137 [00:04<12:07, 11342256.74B/s]
   GAP-web:   1%|          | 54657024/8300343137 [00:04<11:59, 11457866.56B/s]
   GAP-web:   1%|          | 55820288/8300343137 [00:04<11:59, 11453086.51B/s]
   GAP-web:   1%|          | 56999936/8300343137 [00:04<11:54, 11540482.99B/s]
   GAP-web:   1%|          | 58179584/8300343137 [00:04<11:51, 11577107.09B/s]
   GAP-web:   1%|          | 59408384/8300343137 [00:04<11:39, 11773882.83B/s]
   GAP-web:   1%|          | 60686336/8300343137 [00:05<11:25, 12021205.07B/s]
   GAP-web:   1%|          | 61915136/8300343137 [00:05<11:22, 12072941.50B/s]
   GAP-web:   1%|          | 63176704/8300343137 [00:05<11:15, 12192007.81B/s]
   GAP-web:   1%|          | 64487424/8300343137 [00:05<11:00, 12462655.50B/s]
   GAP-web:   1%|          | 65748992/8300343137 [00:05<11:00, 12474554.18B/s]
   GAP-web:   1%|          | 67043328/8300343137 [00:05<10:54, 12580112.91B/s]
   GAP-web:   1%|          | 68386816/8300343137 [00:05<10:42, 12820454.79B/s]
   GAP-web:   1%|          | 69746688/8300343137 [00:05<10:33, 12994225.36B/s]
   GAP-web:   1%|          | 71139328/8300343137 [00:05<10:21, 13246595.63B/s]
   GAP-web:   1%|          | 72499200/8300343137 [00:05<10:17, 13331675.84B/s]
   GAP-web:   1%|          | 73924608/8300343137 [00:06<10:05, 13576927.36B/s]
   GAP-web:   1%|          | 75300864/8300343137 [00:06<10:13, 13416674.39B/s]
   GAP-web:   1%|          | 76644352/8300343137 [00:06<10:52, 12608109.08B/s]
   GAP-web:   1%|          | 77987840/8300343137 [00:06<10:40, 12838119.24B/s]
   GAP-web:   1%|          | 79396864/8300343137 [00:06<10:23, 13174670.87B/s]
   GAP-web:   1%|          | 80723968/8300343137 [00:06<10:50, 12626637.22B/s]
   GAP-web:   1%|          | 82001920/8300343137 [00:06<10:51, 12615921.25B/s]
   GAP-web:   1%|          | 83279872/8300343137 [00:06<10:52, 12600331.27B/s]
   GAP-web:   1%|          | 84557824/8300343137 [00:06<10:59, 12450921.44B/s]
   GAP-web:   1%|          | 85819392/8300343137 [00:06<11:02, 12408211.25B/s]
   GAP-web:   1%|          | 87097344/8300343137 [00:07<10:57, 12488887.33B/s]
   GAP-web:   1%|          | 88358912/8300343137 [00:07<11:18, 12100190.23B/s]
   GAP-web:   1%|          | 89587712/8300343137 [00:07<11:36, 11789287.64B/s]
   GAP-web:   1%|          | 90882048/8300343137 [00:07<11:38, 11744941.57B/s]
   GAP-web:   1%|          | 92241920/8300343137 [00:07<11:46, 11619936.51B/s]
   GAP-web:   1%|          | 93618176/8300343137 [00:07<11:15, 12144447.57B/s]
   GAP-web:   1%|          | 94846976/8300343137 [00:07<11:49, 11568809.49B/s]
   GAP-web:   1%|          | 96026624/8300343137 [00:07<11:47, 11597284.17B/s]
   GAP-web:   1%|          | 97206272/8300343137 [00:07<11:50, 11546912.90B/s]
   GAP-web:   1%|          | 98451456/8300343137 [00:08<11:35, 11798581.46B/s]
   GAP-web:   1%|          | 99647488/8300343137 [00:08<11:35, 11787521.93B/s]
   GAP-web:   1%|          | 100843520/8300343137 [00:08<11:40, 11706763.96B/s]
   GAP-web:   1%|          | 102023168/8300343137 [00:08<11:59, 11391297.53B/s]
   GAP-web:   1%|          | 103366656/8300343137 [00:08<11:46, 11603992.35B/s]
   GAP-web:   1%|▏         | 104808448/8300343137 [00:08<11:37, 11749664.13B/s]
   GAP-web:   1%|▏         | 106266624/8300343137 [00:08<11:05, 12311870.99B/s]
   GAP-web:   1%|▏         | 107511808/8300343137 [00:08<11:12, 12178826.39B/s]
   GAP-web:   1%|▏         | 108740608/8300343137 [00:08<11:16, 12106158.29B/s]
   GAP-web:   1%|▏         | 109953024/8300343137 [00:09<11:16, 12105142.49B/s]
   GAP-web:   1%|▏         | 111181824/8300343137 [00:09<11:14, 12148332.65B/s]
   GAP-web:   1%|▏         | 112410624/8300343137 [00:09<11:17, 12092716.35B/s]
   GAP-web:   1%|▏         | 113786880/8300343137 [00:09<11:13, 12164198.72B/s]
   GAP-web:   1%|▏         | 115326976/8300343137 [00:09<11:05, 12302165.80B/s]
   GAP-web:   1%|▏         | 116883456/8300343137 [00:09<10:51, 12566787.25B/s]
   GAP-web:   1%|▏         | 118456320/8300343137 [00:09<10:43, 12723323.30B/s]
   GAP-web:   1%|▏         | 120045568/8300343137 [00:09<10:51, 12556263.44B/s]
   GAP-web:   1%|▏         | 121651200/8300343137 [00:09<10:07, 13468902.21B/s]
   GAP-web:   1%|▏         | 123011072/8300343137 [00:10<10:17, 13237203.38B/s]
   GAP-web:   1%|▏         | 124354560/8300343137 [00:10<10:17, 13238621.30B/s]
   GAP-web:   2%|▏         | 125698048/8300343137 [00:10<10:32, 12922602.37B/s]
   GAP-web:   2%|▏         | 127008768/8300343137 [00:10<10:41, 12742246.42B/s]
   GAP-web:   2%|▏         | 128483328/8300343137 [00:10<10:52, 12531191.96B/s]
   GAP-web:   2%|▏         | 130072576/8300343137 [00:10<10:07, 13458475.70B/s]
   GAP-web:   2%|▏         | 131432448/8300343137 [00:10<10:24, 13085519.09B/s]
   GAP-web:   2%|▏         | 132759552/8300343137 [00:10<10:27, 13022914.52B/s]
   GAP-web:   2%|▏         | 134070272/8300343137 [00:10<10:41, 12732357.26B/s]
   GAP-web:   2%|▏         | 135577600/8300343137 [00:11<10:48, 12590005.79B/s]
   GAP-web:   2%|▏         | 136953856/8300343137 [00:11<10:32, 12907239.57B/s]
   GAP-web:   2%|▏         | 138264576/8300343137 [00:11<10:42, 12698219.92B/s]
   GAP-web:   2%|▏         | 139542528/8300343137 [00:11<11:10, 12176508.00B/s]
   GAP-web:   2%|▏         | 141049856/8300343137 [00:11<10:29, 12967941.74B/s]
   GAP-web:   2%|▏         | 142360576/8300343137 [00:11<11:36, 11715298.32B/s]
   GAP-web:   2%|▏         | 143572992/8300343137 [00:11<12:31, 10852676.07B/s]
   GAP-web:   2%|▏         | 144736256/8300343137 [00:11<12:18, 11050502.13B/s]
   GAP-web:   2%|▏         | 145866752/8300343137 [00:11<12:20, 11004751.72B/s]
   GAP-web:   2%|▏         | 147275776/8300343137 [00:12<11:53, 11432653.16B/s]
   GAP-web:   2%|▏         | 148783104/8300343137 [00:12<10:56, 12424685.91B/s]
   GAP-web:   2%|▏         | 150044672/8300343137 [00:12<11:13, 12099882.06B/s]
   GAP-web:   2%|▏         | 151273472/8300343137 [00:12<11:18, 12014798.40B/s]
   GAP-web:   2%|▏         | 152485888/8300343137 [00:12<12:42, 10687676.50B/s]
   GAP-web:   2%|▏         | 153583616/8300343137 [00:12<13:50, 9810439.97B/s] 
   GAP-web:   2%|▏         | 154763264/8300343137 [00:12<13:12, 10280912.80B/s]
   GAP-web:   2%|▏         | 155828224/8300343137 [00:12<13:19, 10191114.34B/s]
   GAP-web:   2%|▏         | 157220864/8300343137 [00:12<12:07, 11197644.93B/s]
   GAP-web:   2%|▏         | 158367744/8300343137 [00:13<15:04, 8999621.21B/s] 
   GAP-web:   2%|▏         | 159350784/8300343137 [00:13<15:52, 8548375.17B/s]
   GAP-web:   2%|▏         | 160579584/8300343137 [00:13<14:21, 9442902.88B/s]
   GAP-web:   2%|▏         | 161972224/8300343137 [00:13<12:48, 10587660.44B/s]
   GAP-web:   2%|▏         | 163201024/8300343137 [00:13<12:19, 11003412.89B/s]
   GAP-web:   2%|▏         | 164347904/8300343137 [00:13<12:11, 11117043.78B/s]
   GAP-web:   2%|▏         | 165494784/8300343137 [00:13<12:20, 10981210.95B/s]
   GAP-web:   2%|▏         | 166969344/8300343137 [00:13<11:15, 12040892.62B/s]
   GAP-web:   2%|▏         | 168198144/8300343137 [00:13<11:38, 11640660.64B/s]
   GAP-web:   2%|▏         | 169394176/8300343137 [00:14<12:02, 11252320.28B/s]
   GAP-web:   2%|▏         | 170573824/8300343137 [00:14<12:02, 11250024.74B/s]
   GAP-web:   2%|▏         | 171966464/8300343137 [00:14<11:18, 11974012.44B/s]
   GAP-web:   2%|▏         | 173178880/8300343137 [00:14<11:36, 11673410.91B/s]
   GAP-web:   2%|▏         | 174374912/8300343137 [00:14<11:31, 11743027.41B/s]
   GAP-web:   2%|▏         | 175898624/8300343137 [00:14<10:37, 12751685.75B/s]
   GAP-web:   2%|▏         | 177192960/8300343137 [00:14<10:54, 12420443.02B/s]
   GAP-web:   2%|▏         | 178454528/8300343137 [00:14<11:12, 12078139.10B/s]
   GAP-web:   2%|▏         | 179798016/8300343137 [00:14<11:23, 11885079.95B/s]
   GAP-web:   2%|▏         | 181288960/8300343137 [00:15<10:40, 12678940.94B/s]
   GAP-web:   2%|▏         | 182566912/8300343137 [00:15<10:53, 12419508.44B/s]
   GAP-web:   2%|▏         | 183828480/8300343137 [00:15<11:01, 12264790.87B/s]
   GAP-web:   2%|▏         | 185270272/8300343137 [00:15<10:30, 12873480.37B/s]
   GAP-web:   2%|▏         | 186564608/8300343137 [00:15<10:55, 12379478.13B/s]
   GAP-web:   2%|▏         | 187809792/8300343137 [00:15<11:15, 12014516.62B/s]
   GAP-web:   2%|▏         | 189366272/8300343137 [00:15<10:57, 12331164.05B/s]
   GAP-web:   2%|▏         | 190971904/8300343137 [00:15<10:07, 13347375.63B/s]
   GAP-web:   2%|▏         | 192331776/8300343137 [00:15<10:30, 12860808.19B/s]
   GAP-web:   2%|▏         | 193642496/8300343137 [00:16<10:47, 12515848.97B/s]
   GAP-web:   2%|▏         | 195182592/8300343137 [00:16<10:09, 13288083.72B/s]
   GAP-web:   2%|▏         | 196526080/8300343137 [00:16<10:36, 12722735.64B/s]
   GAP-web:   2%|▏         | 197820416/8300343137 [00:16<10:50, 12446415.05B/s]
   GAP-web:   2%|▏         | 199327744/8300343137 [00:16<10:14, 13175115.53B/s]
   GAP-web:   2%|▏         | 200671232/8300343137 [00:16<10:38, 12689276.06B/s]
   GAP-web:   2%|▏         | 201965568/8300343137 [00:16<11:09, 12091732.19B/s]
   GAP-web:   2%|▏         | 203571200/8300343137 [00:16<10:15, 13153147.01B/s]
   GAP-web:   2%|▏         | 204914688/8300343137 [00:16<10:17, 13107210.59B/s]
   GAP-web:   2%|▏         | 206241792/8300343137 [00:16<10:21, 13017976.16B/s]
   GAP-web:   3%|▎         | 207831040/8300343137 [00:17<09:45, 13819790.41B/s]
   GAP-web:   3%|▎         | 209223680/8300343137 [00:17<09:45, 13826310.25B/s]
   GAP-web:   3%|▎         | 210616320/8300343137 [00:17<10:00, 13460842.15B/s]
   GAP-web:   3%|▎         | 212254720/8300343137 [00:17<09:26, 14282097.52B/s]
   GAP-web:   3%|▎         | 213696512/8300343137 [00:17<09:39, 13952342.98B/s]
   GAP-web:   3%|▎         | 215105536/8300343137 [00:17<10:02, 13419697.61B/s]
   GAP-web:   3%|▎         | 216629248/8300343137 [00:17<09:45, 13807175.50B/s]
   GAP-web:   3%|▎         | 218300416/8300343137 [00:17<09:13, 14597143.43B/s]
   GAP-web:   3%|▎         | 219774976/8300343137 [00:17<09:23, 14330701.44B/s]
   GAP-web:   3%|▎         | 221216768/8300343137 [00:18<09:33, 14080782.75B/s]
   GAP-web:   3%|▎         | 222887936/8300343137 [00:18<09:05, 14804602.99B/s]
   GAP-web:   3%|▎         | 224378880/8300343137 [00:18<09:27, 14242088.05B/s]
   GAP-web:   3%|▎         | 225820672/8300343137 [00:18<09:46, 13772910.20B/s]
   GAP-web:   3%|▎         | 227459072/8300343137 [00:18<09:17, 14475639.37B/s]
   GAP-web:   3%|▎         | 228917248/8300343137 [00:18<09:44, 13809323.18B/s]
   GAP-web:   3%|▎         | 230309888/8300343137 [00:18<10:03, 13373880.99B/s]
   GAP-web:   3%|▎         | 231849984/8300343137 [00:18<09:38, 13937857.03B/s]
   GAP-web:   3%|▎         | 233259008/8300343137 [00:18<09:49, 13684973.48B/s]
   GAP-web:   3%|▎         | 234635264/8300343137 [00:19<10:05, 13329157.29B/s]
   GAP-web:   3%|▎         | 236257280/8300343137 [00:19<09:31, 14113559.91B/s]
   GAP-web:   3%|▎         | 237682688/8300343137 [00:19<10:02, 13376574.48B/s]
   GAP-web:   3%|▎         | 239042560/8300343137 [00:19<10:20, 12997050.00B/s]
   GAP-web:   3%|▎         | 240664576/8300343137 [00:19<09:40, 13884120.05B/s]
   GAP-web:   3%|▎         | 242073600/8300343137 [00:19<09:58, 13470523.90B/s]
   GAP-web:   3%|▎         | 243597312/8300343137 [00:19<10:03, 13358620.64B/s]
   GAP-web:   3%|▎         | 245104640/8300343137 [00:19<09:43, 13810747.41B/s]
   GAP-web:   3%|▎         | 246497280/8300343137 [00:19<09:56, 13504501.88B/s]
   GAP-web:   3%|▎         | 248102912/8300343137 [00:20<09:27, 14184446.74B/s]
   GAP-web:   3%|▎         | 249544704/8300343137 [00:20<09:46, 13726564.64B/s]
   GAP-web:   3%|▎         | 250937344/8300343137 [00:20<10:02, 13365118.09B/s]
   GAP-web:   3%|▎         | 252477440/8300343137 [00:20<09:38, 13903328.20B/s]
   GAP-web:   3%|▎         | 253886464/8300343137 [00:20<10:16, 13061173.60B/s]
   GAP-web:   3%|▎         | 255213568/8300343137 [00:20<10:44, 12487715.56B/s]
   GAP-web:   3%|▎         | 256770048/8300343137 [00:20<10:04, 13297413.10B/s]
   GAP-web:   3%|▎         | 258129920/8300343137 [00:20<10:07, 13233564.01B/s]
   GAP-web:   3%|▎         | 259735552/8300343137 [00:20<09:59, 13402405.32B/s]
   GAP-web:   3%|▎         | 261242880/8300343137 [00:20<09:41, 13831829.69B/s]
   GAP-web:   3%|▎         | 262635520/8300343137 [00:21<10:10, 13156186.49B/s]
   GAP-web:   3%|▎         | 264077312/8300343137 [00:21<09:55, 13501446.44B/s]
   GAP-web:   3%|▎         | 265437184/8300343137 [00:21<10:30, 12747764.46B/s]
   GAP-web:   3%|▎         | 266731520/8300343137 [00:21<10:48, 12395245.08B/s]
   GAP-web:   3%|▎         | 268238848/8300343137 [00:21<10:11, 13125800.80B/s]
   GAP-web:   3%|▎         | 269565952/8300343137 [00:21<10:30, 12732747.99B/s]
   GAP-web:   3%|▎         | 271089664/8300343137 [00:21<09:57, 13430096.69B/s]
   GAP-web:   3%|▎         | 272449536/8300343137 [00:21<10:31, 12721277.19B/s]
   GAP-web:   3%|▎         | 273743872/8300343137 [00:21<10:42, 12493465.24B/s]
   GAP-web:   3%|▎         | 275300352/8300343137 [00:22<10:03, 13306795.03B/s]
   GAP-web:   3%|▎         | 276643840/8300343137 [00:22<10:33, 12667184.23B/s]
   GAP-web:   3%|▎         | 277970944/8300343137 [00:22<10:55, 12244801.37B/s]
   GAP-web:   3%|▎         | 279216128/8300343137 [00:22<11:47, 11332417.87B/s]
   GAP-web:   3%|▎         | 280379392/8300343137 [00:22<12:32, 10661149.08B/s]
   GAP-web:   3%|▎         | 281542656/8300343137 [00:22<12:16, 10891248.35B/s]
   GAP-web:   3%|▎         | 282787840/8300343137 [00:22<11:50, 11286427.76B/s]
   GAP-web:   3%|▎         | 283934720/8300343137 [00:22<12:02, 11092152.87B/s]
   GAP-web:   3%|▎         | 285130752/8300343137 [00:22<11:51, 11265893.95B/s]
   GAP-web:   3%|▎         | 286277632/8300343137 [00:23<12:04, 11063632.72B/s]
   GAP-web:   3%|▎         | 287391744/8300343137 [00:23<12:23, 10780168.88B/s]
   GAP-web:   3%|▎         | 288489472/8300343137 [00:23<12:25, 10742597.39B/s]
   GAP-web:   3%|▎         | 289619968/8300343137 [00:23<12:16, 10876108.68B/s]
   GAP-web:   4%|▎         | 290816000/8300343137 [00:23<11:55, 11186762.17B/s]
   GAP-web:   4%|▎         | 291979264/8300343137 [00:23<11:49, 11290561.53B/s]
   GAP-web:   4%|▎         | 293126144/8300343137 [00:23<11:51, 11256854.51B/s]
   GAP-web:   4%|▎         | 294256640/8300343137 [00:23<11:52, 11236039.07B/s]
   GAP-web:   4%|▎         | 295387136/8300343137 [00:23<11:52, 11227183.04B/s]
   GAP-web:   4%|▎         | 296517632/8300343137 [00:24<11:51, 11246200.77B/s]
   GAP-web:   4%|▎         | 297648128/8300343137 [00:24<11:54, 11202634.16B/s]
   GAP-web:   4%|▎         | 298844160/8300343137 [00:24<11:50, 11268547.31B/s]
   GAP-web:   4%|▎         | 300105728/8300343137 [00:24<11:45, 11345748.56B/s]
   GAP-web:   4%|▎         | 301350912/8300343137 [00:24<11:49, 11274693.03B/s]
   GAP-web:   4%|▎         | 302628864/8300343137 [00:24<11:45, 11343121.95B/s]
   GAP-web:   4%|▎         | 303890432/8300343137 [00:24<11:43, 11363413.37B/s]
   GAP-web:   4%|▎         | 305168384/8300343137 [00:24<11:38, 11452342.77B/s]
   GAP-web:   4%|▎         | 306462720/8300343137 [00:24<11:30, 11580002.96B/s]
   GAP-web:   4%|▎         | 307757056/8300343137 [00:25<11:34, 11512036.44B/s]
   GAP-web:   4%|▎         | 309051392/8300343137 [00:25<11:26, 11645004.47B/s]
   GAP-web:   4%|▎         | 310362112/8300343137 [00:25<11:33, 11516494.79B/s]
   GAP-web:   4%|▍         | 311656448/8300343137 [00:25<11:26, 11643552.42B/s]
   GAP-web:   4%|▍         | 312983552/8300343137 [00:25<11:28, 11605461.49B/s]
   GAP-web:   4%|▍         | 314294272/8300343137 [00:25<11:23, 11680153.01B/s]
   GAP-web:   4%|▍         | 315604992/8300343137 [00:25<11:43, 11350367.65B/s]
   GAP-web:   4%|▍         | 316932096/8300343137 [00:25<11:44, 11338549.43B/s]
   GAP-web:   4%|▍         | 318242816/8300343137 [00:25<11:41, 11386000.88B/s]
   GAP-web:   4%|▍         | 319569920/8300343137 [00:26<11:34, 11487196.04B/s]
   GAP-web:   4%|▍         | 320897024/8300343137 [00:26<11:16, 11795600.39B/s]
   GAP-web:   4%|▍         | 322240512/8300343137 [00:26<11:05, 11983165.18B/s]
   GAP-web:   4%|▍         | 323633152/8300343137 [00:26<11:00, 12085126.14B/s]
   GAP-web:   4%|▍         | 324960256/8300343137 [00:26<10:54, 12184905.16B/s]
   GAP-web:   4%|▍         | 326303744/8300343137 [00:26<10:57, 12126021.47B/s]
   GAP-web:   4%|▍         | 327647232/8300343137 [00:26<11:28, 11572166.96B/s]
   GAP-web:   4%|▍         | 328990720/8300343137 [00:26<11:20, 11708956.74B/s]
   GAP-web:   4%|▍         | 330350592/8300343137 [00:26<11:19, 11732675.18B/s]
   GAP-web:   4%|▍         | 331743232/8300343137 [00:27<10:58, 12109186.40B/s]
   GAP-web:   4%|▍         | 333185024/8300343137 [00:27<10:26, 12716586.82B/s]
   GAP-web:   4%|▍         | 334544896/8300343137 [00:27<10:14, 12959271.58B/s]
   GAP-web:   4%|▍         | 335855616/8300343137 [00:27<10:13, 12972540.64B/s]
   GAP-web:   4%|▍         | 337166336/8300343137 [00:27<10:37, 12487040.48B/s]
   GAP-web:   4%|▍         | 338493440/8300343137 [00:27<10:59, 12068846.12B/s]
   GAP-web:   4%|▍         | 339755008/8300343137 [00:27<10:53, 12176293.23B/s]
   GAP-web:   4%|▍         | 340983808/8300343137 [00:27<11:13, 11817597.29B/s]
   GAP-web:   4%|▍         | 342179840/8300343137 [00:27<11:26, 11590513.92B/s]
   GAP-web:   4%|▍         | 343343104/8300343137 [00:28<11:55, 11125250.05B/s]
   GAP-web:   4%|▍         | 344473600/8300343137 [00:28<11:57, 11086707.32B/s]
   GAP-web:   4%|▍         | 345636864/8300343137 [00:28<11:49, 11204430.39B/s]
   GAP-web:   4%|▍         | 346783744/8300343137 [00:28<11:45, 11279332.96B/s]
   GAP-web:   4%|▍         | 348028928/8300343137 [00:28<11:37, 11397486.85B/s]
   GAP-web:   4%|▍         | 349388800/8300343137 [00:28<11:05, 11952354.40B/s]
   GAP-web:   4%|▍         | 350765056/8300343137 [00:28<11:29, 11536411.61B/s]
   GAP-web:   4%|▍         | 352124928/8300343137 [00:28<11:27, 11561442.28B/s]
   GAP-web:   4%|▍         | 353386496/8300343137 [00:28<11:13, 11808085.89B/s]
   GAP-web:   4%|▍         | 354582528/8300343137 [00:28<11:47, 11236633.87B/s]
   GAP-web:   4%|▍         | 355729408/8300343137 [00:29<11:46, 11247904.32B/s]
   GAP-web:   4%|▍         | 356941824/8300343137 [00:29<11:32, 11462389.27B/s]
   GAP-web:   4%|▍         | 358137856/8300343137 [00:29<11:25, 11584555.62B/s]
   GAP-web:   4%|▍         | 359448576/8300343137 [00:29<11:01, 12011367.68B/s]
   GAP-web:   4%|▍         | 360775680/8300343137 [00:29<10:41, 12379489.35B/s]
   GAP-web:   4%|▍         | 362070016/8300343137 [00:29<10:33, 12521313.23B/s]
   GAP-web:   4%|▍         | 363331584/8300343137 [00:29<10:39, 12414064.42B/s]
   GAP-web:   4%|▍         | 364576768/8300343137 [00:29<10:39, 12406706.45B/s]
   GAP-web:   4%|▍         | 365821952/8300343137 [00:29<10:47, 12252232.25B/s]
   GAP-web:   4%|▍         | 367116288/8300343137 [00:30<10:53, 12142738.30B/s]
   GAP-web:   4%|▍         | 368476160/8300343137 [00:30<10:52, 12164583.03B/s]
   GAP-web:   4%|▍         | 369868800/8300343137 [00:30<10:58, 12037965.30B/s]
   GAP-web:   4%|▍         | 371228672/8300343137 [00:30<10:56, 12083016.23B/s]
   GAP-web:   4%|▍         | 372588544/8300343137 [00:30<10:50, 12185481.79B/s]
   GAP-web:   5%|▍         | 373948416/8300343137 [00:30<10:37, 12438573.70B/s]
   GAP-web:   5%|▍         | 375324672/8300343137 [00:30<10:22, 12724891.77B/s]
   GAP-web:   5%|▍         | 376717312/8300343137 [00:30<10:19, 12787931.77B/s]
   GAP-web:   5%|▍         | 378077184/8300343137 [00:30<10:22, 12727200.54B/s]
   GAP-web:   5%|▍         | 379437056/8300343137 [00:30<10:30, 12554510.27B/s]
   GAP-web:   5%|▍         | 380796928/8300343137 [00:31<10:41, 12347773.03B/s]
   GAP-web:   5%|▍         | 382156800/8300343137 [00:31<10:46, 12248717.46B/s]
   GAP-web:   5%|▍         | 383516672/8300343137 [00:31<10:35, 12467393.14B/s]
   GAP-web:   5%|▍         | 384892928/8300343137 [00:31<10:35, 12448548.36B/s]
   GAP-web:   5%|▍         | 386252800/8300343137 [00:31<10:35, 12450964.60B/s]
   GAP-web:   5%|▍         | 387629056/8300343137 [00:31<10:25, 12648142.53B/s]
   GAP-web:   5%|▍         | 389054464/8300343137 [00:31<10:32, 12504076.25B/s]
   GAP-web:   5%|▍         | 390414336/8300343137 [00:31<10:22, 12711223.26B/s]
   GAP-web:   5%|▍         | 391806976/8300343137 [00:31<10:21, 12722727.00B/s]
   GAP-web:   5%|▍         | 393183232/8300343137 [00:32<10:26, 12628078.63B/s]
   GAP-web:   5%|▍         | 394543104/8300343137 [00:32<10:29, 12567054.59B/s]
   GAP-web:   5%|▍         | 395902976/8300343137 [00:32<10:32, 12498906.22B/s]
   GAP-web:   5%|▍         | 397279232/8300343137 [00:32<10:29, 12563550.20B/s]
   GAP-web:   5%|▍         | 398639104/8300343137 [00:32<10:20, 12726247.63B/s]
   GAP-web:   5%|▍         | 399982592/8300343137 [00:32<10:13, 12882037.31B/s]
   GAP-web:   5%|▍         | 401276928/8300343137 [00:32<10:53, 12083927.41B/s]
   GAP-web:   5%|▍         | 402505728/8300343137 [00:32<10:58, 11994383.60B/s]
   GAP-web:   5%|▍         | 403718144/8300343137 [00:32<11:09, 11796795.75B/s]
   GAP-web:   5%|▍         | 404914176/8300343137 [00:33<11:16, 11675039.88B/s]
   GAP-web:   5%|▍         | 406093824/8300343137 [00:33<11:36, 11330697.09B/s]
   GAP-web:   5%|▍         | 407240704/8300343137 [00:33<12:08, 10836171.56B/s]
   GAP-web:   5%|▍         | 408338432/8300343137 [00:33<12:38, 10410579.80B/s]
   GAP-web:   5%|▍         | 409714688/8300343137 [00:33<12:29, 10528828.04B/s]
   GAP-web:   5%|▍         | 411107328/8300343137 [00:33<12:16, 10705389.73B/s]
   GAP-web:   5%|▍         | 412499968/8300343137 [00:33<12:14, 10732381.40B/s]
   GAP-web:   5%|▍         | 413892608/8300343137 [00:33<12:07, 10847251.37B/s]
   GAP-web:   5%|▌         | 415252480/8300343137 [00:34<11:23, 11539419.66B/s]
   GAP-web:   5%|▌         | 416432128/8300343137 [00:34<11:35, 11331673.28B/s]
   GAP-web:   5%|▌         | 417579008/8300343137 [00:34<11:53, 11044430.44B/s]
   GAP-web:   5%|▌         | 418693120/8300343137 [00:34<12:18, 10676121.64B/s]
   GAP-web:   5%|▌         | 419889152/8300343137 [00:34<11:58, 10964925.22B/s]
   GAP-web:   5%|▌         | 421003264/8300343137 [00:34<12:04, 10882000.42B/s]
   GAP-web:   5%|▌         | 422330368/8300343137 [00:34<11:21, 11555983.57B/s]
   GAP-web:   5%|▌         | 423493632/8300343137 [00:34<11:28, 11441988.75B/s]
   GAP-web:   5%|▌         | 424656896/8300343137 [00:34<11:25, 11495527.43B/s]
   GAP-web:   5%|▌         | 425820160/8300343137 [00:34<11:24, 11502407.79B/s]
   GAP-web:   5%|▌         | 426983424/8300343137 [00:35<11:50, 11083813.53B/s]
   GAP-web:   5%|▌         | 428130304/8300343137 [00:35<12:00, 10930033.94B/s]
   GAP-web:   5%|▌         | 429572096/8300343137 [00:35<11:02, 11881723.17B/s]
   GAP-web:   5%|▌         | 430768128/8300343137 [00:35<11:13, 11679045.78B/s]
   GAP-web:   5%|▌         | 431947776/8300343137 [00:35<11:37, 11274492.43B/s]
   GAP-web:   5%|▌         | 433094656/8300343137 [00:35<11:35, 11311283.76B/s]
   GAP-web:   5%|▌         | 434241536/8300343137 [00:35<11:37, 11272016.53B/s]
   GAP-web:   5%|▌         | 435503104/8300343137 [00:35<11:15, 11651287.47B/s]
   GAP-web:   5%|▌         | 436879360/8300343137 [00:35<10:43, 12219271.96B/s]
   GAP-web:   5%|▌         | 438108160/8300343137 [00:36<11:12, 11689432.99B/s]
   GAP-web:   5%|▌         | 439287808/8300343137 [00:36<11:15, 11639744.78B/s]
   GAP-web:   5%|▌         | 440467456/8300343137 [00:36<11:16, 11622369.71B/s]
   GAP-web:   5%|▌         | 441729024/8300343137 [00:36<11:01, 11877422.39B/s]
   GAP-web:   5%|▌         | 442990592/8300343137 [00:36<10:52, 12032969.99B/s]
   GAP-web:   5%|▌         | 444497920/8300343137 [00:36<10:29, 12488589.45B/s]
   GAP-web:   5%|▌         | 445988864/8300343137 [00:36<09:56, 13174022.00B/s]
   GAP-web:   5%|▌         | 447315968/8300343137 [00:36<10:18, 12694196.42B/s]
   GAP-web:   5%|▌         | 448593920/8300343137 [00:36<10:33, 12400179.47B/s]
   GAP-web:   5%|▌         | 449839104/8300343137 [00:36<10:57, 11934972.34B/s]
   GAP-web:   5%|▌         | 451051520/8300343137 [00:37<10:58, 11923374.44B/s]
   GAP-web:   5%|▌         | 452378624/8300343137 [00:37<10:40, 12258796.35B/s]
   GAP-web:   5%|▌         | 453804032/8300343137 [00:37<10:25, 12548009.31B/s]
   GAP-web:   5%|▌         | 455180288/8300343137 [00:37<10:10, 12853090.04B/s]
   GAP-web:   5%|▌         | 456474624/8300343137 [00:37<10:59, 11886213.86B/s]
   GAP-web:   6%|▌         | 457687040/8300343137 [00:37<11:18, 11557333.48B/s]
   GAP-web:   6%|▌         | 458866688/8300343137 [00:37<11:24, 11450939.41B/s]
   GAP-web:   6%|▌         | 460259328/8300343137 [00:37<11:32, 11323268.44B/s]
   GAP-web:   6%|▌         | 461733888/8300343137 [00:37<10:41, 12226358.92B/s]
   GAP-web:   6%|▌         | 462979072/8300343137 [00:38<10:58, 11895712.98B/s]
   GAP-web:   6%|▌         | 464191488/8300343137 [00:38<11:12, 11657703.33B/s]
   GAP-web:   6%|▌         | 465420288/8300343137 [00:38<11:02, 11825452.17B/s]
   GAP-web:   6%|▌         | 466894848/8300343137 [00:38<10:20, 12628023.88B/s]
   GAP-web:   6%|▌         | 468172800/8300343137 [00:38<10:39, 12242834.31B/s]
   GAP-web:   6%|▌         | 469417984/8300343137 [00:38<10:40, 12219990.07B/s]
   GAP-web:   6%|▌         | 470646784/8300343137 [00:38<10:54, 11957773.01B/s]
   GAP-web:   6%|▌         | 472137728/8300343137 [00:38<10:12, 12786458.72B/s]
   GAP-web:   6%|▌         | 473432064/8300343137 [00:38<10:28, 12453050.54B/s]
   GAP-web:   6%|▌         | 474693632/8300343137 [00:39<10:44, 12145301.13B/s]
   GAP-web:   6%|▌         | 475922432/8300343137 [00:39<10:49, 12041491.39B/s]
   GAP-web:   6%|▌         | 477478912/8300343137 [00:39<10:00, 13035418.01B/s]
   GAP-web:   6%|▌         | 478789632/8300343137 [00:39<10:09, 12825677.29B/s]
   GAP-web:   6%|▌         | 480083968/8300343137 [00:39<10:14, 12729019.00B/s]
   GAP-web:   6%|▌         | 481361920/8300343137 [00:39<10:20, 12602976.51B/s]
   GAP-web:   6%|▌         | 482787328/8300343137 [00:39<09:59, 13029416.42B/s]
   GAP-web:   6%|▌         | 484098048/8300343137 [00:39<10:13, 12743549.60B/s]
   GAP-web:   6%|▌         | 485376000/8300343137 [00:39<10:19, 12607321.28B/s]
   GAP-web:   6%|▌         | 486965248/8300343137 [00:39<09:37, 13525568.24B/s]
   GAP-web:   6%|▌         | 488325120/8300343137 [00:40<09:56, 13102763.29B/s]
   GAP-web:   6%|▌         | 489652224/8300343137 [00:40<10:19, 12616846.01B/s]
   GAP-web:   6%|▌         | 490930176/8300343137 [00:40<10:47, 12054950.13B/s]
   GAP-web:   6%|▌         | 492470272/8300343137 [00:40<10:03, 12939938.79B/s]
   GAP-web:   6%|▌         | 493780992/8300343137 [00:40<10:22, 12542528.96B/s]
   GAP-web:   6%|▌         | 495058944/8300343137 [00:40<10:42, 12151486.08B/s]
   GAP-web:   6%|▌         | 496582656/8300343137 [00:40<10:00, 13004039.24B/s]
   GAP-web:   6%|▌         | 497909760/8300343137 [00:40<10:21, 12562449.09B/s]
   GAP-web:   6%|▌         | 499187712/8300343137 [00:40<10:39, 12195830.51B/s]
   GAP-web:   6%|▌         | 500416512/8300343137 [00:41<11:39, 11157458.90B/s]
   GAP-web:   6%|▌         | 501563392/8300343137 [00:41<13:28, 9650221.66B/s] 
   GAP-web:   6%|▌         | 502579200/8300343137 [00:41<13:45, 9441953.53B/s]
   GAP-web:   6%|▌         | 503562240/8300343137 [00:41<15:02, 8635032.39B/s]
   GAP-web:   6%|▌         | 504463360/8300343137 [00:41<14:59, 8663765.20B/s]
   GAP-web:   6%|▌         | 505364480/8300343137 [00:41<14:56, 8690451.50B/s]
   GAP-web:   6%|▌         | 506249216/8300343137 [00:41<15:43, 8257697.21B/s]
   GAP-web:   6%|▌         | 507166720/8300343137 [00:41<15:21, 8460694.36B/s]
   GAP-web:   6%|▌         | 508035072/8300343137 [00:42<15:39, 8290346.63B/s]
   GAP-web:   6%|▌         | 509362176/8300343137 [00:42<13:27, 9652159.76B/s]
   GAP-web:   6%|▌         | 510377984/8300343137 [00:42<13:15, 9793299.63B/s]
   GAP-web:   6%|▌         | 511705088/8300343137 [00:42<12:04, 10752095.21B/s]
   GAP-web:   6%|▌         | 512802816/8300343137 [00:42<12:27, 10424294.70B/s]
   GAP-web:   6%|▌         | 514097152/8300343137 [00:42<11:38, 11139556.64B/s]
   GAP-web:   6%|▌         | 515227648/8300343137 [00:42<11:54, 10889325.51B/s]
   GAP-web:   6%|▌         | 516521984/8300343137 [00:42<11:19, 11461427.65B/s]
   GAP-web:   6%|▌         | 517849088/8300343137 [00:42<11:29, 11287467.58B/s]
   GAP-web:   6%|▋         | 519192576/8300343137 [00:43<10:54, 11887941.77B/s]
   GAP-web:   6%|▋         | 520486912/8300343137 [00:43<10:39, 12173026.53B/s]
   GAP-web:   6%|▋         | 521715712/8300343137 [00:43<11:03, 11716052.73B/s]
   GAP-web:   6%|▋         | 523042816/8300343137 [00:43<10:42, 12110353.58B/s]
   GAP-web:   6%|▋         | 524271616/8300343137 [00:43<11:01, 11754220.11B/s]
   GAP-web:   6%|▋         | 525582336/8300343137 [00:43<10:42, 12102710.19B/s]
   GAP-web:   6%|▋         | 526811136/8300343137 [00:43<11:13, 11541205.47B/s]
   GAP-web:   6%|▋         | 528121856/8300343137 [00:43<10:51, 11929669.67B/s]
   GAP-web:   6%|▋         | 529334272/8300343137 [00:43<11:07, 11645488.55B/s]
   GAP-web:   6%|▋         | 530628608/8300343137 [00:43<10:47, 11990544.46B/s]
   GAP-web:   6%|▋         | 531857408/8300343137 [00:44<10:45, 12037366.64B/s]
   GAP-web:   6%|▋         | 533069824/8300343137 [00:44<11:08, 11613620.23B/s]
   GAP-web:   6%|▋         | 534249472/8300343137 [00:44<18:38, 6941358.06B/s] 
   GAP-web:   6%|▋         | 535183360/8300343137 [00:44<21:30, 6018374.35B/s]
   GAP-web:   6%|▋         | 535969792/8300343137 [00:44<20:37, 6275182.42B/s]
   GAP-web:   6%|▋         | 536756224/8300343137 [00:44<20:18, 6373678.97B/s]
   GAP-web:   6%|▋         | 537690112/8300343137 [00:45<18:26, 7015306.40B/s]
   GAP-web:   6%|▋         | 539000832/8300343137 [00:45<15:17, 8462817.96B/s]
   GAP-web:   7%|▋         | 539983872/8300343137 [00:45<14:41, 8807295.67B/s]
   GAP-web:   7%|▋         | 541343744/8300343137 [00:45<12:51, 10060628.33B/s]
   GAP-web:   7%|▋         | 542425088/8300343137 [00:45<12:54, 10018980.22B/s]
   GAP-web:   7%|▋         | 543784960/8300343137 [00:45<11:47, 10970072.01B/s]
   GAP-web:   7%|▋         | 544931840/8300343137 [00:45<12:03, 10714379.35B/s]
   GAP-web:   7%|▋         | 546062336/8300343137 [00:45<12:13, 10566466.20B/s]
   GAP-web:   7%|▋         | 547389440/8300343137 [00:45<11:26, 11296059.55B/s]
   GAP-web:   7%|▋         | 548552704/8300343137 [00:46<11:40, 11072859.96B/s]
   GAP-web:   7%|▋         | 549879808/8300343137 [00:46<11:02, 11693208.02B/s]
   GAP-web:   7%|▋         | 551075840/8300343137 [00:46<11:32, 11187380.11B/s]
   GAP-web:   7%|▋         | 552419328/8300343137 [00:46<10:57, 11777010.10B/s]
   GAP-web:   7%|▋         | 553615360/8300343137 [00:46<12:54, 10007294.57B/s]
   GAP-web:   7%|▋         | 554680320/8300343137 [00:46<12:58, 9949487.41B/s] 
   GAP-web:   7%|▋         | 555925504/8300343137 [00:46<12:38, 10213446.92B/s]
   GAP-web:   7%|▋         | 557268992/8300343137 [00:46<11:44, 10986837.46B/s]
   GAP-web:   7%|▋         | 558399488/8300343137 [00:46<11:56, 10806198.79B/s]
   GAP-web:   7%|▋         | 559513600/8300343137 [00:47<12:05, 10671275.34B/s]
   GAP-web:   7%|▋         | 560857088/8300343137 [00:47<11:17, 11418686.06B/s]
   GAP-web:   7%|▋         | 562020352/8300343137 [00:47<11:43, 10992313.40B/s]
   GAP-web:   7%|▋         | 563134464/8300343137 [00:47<12:13, 10547807.97B/s]
   GAP-web:   7%|▋         | 564510720/8300343137 [00:47<11:16, 11427475.78B/s]
   GAP-web:   7%|▋         | 565673984/8300343137 [00:47<11:27, 11248515.88B/s]
   GAP-web:   7%|▋         | 566820864/8300343137 [00:47<11:27, 11246066.67B/s]
   GAP-web:   7%|▋         | 568229888/8300343137 [00:47<10:41, 12052995.26B/s]
   GAP-web:   7%|▋         | 569458688/8300343137 [00:47<11:05, 11622839.88B/s]
   GAP-web:   7%|▋         | 570638336/8300343137 [00:48<11:28, 11224015.81B/s]
   GAP-web:   7%|▋         | 571998208/8300343137 [00:48<11:36, 11099637.64B/s]
   GAP-web:   7%|▋         | 573276160/8300343137 [00:48<11:08, 11552933.65B/s]
   GAP-web:   7%|▋         | 574455808/8300343137 [00:48<11:34, 11123577.41B/s]
   GAP-web:   7%|▋         | 575733760/8300343137 [00:48<11:50, 10866643.82B/s]
   GAP-web:   7%|▋         | 577093632/8300343137 [00:48<11:07, 11574092.93B/s]
   GAP-web:   7%|▋         | 578273280/8300343137 [00:48<11:33, 11139990.58B/s]
   GAP-web:   7%|▋         | 579534848/8300343137 [00:48<11:48, 10893188.83B/s]
   GAP-web:   7%|▋         | 580861952/8300343137 [00:48<11:09, 11523627.33B/s]
   GAP-web:   7%|▋         | 582041600/8300343137 [00:49<11:31, 11158574.97B/s]
   GAP-web:   7%|▋         | 583335936/8300343137 [00:49<11:46, 10916923.88B/s]
   GAP-web:   7%|▋         | 584679424/8300343137 [00:49<11:05, 11590926.38B/s]
   GAP-web:   7%|▋         | 585859072/8300343137 [00:49<11:32, 11139729.92B/s]
   GAP-web:   7%|▋         | 587104256/8300343137 [00:49<11:10, 11499352.57B/s]
   GAP-web:   7%|▋         | 588267520/8300343137 [00:49<11:38, 11034651.33B/s]
   GAP-web:   7%|▋         | 589381632/8300343137 [00:49<12:10, 10553754.11B/s]
   GAP-web:   7%|▋         | 590823424/8300343137 [00:49<11:03, 11610730.38B/s]
   GAP-web:   7%|▋         | 592003072/8300343137 [00:49<11:13, 11438287.77B/s]
   GAP-web:   7%|▋         | 593166336/8300343137 [00:50<11:26, 11224136.42B/s]
   GAP-web:   7%|▋         | 594329600/8300343137 [00:50<11:20, 11325494.93B/s]
   GAP-web:   7%|▋         | 595476480/8300343137 [00:50<11:46, 10911816.11B/s]
   GAP-web:   7%|▋         | 596754432/8300343137 [00:50<11:14, 11412950.12B/s]
   GAP-web:   7%|▋         | 597917696/8300343137 [00:50<11:54, 10774451.03B/s]
   GAP-web:   7%|▋         | 599064576/8300343137 [00:50<12:38, 10157167.33B/s]
   GAP-web:   7%|▋         | 600145920/8300343137 [00:50<12:26, 10320130.05B/s]
   GAP-web:   7%|▋         | 601194496/8300343137 [00:50<12:42, 10095363.98B/s]
   GAP-web:   7%|▋         | 602324992/8300343137 [00:50<12:20, 10399545.24B/s]
   GAP-web:   7%|▋         | 603373568/8300343137 [00:51<12:51, 9976733.85B/s] 
   GAP-web:   7%|▋         | 604471296/8300343137 [00:51<12:32, 10226553.39B/s]
   GAP-web:   7%|▋         | 605503488/8300343137 [00:51<12:42, 10086447.17B/s]
   GAP-web:   7%|▋         | 606797824/8300343137 [00:51<11:45, 10899896.33B/s]
   GAP-web:   7%|▋         | 607895552/8300343137 [00:51<11:46, 10885076.02B/s]
   GAP-web:   7%|▋         | 609058816/8300343137 [00:51<12:12, 10493188.88B/s]
   GAP-web:   7%|▋         | 610500608/8300343137 [00:51<11:03, 11586884.89B/s]
   GAP-web:   7%|▋         | 611680256/8300343137 [00:51<11:09, 11483514.95B/s]
   GAP-web:   7%|▋         | 612892672/8300343137 [00:51<11:01, 11616871.95B/s]
   GAP-web:   7%|▋         | 614072320/8300343137 [00:51<11:21, 11282974.53B/s]
   GAP-web:   7%|▋         | 615219200/8300343137 [00:52<11:29, 11141163.61B/s]
   GAP-web:   7%|▋         | 616726528/8300343137 [00:52<10:29, 12202617.74B/s]
   GAP-web:   7%|▋         | 617955328/8300343137 [00:52<10:55, 11717207.64B/s]
   GAP-web:   7%|▋         | 619167744/8300343137 [00:52<11:03, 11580540.11B/s]
   GAP-web:   7%|▋         | 620625920/8300343137 [00:52<10:19, 12396912.76B/s]
   GAP-web:   7%|▋         | 621887488/8300343137 [00:52<10:59, 11639237.38B/s]
   GAP-web:   8%|▊         | 623149056/8300343137 [00:52<10:44, 11902957.00B/s]
   GAP-web:   8%|▊         | 624361472/8300343137 [00:52<11:55, 10735567.23B/s]
   GAP-web:   8%|▊         | 625475584/8300343137 [00:52<12:21, 10347563.23B/s]
   GAP-web:   8%|▊         | 626802688/8300343137 [00:53<11:30, 11109516.22B/s]
   GAP-web:   8%|▊         | 627949568/8300343137 [00:53<12:19, 10369984.29B/s]
   GAP-web:   8%|▊         | 629260288/8300343137 [00:53<11:31, 11088695.18B/s]
   GAP-web:   8%|▊         | 630407168/8300343137 [00:53<12:15, 10427673.84B/s]
   GAP-web:   8%|▊         | 631472128/8300343137 [00:53<12:20, 10350235.36B/s]
   GAP-web:   8%|▊         | 632799232/8300343137 [00:53<11:27, 11149954.85B/s]
   GAP-web:   8%|▊         | 633946112/8300343137 [00:53<11:55, 10708253.48B/s]
   GAP-web:   8%|▊         | 635191296/8300343137 [00:53<11:25, 11180086.95B/s]
   GAP-web:   8%|▊         | 636338176/8300343137 [00:53<11:52, 10749732.78B/s]
   GAP-web:   8%|▊         | 637583360/8300343137 [00:54<11:52, 10748164.71B/s]
   GAP-web:   8%|▊         | 638943232/8300343137 [00:54<11:06, 11491521.53B/s]
   GAP-web:   8%|▊         | 640106496/8300343137 [00:54<11:32, 11066032.05B/s]
   GAP-web:   8%|▊         | 641466368/8300343137 [00:54<10:52, 11737184.39B/s]
   GAP-web:   8%|▊         | 642662400/8300343137 [00:54<11:40, 10932986.01B/s]
   GAP-web:   8%|▊         | 643776512/8300343137 [00:54<12:35, 10132383.63B/s]
   GAP-web:   8%|▊         | 644890624/8300343137 [00:54<12:16, 10389662.96B/s]
   GAP-web:   8%|▊         | 645955584/8300343137 [00:54<12:58, 9832989.64B/s] 
   GAP-web:   8%|▊         | 647266304/8300343137 [00:54<11:56, 10687713.60B/s]
   GAP-web:   8%|▊         | 648364032/8300343137 [00:55<12:15, 10399928.25B/s]
   GAP-web:   8%|▊         | 649691136/8300343137 [00:55<11:25, 11167382.19B/s]
   GAP-web:   8%|▊         | 650838016/8300343137 [00:55<11:38, 10949935.19B/s]
   GAP-web:   8%|▊         | 651952128/8300343137 [00:55<11:57, 10662973.56B/s]
   GAP-web:   8%|▊         | 653328384/8300343137 [00:55<11:04, 11513375.65B/s]
   GAP-web:   8%|▊         | 654491648/8300343137 [00:55<11:33, 11023575.85B/s]
   GAP-web:   8%|▊         | 655835136/8300343137 [00:55<10:56, 11650172.04B/s]
   GAP-web:   8%|▊         | 657014784/8300343137 [00:55<11:21, 11221727.29B/s]
   GAP-web:   8%|▊         | 658161664/8300343137 [00:55<11:41, 10898448.18B/s]
   GAP-web:   8%|▊         | 659521536/8300343137 [00:56<10:57, 11625720.55B/s]
   GAP-web:   8%|▊         | 660701184/8300343137 [00:56<11:20, 11234280.78B/s]
   GAP-web:   8%|▊         | 662044672/8300343137 [00:56<10:44, 11849441.65B/s]
   GAP-web:   8%|▊         | 663240704/8300343137 [00:56<11:24, 11163209.26B/s]
   GAP-web:   8%|▊         | 664371200/8300343137 [00:56<11:56, 10661064.88B/s]
   GAP-web:   8%|▊         | 665616384/8300343137 [00:56<11:25, 11141125.54B/s]
   
   asv: benchmark timed out (timeout 60s)
   
   For parameters: bfs_gap_inputs.GAP/GAP-kron_106818742
   INFO root: Dataset suitesparse_matrix.GAP/GAP-kron manifest metadata is stale.
   
   GAP-kron:   0%|          | 0/14570837178 [00:00<?, ?B/s]
   GAP-kron:   0%|          | 180224/14570837178 [00:00<2:29:44, 1621806.43B/s]
   GAP-kron:   0%|          | 573440/14570837178 [00:00<1:23:23, 2912232.29B/s]
   GAP-kron:   0%|          | 966656/14570837178 [00:00<1:20:23, 3020649.68B/s]
   GAP-kron:   0%|          | 1409024/14570837178 [00:00<1:09:24, 3498272.42B/s]
   GAP-kron:   0%|          | 1900544/14570837178 [00:00<1:01:47, 3929724.71B/s]
   GAP-kron:   0%|          | 2490368/14570837178 [00:00<54:39, 4442100.80B/s]  
   GAP-kron:   0%|          | 3178496/14570837178 [00:00<46:46, 5191341.10B/s]
   GAP-kron:   0%|          | 3850240/14570837178 [00:00<42:57, 5651514.03B/s]
   GAP-kron:   0%|          | 4636672/14570837178 [00:00<40:11, 6040432.93B/s]
   GAP-kron:   0%|          | 5570560/14570837178 [00:01<34:40, 7000523.97B/s]
   GAP-kron:   0%|          | 6471680/14570837178 [00:01<34:09, 7107079.13B/s]
   GAP-kron:   0%|          | 7389184/14570837178 [00:01<31:37, 7675448.45B/s]
   GAP-kron:   0%|          | 8339456/14570837178 [00:01<29:36, 8197354.34B/s]
   GAP-kron:   0%|          | 9420800/14570837178 [00:01<27:25, 8849636.96B/s]
   GAP-kron:   0%|          | 10633216/14570837178 [00:01<24:56, 9732260.06B/s]
   GAP-kron:   0%|          | 11862016/14570837178 [00:01<23:12, 10456450.79B/s]
   GAP-kron:   0%|          | 12926976/14570837178 [00:01<23:05, 10507100.82B/s]
   GAP-kron:   0%|          | 14368768/14570837178 [00:01<20:49, 11653575.67B/s]
   GAP-kron:   0%|          | 15548416/14570837178 [00:02<20:56, 11581341.86B/s]
   GAP-kron:   0%|          | 17039360/14570837178 [00:02<19:21, 12534678.67B/s]
   GAP-kron:   0%|          | 18300928/14570837178 [00:02<19:26, 12472915.21B/s]
   GAP-kron:   0%|          | 19709952/14570837178 [00:02<18:44, 12934353.02B/s]
   GAP-kron:   0%|          | 21217280/14570837178 [00:02<17:53, 13552094.05B/s]
   GAP-kron:   0%|          | 22724608/14570837178 [00:02<17:20, 13985306.27B/s]
   GAP-kron:   0%|          | 24199168/14570837178 [00:02<17:04, 14192595.42B/s]
   GAP-kron:   0%|          | 25722880/14570837178 [00:02<16:44, 14473987.07B/s]
   GAP-kron:   0%|          | 27213824/14570837178 [00:02<16:36, 14591667.36B/s]
   GAP-kron:   0%|          | 28786688/14570837178 [00:02<16:14, 14929580.91B/s]
   GAP-kron:   0%|          | 30326784/14570837178 [00:03<16:05, 15057019.16B/s]
   GAP-kron:   0%|          | 31916032/14570837178 [00:03<15:50, 15297321.73B/s]
   GAP-kron:   0%|          | 33505280/14570837178 [00:03<15:40, 15461894.82B/s]
   GAP-kron:   0%|          | 35110912/14570837178 [00:03<15:30, 15625543.54B/s]
   GAP-kron:   0%|          | 36716544/14570837178 [00:03<15:24, 15722478.59B/s]
   GAP-kron:   0%|          | 38289408/14570837178 [00:03<15:27, 15676858.47B/s]
   GAP-kron:   0%|          | 39927808/14570837178 [00:03<15:14, 15882365.12B/s]
   GAP-kron:   0%|          | 41615360/14570837178 [00:03<14:59, 16145587.23B/s]
   GAP-kron:   0%|          | 43253760/14570837178 [00:03<14:55, 16214747.65B/s]
   GAP-kron:   0%|          | 44924928/14570837178 [00:03<14:49, 16338478.46B/s]
   GAP-kron:   0%|          | 46579712/14570837178 [00:04<14:46, 16376510.70B/s]
   GAP-kron:   0%|          | 48267264/14570837178 [00:04<14:40, 16487908.20B/s]
   GAP-kron:   0%|          | 49954816/14570837178 [00:04<14:34, 16595573.38B/s]
   GAP-kron:   0%|          | 51675136/14570837178 [00:04<14:26, 16747295.95B/s]
   GAP-kron:   0%|          | 53411840/14570837178 [00:04<14:18, 16914923.98B/s]
   GAP-kron:   0%|          | 55181312/14570837178 [00:04<14:07, 17134170.70B/s]
   GAP-kron:   0%|          | 56901632/14570837178 [00:04<14:06, 17148699.56B/s]
   GAP-kron:   0%|          | 58621952/14570837178 [00:04<14:12, 17016066.27B/s]
   GAP-kron:   0%|          | 60325888/14570837178 [00:04<14:15, 16967375.76B/s]
   GAP-kron:   0%|          | 62078976/14570837178 [00:04<14:09, 17087780.82B/s]
   GAP-kron:   0%|          | 63848448/14570837178 [00:05<14:01, 17235573.72B/s]
   GAP-kron:   0%|          | 65617920/14570837178 [00:05<13:55, 17352348.21B/s]
   GAP-kron:   0%|          | 67354624/14570837178 [00:05<14:09, 17081157.26B/s]
   GAP-kron:   0%|          | 69074944/14570837178 [00:05<14:14, 16978052.38B/s]
   GAP-kron:   0%|          | 70778880/14570837178 [00:05<14:16, 16932356.50B/s]
   GAP-kron:   0%|          | 72482816/14570837178 [00:05<14:22, 16812465.26B/s]
   GAP-kron:   1%|          | 74186752/14570837178 [00:05<14:20, 16848332.11B/s]
   GAP-kron:   1%|          | 75907072/14570837178 [00:05<14:15, 16946493.36B/s]
   GAP-kron:   1%|          | 77611008/14570837178 [00:05<14:17, 16906381.12B/s]
   GAP-kron:   1%|          | 79314944/14570837178 [00:05<14:19, 16852684.05B/s]
   GAP-kron:   1%|          | 81035264/14570837178 [00:06<14:15, 16933374.78B/s]
   GAP-kron:   1%|          | 82739200/14570837178 [00:06<14:15, 16926418.47B/s]
   GAP-kron:   1%|          | 84443136/14570837178 [00:06<14:14, 16952727.08B/s]
   GAP-kron:   1%|          | 86147072/14570837178 [00:06<14:16, 16911943.25B/s]
   GAP-kron:   1%|          | 87851008/14570837178 [00:06<14:17, 16892355.50B/s]
   GAP-kron:   1%|          | 89554944/14570837178 [00:06<14:15, 16935167.72B/s]
   GAP-kron:   1%|          | 91275264/14570837178 [00:06<14:13, 16972748.63B/s]
   GAP-kron:   1%|          | 93028352/14570837178 [00:06<14:05, 17132860.89B/s]
   GAP-kron:   1%|          | 94748672/14570837178 [00:06<14:05, 17116824.28B/s]
   GAP-kron:   1%|          | 96485376/14570837178 [00:06<14:10, 17010130.29B/s]
   GAP-kron:   1%|          | 98320384/14570837178 [00:07<13:52, 17376313.91B/s]
   GAP-kron:   1%|          | 100073472/14570837178 [00:07<13:54, 17338009.59B/s]
   GAP-kron:   1%|          | 101859328/14570837178 [00:07<13:48, 17472238.09B/s]
   GAP-kron:   1%|          | 103612416/14570837178 [00:07<13:48, 17461588.89B/s]
   GAP-kron:   1%|          | 105398272/14570837178 [00:07<13:44, 17548652.02B/s]
   GAP-kron:   1%|          | 107200512/14570837178 [00:07<13:38, 17664058.50B/s]
   GAP-kron:   1%|          | 108969984/14570837178 [00:07<13:45, 17514614.08B/s]
   GAP-kron:   1%|          | 110723072/14570837178 [00:07<13:59, 17216572.30B/s]
   GAP-kron:   1%|          | 112459776/14570837178 [00:07<14:06, 17070282.19B/s]
   GAP-kron:   1%|          | 114180096/14570837178 [00:07<14:09, 17020227.97B/s]
   GAP-kron:   1%|          | 115933184/14570837178 [00:08<14:03, 17140576.92B/s]
   GAP-kron:   1%|          | 117669888/14570837178 [00:08<14:01, 17175922.46B/s]
   GAP-kron:   1%|          | 119406592/14570837178 [00:08<14:00, 17203599.87B/s]
   GAP-kron:   1%|          | 121143296/14570837178 [00:08<13:58, 17229599.78B/s]
   GAP-kron:   1%|          | 122912768/14570837178 [00:08<13:53, 17340334.30B/s]
   GAP-kron:   1%|          | 124698624/14570837178 [00:08<13:46, 17478066.42B/s]
   GAP-kron:   1%|          | 126451712/14570837178 [00:08<13:51, 17373989.32B/s]
   GAP-kron:   1%|          | 128204800/14570837178 [00:08<13:52, 17342961.89B/s]
   GAP-kron:   1%|          | 129941504/14570837178 [00:08<14:02, 17139493.61B/s]
   GAP-kron:   1%|          | 131694592/14570837178 [00:08<13:58, 17210220.78B/s]
   GAP-kron:   1%|          | 133431296/14570837178 [00:09<14:02, 17128672.22B/s]
   GAP-kron:   1%|          | 135184384/14570837178 [00:09<13:57, 17234561.35B/s]
   GAP-kron:   1%|          | 136970240/14570837178 [00:09<13:50, 17372051.30B/s]
   GAP-kron:   1%|          | 138723328/14570837178 [00:09<13:51, 17354205.18B/s]
   GAP-kron:   1%|          | 140509184/14570837178 [00:09<13:46, 17458197.44B/s]
   GAP-kron:   1%|          | 142262272/14570837178 [00:09<13:53, 17318874.55B/s]
   GAP-kron:   1%|          | 144064512/14570837178 [00:09<13:44, 17497392.34B/s]
   GAP-kron:   1%|          | 145850368/14570837178 [00:09<13:41, 17566508.10B/s]
   GAP-kron:   1%|          | 147619840/14570837178 [00:09<13:40, 17571963.76B/s]
   GAP-kron:   1%|          | 149389312/14570837178 [00:09<13:40, 17566368.13B/s]
   GAP-kron:   1%|          | 151158784/14570837178 [00:10<13:44, 17494052.47B/s]
   GAP-kron:   1%|          | 152928256/14570837178 [00:10<13:43, 17505546.08B/s]
   GAP-kron:   1%|          | 154681344/14570837178 [00:10<13:46, 17447594.28B/s]
   GAP-kron:   1%|          | 156434432/14570837178 [00:10<13:45, 17455401.58B/s]
   GAP-kron:   1%|          | 158220288/14570837178 [00:10<13:40, 17569202.44B/s]
   GAP-kron:   1%|          | 159989760/14570837178 [00:10<13:47, 17419545.96B/s]
   GAP-kron:   1%|          | 161742848/14570837178 [00:10<13:50, 17340226.34B/s]
   GAP-kron:   1%|          | 163479552/14570837178 [00:10<14:02, 17110179.22B/s]
   GAP-kron:   1%|          | 165232640/14570837178 [00:10<13:56, 17227223.79B/s]
   GAP-kron:   1%|          | 167002112/14570837178 [00:11<13:49, 17359768.10B/s]
   GAP-kron:   1%|          | 168738816/14570837178 [00:11<13:52, 17304064.04B/s]
   GAP-kron:   1%|          | 170475520/14570837178 [00:11<13:54, 17249475.63B/s]
   GAP-kron:   1%|          | 172212224/14570837178 [00:11<13:59, 17150717.50B/s]
   GAP-kron:   1%|          | 173932544/14570837178 [00:11<14:00, 17137840.28B/s]
   GAP-kron:   1%|          | 175652864/14570837178 [00:11<14:00, 17133075.50B/s]
   GAP-kron:   1%|          | 177389568/14570837178 [00:11<13:58, 17166556.84B/s]
   GAP-kron:   1%|          | 179109888/14570837178 [00:11<13:59, 17147246.70B/s]
   GAP-kron:   1%|          | 180830208/14570837178 [00:11<14:02, 17083388.24B/s]
   GAP-kron:   1%|▏         | 182599680/14570837178 [00:11<13:54, 17240473.43B/s]
   GAP-kron:   1%|▏         | 184352768/14570837178 [00:12<13:51, 17299191.60B/s]
   GAP-kron:   1%|▏         | 186089472/14570837178 [00:12<13:58, 17158069.08B/s]
   GAP-kron:   1%|▏         | 187809792/14570837178 [00:12<14:04, 17037240.67B/s]
   GAP-kron:   1%|▏         | 189579264/14570837178 [00:12<13:55, 17203036.45B/s]
   GAP-kron:   1%|▏         | 191315968/14570837178 [00:12<13:53, 17249691.83B/s]
   GAP-kron:   1%|▏         | 193069056/14570837178 [00:12<13:51, 17300165.83B/s]
   GAP-kron:   1%|▏         | 194887680/14570837178 [00:12<13:38, 17555011.64B/s]
   GAP-kron:   1%|▏         | 196689920/14570837178 [00:12<13:33, 17674487.03B/s]
   GAP-kron:   1%|▏         | 198459392/14570837178 [00:12<13:35, 17633475.85B/s]
   GAP-kron:   1%|▏         | 200228864/14570837178 [00:12<13:37, 17578055.07B/s]
   GAP-kron:   1%|▏         | 201998336/14570837178 [00:13<13:45, 17412275.01B/s]
   GAP-kron:   1%|▏         | 203784192/14570837178 [00:13<13:40, 17507899.23B/s]
   GAP-kron:   1%|▏         | 205537280/14570837178 [00:13<13:46, 17386610.44B/s]
   GAP-kron:   1%|▏         | 207290368/14570837178 [00:13<13:52, 17259373.41B/s]
   GAP-kron:   1%|▏         | 209027072/14570837178 [00:13<14:19, 16715343.98B/s]
   GAP-kron:   1%|▏         | 210796544/14570837178 [00:13<14:07, 16951175.94B/s]
   GAP-kron:   1%|▏         | 212598784/14570837178 [00:13<13:52, 17244957.48B/s]
   GAP-kron:   1%|▏         | 214401024/14570837178 [00:13<13:41, 17470499.64B/s]
   GAP-kron:   1%|▏         | 216154112/14570837178 [00:13<13:47, 17344667.45B/s]
   GAP-kron:   1%|▏         | 217890816/14570837178 [00:13<14:08, 16919313.68B/s]
   GAP-kron:   2%|▏         | 219594752/14570837178 [00:14<14:17, 16737994.11B/s]
   GAP-kron:   2%|▏         | 221282304/14570837178 [00:14<14:26, 16564685.71B/s]
   GAP-kron:   2%|▏         | 222953472/14570837178 [00:14<14:26, 16551908.04B/s]
   GAP-kron:   2%|▏         | 224673792/14570837178 [00:14<14:19, 16699734.78B/s]
   GAP-kron:   2%|▏         | 226344960/14570837178 [00:14<14:19, 16680434.43B/s]
   GAP-kron:   2%|▏         | 228016128/14570837178 [00:14<14:23, 16606217.28B/s]
   GAP-kron:   2%|▏         | 229687296/14570837178 [00:14<14:26, 16555754.05B/s]
   GAP-kron:   2%|▏         | 231374848/14570837178 [00:14<14:23, 16615336.42B/s]
   GAP-kron:   2%|▏         | 233127936/14570837178 [00:14<14:09, 16887029.48B/s]
   GAP-kron:   2%|▏         | 234864640/14570837178 [00:14<14:03, 16992649.89B/s]
   GAP-kron:   2%|▏         | 236601344/14570837178 [00:15<13:58, 17102224.00B/s]
   GAP-kron:   2%|▏         | 238321664/14570837178 [00:15<14:10, 16853268.79B/s]
   GAP-kron:   2%|▏         | 240009216/14570837178 [00:15<14:13, 16789181.06B/s]
   GAP-kron:   2%|▏         | 241696768/14570837178 [00:15<14:35, 16371185.81B/s]
   GAP-kron:   2%|▏         | 243351552/14570837178 [00:15<14:51, 16062493.63B/s]
   GAP-kron:   2%|▏         | 244973568/14570837178 [00:15<14:56, 15977542.73B/s]
   GAP-kron:   2%|▏         | 246579200/14570837178 [00:15<14:56, 15977646.77B/s]
   GAP-kron:   2%|▏         | 248266752/14570837178 [00:15<14:42, 16226353.02B/s]
   GAP-kron:   2%|▏         | 249921536/14570837178 [00:15<14:38, 16300739.03B/s]
   GAP-kron:   2%|▏         | 251658240/14570837178 [00:16<14:23, 16585111.76B/s]
   GAP-kron:   2%|▏         | 253329408/14570837178 [00:16<14:46, 16142286.47B/s]
   GAP-kron:   2%|▏         | 254967808/14570837178 [00:16<14:43, 16195829.01B/s]
   GAP-kron:   2%|▏         | 256688128/14570837178 [00:16<14:28, 16474272.43B/s]
   GAP-kron:   2%|▏         | 258375680/14570837178 [00:16<14:24, 16555777.05B/s]
   GAP-kron:   2%|▏         | 260046848/14570837178 [00:16<14:40, 16261195.06B/s]
   GAP-kron:   2%|▏         | 261750784/14570837178 [00:16<14:29, 16452764.59B/s]
   GAP-kron:   2%|▏         | 263487488/14570837178 [00:16<14:17, 16694147.52B/s]
   GAP-kron:   2%|▏         | 265175040/14570837178 [00:16<14:15, 16727325.61B/s]
   GAP-kron:   2%|▏         | 266878976/14570837178 [00:16<14:11, 16790446.51B/s]
   GAP-kron:   2%|▏         | 268566528/14570837178 [00:17<14:24, 16538898.47B/s]
   GAP-kron:   2%|▏         | 270254080/14570837178 [00:17<14:19, 16629367.53B/s]
   GAP-kron:   2%|▏         | 271958016/14570837178 [00:17<14:15, 16711969.53B/s]
   GAP-kron:   2%|▏         | 273645568/14570837178 [00:17<14:13, 16754783.34B/s]
   GAP-kron:   2%|▏         | 275398656/14570837178 [00:17<14:02, 16965006.96B/s]
   GAP-kron:   2%|▏         | 277102592/14570837178 [00:17<14:04, 16928086.63B/s]
   GAP-kron:   2%|▏         | 278872064/14570837178 [00:17<13:54, 17125120.40B/s]
   GAP-kron:   2%|▏         | 280592384/14570837178 [00:17<14:00, 17009307.40B/s]
   GAP-kron:   2%|▏         | 282296320/14570837178 [00:17<14:00, 16993760.68B/s]
   GAP-kron:   2%|▏         | 284033024/14570837178 [00:17<13:57, 17063932.90B/s]
   GAP-kron:   2%|▏         | 285753344/14570837178 [00:18<13:57, 17060326.59B/s]
   GAP-kron:   2%|▏         | 287473664/14570837178 [00:18<13:55, 17101766.62B/s]
   GAP-kron:   2%|▏         | 289193984/14570837178 [00:18<13:56, 17070464.72B/s]
   GAP-kron:   2%|▏         | 290930688/14570837178 [00:18<13:54, 17114801.29B/s]
   GAP-kron:   2%|▏         | 292651008/14570837178 [00:18<13:53, 17137621.68B/s]
   GAP-kron:   2%|▏         | 294387712/14570837178 [00:18<13:50, 17187634.32B/s]
   GAP-kron:   2%|▏         | 296124416/14570837178 [00:18<13:50, 17194357.24B/s]
   GAP-kron:   2%|▏         | 297877504/14570837178 [00:18<13:47, 17256500.21B/s]
   GAP-kron:   2%|▏         | 299630592/14570837178 [00:18<13:45, 17297252.96B/s]
   GAP-kron:   2%|▏         | 301367296/14570837178 [00:18<13:54, 17096797.35B/s]
   GAP-kron:   2%|▏         | 303087616/14570837178 [00:19<14:01, 16947399.72B/s]
   GAP-kron:   2%|▏         | 304840704/14570837178 [00:19<13:54, 17102835.17B/s]
   GAP-kron:   2%|▏         | 306561024/14570837178 [00:19<13:55, 17076884.09B/s]
   GAP-kron:   2%|▏         | 308281344/14570837178 [00:19<13:54, 17092546.96B/s]
   GAP-kron:   2%|▏         | 310050816/14570837178 [00:19<13:46, 17256763.92B/s]
   GAP-kron:   2%|▏         | 311803904/14570837178 [00:19<13:42, 17338295.94B/s]
   GAP-kron:   2%|▏         | 313540608/14570837178 [00:19<13:56, 17053572.68B/s]
   GAP-kron:   2%|▏         | 315260928/14570837178 [00:19<14:17, 16619040.51B/s]
   GAP-kron:   2%|▏         | 316932096/14570837178 [00:19<14:17, 16623569.60B/s]
   GAP-kron:   2%|▏         | 318636032/14570837178 [00:19<14:12, 16714006.85B/s]
   GAP-kron:   2%|▏         | 320372736/14570837178 [00:20<14:04, 16873263.14B/s]
   GAP-kron:   2%|▏         | 322125824/14570837178 [00:20<13:56, 17029127.13B/s]
   GAP-kron:   2%|▏         | 323846144/14570837178 [00:20<13:56, 17035408.93B/s]
   GAP-kron:   2%|▏         | 325599232/14570837178 [00:20<13:49, 17172209.72B/s]
   GAP-kron:   2%|▏         | 327352320/14570837178 [00:20<13:46, 17242693.20B/s]
   GAP-kron:   2%|▏         | 329138176/14570837178 [00:20<13:38, 17393026.82B/s]
   GAP-kron:   2%|▏         | 330907648/14570837178 [00:20<13:36, 17435080.34B/s]
   GAP-kron:   2%|▏         | 332693504/14570837178 [00:20<13:32, 17533876.34B/s]
   GAP-kron:   2%|▏         | 334462976/14570837178 [00:20<13:38, 17385655.81B/s]
   GAP-kron:   2%|▏         | 336216064/14570837178 [00:20<13:37, 17408662.94B/s]
   GAP-kron:   2%|▏         | 337985536/14570837178 [00:21<13:33, 17490310.13B/s]
   GAP-kron:   2%|▏         | 339738624/14570837178 [00:21<13:36, 17430140.81B/s]
   GAP-kron:   2%|▏         | 341491712/14570837178 [00:21<13:36, 17435349.99B/s]
   GAP-kron:   2%|▏         | 343244800/14570837178 [00:21<14:03, 16860314.57B/s]
   GAP-kron:   2%|▏         | 344948736/14570837178 [00:21<14:03, 16855895.63B/s]
   GAP-kron:   2%|▏         | 346652672/14570837178 [00:21<14:11, 16708665.51B/s]
   GAP-kron:   2%|▏         | 348405760/14570837178 [00:21<14:01, 16907086.81B/s]
   GAP-kron:   2%|▏         | 350109696/14570837178 [00:21<13:59, 16945076.60B/s]
   GAP-kron:   2%|▏         | 351813632/14570837178 [00:21<14:02, 16880078.43B/s]
   GAP-kron:   2%|▏         | 353533952/14570837178 [00:22<13:58, 16947060.58B/s]
   GAP-kron:   2%|▏         | 355237888/14570837178 [00:22<14:08, 16757198.95B/s]
   GAP-kron:   2%|▏         | 356925440/14570837178 [00:22<14:14, 16632157.88B/s]
   GAP-kron:   2%|▏         | 358629376/14570837178 [00:22<14:09, 16729320.17B/s]
   GAP-kron:   2%|▏         | 360366080/14570837178 [00:22<14:01, 16893557.11B/s]
   GAP-kron:   2%|▏         | 362102784/14570837178 [00:22<13:54, 17020319.44B/s]
   GAP-kron:   2%|▏         | 363806720/14570837178 [00:22<14:04, 16828878.30B/s]
   GAP-kron:   3%|▎         | 365494272/14570837178 [00:22<14:23, 16449583.64B/s]
   GAP-kron:   3%|▎         | 367149056/14570837178 [00:22<14:31, 16296200.35B/s]
   GAP-kron:   3%|▎         | 368869376/14570837178 [00:22<14:18, 16543185.91B/s]
   GAP-kron:   3%|▎         | 370540544/14570837178 [00:23<14:19, 16521625.23B/s]
   GAP-kron:   3%|▎         | 372211712/14570837178 [00:23<14:16, 16577347.31B/s]
   GAP-kron:   3%|▎         | 373882880/14570837178 [00:23<14:15, 16587246.76B/s]
   GAP-kron:   3%|▎         | 375554048/14570837178 [00:23<14:17, 16557291.03B/s]
   GAP-kron:   3%|▎         | 377225216/14570837178 [00:23<14:35, 16218449.57B/s]
   GAP-kron:   3%|▎         | 378912768/14570837178 [00:23<14:27, 16357939.84B/s]
   GAP-kron:   3%|▎         | 380600320/14570837178 [00:23<14:21, 16471704.38B/s]
   GAP-kron:   3%|▎         | 382369792/14570837178 [00:23<14:05, 16784944.18B/s]
   GAP-kron:   3%|▎         | 384057344/14570837178 [00:23<14:05, 16783129.98B/s]
   GAP-kron:   3%|▎         | 385744896/14570837178 [00:23<14:05, 16785317.86B/s]
   GAP-kron:   3%|▎         | 387481600/14570837178 [00:24<13:56, 16949557.58B/s]
   GAP-kron:   3%|▎         | 389201920/14570837178 [00:24<13:53, 17017146.32B/s]
   GAP-kron:   3%|▎         | 390955008/14570837178 [00:24<13:46, 17164164.10B/s]
   GAP-kron:   3%|▎         | 392691712/14570837178 [00:24<13:44, 17204675.14B/s]
   GAP-kron:   3%|▎         | 394444800/14570837178 [00:24<13:39, 17288324.46B/s]
   GAP-kron:   3%|▎         | 396181504/14570837178 [00:24<13:40, 17275430.25B/s]
   GAP-kron:   3%|▎         | 397967360/14570837178 [00:24<13:34, 17395562.06B/s]
   GAP-kron:   3%|▎         | 399720448/14570837178 [00:24<13:38, 17318271.99B/s]
   GAP-kron:   3%|▎         | 401457152/14570837178 [00:24<13:48, 17112223.46B/s]
   GAP-kron:   3%|▎         | 403193856/14570837178 [00:24<13:46, 17142602.41B/s]
   GAP-kron:   3%|▎         | 404914176/14570837178 [00:25<13:57, 16918841.19B/s]
   GAP-kron:   3%|▎         | 406650880/14570837178 [00:25<13:52, 17014086.20B/s]
   GAP-kron:   3%|▎         | 408371200/14570837178 [00:25<13:51, 17029144.30B/s]
   GAP-kron:   3%|▎         | 410124288/14570837178 [00:25<13:45, 17160904.19B/s]
   GAP-kron:   3%|▎         | 411860992/14570837178 [00:25<13:44, 17179585.99B/s]
   GAP-kron:   3%|▎         | 413614080/14570837178 [00:25<13:40, 17252075.99B/s]
   GAP-kron:   3%|▎         | 415350784/14570837178 [00:25<13:43, 17195191.54B/s]
   GAP-kron:   3%|▎         | 417087488/14570837178 [00:25<13:41, 17237497.30B/s]
   GAP-kron:   3%|▎         | 418824192/14570837178 [00:25<13:41, 17218626.35B/s]
   GAP-kron:   3%|▎         | 420577280/14570837178 [00:25<13:39, 17263070.89B/s]
   GAP-kron:   3%|▎         | 422363136/14570837178 [00:26<13:33, 17397904.24B/s]
   GAP-kron:   3%|▎         | 424132608/14570837178 [00:26<13:29, 17467910.69B/s]
   GAP-kron:   3%|▎         | 425885696/14570837178 [00:26<13:32, 17408611.34B/s]
   GAP-kron:   3%|▎         | 427671552/14570837178 [00:26<13:26, 17538833.54B/s]
   GAP-kron:   3%|▎         | 429441024/14570837178 [00:26<13:31, 17416442.76B/s]
   GAP-kron:   3%|▎         | 431194112/14570837178 [00:26<13:31, 17426457.64B/s]
   GAP-kron:   3%|▎         | 432947200/14570837178 [00:26<13:43, 17174391.53B/s]
   GAP-kron:   3%|▎         | 434667520/14570837178 [00:26<13:44, 17138273.50B/s]
   GAP-kron:   3%|▎         | 436387840/14570837178 [00:26<13:46, 17098040.62B/s]
   GAP-kron:   3%|▎         | 438108160/14570837178 [00:26<14:01, 16793054.21B/s]
   GAP-kron:   3%|▎         | 439795712/14570837178 [00:27<14:03, 16744808.79B/s]
   GAP-kron:   3%|▎         | 441532416/14570837178 [00:27<13:55, 16918080.18B/s]
   GAP-kron:   3%|▎         | 443301888/14570837178 [00:27<13:45, 17121088.56B/s]
   GAP-kron:   3%|▎         | 445054976/14570837178 [00:27<13:41, 17200136.08B/s]
   GAP-kron:   3%|▎         | 446824448/14570837178 [00:27<13:36, 17292826.60B/s]
   GAP-kron:   3%|▎         | 448561152/14570837178 [00:27<13:39, 17235865.86B/s]
   GAP-kron:   3%|▎         | 450379776/14570837178 [00:27<13:28, 17475424.89B/s]
   GAP-kron:   3%|▎         | 452132864/14570837178 [00:27<13:29, 17447113.46B/s]
   GAP-kron:   3%|▎         | 453885952/14570837178 [00:27<13:40, 17208349.72B/s]
   GAP-kron:   3%|▎         | 455639040/14570837178 [00:28<13:37, 17267114.77B/s]
   GAP-kron:   3%|▎         | 457375744/14570837178 [00:28<13:52, 16955744.03B/s]
   GAP-kron:   3%|▎         | 459079680/14570837178 [00:28<13:59, 16817060.91B/s]
   GAP-kron:   3%|▎         | 460767232/14570837178 [00:28<14:01, 16769999.44B/s]
   GAP-kron:   3%|▎         | 462471168/14570837178 [00:28<13:58, 16819425.86B/s]
   GAP-kron:   3%|▎         | 464207872/14570837178 [00:28<13:51, 16971248.13B/s]
   GAP-kron:   3%|▎         | 465911808/14570837178 [00:28<13:54, 16895237.65B/s]
   GAP-kron:   3%|▎         | 467632128/14570837178 [00:28<13:51, 16960977.44B/s]
   GAP-kron:   3%|▎         | 469368832/14570837178 [00:28<13:47, 17048291.45B/s]
   GAP-kron:   3%|▎         | 471105536/14570837178 [00:28<13:43, 17121251.60B/s]
   GAP-kron:   3%|▎         | 472825856/14570837178 [00:29<13:49, 16998936.52B/s]
   GAP-kron:   3%|▎         | 474562560/14570837178 [00:29<13:45, 17080296.67B/s]
   GAP-kron:   3%|▎         | 476299264/14570837178 [00:29<13:42, 17137218.76B/s]
   GAP-kron:   3%|▎         | 478052352/14570837178 [00:29<13:37, 17230770.55B/s]
   GAP-kron:   3%|▎         | 479789056/14570837178 [00:29<13:37, 17233062.13B/s]
   GAP-kron:   3%|▎         | 481525760/14570837178 [00:29<13:40, 17174633.74B/s]
   GAP-kron:   3%|▎         | 483295232/14570837178 [00:29<13:35, 17275301.28B/s]
   GAP-kron:   3%|▎         | 485064704/14570837178 [00:29<13:29, 17389945.98B/s]
   GAP-kron:   3%|▎         | 486817792/14570837178 [00:29<13:34, 17287705.40B/s]
   GAP-kron:   3%|▎         | 488554496/14570837178 [00:29<14:01, 16726400.06B/s]
   GAP-kron:   3%|▎         | 490274816/14570837178 [00:30<13:55, 16851762.61B/s]
   GAP-kron:   3%|▎         | 492044288/14570837178 [00:30<13:44, 17067047.29B/s]
   GAP-kron:   3%|▎         | 493764608/14570837178 [00:30<13:43, 17093394.69B/s]
   GAP-kron:   3%|▎         | 495501312/14570837178 [00:30<13:39, 17170427.10B/s]
   GAP-kron:   3%|▎         | 497221632/14570837178 [00:30<13:54, 16862537.26B/s]
   GAP-kron:   3%|▎         | 498925568/14570837178 [00:30<14:04, 16654989.89B/s]
   GAP-kron:   3%|▎         | 500613120/14570837178 [00:30<14:03, 16683721.02B/s]
   GAP-kron:   3%|▎         | 502366208/14570837178 [00:30<13:52, 16889116.64B/s]
   GAP-kron:   3%|▎         | 504070144/14570837178 [00:30<14:03, 16681938.07B/s]
   GAP-kron:   3%|▎         | 505839616/14570837178 [00:30<13:49, 16947500.75B/s]
   GAP-kron:   3%|▎         | 507592704/14570837178 [00:31<13:42, 17100186.07B/s]
   GAP-kron:   3%|▎         | 509345792/14570837178 [00:31<13:36, 17226503.59B/s]
   GAP-kron:   4%|▎         | 511082496/14570837178 [00:31<13:40, 17139675.63B/s]
   GAP-kron:   4%|▎         | 512819200/14570837178 [00:31<13:37, 17192742.00B/s]
   GAP-kron:   4%|▎         | 514588672/14570837178 [00:31<13:31, 17314354.28B/s]
   GAP-kron:   4%|▎         | 516341760/14570837178 [00:31<13:30, 17339636.54B/s]
   GAP-kron:   4%|▎         | 518078464/14570837178 [00:31<13:30, 17327812.49B/s]
   GAP-kron:   4%|▎         | 519847936/14570837178 [00:31<13:27, 17404301.23B/s]
   GAP-kron:   4%|▎         | 521601024/14570837178 [00:31<13:32, 17283159.28B/s]
   GAP-kron:   4%|▎         | 523370496/14570837178 [00:31<13:27, 17391487.27B/s]
   GAP-kron:   4%|▎         | 525123584/14570837178 [00:32<13:27, 17384323.88B/s]
   GAP-kron:   4%|▎         | 526876672/14570837178 [00:32<13:32, 17292941.77B/s]
   GAP-kron:   4%|▎         | 528613376/14570837178 [00:32<13:33, 17263138.80B/s]
   GAP-kron:   4%|▎         | 530415616/14570837178 [00:32<13:23, 17476719.38B/s]
   GAP-kron:   4%|▎         | 532185088/14570837178 [00:32<13:20, 17534436.46B/s]
   GAP-kron:   4%|▎         | 533954560/14570837178 [00:32<13:19, 17547727.02B/s]
   GAP-kron:   4%|▎         | 535724032/14570837178 [00:32<13:19, 17552896.20B/s]
   GAP-kron:   4%|▎         | 537493504/14570837178 [00:32<13:22, 17486289.34B/s]
   GAP-kron:   4%|▎         | 539246592/14570837178 [00:32<13:30, 17320710.21B/s]
   GAP-kron:   4%|▎         | 541032448/14570837178 [00:32<13:24, 17439147.13B/s]
   GAP-kron:   4%|▎         | 542785536/14570837178 [00:33<13:23, 17459869.62B/s]
   GAP-kron:   4%|▎         | 544555008/14570837178 [00:33<13:21, 17490052.35B/s]
   GAP-kron:   4%|▎         | 546308096/14570837178 [00:33<13:23, 17449372.98B/s]
   GAP-kron:   4%|▍         | 548061184/14570837178 [00:33<13:37, 17144361.02B/s]
   GAP-kron:   4%|▍         | 549781504/14570837178 [00:33<13:39, 17106375.07B/s]
   GAP-kron:   4%|▍         | 551567360/14570837178 [00:33<13:31, 17269894.59B/s]
   GAP-kron:   4%|▍         | 553369600/14570837178 [00:33<13:22, 17458887.93B/s]
   GAP-kron:   4%|▍         | 555122688/14570837178 [00:33<13:26, 17380154.20B/s]
   GAP-kron:   4%|▍         | 556875776/14570837178 [00:33<13:47, 16933843.96B/s]
   GAP-kron:   4%|▍         | 558579712/14570837178 [00:34<13:53, 16807873.02B/s]
   GAP-kron:   4%|▍         | 560283648/14570837178 [00:34<13:51, 16846752.19B/s]
   GAP-kron:   4%|▍         | 561971200/14570837178 [00:34<14:07, 16535488.51B/s]
   GAP-kron:   4%|▍         | 563658752/14570837178 [00:34<14:02, 16624555.87B/s]
   GAP-kron:   4%|▍         | 565395456/14570837178 [00:34<13:52, 16819988.77B/s]
   GAP-kron:   4%|▍         | 567099392/14570837178 [00:34<13:51, 16847616.06B/s]
   GAP-kron:   4%|▍         | 568786944/14570837178 [00:34<14:07, 16527150.14B/s]
   GAP-kron:   4%|▍         | 570441728/14570837178 [00:34<14:08, 16490946.09B/s]
   GAP-kron:   4%|▍         | 572129280/14570837178 [00:34<14:04, 16576076.12B/s]
   GAP-kron:   4%|▍         | 573865984/14570837178 [00:34<13:54, 16781924.39B/s]
   GAP-kron:   4%|▍         | 575586304/14570837178 [00:35<13:50, 16855434.92B/s]
   GAP-kron:   4%|▍         | 577339392/14570837178 [00:35<13:41, 17027745.62B/s]
   GAP-kron:   4%|▍         | 579059712/14570837178 [00:35<13:41, 17033592.92B/s]
   GAP-kron:   4%|▍         | 580763648/14570837178 [00:35<14:07, 16514916.20B/s]
   GAP-kron:   4%|▍         | 582451200/14570837178 [00:35<14:02, 16606593.84B/s]
   GAP-kron:   4%|▍         | 584220672/14570837178 [00:35<13:48, 16885744.76B/s]
   GAP-kron:   4%|▍         | 585973760/14570837178 [00:35<13:39, 17071750.06B/s]
   GAP-kron:   4%|▍         | 587710464/14570837178 [00:35<13:35, 17137111.55B/s]
   GAP-kron:   4%|▍         | 589447168/14570837178 [00:35<13:33, 17185064.98B/s]
   GAP-kron:   4%|▍         | 591216640/14570837178 [00:35<13:27, 17311398.92B/s]
   GAP-kron:   4%|▍         | 593002496/14570837178 [00:36<13:21, 17443941.80B/s]
   GAP-kron:   4%|▍         | 594821120/14570837178 [00:36<13:12, 17638043.84B/s]
   GAP-kron:   4%|▍         | 596606976/14570837178 [00:36<13:10, 17688134.09B/s]
   GAP-kron:   4%|▍         | 598376448/14570837178 [00:36<13:12, 17641971.37B/s]
   GAP-kron:   4%|▍         | 600145920/14570837178 [00:36<13:20, 17447199.38B/s]
   GAP-kron:   4%|▍         | 601899008/14570837178 [00:36<13:21, 17430908.95B/s]
   GAP-kron:   4%|▍         | 603684864/14570837178 [00:36<13:16, 17524796.99B/s]
   GAP-kron:   4%|▍         | 605437952/14570837178 [00:36<13:18, 17498682.22B/s]
   GAP-kron:   4%|▍         | 607191040/14570837178 [00:36<13:24, 17366734.42B/s]
   GAP-kron:   4%|▍         | 608944128/14570837178 [00:36<13:24, 17353540.41B/s]
   GAP-kron:   4%|▍         | 610697216/14570837178 [00:37<13:22, 17387297.05B/s]
   GAP-kron:   4%|▍         | 612450304/14570837178 [00:37<13:26, 17302668.67B/s]
   GAP-kron:   4%|▍         | 614187008/14570837178 [00:37<13:35, 17106444.98B/s]
   GAP-kron:   4%|▍         | 615907328/14570837178 [00:37<13:48, 16842007.94B/s]
   GAP-kron:   4%|▍         | 617693184/14570837178 [00:37<13:36, 17096447.12B/s]
   GAP-kron:   4%|▍         | 619462656/14570837178 [00:37<13:29, 17226185.70B/s]
   GAP-kron:   4%|▍         | 621199360/14570837178 [00:37<13:28, 17251110.41B/s]
   GAP-kron:   4%|▍         | 622936064/14570837178 [00:37<13:29, 17228924.22B/s]
   GAP-kron:   4%|▍         | 624689152/14570837178 [00:37<13:25, 17316673.64B/s]
   GAP-kron:   4%|▍         | 626475008/14570837178 [00:37<13:18, 17461586.17B/s]
   GAP-kron:   4%|▍         | 628260864/14570837178 [00:38<13:13, 17571551.75B/s]
   GAP-kron:   4%|▍         | 630046720/14570837178 [00:38<13:10, 17631197.26B/s]
   GAP-kron:   4%|▍         | 631816192/14570837178 [00:38<13:13, 17568694.51B/s]
   GAP-kron:   4%|▍         | 633585664/14570837178 [00:38<13:16, 17500710.81B/s]
   GAP-kron:   4%|▍         | 635338752/14570837178 [00:38<13:26, 17286366.09B/s]
   GAP-kron:   4%|▍         | 637108224/14570837178 [00:38<13:20, 17403770.52B/s]
   GAP-kron:   4%|▍         | 638910464/14570837178 [00:38<13:12, 17580533.47B/s]
   GAP-kron:   4%|▍         | 640679936/14570837178 [00:38<13:16, 17498902.15B/s]
   GAP-kron:   4%|▍         | 642433024/14570837178 [00:38<13:37, 17039925.26B/s]
   GAP-kron:   4%|▍         | 644186112/14570837178 [00:38<13:33, 17127810.92B/s]
   GAP-kron:   4%|▍         | 645906432/14570837178 [00:39<13:35, 17083433.81B/s]
   GAP-kron:   4%|▍         | 647626752/14570837178 [00:39<13:37, 17035685.24B/s]
   GAP-kron:   4%|▍         | 649347072/14570837178 [00:39<13:38, 16999775.21B/s]
   GAP-kron:   4%|▍         | 651051008/14570837178 [00:39<13:52, 16724945.07B/s]
   GAP-kron:   4%|▍         | 652738560/14570837178 [00:39<13:51, 16747189.68B/s]
   GAP-kron:   4%|▍         | 654426112/14570837178 [00:39<13:52, 16724183.12B/s]
   GAP-kron:   5%|▍         | 656162816/14570837178 [00:39<13:45, 16851998.46B/s]
   GAP-kron:   5%|▍         | 657883136/14570837178 [00:39<13:41, 16934452.97B/s]
   GAP-kron:   5%|▍         | 659619840/14570837178 [00:39<13:36, 17028752.98B/s]
   GAP-kron:   5%|▍         | 661323776/14570837178 [00:40<13:49, 16759964.40B/s]
   GAP-kron:   5%|▍         | 663027712/14570837178 [00:40<13:47, 16816994.09B/s]
   GAP-kron:   5%|▍         | 664748032/14570837178 [00:40<13:42, 16910277.47B/s]
   GAP-kron:   5%|▍         | 666451968/14570837178 [00:40<13:48, 16792300.35B/s]
   GAP-kron:   5%|▍         | 668139520/14570837178 [00:40<13:56, 16626298.85B/s]
   GAP-kron:   5%|▍         | 669859840/14570837178 [00:40<13:49, 16760510.41B/s]
   GAP-kron:   5%|▍         | 671547392/14570837178 [00:40<13:52, 16693526.29B/s]
   GAP-kron:   5%|▍         | 673218560/14570837178 [00:40<13:59, 16556449.25B/s]
   GAP-kron:   5%|▍         | 674889728/14570837178 [00:40<14:00, 16529280.40B/s]
   GAP-kron:   5%|▍         | 676659200/14570837178 [00:40<13:44, 16856245.55B/s]
   GAP-kron:   5%|▍         | 678395904/14570837178 [00:41<13:38, 16978435.01B/s]
   GAP-kron:   5%|▍         | 680099840/14570837178 [00:41<13:41, 16905506.41B/s]
   GAP-kron:   5%|▍         | 681803776/14570837178 [00:41<13:57, 16587416.46B/s]
   GAP-kron:   5%|▍         | 683474944/14570837178 [00:41<14:16, 16222953.75B/s]
   GAP-kron:   5%|▍         | 685146112/14570837178 [00:41<14:08, 16363774.04B/s]
   GAP-kron:   5%|▍         | 686850048/14570837178 [00:41<14:00, 16526675.64B/s]
   GAP-kron:   5%|▍         | 688504832/14570837178 [00:41<14:04, 16441297.88B/s]
   GAP-kron:   5%|▍         | 690176000/14570837178 [00:41<14:01, 16489716.68B/s]
   GAP-kron:   5%|▍         | 691830784/14570837178 [00:41<14:14, 16240117.48B/s]
   GAP-kron:   5%|▍         | 693469184/14570837178 [00:41<14:19, 16148123.17B/s]
   GAP-kron:   5%|▍         | 695091200/14570837178 [00:42<14:34, 15871005.01B/s]
   GAP-kron:   5%|▍         | 696680448/14570837178 [00:42<14:34, 15857732.52B/s]
   GAP-kron:   5%|▍         | 698368000/14570837178 [00:42<14:19, 16146521.97B/s]
   GAP-kron:   5%|▍         | 700088320/14570837178 [00:42<14:03, 16450519.19B/s]
   GAP-kron:   5%|▍         | 701743104/14570837178 [00:42<14:06, 16376538.00B/s]
   GAP-kron:   5%|▍         | 703414272/14570837178 [00:42<14:03, 16437051.88B/s]
   GAP-kron:   5%|▍         | 705134592/14570837178 [00:42<13:52, 16663388.17B/s]
   GAP-kron:   5%|▍         | 706854912/14570837178 [00:42<13:44, 16815508.68B/s]
   GAP-kron:   5%|▍         | 708542464/14570837178 [00:42<13:56, 16572345.39B/s]
   GAP-kron:   5%|▍         | 710230016/14570837178 [00:42<13:52, 16652915.25B/s]
   GAP-kron:   5%|▍         | 711950336/14570837178 [00:43<13:44, 16815703.57B/s]
   GAP-kron:   5%|▍         | 713670656/14570837178 [00:43<13:40, 16894602.85B/s]
   GAP-kron:   5%|▍         | 715374592/14570837178 [00:43<13:44, 16794566.37B/s]
   GAP-kron:   5%|▍         | 717062144/14570837178 [00:43<13:48, 16723146.35B/s]
   GAP-kron:   5%|▍         | 718749696/14570837178 [00:43<13:48, 16713588.72B/s]
   GAP-kron:   5%|▍         | 720437248/14570837178 [00:43<13:51, 16653792.00B/s]
   GAP-kron:   5%|▍         | 722124800/14570837178 [00:43<13:48, 16718021.69B/s]
   GAP-kron:   5%|▍         | 723812352/14570837178 [00:43<13:48, 16705647.54B/s]
   GAP-kron:   5%|▍         | 725483520/14570837178 [00:43<13:49, 16681663.66B/s]
   GAP-kron:   5%|▍         | 727171072/14570837178 [00:43<13:47, 16726164.90B/s]
   GAP-kron:   5%|▌         | 728875008/14570837178 [00:44<13:44, 16783205.87B/s]
   GAP-kron:   5%|▌         | 730562560/14570837178 [00:44<13:46, 16752415.61B/s]
   GAP-kron:   5%|▌         | 732266496/14570837178 [00:44<13:41, 16836993.86B/s]
   GAP-kron:   5%|▌         | 733970432/14570837178 [00:44<13:40, 16863314.64B/s]
   GAP-kron:   5%|▌         | 735657984/14570837178 [00:44<13:41, 16847098.90B/s]
   GAP-kron:   5%|▌         | 737361920/14570837178 [00:44<13:39, 16870672.19B/s]
   GAP-kron:   5%|▌         | 739049472/14570837178 [00:44<13:44, 16773262.45B/s]
   GAP-kron:   5%|▌         | 740737024/14570837178 [00:44<13:46, 16734390.14B/s]
   GAP-kron:   5%|▌         | 742424576/14570837178 [00:44<13:56, 16530898.57B/s]
   GAP-kron:   5%|▌         | 744144896/14570837178 [00:44<13:46, 16727311.98B/s]
   GAP-kron:   5%|▌         | 745848832/14570837178 [00:45<13:44, 16759965.20B/s]
   GAP-kron:   5%|▌         | 747552768/14570837178 [00:45<13:42, 16797987.82B/s]
   GAP-kron:   5%|▌         | 749240320/14570837178 [00:45<13:42, 16808865.18B/s]
   GAP-kron:   5%|▌         | 750927872/14570837178 [00:45<13:43, 16789563.48B/s]
   GAP-kron:   5%|▌         | 752615424/14570837178 [00:45<13:41, 16813611.36B/s]
   GAP-kron:   5%|▌         | 754302976/14570837178 [00:45<13:42, 16795643.58B/s]
   GAP-kron:   5%|▌         | 755990528/14570837178 [00:45<13:46, 16710651.51B/s]
   GAP-kron:   5%|▌         | 757678080/14570837178 [00:45<13:44, 16759300.34B/s]
   GAP-kron:   5%|▌         | 759365632/14570837178 [00:45<13:46, 16718583.18B/s]
   GAP-kron:   5%|▌         | 761053184/14570837178 [00:46<13:46, 16705799.63B/s]
   GAP-kron:   5%|▌         | 762724352/14570837178 [00:46<13:51, 16598573.74B/s]
   GAP-kron:   5%|▌         | 764395520/14570837178 [00:46<13:51, 16610437.95B/s]
   GAP-kron:   5%|▌         | 766083072/14570837178 [00:46<13:47, 16674226.65B/s]
   GAP-kron:   5%|▌         | 767754240/14570837178 [00:46<13:48, 16661023.18B/s]
   GAP-kron:   5%|▌         | 769441792/14570837178 [00:46<13:45, 16717627.01B/s]
   GAP-kron:   5%|▌         | 771162112/14570837178 [00:46<13:40, 16827906.16B/s]
   GAP-kron:   5%|▌         | 772866048/14570837178 [00:46<13:37, 16868035.05B/s]
   GAP-kron:   5%|▌         | 774553600/14570837178 [00:46<13:43, 16745735.67B/s]
   GAP-kron:   5%|▌         | 776257536/14570837178 [00:46<13:40, 16816161.28B/s]
   GAP-kron:   5%|▌         | 777945088/14570837178 [00:47<13:39, 16825598.28B/s]
   GAP-kron:   5%|▌         | 779649024/14570837178 [00:47<13:38, 16853399.64B/s]
   GAP-kron:   5%|▌         | 781352960/14570837178 [00:47<13:37, 16861431.38B/s]
   GAP-kron:   5%|▌         | 783056896/14570837178 [00:47<13:37, 16872923.86B/s]
   GAP-kron:   5%|▌         | 784744448/14570837178 [00:47<13:38, 16840280.92B/s]
   GAP-kron:   5%|▌         | 786432000/14570837178 [00:47<13:39, 16818360.55B/s]
   GAP-kron:   5%|▌         | 788119552/14570837178 [00:47<13:45, 16697474.80B/s]
   GAP-kron:   5%|▌         | 789823488/14570837178 [00:47<13:42, 16749328.99B/s]
   GAP-kron:   5%|▌         | 791511040/14570837178 [00:47<13:43, 16728632.28B/s]
   GAP-kron:   5%|▌         | 793198592/14570837178 [00:47<13:41, 16768050.75B/s]
   GAP-kron:   5%|▌         | 794886144/14570837178 [00:48<13:44, 16716485.98B/s]
   GAP-kron:   5%|▌         | 796573696/14570837178 [00:48<13:46, 16668800.44B/s]
   GAP-kron:   5%|▌         | 798244864/14570837178 [00:48<13:48, 16629269.77B/s]
   GAP-kron:   5%|▌         | 799932416/14570837178 [00:48<13:45, 16685725.92B/s]
   GAP-kron:   6%|▌         | 801619968/14570837178 [00:48<13:43, 16728220.53B/s]
   GAP-kron:   6%|▌         | 803307520/14570837178 [00:48<13:45, 16672310.67B/s]
   GAP-kron:   6%|▌         | 804978688/14570837178 [00:48<13:45, 16669436.42B/s]
   GAP-kron:   6%|▌         | 806682624/14570837178 [00:48<13:41, 16762549.27B/s]
   GAP-kron:   6%|▌         | 808370176/14570837178 [00:48<13:41, 16759848.95B/s]
   GAP-kron:   6%|▌         | 810057728/14570837178 [00:48<13:40, 16766995.48B/s]
   GAP-kron:   6%|▌         | 811745280/14570837178 [00:49<13:40, 16772860.94B/s]
   GAP-kron:   6%|▌         | 813432832/14570837178 [00:49<13:47, 16620711.38B/s]
   GAP-kron:   6%|▌         | 815104000/14570837178 [00:49<13:51, 16539644.92B/s]
   GAP-kron:   6%|▌         | 816791552/14570837178 [00:49<13:47, 16614120.98B/s]
   GAP-kron:   6%|▌         | 818479104/14570837178 [00:49<13:44, 16689138.92B/s]
   GAP-kron:   6%|▌         | 820166656/14570837178 [00:49<13:42, 16713866.53B/s]
   GAP-kron:   6%|▌         | 821854208/14570837178 [00:49<13:44, 16666372.71B/s]
   GAP-kron:   6%|▌         | 823574528/14570837178 [00:49<13:38, 16799298.43B/s]
   GAP-kron:   6%|▌         | 825262080/14570837178 [00:49<13:40, 16750005.49B/s]
   GAP-kron:   6%|▌         | 826949632/14570837178 [00:49<13:46, 16636802.21B/s]
   GAP-kron:   6%|▌         | 828653568/14570837178 [00:50<13:40, 16748280.88B/s]
   GAP-kron:   6%|▌         | 830341120/14570837178 [00:50<13:39, 16757539.03B/s]
   GAP-kron:   6%|▌         | 832028672/14570837178 [00:50<13:39, 16766347.27B/s]
   GAP-kron:   6%|▌         | 833716224/14570837178 [00:50<13:38, 16780889.80B/s]
   GAP-kron:   6%|▌         | 835403776/14570837178 [00:50<13:38, 16771127.26B/s]
   GAP-kron:   6%|▌         | 837091328/14570837178 [00:50<13:37, 16796898.55B/s]
   GAP-kron:   6%|▌         | 838778880/14570837178 [00:50<13:38, 16777054.36B/s]
   GAP-kron:   6%|▌         | 840466432/14570837178 [00:50<13:39, 16755557.72B/s]
   GAP-kron:   6%|▌         | 842153984/14570837178 [00:50<13:38, 16773293.67B/s]
   GAP-kron:   6%|▌         | 843841536/14570837178 [00:50<13:40, 16729719.99B/s]
   GAP-kron:   6%|▌         | 845529088/14570837178 [00:51<13:40, 16734427.17B/s]
   GAP-kron:   6%|▌         | 847233024/14570837178 [00:51<13:35, 16820630.61B/s]
   GAP-kron:   6%|▌         | 848920576/14570837178 [00:51<13:36, 16804265.20B/s]
   GAP-kron:   6%|▌         | 850608128/14570837178 [00:51<13:36, 16801109.57B/s]
   GAP-kron:   6%|▌         | 852295680/14570837178 [00:51<13:39, 16743081.80B/s]
   GAP-kron:   6%|▌         | 853999616/14570837178 [00:51<13:35, 16813346.82B/s]
   GAP-kron:   6%|▌         | 855687168/14570837178 [00:51<13:39, 16728072.65B/s]
   GAP-kron:   6%|▌         | 857407488/14570837178 [00:51<13:35, 16825063.63B/s]
   GAP-kron:   6%|▌         | 859095040/14570837178 [00:51<13:35, 16818802.90B/s]
   GAP-kron:   6%|▌         | 860782592/14570837178 [00:51<13:35, 16810383.90B/s]
   GAP-kron:   6%|▌         | 862486528/14570837178 [00:52<13:33, 16843533.55B/s]
   GAP-kron:   6%|▌         | 864174080/14570837178 [00:52<13:34, 16827951.19B/s]
   GAP-kron:   6%|▌         | 865861632/14570837178 [00:52<13:37, 16765925.23B/s]
   GAP-kron:   6%|▌         | 867549184/14570837178 [00:52<13:41, 16688833.21B/s]
   GAP-kron:   6%|▌         | 869253120/14570837178 [00:52<13:36, 16784998.36B/s]
   GAP-kron:   6%|▌         | 870957056/14570837178 [00:52<13:34, 16815831.33B/s]
   GAP-kron:   6%|▌         | 872644608/14570837178 [00:52<13:37, 16761450.79B/s]
   GAP-kron:   6%|▌         | 874332160/14570837178 [00:52<13:36, 16773009.42B/s]
   GAP-kron:   6%|▌         | 876019712/14570837178 [00:52<13:39, 16707468.49B/s]
   GAP-kron:   6%|▌         | 877707264/14570837178 [00:52<13:39, 16704789.72B/s]
   GAP-kron:   6%|▌         | 879378432/14570837178 [00:53<13:40, 16693023.78B/s]
   GAP-kron:   6%|▌         | 881065984/14570837178 [00:53<13:37, 16747339.91B/s]
   GAP-kron:   6%|▌         | 882753536/14570837178 [00:53<13:40, 16687531.85B/s]
   GAP-kron:   6%|▌         | 884424704/14570837178 [00:53<13:43, 16614123.88B/s]
   GAP-kron:   6%|▌         | 886128640/14570837178 [00:53<13:39, 16708394.62B/s]
   GAP-kron:   6%|▌         | 887799808/14570837178 [00:53<13:47, 16535114.77B/s]
   GAP-kron:   6%|▌         | 889454592/14570837178 [00:53<13:47, 16527774.93B/s]
   GAP-kron:   6%|▌         | 891174912/14570837178 [00:53<13:38, 16706574.83B/s]
   GAP-kron:   6%|▌         | 892846080/14570837178 [00:53<13:41, 16644203.42B/s]
   GAP-kron:   6%|▌         | 894550016/14570837178 [00:53<13:36, 16751959.92B/s]
   GAP-kron:   6%|▌         | 896237568/14570837178 [00:54<13:35, 16764663.49B/s]
   GAP-kron:   6%|▌         | 897925120/14570837178 [00:54<13:34, 16792329.27B/s]
   GAP-kron:   6%|▌         | 899645440/14570837178 [00:54<13:29, 16887123.71B/s]
   GAP-kron:   6%|▌         | 901349376/14570837178 [00:54<13:30, 16872203.52B/s]
   GAP-kron:   6%|▌         | 903036928/14570837178 [00:54<13:30, 16860085.72B/s]
   GAP-kron:   6%|▌         | 904757248/14570837178 [00:54<13:26, 16953405.13B/s]
   GAP-kron:   6%|▌         | 906461184/14570837178 [00:54<13:25, 16953947.46B/s]
   GAP-kron:   6%|▌         | 908165120/14570837178 [00:54<13:27, 16919365.63B/s]
   GAP-kron:   6%|▌         | 909869056/14570837178 [00:54<13:31, 16840538.02B/s]
   GAP-kron:   6%|▋         | 911572992/14570837178 [00:54<13:29, 16872281.83B/s]
   GAP-kron:   6%|▋         | 913260544/14570837178 [00:55<13:29, 16872903.85B/s]
   GAP-kron:   6%|▋         | 914948096/14570837178 [00:55<13:32, 16815088.01B/s]
   GAP-kron:   6%|▋         | 916635648/14570837178 [00:55<13:35, 16741282.98B/s]
   GAP-kron:   6%|▋         | 918323200/14570837178 [00:55<13:35, 16746209.13B/s]
   GAP-kron:   6%|▋         | 920010752/14570837178 [00:55<13:35, 16749391.91B/s]
   GAP-kron:   6%|▋         | 921714688/14570837178 [00:55<13:33, 16783908.96B/s]
   GAP-kron:   6%|▋         | 923402240/14570837178 [00:55<13:32, 16805220.91B/s]
   GAP-kron:   6%|▋         | 925122560/14570837178 [00:55<13:28, 16873713.37B/s]
   GAP-kron:   6%|▋         | 926810112/14570837178 [00:55<13:37, 16695338.79B/s]
   GAP-kron:   6%|▋         | 928497664/14570837178 [00:55<13:36, 16717505.76B/s]
   GAP-kron:   6%|▋         | 930185216/14570837178 [00:56<13:33, 16759916.32B/s]
   GAP-kron:   6%|▋         | 931872768/14570837178 [00:56<13:34, 16749839.17B/s]
   GAP-kron:   6%|▋         | 933560320/14570837178 [00:56<13:35, 16712804.68B/s]
   GAP-kron:   6%|▋         | 935247872/14570837178 [00:56<13:37, 16671038.43B/s]
   GAP-kron:   6%|▋         | 936968192/14570837178 [00:56<13:31, 16808134.21B/s]
   GAP-kron:   6%|▋         | 938655744/14570837178 [00:56<13:33, 16759663.43B/s]
   GAP-kron:   6%|▋         | 940343296/14570837178 [00:56<13:37, 16667544.64B/s]
   
   asv: benchmark timed out (timeout 60s)
   
   For parameters: bfs_gap_inputs.GAP/GAP-urand_49030282
   INFO root: Dataset suitesparse_matrix.GAP/GAP-urand manifest metadata is stale.
   
   GAP-urand:   0%|          | 0/16766984746 [00:00<?, ?B/s]
   GAP-urand:   0%|          | 212992/16766984746 [00:00<2:22:05, 1966763.60B/s]
   GAP-urand:   0%|          | 1196032/16766984746 [00:00<43:25, 6434307.67B/s] 
   GAP-urand:   0%|          | 2260992/16766984746 [00:00<33:35, 8316179.47B/s]
   GAP-urand:   0%|          | 3194880/16766984746 [00:00<32:04, 8711486.83B/s]
   GAP-urand:   0%|          | 4112384/16766984746 [00:00<31:31, 8863766.22B/s]
   GAP-urand:   0%|          | 5160960/16766984746 [00:00<30:23, 9194233.33B/s]
   GAP-urand:   0%|          | 6471680/16766984746 [00:00<28:42, 9728453.50B/s]
   GAP-urand:   0%|          | 7798784/16766984746 [00:00<25:54, 10778506.08B/s]
   GAP-urand:   0%|          | 8896512/16766984746 [00:00<26:38, 10482694.73B/s]
   GAP-urand:   0%|          | 10256384/16766984746 [00:01<24:30, 11393487.30B/s]
   GAP-urand:   0%|          | 11403264/16766984746 [00:01<25:22, 11007070.45B/s]
   GAP-urand:   0%|          | 12779520/16766984746 [00:01<23:42, 11780941.57B/s]
   GAP-urand:   0%|          | 14172160/16766984746 [00:01<22:33, 12381417.83B/s]
   GAP-urand:   0%|          | 15466496/16766984746 [00:01<22:20, 12496234.77B/s]
   GAP-urand:   0%|          | 16728064/16766984746 [00:01<23:04, 12096722.07B/s]
   GAP-urand:   0%|          | 18137088/16766984746 [00:01<22:03, 12653753.98B/s]
   GAP-urand:   0%|          | 19546112/16766984746 [00:01<21:21, 13067837.14B/s]
   GAP-urand:   0%|          | 20955136/16766984746 [00:01<20:53, 13360348.71B/s]
   GAP-urand:   0%|          | 22364160/16766984746 [00:01<20:33, 13576073.39B/s]
   GAP-urand:   0%|          | 23805952/16766984746 [00:02<20:13, 13795628.11B/s]
   GAP-urand:   0%|          | 25198592/16766984746 [00:02<20:27, 13634701.42B/s]
   GAP-urand:   0%|          | 26902528/16766984746 [00:02<19:49, 14073509.06B/s]
   GAP-urand:   0%|          | 28540928/16766984746 [00:02<18:57, 14711501.68B/s]
   GAP-urand:   0%|          | 30015488/16766984746 [00:02<19:16, 14466769.93B/s]
   GAP-urand:   0%|          | 31473664/16766984746 [00:02<19:25, 14355782.52B/s]
   GAP-urand:   0%|          | 32931840/16766984746 [00:02<19:22, 14400878.96B/s]
   GAP-urand:   0%|          | 34521088/16766984746 [00:02<18:49, 14818439.59B/s]
   GAP-urand:   0%|          | 36208640/16766984746 [00:02<18:07, 15390393.26B/s]
   GAP-urand:   0%|          | 37765120/16766984746 [00:03<18:22, 15176467.66B/s]
   GAP-urand:   0%|          | 39337984/16766984746 [00:03<18:11, 15318677.20B/s]
   GAP-urand:   0%|          | 40878080/16766984746 [00:03<18:12, 15313461.15B/s]
   GAP-urand:   0%|          | 42582016/16766984746 [00:03<17:48, 15654351.90B/s]
   GAP-urand:   0%|          | 44285952/16766984746 [00:03<17:21, 16057624.62B/s]
   GAP-urand:   0%|          | 45907968/16766984746 [00:03<17:23, 16024082.39B/s]
   GAP-urand:   0%|          | 47513600/16766984746 [00:03<17:28, 15949396.29B/s]
   GAP-urand:   0%|          | 49119232/16766984746 [00:03<17:27, 15954395.23B/s]
   GAP-urand:   0%|          | 50790400/16766984746 [00:03<17:28, 15946173.22B/s]
   GAP-urand:   0%|          | 52527104/16766984746 [00:03<17:03, 16330938.85B/s]
   GAP-urand:   0%|          | 54165504/16766984746 [00:04<17:10, 16214477.82B/s]
   GAP-urand:   0%|          | 55787520/16766984746 [00:04<17:15, 16136250.75B/s]
   GAP-urand:   0%|          | 57409536/16766984746 [00:04<17:23, 16007325.29B/s]
   GAP-urand:   0%|          | 59179008/16766984746 [00:04<16:54, 16464031.93B/s]
   GAP-urand:   0%|          | 60850176/16766984746 [00:04<16:50, 16530342.38B/s]
   GAP-urand:   0%|          | 62504960/16766984746 [00:04<16:55, 16443933.26B/s]
   GAP-urand:   0%|          | 64159744/16766984746 [00:04<16:57, 16415963.12B/s]
   GAP-urand:   0%|          | 65814528/16766984746 [00:04<16:55, 16441188.90B/s]
   GAP-urand:   0%|          | 67600384/16766984746 [00:04<16:30, 16851587.71B/s]
   GAP-urand:   0%|          | 69320704/16766984746 [00:04<16:25, 16949642.11B/s]
   GAP-urand:   0%|          | 71057408/16766984746 [00:05<16:18, 17068547.87B/s]
   GAP-urand:   0%|          | 72826880/16766984746 [00:05<16:08, 17234065.18B/s]
   GAP-urand:   0%|          | 74563584/16766984746 [00:05<16:15, 17106546.70B/s]
   GAP-urand:   0%|          | 76316672/16766984746 [00:05<16:10, 17203937.20B/s]
   GAP-urand:   0%|          | 78053376/16766984746 [00:05<16:11, 17170339.23B/s]
   GAP-urand:   0%|          | 79773696/16766984746 [00:05<16:28, 16883962.08B/s]
   GAP-urand:   0%|          | 81477632/16766984746 [00:05<16:26, 16914441.60B/s]
   GAP-urand:   0%|          | 83214336/16766984746 [00:05<16:20, 17012465.21B/s]
   GAP-urand:   1%|          | 84951040/16766984746 [00:05<16:15, 17102646.18B/s]
   GAP-urand:   1%|          | 86671360/16766984746 [00:05<16:25, 16919153.60B/s]
   GAP-urand:   1%|          | 88375296/16766984746 [00:06<16:32, 16800017.36B/s]
   GAP-urand:   1%|          | 90079232/16766984746 [00:06<16:31, 16825779.34B/s]
   GAP-urand:   1%|          | 91815936/16766984746 [00:06<16:24, 16939736.73B/s]
   GAP-urand:   1%|          | 93519872/16766984746 [00:06<16:30, 16833166.46B/s]
   GAP-urand:   1%|          | 95256576/16766984746 [00:06<16:22, 16970202.24B/s]
   GAP-urand:   1%|          | 96960512/16766984746 [00:06<16:28, 16869271.20B/s]
   GAP-urand:   1%|          | 98680832/16766984746 [00:06<16:23, 16953573.76B/s]
   GAP-urand:   1%|          | 100417536/16766984746 [00:06<16:16, 17068584.87B/s]
   GAP-urand:   1%|          | 102154240/16766984746 [00:06<16:13, 17115738.79B/s]
   GAP-urand:   1%|          | 103907328/16766984746 [00:06<16:07, 17227432.61B/s]
   GAP-urand:   1%|          | 105660416/16766984746 [00:07<16:03, 17297763.52B/s]
   GAP-urand:   1%|          | 107397120/16766984746 [00:07<16:05, 17251920.56B/s]
   GAP-urand:   1%|          | 109182976/16766984746 [00:07<15:56, 17413233.64B/s]
   GAP-urand:   1%|          | 110936064/16766984746 [00:07<15:59, 17350289.60B/s]
   GAP-urand:   1%|          | 112672768/16766984746 [00:07<16:02, 17306364.12B/s]
   GAP-urand:   1%|          | 114458624/16766984746 [00:07<15:53, 17461068.91B/s]
   GAP-urand:   1%|          | 116228096/16766984746 [00:07<15:51, 17506432.31B/s]
   GAP-urand:   1%|          | 117997568/16766984746 [00:07<15:48, 17545781.83B/s]
   GAP-urand:   1%|          | 119783424/16766984746 [00:07<15:44, 17624217.02B/s]
   GAP-urand:   1%|          | 121569280/16766984746 [00:07<15:41, 17685008.23B/s]
   GAP-urand:   1%|          | 123338752/16766984746 [00:08<16:00, 17324135.03B/s]
   GAP-urand:   1%|          | 125075456/16766984746 [00:08<16:07, 17197936.77B/s]
   GAP-urand:   1%|          | 126812160/16766984746 [00:08<16:10, 17143373.33B/s]
   GAP-urand:   1%|          | 128565248/16766984746 [00:08<16:06, 17220722.87B/s]
   GAP-urand:   1%|          | 130318336/16766984746 [00:08<16:01, 17304288.84B/s]
   GAP-urand:   1%|          | 132071424/16766984746 [00:08<15:59, 17331917.37B/s]
   GAP-urand:   1%|          | 133808128/16766984746 [00:08<16:03, 17269541.75B/s]
   GAP-urand:   1%|          | 135577600/16766984746 [00:08<15:58, 17349847.71B/s]
   GAP-urand:   1%|          | 137330688/16766984746 [00:08<15:56, 17384018.90B/s]
   GAP-urand:   1%|          | 139100160/16766984746 [00:08<15:52, 17448391.95B/s]
   GAP-urand:   1%|          | 140902400/16766984746 [00:09<15:44, 17606211.57B/s]
   GAP-urand:   1%|          | 142671872/16766984746 [00:09<15:50, 17491830.23B/s]
   GAP-urand:   1%|          | 144424960/16766984746 [00:09<15:50, 17490959.73B/s]
   GAP-urand:   1%|          | 146178048/16766984746 [00:09<15:55, 17390664.66B/s]
   GAP-urand:   1%|          | 147931136/16766984746 [00:09<15:54, 17402342.85B/s]
   GAP-urand:   1%|          | 149684224/16766984746 [00:09<15:59, 17315446.31B/s]
   GAP-urand:   1%|          | 151420928/16766984746 [00:09<15:59, 17314590.97B/s]
   GAP-urand:   1%|          | 153157632/16766984746 [00:09<16:01, 17271537.87B/s]
   GAP-urand:   1%|          | 154943488/16766984746 [00:09<15:52, 17434625.09B/s]
   GAP-urand:   1%|          | 156745728/16766984746 [00:10<15:45, 17565181.10B/s]
   GAP-urand:   1%|          | 158515200/16766984746 [00:10<15:46, 17552064.62B/s]
   GAP-urand:   1%|          | 160284672/16766984746 [00:10<15:46, 17552106.24B/s]
   GAP-urand:   1%|          | 162054144/16766984746 [00:10<15:50, 17463126.59B/s]
   GAP-urand:   1%|          | 163807232/16766984746 [00:10<15:50, 17469773.96B/s]
   GAP-urand:   1%|          | 165593088/16766984746 [00:10<15:44, 17581429.81B/s]
   GAP-urand:   1%|          | 167395328/16766984746 [00:10<15:39, 17671040.67B/s]
   GAP-urand:   1%|          | 169181184/16766984746 [00:10<15:36, 17716339.24B/s]
   GAP-urand:   1%|          | 170967040/16766984746 [00:10<15:39, 17665092.70B/s]
   GAP-urand:   1%|          | 172736512/16766984746 [00:10<15:41, 17626785.23B/s]
   GAP-urand:   1%|          | 174505984/16766984746 [00:11<15:40, 17646097.88B/s]
   GAP-urand:   1%|          | 176291840/16766984746 [00:11<15:37, 17696936.61B/s]
   GAP-urand:   1%|          | 178077696/16766984746 [00:11<15:43, 17583908.85B/s]
   GAP-urand:   1%|          | 179879936/16766984746 [00:11<15:38, 17669716.76B/s]
   GAP-urand:   1%|          | 181665792/16766984746 [00:11<15:36, 17709521.32B/s]
   GAP-urand:   1%|          | 183451648/16766984746 [00:11<15:37, 17696651.39B/s]
   GAP-urand:   1%|          | 185237504/16766984746 [00:11<15:40, 17624730.54B/s]
   GAP-urand:   1%|          | 187006976/16766984746 [00:11<15:42, 17600678.50B/s]
   GAP-urand:   1%|          | 188776448/16766984746 [00:11<15:44, 17544602.46B/s]
   GAP-urand:   1%|          | 190627840/16766984746 [00:11<15:31, 17790513.11B/s]
   GAP-urand:   1%|          | 192430080/16766984746 [00:12<15:28, 17842430.68B/s]
   GAP-urand:   1%|          | 194215936/16766984746 [00:12<15:36, 17691459.67B/s]
   GAP-urand:   1%|          | 195985408/16766984746 [00:12<15:46, 17504215.26B/s]
   GAP-urand:   1%|          | 197738496/16766984746 [00:12<15:52, 17404658.05B/s]
   GAP-urand:   1%|          | 199524352/16766984746 [00:12<15:45, 17517064.43B/s]
   GAP-urand:   1%|          | 201293824/16766984746 [00:12<15:44, 17531010.48B/s]
   GAP-urand:   1%|          | 203063296/16766984746 [00:12<15:46, 17495078.14B/s]
   GAP-urand:   1%|          | 204816384/16766984746 [00:12<15:46, 17494096.63B/s]
   GAP-urand:   1%|          | 206569472/16766984746 [00:12<15:49, 17433900.98B/s]
   GAP-urand:   1%|          | 208355328/16766984746 [00:12<15:43, 17544441.67B/s]
   GAP-urand:   1%|▏         | 210141184/16766984746 [00:13<15:40, 17596728.48B/s]
   GAP-urand:   1%|▏         | 211910656/16766984746 [00:13<15:42, 17568723.53B/s]
   GAP-urand:   1%|▏         | 213680128/16766984746 [00:13<15:50, 17411769.40B/s]
   GAP-urand:   1%|▏         | 215449600/16766984746 [00:13<15:46, 17480178.63B/s]
   GAP-urand:   1%|▏         | 217235456/16766984746 [00:13<15:42, 17554047.37B/s]
   GAP-urand:   1%|▏         | 219004928/16766984746 [00:13<15:41, 17577108.69B/s]
   GAP-urand:   1%|▏         | 220774400/16766984746 [00:13<15:42, 17555714.88B/s]
   GAP-urand:   1%|▏         | 222576640/16766984746 [00:13<15:37, 17652933.95B/s]
   GAP-urand:   1%|▏         | 224362496/16766984746 [00:13<15:34, 17707828.51B/s]
   GAP-urand:   1%|▏         | 226164736/16766984746 [00:13<15:30, 17770879.48B/s]
   GAP-urand:   1%|▏         | 227950592/16766984746 [00:14<15:30, 17782230.73B/s]
   GAP-urand:   1%|▏         | 229736448/16766984746 [00:14<15:37, 17636968.95B/s]
   GAP-urand:   1%|▏         | 231505920/16766984746 [00:14<15:44, 17503778.42B/s]
   GAP-urand:   1%|▏         | 233291776/16766984746 [00:14<15:39, 17601185.20B/s]
   GAP-urand:   1%|▏         | 235094016/16766984746 [00:14<15:32, 17722944.32B/s]
   GAP-urand:   1%|▏         | 236912640/16766984746 [00:14<15:27, 17817026.63B/s]
   GAP-urand:   1%|▏         | 238731264/16766984746 [00:14<15:23, 17905084.45B/s]
   GAP-urand:   1%|▏         | 240566272/16766984746 [00:14<15:17, 18006280.88B/s]
   GAP-urand:   1%|▏         | 242368512/16766984746 [00:14<15:18, 17998377.43B/s]
   GAP-urand:   1%|▏         | 244170752/16766984746 [00:14<15:31, 17734519.06B/s]
   GAP-urand:   1%|▏         | 245956608/16766984746 [00:15<15:50, 17376625.73B/s]
   GAP-urand:   1%|▏         | 247709696/16766984746 [00:15<16:13, 16977253.55B/s]
   GAP-urand:   1%|▏         | 249413632/16766984746 [00:15<16:27, 16729115.98B/s]
   GAP-urand:   1%|▏         | 251101184/16766984746 [00:15<16:24, 16767915.62B/s]
   GAP-urand:   2%|▏         | 252821504/16766984746 [00:15<16:17, 16893863.09B/s]
   GAP-urand:   2%|▏         | 254525440/16766984746 [00:15<16:17, 16893291.56B/s]
   GAP-urand:   2%|▏         | 256229376/16766984746 [00:15<16:20, 16840271.60B/s]
   GAP-urand:   2%|▏         | 257933312/16766984746 [00:15<16:17, 16896738.79B/s]
   GAP-urand:   2%|▏         | 259637248/16766984746 [00:15<16:15, 16916294.06B/s]
   GAP-urand:   2%|▏         | 261373952/16766984746 [00:15<16:11, 16989637.20B/s]
   GAP-urand:   2%|▏         | 263176192/16766984746 [00:16<15:55, 17264404.68B/s]
   GAP-urand:   2%|▏         | 264912896/16766984746 [00:16<15:58, 17211661.91B/s]
   GAP-urand:   2%|▏         | 266649600/16766984746 [00:16<15:57, 17241237.40B/s]
   GAP-urand:   2%|▏         | 268386304/16766984746 [00:16<16:00, 17177047.34B/s]
   GAP-urand:   2%|▏         | 270106624/16766984746 [00:16<16:00, 17169028.36B/s]
   GAP-urand:   2%|▏         | 271826944/16766984746 [00:16<16:29, 16668178.99B/s]
   GAP-urand:   2%|▏         | 273498112/16766984746 [00:16<16:52, 16289999.62B/s]
   GAP-urand:   2%|▏         | 275136512/16766984746 [00:16<17:08, 16040040.62B/s]
   GAP-urand:   2%|▏         | 276758528/16766984746 [00:16<17:09, 16015700.15B/s]
   GAP-urand:   2%|▏         | 278478848/16766984746 [00:17<16:49, 16341060.15B/s]
   GAP-urand:   2%|▏         | 280215552/16766984746 [00:17<16:32, 16613381.80B/s]
   GAP-urand:   2%|▏         | 281919488/16766984746 [00:17<16:26, 16705304.41B/s]
   GAP-urand:   2%|▏         | 283607040/16766984746 [00:17<16:37, 16517040.29B/s]
   GAP-urand:   2%|▏         | 285261824/16766984746 [00:17<16:46, 16372142.06B/s]
   GAP-urand:   2%|▏         | 287014912/16766984746 [00:17<16:27, 16692700.21B/s]
   GAP-urand:   2%|▏         | 288735232/16766984746 [00:17<16:18, 16837193.19B/s]
   GAP-urand:   2%|▏         | 290422784/16766984746 [00:17<16:22, 16769235.15B/s]
   GAP-urand:   2%|▏         | 292110336/16766984746 [00:17<16:36, 16525388.95B/s]
   GAP-urand:   2%|▏         | 293830656/16766984746 [00:17<16:26, 16690200.57B/s]
   GAP-urand:   2%|▏         | 295550976/16766984746 [00:18<16:20, 16791333.44B/s]
   GAP-urand:   2%|▏         | 297254912/16766984746 [00:18<16:16, 16862824.82B/s]
   GAP-urand:   2%|▏         | 298991616/16766984746 [00:18<16:11, 16955320.24B/s]
   GAP-urand:   2%|▏         | 300695552/16766984746 [00:18<16:18, 16828434.58B/s]
   GAP-urand:   2%|▏         | 302383104/16766984746 [00:18<16:28, 16664351.05B/s]
   GAP-urand:   2%|▏         | 304054272/16766984746 [00:18<16:40, 16455970.23B/s]
   GAP-urand:   2%|▏         | 305758208/16766984746 [00:18<16:31, 16604719.43B/s]
   GAP-urand:   2%|▏         | 307462144/16766984746 [00:18<16:24, 16716434.11B/s]
   GAP-urand:   2%|▏         | 309149696/16766984746 [00:18<16:24, 16714701.97B/s]
   GAP-urand:   2%|▏         | 310902784/16766984746 [00:18<16:13, 16912723.09B/s]
   GAP-urand:   2%|▏         | 312623104/16766984746 [00:19<16:09, 16968467.33B/s]
   GAP-urand:   2%|▏         | 314327040/16766984746 [00:19<16:11, 16932881.10B/s]
   GAP-urand:   2%|▏         | 316112896/16766984746 [00:19<15:58, 17167979.65B/s]
   GAP-urand:   2%|▏         | 317833216/16766984746 [00:19<16:04, 17058721.54B/s]
   GAP-urand:   2%|▏         | 319553536/16766984746 [00:19<16:07, 16991483.06B/s]
   GAP-urand:   2%|▏         | 321306624/16766984746 [00:19<16:01, 17108677.23B/s]
   GAP-urand:   2%|▏         | 323043328/16766984746 [00:19<15:57, 17174610.68B/s]
   GAP-urand:   2%|▏         | 324780032/16766984746 [00:19<15:55, 17207341.88B/s]
   GAP-urand:   2%|▏         | 326516736/16766984746 [00:19<15:57, 17168576.55B/s]
   GAP-urand:   2%|▏         | 328269824/16766984746 [00:19<15:51, 17274024.76B/s]
   GAP-urand:   2%|▏         | 330022912/16766984746 [00:20<15:48, 17330725.61B/s]
   GAP-urand:   2%|▏         | 331759616/16766984746 [00:20<15:49, 17305550.66B/s]
   GAP-urand:   2%|▏         | 333512704/16766984746 [00:20<15:47, 17347320.91B/s]
   GAP-urand:   2%|▏         | 335265792/16766984746 [00:20<15:44, 17389163.61B/s]
   GAP-urand:   2%|▏         | 337018880/16766984746 [00:20<15:42, 17425284.89B/s]
   GAP-urand:   2%|▏         | 338804736/16766984746 [00:20<15:36, 17548743.58B/s]
   GAP-urand:   2%|▏         | 340606976/16766984746 [00:20<15:30, 17650703.88B/s]
   GAP-urand:   2%|▏         | 342376448/16766984746 [00:20<15:48, 17320669.67B/s]
   GAP-urand:   2%|▏         | 344113152/16766984746 [00:20<15:52, 17237704.78B/s]
   GAP-urand:   2%|▏         | 345866240/16766984746 [00:20<15:48, 17315521.19B/s]
   GAP-urand:   2%|▏         | 347602944/16766984746 [00:21<15:53, 17212876.73B/s]
   GAP-urand:   2%|▏         | 349339648/16766984746 [00:21<15:57, 17153756.67B/s]
   GAP-urand:   2%|▏         | 351076352/16766984746 [00:21<15:54, 17199359.11B/s]
   GAP-urand:   2%|▏         | 352845824/16766984746 [00:21<15:47, 17315180.66B/s]
   GAP-urand:   2%|▏         | 354582528/16766984746 [00:21<15:49, 17278765.31B/s]
   GAP-urand:   2%|▏         | 356319232/16766984746 [00:21<15:49, 17283997.46B/s]
   GAP-urand:   2%|▏         | 358055936/16766984746 [00:21<15:54, 17188996.97B/s]
   GAP-urand:   2%|▏         | 359776256/16766984746 [00:21<15:57, 17136054.32B/s]
   GAP-urand:   2%|▏         | 361496576/16766984746 [00:21<15:58, 17115413.27B/s]
   GAP-urand:   2%|▏         | 363266048/16766984746 [00:21<15:51, 17240119.56B/s]
   GAP-urand:   2%|▏         | 365051904/16766984746 [00:22<15:43, 17391594.40B/s]
   GAP-urand:   2%|▏         | 366804992/16766984746 [00:22<15:51, 17229873.10B/s]
   GAP-urand:   2%|▏         | 368541696/16766984746 [00:22<15:49, 17261849.17B/s]
   GAP-urand:   2%|▏         | 370294784/16766984746 [00:22<15:47, 17302712.92B/s]
   GAP-urand:   2%|▏         | 372064256/16766984746 [00:22<15:42, 17386814.15B/s]
   GAP-urand:   2%|▏         | 373833728/16766984746 [00:22<15:38, 17469797.38B/s]
   GAP-urand:   2%|▏         | 375586816/16766984746 [00:22<15:38, 17461890.56B/s]
   GAP-urand:   2%|▏         | 377372672/16766984746 [00:22<15:32, 17571440.13B/s]
   GAP-urand:   2%|▏         | 379142144/16766984746 [00:22<15:33, 17560639.07B/s]
   GAP-urand:   2%|▏         | 380911616/16766984746 [00:22<15:36, 17499210.10B/s]
   GAP-urand:   2%|▏         | 382681088/16766984746 [00:23<15:35, 17521290.18B/s]
   GAP-urand:   2%|▏         | 384466944/16766984746 [00:23<15:31, 17595825.97B/s]
   GAP-urand:   2%|▏         | 386236416/16766984746 [00:23<15:30, 17596984.66B/s]
   GAP-urand:   2%|▏         | 388022272/16766984746 [00:23<15:28, 17638339.27B/s]
   GAP-urand:   2%|▏         | 389791744/16766984746 [00:23<15:32, 17565228.74B/s]
   GAP-urand:   2%|▏         | 391561216/16766984746 [00:23<15:48, 17261610.47B/s]
   GAP-urand:   2%|▏         | 393297920/16766984746 [00:23<15:53, 17168237.92B/s]
   GAP-urand:   2%|▏         | 395018240/16766984746 [00:23<15:54, 17153579.85B/s]
   GAP-urand:   2%|▏         | 396787712/16766984746 [00:23<15:46, 17294041.39B/s]
   GAP-urand:   2%|▏         | 398540800/16766984746 [00:24<15:44, 17330916.78B/s]
   GAP-urand:   2%|▏         | 400293888/16766984746 [00:24<15:41, 17380617.13B/s]
   GAP-urand:   2%|▏         | 402046976/16766984746 [00:24<15:39, 17422263.90B/s]
   GAP-urand:   2%|▏         | 403800064/16766984746 [00:24<15:39, 17417366.07B/s]
   GAP-urand:   2%|▏         | 405553152/16766984746 [00:24<15:45, 17313328.42B/s]
   GAP-urand:   2%|▏         | 407289856/16766984746 [00:24<15:46, 17290276.95B/s]
   GAP-urand:   2%|▏         | 409075712/16766984746 [00:24<15:38, 17425786.68B/s]
   GAP-urand:   2%|▏         | 410861568/16766984746 [00:24<15:33, 17518722.49B/s]
   GAP-urand:   2%|▏         | 412614656/16766984746 [00:24<15:41, 17376151.84B/s]
   GAP-urand:   2%|▏         | 414367744/16766984746 [00:24<15:52, 17175949.25B/s]
   GAP-urand:   2%|▏         | 416088064/16766984746 [00:25<16:06, 16911266.06B/s]
   GAP-urand:   2%|▏         | 417808384/16766984746 [00:25<16:03, 16961582.01B/s]
   GAP-urand:   3%|▎         | 419545088/16766984746 [00:25<15:58, 17063806.11B/s]
   GAP-urand:   3%|▎         | 421281792/16766984746 [00:25<15:53, 17144821.98B/s]
   GAP-urand:   3%|▎         | 423002112/16766984746 [00:25<15:56, 17090717.72B/s]
   GAP-urand:   3%|▎         | 424722432/16766984746 [00:25<15:56, 17088565.76B/s]
   GAP-urand:   3%|▎         | 426442752/16766984746 [00:25<16:04, 16944874.70B/s]
   GAP-urand:   3%|▎         | 428146688/16766984746 [00:25<16:07, 16889218.42B/s]
   GAP-urand:   3%|▎         | 429850624/16766984746 [00:25<16:07, 16893502.85B/s]
   GAP-urand:   3%|▎         | 431570944/16766984746 [00:25<16:02, 16963326.23B/s]
   GAP-urand:   3%|▎         | 433340416/16766984746 [00:26<15:50, 17179773.51B/s]
   GAP-urand:   3%|▎         | 435142656/16766984746 [00:26<15:39, 17387539.99B/s]
   GAP-urand:   3%|▎         | 436895744/16766984746 [00:26<15:38, 17398315.13B/s]
   GAP-urand:   3%|▎         | 438665216/16766984746 [00:26<15:35, 17447899.00B/s]
   GAP-urand:   3%|▎         | 440418304/16766984746 [00:26<15:47, 17230982.12B/s]
   GAP-urand:   3%|▎         | 442220544/16766984746 [00:26<15:36, 17433433.77B/s]
   GAP-urand:   3%|▎         | 443990016/16766984746 [00:26<15:32, 17509721.08B/s]
   GAP-urand:   3%|▎         | 445759488/16766984746 [00:26<15:30, 17547865.04B/s]
   GAP-urand:   3%|▎         | 447528960/16766984746 [00:26<15:39, 17377160.32B/s]
   GAP-urand:   3%|▎         | 449282048/16766984746 [00:26<15:36, 17415683.63B/s]
   GAP-urand:   3%|▎         | 451067904/16766984746 [00:27<15:31, 17522192.29B/s]
   GAP-urand:   3%|▎         | 452853760/16766984746 [00:27<15:28, 17578513.67B/s]
   GAP-urand:   3%|▎         | 454623232/16766984746 [00:27<15:35, 17442323.44B/s]
   GAP-urand:   3%|▎         | 456376320/16766984746 [00:27<15:40, 17338676.85B/s]
   GAP-urand:   3%|▎         | 458145792/16766984746 [00:27<15:37, 17391425.89B/s]
   GAP-urand:   3%|▎         | 459964416/16766984746 [00:27<15:27, 17585662.41B/s]
   GAP-urand:   3%|▎         | 461733888/16766984746 [00:27<15:32, 17488215.48B/s]
   GAP-urand:   3%|▎         | 463486976/16766984746 [00:27<15:33, 17465788.16B/s]
   GAP-urand:   3%|▎         | 465256448/16766984746 [00:27<15:32, 17489034.27B/s]
   GAP-urand:   3%|▎         | 467009536/16766984746 [00:27<15:32, 17479645.86B/s]
   GAP-urand:   3%|▎         | 468795392/16766984746 [00:28<15:27, 17576529.44B/s]
   GAP-urand:   3%|▎         | 470581248/16766984746 [00:28<15:25, 17614231.25B/s]
   GAP-urand:   3%|▎         | 472350720/16766984746 [00:28<15:27, 17573182.56B/s]
   GAP-urand:   3%|▎         | 474120192/16766984746 [00:28<15:31, 17490079.31B/s]
   GAP-urand:   3%|▎         | 475889664/16766984746 [00:28<15:31, 17483633.78B/s]
   GAP-urand:   3%|▎         | 477675520/16766984746 [00:28<15:27, 17561252.36B/s]
   GAP-urand:   3%|▎         | 479494144/16766984746 [00:28<15:19, 17707739.29B/s]
   GAP-urand:   3%|▎         | 481280000/16766984746 [00:28<15:20, 17683558.81B/s]
   GAP-urand:   3%|▎         | 483065856/16766984746 [00:28<15:18, 17731332.46B/s]
   GAP-urand:   3%|▎         | 484868096/16766984746 [00:28<15:13, 17814980.09B/s]
   GAP-urand:   3%|▎         | 486670336/16766984746 [00:29<15:12, 17838228.33B/s]
   GAP-urand:   3%|▎         | 488456192/16766984746 [00:29<15:25, 17590442.74B/s]
   GAP-urand:   3%|▎         | 490225664/16766984746 [00:29<15:35, 17391393.17B/s]
   GAP-urand:   3%|▎         | 491978752/16766984746 [00:29<15:48, 17154050.62B/s]
   GAP-urand:   3%|▎         | 493699072/16766984746 [00:29<15:54, 17040956.68B/s]
   GAP-urand:   3%|▎         | 495435776/16766984746 [00:29<15:51, 17102102.93B/s]
   GAP-urand:   3%|▎         | 497156096/16766984746 [00:29<15:49, 17130585.45B/s]
   GAP-urand:   3%|▎         | 498876416/16766984746 [00:29<16:01, 16911668.08B/s]
   GAP-urand:   3%|▎         | 500580352/16766984746 [00:29<16:11, 16745533.61B/s]
   GAP-urand:   3%|▎         | 502349824/16766984746 [00:30<15:56, 17002435.65B/s]
   GAP-urand:   3%|▎         | 504135680/16766984746 [00:30<15:44, 17211485.76B/s]
   GAP-urand:   3%|▎         | 505905152/16766984746 [00:30<15:37, 17336756.83B/s]
   GAP-urand:   3%|▎         | 507641856/16766984746 [00:30<15:37, 17335456.58B/s]
   GAP-urand:   3%|▎         | 509427712/16766984746 [00:30<15:31, 17459575.35B/s]
   GAP-urand:   3%|▎         | 511197184/16766984746 [00:30<15:28, 17514811.63B/s]
   GAP-urand:   3%|▎         | 512950272/16766984746 [00:30<15:35, 17374664.39B/s]
   GAP-urand:   3%|▎         | 514703360/16766984746 [00:30<15:35, 17373626.91B/s]
   GAP-urand:   3%|▎         | 516456448/16766984746 [00:30<15:44, 17204936.49B/s]
   GAP-urand:   3%|▎         | 518193152/16766984746 [00:30<15:59, 16939974.57B/s]
   GAP-urand:   3%|▎         | 519897088/16766984746 [00:31<16:06, 16809164.57B/s]
   GAP-urand:   3%|▎         | 521601024/16766984746 [00:31<16:08, 16774134.08B/s]
   GAP-urand:   3%|▎         | 523304960/16766984746 [00:31<16:04, 16836451.04B/s]
   GAP-urand:   3%|▎         | 525058048/16766984746 [00:31<15:55, 17005542.46B/s]
   GAP-urand:   3%|▎         | 526761984/16766984746 [00:31<15:58, 16936419.76B/s]
   GAP-urand:   3%|▎         | 528482304/16766984746 [00:31<15:56, 16982619.80B/s]
   GAP-urand:   3%|▎         | 530268160/16766984746 [00:31<15:44, 17192320.91B/s]
   GAP-urand:   3%|▎         | 532004864/16766984746 [00:31<15:43, 17214381.10B/s]
   GAP-urand:   3%|▎         | 533741568/16766984746 [00:31<15:50, 17071105.77B/s]
   GAP-urand:   3%|▎         | 535461888/16766984746 [00:31<15:51, 17055856.89B/s]
   GAP-urand:   3%|▎         | 537182208/16766984746 [00:32<15:50, 17083391.21B/s]
   GAP-urand:   3%|▎         | 538918912/16766984746 [00:32<15:47, 17132591.32B/s]
   GAP-urand:   3%|▎         | 540655616/16766984746 [00:32<15:43, 17200858.03B/s]
   GAP-urand:   3%|▎         | 542425088/16766984746 [00:32<15:36, 17328280.58B/s]
   GAP-urand:   3%|▎         | 544161792/16766984746 [00:32<15:44, 17167467.28B/s]
   GAP-urand:   3%|▎         | 545914880/16766984746 [00:32<15:40, 17246721.29B/s]
   GAP-urand:   3%|▎         | 547684352/16766984746 [00:32<15:34, 17361751.44B/s]
   GAP-urand:   3%|▎         | 549470208/16766984746 [00:32<15:34, 17349264.16B/s]
   GAP-urand:   3%|▎         | 551239680/16766984746 [00:32<15:31, 17404955.37B/s]
   GAP-urand:   3%|▎         | 552992768/16766984746 [00:32<15:34, 17343680.73B/s]
   GAP-urand:   3%|▎         | 554745856/16766984746 [00:33<15:34, 17355916.96B/s]
   GAP-urand:   3%|▎         | 556498944/16766984746 [00:33<15:34, 17355777.55B/s]
   GAP-urand:   3%|▎         | 558268416/16766984746 [00:33<15:30, 17423739.58B/s]
   GAP-urand:   3%|▎         | 560021504/16766984746 [00:33<15:36, 17306038.77B/s]
   GAP-urand:   3%|▎         | 561758208/16766984746 [00:33<15:52, 17017906.67B/s]
   GAP-urand:   3%|▎         | 563462144/16766984746 [00:33<16:02, 16833169.65B/s]
   GAP-urand:   3%|▎         | 565166080/16766984746 [00:33<16:01, 16855338.11B/s]
   GAP-urand:   3%|▎         | 566919168/16766984746 [00:33<15:52, 17014908.20B/s]
   GAP-urand:   3%|▎         | 568623104/16766984746 [00:33<16:00, 16864032.26B/s]
   GAP-urand:   3%|▎         | 570359808/16766984746 [00:33<15:53, 16987753.28B/s]
   GAP-urand:   3%|▎         | 572096512/16766984746 [00:34<15:48, 17078882.82B/s]
   GAP-urand:   3%|▎         | 573865984/16766984746 [00:34<15:38, 17258810.08B/s]
   GAP-urand:   3%|▎         | 575602688/16766984746 [00:34<15:39, 17230546.72B/s]
   GAP-urand:   3%|▎         | 577339392/16766984746 [00:34<15:38, 17245952.24B/s]
   GAP-urand:   3%|▎         | 579076096/16766984746 [00:34<15:39, 17234255.58B/s]
   GAP-urand:   3%|▎         | 580845568/16766984746 [00:34<15:31, 17369975.02B/s]
   GAP-urand:   3%|▎         | 582615040/16766984746 [00:34<15:28, 17423671.80B/s]
   GAP-urand:   3%|▎         | 584417280/16766984746 [00:34<15:20, 17572234.12B/s]
   GAP-urand:   3%|▎         | 586186752/16766984746 [00:34<15:24, 17501195.39B/s]
   GAP-urand:   4%|▎         | 587956224/16766984746 [00:34<15:21, 17554461.26B/s]
   GAP-urand:   4%|▎         | 589725696/16766984746 [00:35<15:22, 17534173.27B/s]
   GAP-urand:   4%|▎         | 591495168/16766984746 [00:35<15:23, 17507576.24B/s]
   GAP-urand:   4%|▎         | 593248256/16766984746 [00:35<15:24, 17492116.57B/s]
   GAP-urand:   4%|▎         | 595017728/16766984746 [00:35<15:23, 17518260.62B/s]
   GAP-urand:   4%|▎         | 596770816/16766984746 [00:35<15:26, 17451565.63B/s]
   GAP-urand:   4%|▎         | 598523904/16766984746 [00:35<15:29, 17390623.24B/s]
   GAP-urand:   4%|▎         | 600309760/16766984746 [00:35<15:23, 17510266.94B/s]
   GAP-urand:   4%|▎         | 602062848/16766984746 [00:35<15:23, 17512072.66B/s]
   GAP-urand:   4%|▎         | 603848704/16766984746 [00:35<15:19, 17577631.25B/s]
   GAP-urand:   4%|▎         | 605634560/16766984746 [00:35<15:17, 17618380.94B/s]
   GAP-urand:   4%|▎         | 607436800/16766984746 [00:36<15:12, 17700281.47B/s]
   GAP-urand:   4%|▎         | 609222656/16766984746 [00:36<15:22, 17523060.79B/s]
   GAP-urand:   4%|▎         | 610975744/16766984746 [00:36<15:24, 17469261.67B/s]
   GAP-urand:   4%|▎         | 612728832/16766984746 [00:36<15:25, 17455222.27B/s]
   GAP-urand:   4%|▎         | 614498304/16766984746 [00:36<15:23, 17490972.13B/s]
   GAP-urand:   4%|▎         | 616267776/16766984746 [00:36<15:21, 17534555.09B/s]
   GAP-urand:   4%|▎         | 618037248/16766984746 [00:36<15:19, 17560220.84B/s]
   GAP-urand:   4%|▎         | 619806720/16766984746 [00:36<15:18, 17587102.33B/s]
   GAP-urand:   4%|▎         | 621576192/16766984746 [00:36<15:29, 17365501.57B/s]
   GAP-urand:   4%|▎         | 623329280/16766984746 [00:37<15:42, 17122521.38B/s]
   GAP-urand:   4%|▎         | 625049600/16766984746 [00:37<15:42, 17118399.34B/s]
   GAP-urand:   4%|▎         | 626819072/16766984746 [00:37<15:33, 17284499.50B/s]
   GAP-urand:   4%|▎         | 628604928/16766984746 [00:37<15:26, 17413142.79B/s]
   GAP-urand:   4%|▍         | 630390784/16766984746 [00:37<15:19, 17544931.05B/s]
   GAP-urand:   4%|▍         | 632160256/16766984746 [00:37<15:31, 17323928.71B/s]
   GAP-urand:   4%|▍         | 633896960/16766984746 [00:37<15:50, 16970912.19B/s]
   GAP-urand:   4%|▍         | 635617280/16766984746 [00:37<15:47, 17032044.40B/s]
   GAP-urand:   4%|▍         | 637337600/16766984746 [00:37<15:51, 16945421.00B/s]
   GAP-urand:   4%|▍         | 639041536/16766984746 [00:37<15:58, 16828478.90B/s]
   GAP-urand:   4%|▍         | 640761856/16766984746 [00:38<15:52, 16934125.42B/s]
   GAP-urand:   4%|▍         | 642531328/16766984746 [00:38<15:42, 17109895.63B/s]
   GAP-urand:   4%|▍         | 644251648/16766984746 [00:38<15:49, 16982522.01B/s]
   GAP-urand:   4%|▍         | 645955584/16766984746 [00:38<16:14, 16550694.07B/s]
   GAP-urand:   4%|▍         | 647692288/16766984746 [00:38<16:00, 16777189.50B/s]
   GAP-urand:   4%|▍         | 649396224/16766984746 [00:38<15:57, 16836198.40B/s]
   GAP-urand:   4%|▍         | 651083776/16766984746 [00:38<15:59, 16792091.54B/s]
   GAP-urand:   4%|▍         | 652836864/16766984746 [00:38<15:47, 17009142.50B/s]
   GAP-urand:   4%|▍         | 654589952/16766984746 [00:38<15:40, 17127698.72B/s]
   GAP-urand:   4%|▍         | 656310272/16766984746 [00:38<15:39, 17146280.03B/s]
   GAP-urand:   4%|▍         | 658079744/16766984746 [00:39<15:32, 17280560.52B/s]
   GAP-urand:   4%|▍         | 659832832/16766984746 [00:39<15:30, 17315892.49B/s]
   GAP-urand:   4%|▍         | 661602304/16766984746 [00:39<15:25, 17411197.28B/s]
   GAP-urand:   4%|▍         | 663355392/16766984746 [00:39<15:24, 17417318.32B/s]
   GAP-urand:   4%|▍         | 665108480/16766984746 [00:39<15:27, 17367469.82B/s]
   GAP-urand:   4%|▍         | 666894336/16766984746 [00:39<15:20, 17492383.94B/s]
   GAP-urand:   4%|▍         | 668680192/16766984746 [00:39<15:16, 17569870.49B/s]
   GAP-urand:   4%|▍         | 670466048/16766984746 [00:39<15:12, 17644422.60B/s]
   GAP-urand:   4%|▍         | 672235520/16766984746 [00:39<15:11, 17656878.44B/s]
   GAP-urand:   4%|▍         | 674021376/16766984746 [00:39<15:09, 17689231.90B/s]
   GAP-urand:   4%|▍         | 675823616/16766984746 [00:40<15:04, 17788064.08B/s]
   GAP-urand:   4%|▍         | 677625856/16766984746 [00:40<15:00, 17857819.09B/s]
   GAP-urand:   4%|▍         | 679411712/16766984746 [00:40<15:11, 17647692.26B/s]
   GAP-urand:   4%|▍         | 681181184/16766984746 [00:40<15:15, 17578955.28B/s]
   GAP-urand:   4%|▍         | 682950656/16766984746 [00:40<15:22, 17441820.44B/s]
   GAP-urand:   4%|▍         | 684720128/16766984746 [00:40<15:19, 17491211.11B/s]
   GAP-urand:   4%|▍         | 686505984/16766984746 [00:40<15:15, 17558547.99B/s]
   GAP-urand:   4%|▍         | 688275456/16766984746 [00:40<15:25, 17377531.15B/s]
   GAP-urand:   4%|▍         | 690028544/16766984746 [00:40<15:31, 17250230.35B/s]
   GAP-urand:   4%|▍         | 691798016/16766984746 [00:40<15:27, 17333246.49B/s]
   GAP-urand:   4%|▍         | 693567488/16766984746 [00:41<15:23, 17404127.85B/s]
   GAP-urand:   4%|▍         | 695320576/16766984746 [00:41<15:26, 17344072.76B/s]
   GAP-urand:   4%|▍         | 697057280/16766984746 [00:41<15:35, 17183574.57B/s]
   GAP-urand:   4%|▍         | 698777600/16766984746 [00:41<15:41, 17070203.05B/s]
   GAP-urand:   4%|▍         | 700530688/16766984746 [00:41<15:36, 17156073.87B/s]
   GAP-urand:   4%|▍         | 702332928/16766984746 [00:41<15:24, 17370797.08B/s]
   GAP-urand:   4%|▍         | 704102400/16766984746 [00:41<15:21, 17432089.23B/s]
   GAP-urand:   4%|▍         | 705855488/16766984746 [00:41<15:28, 17293899.17B/s]
   GAP-urand:   4%|▍         | 707624960/16766984746 [00:41<15:24, 17374821.23B/s]
   GAP-urand:   4%|▍         | 709378048/16766984746 [00:41<15:25, 17345278.15B/s]
   GAP-urand:   4%|▍         | 711163904/16766984746 [00:42<15:17, 17497327.15B/s]
   GAP-urand:   4%|▍         | 712933376/16766984746 [00:42<15:16, 17523764.76B/s]
   GAP-urand:   4%|▍         | 714702848/16766984746 [00:42<15:13, 17568968.76B/s]
   GAP-urand:   4%|▍         | 716472320/16766984746 [00:42<15:12, 17589328.08B/s]
   GAP-urand:   4%|▍         | 718241792/16766984746 [00:42<15:15, 17535416.79B/s]
   GAP-urand:   4%|▍         | 720011264/16766984746 [00:42<15:16, 17499674.18B/s]
   GAP-urand:   4%|▍         | 721764352/16766984746 [00:42<15:18, 17462168.79B/s]
   GAP-urand:   4%|▍         | 723517440/16766984746 [00:42<15:19, 17449072.92B/s]
   GAP-urand:   4%|▍         | 725319680/16766984746 [00:42<15:11, 17597398.20B/s]
   GAP-urand:   4%|▍         | 727121920/16766984746 [00:42<15:06, 17703837.55B/s]
   GAP-urand:   4%|▍         | 728907776/16766984746 [00:43<15:14, 17545886.22B/s]
   GAP-urand:   4%|▍         | 730677248/16766984746 [00:43<15:46, 16937812.49B/s]
   GAP-urand:   4%|▍         | 732381184/16766984746 [00:43<15:47, 16917720.02B/s]
   GAP-urand:   4%|▍         | 734085120/16766984746 [00:43<15:46, 16939670.82B/s]
   GAP-urand:   4%|▍         | 735789056/16766984746 [00:43<15:47, 16919578.86B/s]
   GAP-urand:   4%|▍         | 737492992/16766984746 [00:43<15:45, 16946467.90B/s]
   GAP-urand:   4%|▍         | 739213312/16766984746 [00:43<15:43, 16992466.68B/s]
   GAP-urand:   4%|▍         | 740917248/16766984746 [00:43<15:47, 16912255.45B/s]
   GAP-urand:   4%|▍         | 742621184/16766984746 [00:43<15:57, 16740613.58B/s]
   GAP-urand:   4%|▍         | 744308736/16766984746 [00:44<15:59, 16699490.67B/s]
   GAP-urand:   4%|▍         | 745996288/16766984746 [00:44<15:56, 16744940.67B/s]
   GAP-urand:   4%|▍         | 747749376/16766984746 [00:44<15:46, 16933471.82B/s]
   GAP-urand:   4%|▍         | 749502464/16766984746 [00:44<15:38, 17072094.46B/s]
   GAP-urand:   4%|▍         | 751271936/16766984746 [00:44<15:30, 17216428.08B/s]
   GAP-urand:   4%|▍         | 753008640/16766984746 [00:44<15:35, 17110071.06B/s]
   GAP-urand:   5%|▍         | 754728960/16766984746 [00:44<15:48, 16888612.56B/s]
   GAP-urand:   5%|▍         | 756432896/16766984746 [00:44<15:48, 16882749.49B/s]
   GAP-urand:   5%|▍         | 758136832/16766984746 [00:44<15:48, 16869592.48B/s]
   GAP-urand:   5%|▍         | 759840768/16766984746 [00:44<15:47, 16885834.48B/s]
   GAP-urand:   5%|▍         | 761544704/16766984746 [00:45<15:57, 16718370.94B/s]
   GAP-urand:   5%|▍         | 763281408/16766984746 [00:45<15:48, 16879536.51B/s]
   GAP-urand:   5%|▍         | 764985344/16766984746 [00:45<15:47, 16893692.15B/s]
   GAP-urand:   5%|▍         | 766689280/16766984746 [00:45<15:51, 16816859.98B/s]
   GAP-urand:   5%|▍         | 768376832/16766984746 [00:45<15:59, 16673704.47B/s]
   GAP-urand:   5%|▍         | 770080768/16766984746 [00:45<15:53, 16779766.89B/s]
   GAP-urand:   5%|▍         | 771833856/16766984746 [00:45<15:40, 17002345.19B/s]
   GAP-urand:   5%|▍         | 773586944/16766984746 [00:45<15:33, 17129361.41B/s]
   GAP-urand:   5%|▍         | 775340032/16766984746 [00:45<15:27, 17236271.60B/s]
   GAP-urand:   5%|▍         | 777076736/16766984746 [00:45<15:30, 17178089.30B/s]
   GAP-urand:   5%|▍         | 778797056/16766984746 [00:46<15:50, 16829423.02B/s]
   GAP-urand:   5%|▍         | 780484608/16766984746 [00:46<16:21, 16290973.54B/s]
   GAP-urand:   5%|▍         | 782123008/16766984746 [00:46<16:20, 16295169.99B/s]
   GAP-urand:   5%|▍         | 783843328/16766984746 [00:46<16:07, 16518049.56B/s]
   GAP-urand:   5%|▍         | 785530880/16766984746 [00:46<16:02, 16609991.78B/s]
   GAP-urand:   5%|▍         | 787234816/16766984746 [00:46<15:55, 16731985.51B/s]
   GAP-urand:   5%|▍         | 788922368/16766984746 [00:46<16:00, 16637530.26B/s]
   GAP-urand:   5%|▍         | 790593536/16766984746 [00:46<16:18, 16328740.93B/s]
   GAP-urand:   5%|▍         | 792231936/16766984746 [00:46<16:34, 16064920.24B/s]
   GAP-urand:   5%|▍         | 793853952/16766984746 [00:46<16:36, 16034145.71B/s]
   GAP-urand:   5%|▍         | 795459584/16766984746 [00:47<16:40, 15968571.87B/s]
   GAP-urand:   5%|▍         | 797147136/16766984746 [00:47<16:24, 16214818.33B/s]
   GAP-urand:   5%|▍         | 798883840/16766984746 [00:47<16:06, 16522788.03B/s]
   GAP-urand:   5%|▍         | 800620544/16766984746 [00:47<15:52, 16765777.39B/s]
   GAP-urand:   5%|▍         | 802308096/16766984746 [00:47<16:04, 16560033.82B/s]
   GAP-urand:   5%|▍         | 803979264/16766984746 [00:47<16:02, 16580626.91B/s]
   GAP-urand:   5%|▍         | 805715968/16766984746 [00:47<15:49, 16809650.95B/s]
   GAP-urand:   5%|▍         | 807436288/16766984746 [00:47<15:43, 16918292.12B/s]
   GAP-urand:   5%|▍         | 809140224/16766984746 [00:47<15:47, 16847518.01B/s]
   GAP-urand:   5%|▍         | 810827776/16766984746 [00:47<15:49, 16796460.00B/s]
   GAP-urand:   5%|▍         | 812515328/16766984746 [00:48<15:55, 16703336.65B/s]
   GAP-urand:   5%|▍         | 814186496/16766984746 [00:48<15:58, 16652089.74B/s]
   GAP-urand:   5%|▍         | 815857664/16766984746 [00:48<15:57, 16661334.04B/s]
   GAP-urand:   5%|▍         | 817528832/16766984746 [00:48<15:56, 16671206.39B/s]
   GAP-urand:   5%|▍         | 819200000/16766984746 [00:48<16:01, 16578449.45B/s]
   GAP-urand:   5%|▍         | 820871168/16766984746 [00:48<16:00, 16594787.30B/s]
   GAP-urand:   5%|▍         | 822542336/16766984746 [00:48<16:00, 16607996.55B/s]
   GAP-urand:   5%|▍         | 824213504/16766984746 [00:48<15:59, 16620585.18B/s]
   GAP-urand:   5%|▍         | 825884672/16766984746 [00:48<15:59, 16607144.13B/s]
   GAP-urand:   5%|▍         | 827555840/16766984746 [00:48<15:59, 16617656.49B/s]
   GAP-urand:   5%|▍         | 829243392/16766984746 [00:49<15:56, 16660239.96B/s]
   GAP-urand:   5%|▍         | 830914560/16766984746 [00:49<16:00, 16594891.64B/s]
   GAP-urand:   5%|▍         | 832585728/16766984746 [00:49<16:01, 16579986.46B/s]
   GAP-urand:   5%|▍         | 834256896/16766984746 [00:49<16:00, 16580255.61B/s]
   GAP-urand:   5%|▍         | 835928064/16766984746 [00:49<15:59, 16606195.81B/s]
   GAP-urand:   5%|▍         | 837599232/16766984746 [00:49<15:58, 16615740.29B/s]
   GAP-urand:   5%|▌         | 839270400/16766984746 [00:49<15:59, 16602076.11B/s]
   GAP-urand:   5%|▌         | 840941568/16766984746 [00:49<15:59, 16599922.92B/s]
   GAP-urand:   5%|▌         | 842629120/16766984746 [00:49<15:57, 16636082.50B/s]
   GAP-urand:   5%|▌         | 844316672/16766984746 [00:50<15:55, 16671465.96B/s]
   GAP-urand:   5%|▌         | 845987840/16766984746 [00:50<15:54, 16674798.85B/s]
   GAP-urand:   5%|▌         | 847659008/16766984746 [00:50<16:01, 16560211.09B/s]
   GAP-urand:   5%|▌         | 849346560/16766984746 [00:50<15:58, 16611391.08B/s]
   GAP-urand:   5%|▌         | 851017728/16766984746 [00:50<15:56, 16639355.60B/s]
   GAP-urand:   5%|▌         | 852688896/16766984746 [00:50<15:57, 16613380.37B/s]
   GAP-urand:   5%|▌         | 854360064/16766984746 [00:50<15:57, 16618159.75B/s]
   GAP-urand:   5%|▌         | 856031232/16766984746 [00:50<15:57, 16609802.48B/s]
   GAP-urand:   5%|▌         | 857702400/16766984746 [00:50<15:56, 16629032.80B/s]
   GAP-urand:   5%|▌         | 859389952/16766984746 [00:50<15:52, 16698106.80B/s]
   GAP-urand:   5%|▌         | 861061120/16766984746 [00:51<15:54, 16662722.17B/s]
   GAP-urand:   5%|▌         | 862732288/16766984746 [00:51<15:53, 16677097.61B/s]
   GAP-urand:   5%|▌         | 864403456/16766984746 [00:51<15:56, 16626130.97B/s]
   GAP-urand:   5%|▌         | 866091008/16766984746 [00:51<15:52, 16692134.51B/s]
   GAP-urand:   5%|▌         | 867778560/16766984746 [00:51<15:51, 16711753.29B/s]
   GAP-urand:   5%|▌         | 869466112/16766984746 [00:51<15:51, 16699802.17B/s]
   GAP-urand:   5%|▌         | 871137280/16766984746 [00:51<15:53, 16674179.26B/s]
   GAP-urand:   5%|▌         | 872824832/16766984746 [00:51<15:50, 16724302.44B/s]
   GAP-urand:   5%|▌         | 874512384/16766984746 [00:51<15:50, 16722981.06B/s]
   GAP-urand:   5%|▌         | 876199936/16766984746 [00:51<15:54, 16648021.07B/s]
   GAP-urand:   5%|▌         | 877871104/16766984746 [00:52<15:55, 16632915.64B/s]
   GAP-urand:   5%|▌         | 879558656/16766984746 [00:52<15:53, 16668129.02B/s]
   GAP-urand:   5%|▌         | 881229824/16766984746 [00:52<15:53, 16661177.25B/s]
   GAP-urand:   5%|▌         | 882900992/16766984746 [00:52<15:55, 16631836.99B/s]
   GAP-urand:   5%|▌         | 884572160/16766984746 [00:52<15:54, 16632721.97B/s]
   GAP-urand:   5%|▌         | 886243328/16766984746 [00:52<15:56, 16603993.81B/s]
   GAP-urand:   5%|▌         | 887930880/16766984746 [00:52<15:53, 16661247.87B/s]
   GAP-urand:   5%|▌         | 889602048/16766984746 [00:52<15:53, 16644240.75B/s]
   GAP-urand:   5%|▌         | 891273216/16766984746 [00:52<15:56, 16602572.84B/s]
   GAP-urand:   5%|▌         | 892960768/16766984746 [00:52<15:53, 16643738.68B/s]
   GAP-urand:   5%|▌         | 894648320/16766984746 [00:53<15:51, 16674418.87B/s]
   GAP-urand:   5%|▌         | 896319488/16766984746 [00:53<15:51, 16684315.79B/s]
   GAP-urand:   5%|▌         | 897990656/16766984746 [00:53<15:52, 16653183.01B/s]
   GAP-urand:   5%|▌         | 899661824/16766984746 [00:53<15:53, 16649354.51B/s]
   GAP-urand:   5%|▌         | 901365760/16766984746 [00:53<15:48, 16719484.90B/s]
   GAP-urand:   5%|▌         | 903053312/16766984746 [00:53<15:50, 16692772.87B/s]
   GAP-urand:   5%|▌         | 904724480/16766984746 [00:53<15:51, 16674842.97B/s]
   GAP-urand:   5%|▌         | 906395648/16766984746 [00:53<15:54, 16620470.13B/s]
   GAP-urand:   5%|▌         | 908083200/16766984746 [00:53<15:50, 16684725.93B/s]
   GAP-urand:   5%|▌         | 909754368/16766984746 [00:53<15:50, 16683871.39B/s]
   GAP-urand:   5%|▌         | 911425536/16766984746 [00:54<15:50, 16676360.63B/s]
   GAP-urand:   5%|▌         | 913096704/16766984746 [00:54<15:51, 16669422.68B/s]
   GAP-urand:   5%|▌         | 914767872/16766984746 [00:54<15:53, 16624421.77B/s]
   GAP-urand:   5%|▌         | 916455424/16766984746 [00:54<15:51, 16653783.53B/s]
   GAP-urand:   5%|▌         | 918126592/16766984746 [00:54<15:50, 16667379.34B/s]
   GAP-urand:   5%|▌         | 919830528/16766984746 [00:54<15:47, 16723420.70B/s]
   GAP-urand:   5%|▌         | 921518080/16766984746 [00:54<15:47, 16716955.27B/s]
   GAP-urand:   6%|▌         | 923205632/16766984746 [00:54<15:45, 16754347.64B/s]
   GAP-urand:   6%|▌         | 924893184/16766984746 [00:54<15:45, 16751869.75B/s]
   GAP-urand:   6%|▌         | 926580736/16766984746 [00:54<15:47, 16713371.46B/s]
   GAP-urand:   6%|▌         | 928268288/16766984746 [00:55<15:45, 16750899.72B/s]
   GAP-urand:   6%|▌         | 929955840/16766984746 [00:55<15:48, 16705331.10B/s]
   GAP-urand:   6%|▌         | 931627008/16766984746 [00:55<15:51, 16645014.25B/s]
   GAP-urand:   6%|▌         | 933314560/16766984746 [00:55<15:48, 16689401.95B/s]
   GAP-urand:   6%|▌         | 935002112/16766984746 [00:55<15:48, 16693799.43B/s]
   GAP-urand:   6%|▌         | 936689664/16766984746 [00:55<15:48, 16681052.18B/s]
   GAP-urand:   6%|▌         | 938377216/16766984746 [00:55<15:47, 16698575.04B/s]
   GAP-urand:   6%|▌         | 940081152/16766984746 [00:55<15:45, 16744697.67B/s]
   GAP-urand:   6%|▌         | 941768704/16766984746 [00:55<15:47, 16705287.20B/s]
   GAP-urand:   6%|▌         | 943456256/16766984746 [00:55<15:46, 16724324.27B/s]
   GAP-urand:   6%|▌         | 945143808/16766984746 [00:56<15:45, 16739218.10B/s]
   GAP-urand:   6%|▌         | 946831360/16766984746 [00:56<15:49, 16657856.05B/s]
   
   asv: benchmark timed out (timeout 60s)
INFO:root:GMRES.GMRESBenchmark.time_gmres

·· GMRES.GMRESBenchmark.time_gmres