---------------------------------------
Begin Slurm Prolog: Sep-10-2026 18:40:27
Job ID:    13076610
User ID:   wahrens6
Account:   gts-wahrens6
Job name:  dataset-upload
Partition: cpu-amd
QOS:       embers
---------------------------------------
INFO:root:Using SAPS config: {}
· Using SAPS config: {}INFO:root:Using SAPS outputs directory: /storage/scratch1/7/wahrens6/SparseArrayProgrammingSuite/.saps/outputs

· Using SAPS outputs directory: /storage/scratch1/7/wahrens6/SparseArrayProgrammingSuite/.saps/outputsINFO:root:Using SAPS dataset cache: /storage/scratch1/7/wahrens6/SparseArrayProgrammingSuite/.saps/outputs/cache

· Using SAPS dataset cache: /storage/scratch1/7/wahrens6/SparseArrayProgrammingSuite/.saps/outputs/cacheINFO:root:Using SAPS machine files directory: /storage/scratch1/7/wahrens6/SparseArrayProgrammingSuite/.saps/machine_files

· Using SAPS machine files directory: /storage/scratch1/7/wahrens6/SparseArrayProgrammingSuite/.saps/machine_filesINFO:root:Discovering benchmarks

· Discovering benchmarksINFO:root:Benchmarking existing-py_storage_home_hcoda1_7_wahrens6_.cache_pypoetry_virtualenvs_saps-RkeCTkZF-py3.12_bin_python3
Discovered 24 benchmark entries for caching
Using timeout: 5000 seconds

· Benchmarking existing-py_storage_home_hcoda1_7_wahrens6_.cache_pypoetry_virtualenvs_saps-RkeCTkZF-py3.12_bin_python3INFO:root:BFS.BreadthFirstSearchBenchmark.time_bfs

·· BFS.BreadthFirstSearchBenchmark.time_bfs                        okINFO:root:========================================= =====
                 dataset                       
----------------------------------------- -----
      bfs_inputs.snap-email-Eu-core        n/a 
    bfs_inputs.snap-facebook_combined      n/a 
         bfs_inputs.snap-ca-GrQc           n/a 
      bfs_inputs.snap-p2p-Gnutella04       n/a 
      bfs_test_inputs.test_bfs_basic       n/a 
   bfs_test_inputs.test_bfs_single_node    n/a 
  bfs_test_inputs.test_bfs_disconnected    n/a 
   bfs_test_inputs.test_bfs_undirected     n/a 
      bfs_test_inputs.test_bfs_cycle       n/a 
    bfs_test_inputs.test_bfs_snap_toy      n/a 
   bfs_gap_inputs.GAP/GAP-road_4795720     n/a 
   bfs_gap_inputs.GAP/GAP-road_21003853    n/a 
    bfs_gap_inputs.GAP/GAP-road_417968     n/a 
   bfs_gap_inputs.GAP/GAP-road_6496511     n/a 
   bfs_gap_inputs.GAP/GAP-road_6648699     n/a 
   bfs_gap_inputs.GAP/GAP-road_9811073     n/a 
   bfs_gap_inputs.GAP/GAP-road_22247478    n/a 
   bfs_gap_inputs.GAP/GAP-road_5720252     n/a 
   bfs_gap_inputs.GAP/GAP-road_12366459    n/a 
   bfs_gap_inputs.GAP/GAP-road_20413729    n/a 
   bfs_gap_inputs.GAP/GAP-road_4217374     n/a 
   bfs_gap_inputs.GAP/GAP-road_2674749     n/a 
   bfs_gap_inputs.GAP/GAP-road_22085557    n/a 
   bfs_gap_inputs.GAP/GAP-road_19445040    n/a 
   bfs_gap_inputs.GAP/GAP-road_2360788     n/a 
   bfs_gap_inputs.GAP/GAP-road_19115968    n/a 
   bfs_gap_inputs.GAP/GAP-road_7758767     n/a 
   bfs_gap_inputs.GAP/GAP-road_13468234    n/a 
    bfs_gap_inputs.GAP/GAP-road_30367      n/a 
   bfs_gap_inputs.GAP/GAP-road_18599547    n/a 
   bfs_gap_inputs.GAP/GAP-road_7526108     n/a 
   bfs_gap_inputs.GAP/GAP-road_16836280    n/a 
   bfs_gap_inputs.GAP/GAP-road_12742067    n/a 
   bfs_gap_inputs.GAP/GAP-road_7697995     n/a 
   bfs_gap_inputs.GAP/GAP-road_5876443     n/a 
   bfs_gap_inputs.GAP/GAP-road_9616340     n/a 
   bfs_gap_inputs.GAP/GAP-road_2497673     n/a 
   bfs_gap_inputs.GAP/GAP-road_10052290    n/a 
   bfs_gap_inputs.GAP/GAP-road_12493057    n/a 
   bfs_gap_inputs.GAP/GAP-road_1670855     n/a 
   bfs_gap_inputs.GAP/GAP-road_2760679     n/a 
   bfs_gap_inputs.GAP/GAP-road_2460941     n/a 
   bfs_gap_inputs.GAP/GAP-road_8489650     n/a 
   bfs_gap_inputs.GAP/GAP-road_5005225     n/a 
   bfs_gap_inputs.GAP/GAP-road_8744645     n/a 
   bfs_gap_inputs.GAP/GAP-road_8512023     n/a 
   bfs_gap_inputs.GAP/GAP-road_21912165    n/a 
   bfs_gap_inputs.GAP/GAP-road_1105390     n/a 
   bfs_gap_inputs.GAP/GAP-road_15432163    n/a 
   bfs_gap_inputs.GAP/GAP-road_1600177     n/a 
   bfs_gap_inputs.GAP/GAP-road_19079469    n/a 
   bfs_gap_inputs.GAP/GAP-road_16516637    n/a 
   bfs_gap_inputs.GAP/GAP-road_20202566    n/a 
   bfs_gap_inputs.GAP/GAP-road_21372803    n/a 
   bfs_gap_inputs.GAP/GAP-road_2898009     n/a 
   bfs_gap_inputs.GAP/GAP-road_8491277     n/a 
   bfs_gap_inputs.GAP/GAP-road_18798317    n/a 
   bfs_gap_inputs.GAP/GAP-road_23757560    n/a 
   bfs_gap_inputs.GAP/GAP-road_17161819    n/a 
   bfs_gap_inputs.GAP/GAP-road_23180739    n/a 
   bfs_gap_inputs.GAP/GAP-road_10997085    n/a 
   bfs_gap_inputs.GAP/GAP-road_3730630     n/a 
   bfs_gap_inputs.GAP/GAP-road_1079068     n/a 
   bfs_gap_inputs.GAP/GAP-road_15426822    n/a 
   bfs_gap_inputs.GAP/GAP-road_12190925    n/a 
   bfs_gap_inputs.GAP/GAP-road_1155218     n/a 
   bfs_gap_inputs.GAP/GAP-road_10693488    n/a 
   bfs_gap_inputs.GAP/GAP-road_14434835    n/a 
   bfs_gap_inputs.GAP/GAP-road_19963339    n/a 
   bfs_gap_inputs.GAP/GAP-road_3486185     n/a 
   bfs_gap_inputs.GAP/GAP-road_18383269    n/a 
   bfs_gap_inputs.GAP/GAP-road_20269908    n/a 
   bfs_gap_inputs.GAP/GAP-road_12370764    n/a 
   bfs_gap_inputs.GAP/GAP-road_7843140     n/a 
 bfs_gap_inputs.GAP/GAP-twitter_12441072   n/a 
 bfs_gap_inputs.GAP/GAP-twitter_54488257   n/a 
 bfs_gap_inputs.GAP/GAP-twitter_25451915   n/a 
 bfs_gap_inputs.GAP/GAP-twitter_57714473   n/a 
 bfs_gap_inputs.GAP/GAP-twitter_14839494   n/a 
 bfs_gap_inputs.GAP/GAP-twitter_32081104   n/a 
 bfs_gap_inputs.GAP/GAP-twitter_52957357   n/a 
 bfs_gap_inputs.GAP/GAP-twitter_50444380   n/a 
 bfs_gap_inputs.GAP/GAP-twitter_49590701   n/a 
 bfs_gap_inputs.GAP/GAP-twitter_20127816   n/a 
 bfs_gap_inputs.GAP/GAP-twitter_34939333   n/a 
 bfs_gap_inputs.GAP/GAP-twitter_48251001   n/a 
 bfs_gap_inputs.GAP/GAP-twitter_19524253   n/a 
 bfs_gap_inputs.GAP/GAP-twitter_43676726   n/a 
 bfs_gap_inputs.GAP/GAP-twitter_33055508   n/a 
 bfs_gap_inputs.GAP/GAP-twitter_15244687   n/a 
 bfs_gap_inputs.GAP/GAP-twitter_24946738   n/a 
  bfs_gap_inputs.GAP/GAP-twitter_6479472   n/a 
 bfs_gap_inputs.GAP/GAP-twitter_26077682   n/a 
 bfs_gap_inputs.GAP/GAP-twitter_22023875   n/a 
 bfs_gap_inputs.GAP/GAP-twitter_22081915   n/a 
 bfs_gap_inputs.GAP/GAP-twitter_40034162   n/a 
 bfs_gap_inputs.GAP/GAP-twitter_49496014   n/a 
 bfs_gap_inputs.GAP/GAP-twitter_42847507   n/a 
 bfs_gap_inputs.GAP/GAP-twitter_52409557   n/a 
 bfs_gap_inputs.GAP/GAP-twitter_55445388   n/a 
 bfs_gap_inputs.GAP/GAP-twitter_22028097   n/a 
 bfs_gap_inputs.GAP/GAP-twitter_48766648   n/a 
 bfs_gap_inputs.GAP/GAP-twitter_44521241   n/a 
 bfs_gap_inputs.GAP/GAP-twitter_60135542   n/a 
 bfs_gap_inputs.GAP/GAP-twitter_28528671   n/a 
  bfs_gap_inputs.GAP/GAP-twitter_9678012   n/a 
 bfs_gap_inputs.GAP/GAP-twitter_40020306   n/a 
 bfs_gap_inputs.GAP/GAP-twitter_31625735   n/a 
 bfs_gap_inputs.GAP/GAP-twitter_37446892   n/a 
 bfs_gap_inputs.GAP/GAP-twitter_51788952   n/a 
 bfs_gap_inputs.GAP/GAP-twitter_52584255   n/a 
 bfs_gap_inputs.GAP/GAP-twitter_20346696   n/a 
 bfs_gap_inputs.GAP/GAP-twitter_48387909   n/a 
 bfs_gap_inputs.GAP/GAP-twitter_37337427   n/a 
 bfs_gap_inputs.GAP/GAP-twitter_50501084   n/a 
 bfs_gap_inputs.GAP/GAP-twitter_30130061   n/a 
 bfs_gap_inputs.GAP/GAP-twitter_41185893   n/a 
 bfs_gap_inputs.GAP/GAP-twitter_56495703   n/a 
 bfs_gap_inputs.GAP/GAP-twitter_45663305   n/a 
 bfs_gap_inputs.GAP/GAP-twitter_33359460   n/a 
 bfs_gap_inputs.GAP/GAP-twitter_48143058   n/a 
 bfs_gap_inputs.GAP/GAP-twitter_33291513   n/a 
 bfs_gap_inputs.GAP/GAP-twitter_53461445   n/a 
 bfs_gap_inputs.GAP/GAP-twitter_29340610   n/a 
 bfs_gap_inputs.GAP/GAP-twitter_34148498   n/a 
 bfs_gap_inputs.GAP/GAP-twitter_49171806   n/a 
 bfs_gap_inputs.GAP/GAP-twitter_35550696   n/a 
 bfs_gap_inputs.GAP/GAP-twitter_14521507   n/a 
 bfs_gap_inputs.GAP/GAP-twitter_51633218   n/a 
 bfs_gap_inputs.GAP/GAP-twitter_46823382   n/a 
 bfs_gap_inputs.GAP/GAP-twitter_19396273   n/a 
 bfs_gap_inputs.GAP/GAP-twitter_19871750   n/a 
 bfs_gap_inputs.GAP/GAP-twitter_36862677   n/a 
 bfs_gap_inputs.GAP/GAP-twitter_49539126   n/a 
 bfs_gap_inputs.GAP/GAP-twitter_34016452   n/a 
 bfs_gap_inputs.GAP/GAP-twitter_36567395   n/a 
 bfs_gap_inputs.GAP/GAP-twitter_55487793   n/a 
 bfs_gap_inputs.GAP/GAP-twitter_14391370   n/a 
   bfs_gap_inputs.GAP/GAP-web_10219452     n/a 
   bfs_gap_inputs.GAP/GAP-web_44758211     n/a 
    bfs_gap_inputs.GAP/GAP-web_890671      n/a 
   bfs_gap_inputs.GAP/GAP-web_13843756     n/a 
   bfs_gap_inputs.GAP/GAP-web_14168062     n/a 
   bfs_gap_inputs.GAP/GAP-web_20906930     n/a 
   bfs_gap_inputs.GAP/GAP-web_12189584     n/a 
   bfs_gap_inputs.GAP/GAP-web_26352335     n/a 
   bfs_gap_inputs.GAP/GAP-web_43500686     n/a 
    bfs_gap_inputs.GAP/GAP-web_8987024     n/a 
    bfs_gap_inputs.GAP/GAP-web_5699762     n/a 
   bfs_gap_inputs.GAP/GAP-web_41436455     n/a 
    bfs_gap_inputs.GAP/GAP-web_5030727     n/a 
   bfs_gap_inputs.GAP/GAP-web_40735218     n/a 
   bfs_gap_inputs.GAP/GAP-web_16533563     n/a 
   bfs_gap_inputs.GAP/GAP-web_28700166     n/a 
     bfs_gap_inputs.GAP/GAP-web_64711      n/a 
   bfs_gap_inputs.GAP/GAP-web_39634750     n/a 
   bfs_gap_inputs.GAP/GAP-web_16037779     n/a 
   bfs_gap_inputs.GAP/GAP-web_27152739     n/a 
   bfs_gap_inputs.GAP/GAP-web_16404061     n/a 
   bfs_gap_inputs.GAP/GAP-web_20491963     n/a 
    bfs_gap_inputs.GAP/GAP-web_5322423     n/a 
   bfs_gap_inputs.GAP/GAP-web_21420953     n/a 
   bfs_gap_inputs.GAP/GAP-web_26622109     n/a 
    bfs_gap_inputs.GAP/GAP-web_5882875     n/a 
   bfs_gap_inputs.GAP/GAP-web_18091040     n/a 
   bfs_gap_inputs.GAP/GAP-web_10665896     n/a 
   bfs_gap_inputs.GAP/GAP-web_18634422     n/a 
   bfs_gap_inputs.GAP/GAP-web_18138715     n/a 
    bfs_gap_inputs.GAP/GAP-web_2355535     n/a 
   bfs_gap_inputs.GAP/GAP-web_32885205     n/a 
   bfs_gap_inputs.GAP/GAP-web_40657440     n/a 
   bfs_gap_inputs.GAP/GAP-web_35196167     n/a 
   bfs_gap_inputs.GAP/GAP-web_45544426     n/a 
    bfs_gap_inputs.GAP/GAP-web_6175519     n/a 
   bfs_gap_inputs.GAP/GAP-web_40058318     n/a 
   bfs_gap_inputs.GAP/GAP-web_50626230     n/a 
   bfs_gap_inputs.GAP/GAP-web_36571019     n/a 
   bfs_gap_inputs.GAP/GAP-web_49397052     n/a 
   bfs_gap_inputs.GAP/GAP-web_23434265     n/a 
    bfs_gap_inputs.GAP/GAP-web_2299444     n/a 
   bfs_gap_inputs.GAP/GAP-web_32873823     n/a 
   bfs_gap_inputs.GAP/GAP-web_25978282     n/a 
    bfs_gap_inputs.GAP/GAP-web_2461715     n/a 
   bfs_gap_inputs.GAP/GAP-web_22787314     n/a 
   bfs_gap_inputs.GAP/GAP-web_30759947     n/a 
    bfs_gap_inputs.GAP/GAP-web_7428894     n/a 
   bfs_gap_inputs.GAP/GAP-web_39173870     n/a 
   bfs_gap_inputs.GAP/GAP-web_43194209     n/a 
   bfs_gap_inputs.GAP/GAP-web_26361509     n/a 
   bfs_gap_inputs.GAP/GAP-web_39747211     n/a 
   bfs_gap_inputs.GAP/GAP-web_30670029     n/a 
   bfs_gap_inputs.GAP/GAP-web_41483033     n/a 
    bfs_gap_inputs.GAP/GAP-web_9358666     n/a 
    bfs_gap_inputs.GAP/GAP-web_9945008     n/a 
    bfs_gap_inputs.GAP/GAP-web_3355244     n/a 
   bfs_gap_inputs.GAP/GAP-web_33831269     n/a 
   bfs_gap_inputs.GAP/GAP-web_45124744     n/a 
   bfs_gap_inputs.GAP/GAP-web_16137877     n/a 
   bfs_gap_inputs.GAP/GAP-web_11235448     n/a 
   bfs_gap_inputs.GAP/GAP-web_37509144     n/a 
   bfs_gap_inputs.GAP/GAP-web_27402414     n/a 
   bfs_gap_inputs.GAP/GAP-web_39546083     n/a 
   bfs_gap_inputs.GAP/GAP-kron_2338012     n/a 
   bfs_gap_inputs.GAP/GAP-kron_31997659    n/a 
   bfs_gap_inputs.GAP/GAP-kron_23590940    n/a 
   bfs_gap_inputs.GAP/GAP-kron_43400604    n/a 
   bfs_gap_inputs.GAP/GAP-kron_75337937    n/a 
    bfs_gap_inputs.GAP/GAP-kron_169867     n/a 
  bfs_gap_inputs.GAP/GAP-kron_104041220    n/a 
   bfs_gap_inputs.GAP/GAP-kron_94177942    n/a 
   bfs_gap_inputs.GAP/GAP-kron_32871357    n/a 
   bfs_gap_inputs.GAP/GAP-kron_56230002    n/a 
   bfs_gap_inputs.GAP/GAP-kron_69883037    n/a 
   bfs_gap_inputs.GAP/GAP-kron_9346345     n/a 
   bfs_gap_inputs.GAP/GAP-kron_48915358    n/a 
  bfs_gap_inputs.GAP/GAP-kron_122571173    n/a 
   bfs_gap_inputs.GAP/GAP-kron_6183279     n/a 
   bfs_gap_inputs.GAP/GAP-kron_86323663    n/a 
  bfs_gap_inputs.GAP/GAP-kron_106725780    n/a 
   bfs_gap_inputs.GAP/GAP-kron_92389938    n/a 
   bfs_gap_inputs.GAP/GAP-kron_16210738    n/a 
   bfs_gap_inputs.GAP/GAP-kron_59816700    n/a 
  bfs_gap_inputs.GAP/GAP-kron_111669929    n/a 
  bfs_gap_inputs.GAP/GAP-kron_102831411    n/a 
  bfs_gap_inputs.GAP/GAP-kron_113384800    n/a 
   bfs_gap_inputs.GAP/GAP-kron_43872564    n/a 
   bfs_gap_inputs.GAP/GAP-kron_80508827    n/a 
   bfs_gap_inputs.GAP/GAP-kron_26105648    n/a 
   bfs_gap_inputs.GAP/GAP-kron_8807516     n/a 
  bfs_gap_inputs.GAP/GAP-kron_118452455    n/a 
  bfs_gap_inputs.GAP/GAP-kron_121818859    n/a 
   bfs_gap_inputs.GAP/GAP-kron_42361928    n/a 
   bfs_gap_inputs.GAP/GAP-kron_29493053    n/a 
   bfs_gap_inputs.GAP/GAP-kron_98461503    n/a 
   bfs_gap_inputs.GAP/GAP-kron_71931337    n/a 
  bfs_gap_inputs.GAP/GAP-kron_103808468    n/a 
   bfs_gap_inputs.GAP/GAP-kron_4092345     n/a 
  bfs_gap_inputs.GAP/GAP-kron_115276241    n/a 
   bfs_gap_inputs.GAP/GAP-kron_4649343     n/a 
   bfs_gap_inputs.GAP/GAP-kron_76656189    n/a 
   bfs_gap_inputs.GAP/GAP-kron_31312001    n/a 
  bfs_gap_inputs.GAP/GAP-kron_111334127    n/a 
  bfs_gap_inputs.GAP/GAP-kron_100962918    n/a 
   bfs_gap_inputs.GAP/GAP-kron_41823215    n/a 
   bfs_gap_inputs.GAP/GAP-kron_22631240    n/a 
   bfs_gap_inputs.GAP/GAP-kron_42848461    n/a 
   bfs_gap_inputs.GAP/GAP-kron_79485148    n/a 
  bfs_gap_inputs.GAP/GAP-kron_106818742    n/a 
   bfs_gap_inputs.GAP/GAP-kron_73347974    n/a 
   bfs_gap_inputs.GAP/GAP-kron_78848445    n/a 
  bfs_gap_inputs.GAP/GAP-kron_109920510    n/a 
  bfs_gap_inputs.GAP/GAP-kron_121492133    n/a 
  bfs_gap_inputs.GAP/GAP-kron_101037296    n/a 
   bfs_gap_inputs.GAP/GAP-kron_15438600    n/a 
   bfs_gap_inputs.GAP/GAP-kron_4584784     n/a 
  bfs_gap_inputs.GAP/GAP-kron_124503845    n/a 
   bfs_gap_inputs.GAP/GAP-kron_87241743    n/a 
  bfs_gap_inputs.GAP/GAP-kron_108297008    n/a 
   bfs_gap_inputs.GAP/GAP-kron_33955082    n/a 
   bfs_gap_inputs.GAP/GAP-kron_79934823    n/a 
   bfs_gap_inputs.GAP/GAP-kron_8608481     n/a 
   bfs_gap_inputs.GAP/GAP-kron_82435063    n/a 
   bfs_gap_inputs.GAP/GAP-kron_46579271    n/a 
    bfs_gap_inputs.GAP/GAP-kron_515421     n/a 
  bfs_gap_inputs.GAP/GAP-kron_121530467    n/a 
  bfs_gap_inputs.GAP/GAP-kron_127978736    n/a 
  bfs_gap_inputs.GAP/GAP-urand_27691419    n/a 
  bfs_gap_inputs.GAP/GAP-urand_121280314   n/a 
   bfs_gap_inputs.GAP/GAP-urand_2413431    n/a 
  bfs_gap_inputs.GAP/GAP-urand_37512113    n/a 
  bfs_gap_inputs.GAP/GAP-urand_38390877    n/a 
  bfs_gap_inputs.GAP/GAP-urand_56651037    n/a 
  bfs_gap_inputs.GAP/GAP-urand_128461248   n/a 
  bfs_gap_inputs.GAP/GAP-urand_33029842    n/a 
  bfs_gap_inputs.GAP/GAP-urand_71406328    n/a 
  bfs_gap_inputs.GAP/GAP-urand_117872827   n/a 
  bfs_gap_inputs.GAP/GAP-urand_24351938    n/a 
  bfs_gap_inputs.GAP/GAP-urand_15444519    n/a 
  bfs_gap_inputs.GAP/GAP-urand_127526281   n/a 
  bfs_gap_inputs.GAP/GAP-urand_112279428   n/a 
  bfs_gap_inputs.GAP/GAP-urand_13631649    n/a 
  bfs_gap_inputs.GAP/GAP-urand_110379302   n/a 
  bfs_gap_inputs.GAP/GAP-urand_44800623    n/a 
  bfs_gap_inputs.GAP/GAP-urand_77768193    n/a 
   bfs_gap_inputs.GAP/GAP-urand_175347     n/a 
  bfs_gap_inputs.GAP/GAP-urand_107397389   n/a 
  bfs_gap_inputs.GAP/GAP-urand_43457209    n/a 
  bfs_gap_inputs.GAP/GAP-urand_97215940    n/a 
  bfs_gap_inputs.GAP/GAP-urand_73575165    n/a 
  bfs_gap_inputs.GAP/GAP-urand_44449715    n/a 
  bfs_gap_inputs.GAP/GAP-urand_33931724    n/a 
  bfs_gap_inputs.GAP/GAP-urand_55526610    n/a 
  bfs_gap_inputs.GAP/GAP-urand_14422051    n/a 
  bfs_gap_inputs.GAP/GAP-urand_58043873    n/a 
  bfs_gap_inputs.GAP/GAP-urand_72137329    n/a 
   bfs_gap_inputs.GAP/GAP-urand_9647840    n/a 
  bfs_gap_inputs.GAP/GAP-urand_15940695    n/a 
  bfs_gap_inputs.GAP/GAP-urand_14209952    n/a 
  bfs_gap_inputs.GAP/GAP-urand_49020883    n/a 
  bfs_gap_inputs.GAP/GAP-urand_28901138    n/a 
  bfs_gap_inputs.GAP/GAP-urand_50493273    n/a 
  bfs_gap_inputs.GAP/GAP-urand_49150069    n/a 
  bfs_gap_inputs.GAP/GAP-urand_126525082   n/a 
   bfs_gap_inputs.GAP/GAP-urand_6382740    n/a 
  bfs_gap_inputs.GAP/GAP-urand_89108297    n/a 
   bfs_gap_inputs.GAP/GAP-urand_9239735    n/a 
  bfs_gap_inputs.GAP/GAP-urand_110168548   n/a 
  bfs_gap_inputs.GAP/GAP-urand_95370259    n/a 
  bfs_gap_inputs.GAP/GAP-urand_116653530   n/a 
  bfs_gap_inputs.GAP/GAP-urand_123410703   n/a 
  bfs_gap_inputs.GAP/GAP-urand_16733665    n/a 
  bfs_gap_inputs.GAP/GAP-urand_49030282    n/a 
  bfs_gap_inputs.GAP/GAP-urand_108545121   n/a 
  bfs_gap_inputs.GAP/GAP-urand_99095665    n/a 
  bfs_gap_inputs.GAP/GAP-urand_133850077   n/a 
  bfs_gap_inputs.GAP/GAP-urand_63499301    n/a 
  bfs_gap_inputs.GAP/GAP-urand_21541382    n/a 
   bfs_gap_inputs.GAP/GAP-urand_6230751    n/a 
  bfs_gap_inputs.GAP/GAP-urand_89077456    n/a 
  bfs_gap_inputs.GAP/GAP-urand_70392765    n/a 
   bfs_gap_inputs.GAP/GAP-urand_6670455    n/a 
  bfs_gap_inputs.GAP/GAP-urand_61746271    n/a 
  bfs_gap_inputs.GAP/GAP-urand_83349535    n/a 
  bfs_gap_inputs.GAP/GAP-urand_115272184   n/a 
  bfs_gap_inputs.GAP/GAP-urand_20129908    n/a 
  bfs_gap_inputs.GAP/GAP-urand_106148553   n/a 
  bfs_gap_inputs.GAP/GAP-urand_117042375   n/a 
  bfs_gap_inputs.GAP/GAP-urand_71431187    n/a 
  bfs_gap_inputs.GAP/GAP-urand_45287808    n/a 
  bfs_gap_inputs.GAP/GAP-urand_107702120   n/a 
========================================= =====

·· ========================================= =====
                    dataset                       
   ----------------------------------------- -----
         bfs_inputs.snap-email-Eu-core        n/a 
       bfs_inputs.snap-facebook_combined      n/a 
            bfs_inputs.snap-ca-GrQc           n/a 
         bfs_inputs.snap-p2p-Gnutella04       n/a 
         bfs_test_inputs.test_bfs_basic       n/a 
      bfs_test_inputs.test_bfs_single_node    n/a 
     bfs_test_inputs.test_bfs_disconnected    n/a 
      bfs_test_inputs.test_bfs_undirected     n/a 
         bfs_test_inputs.test_bfs_cycle       n/a 
       bfs_test_inputs.test_bfs_snap_toy      n/a 
      bfs_gap_inputs.GAP/GAP-road_4795720     n/a 
      bfs_gap_inputs.GAP/GAP-road_21003853    n/a 
       bfs_gap_inputs.GAP/GAP-road_417968     n/a 
      bfs_gap_inputs.GAP/GAP-road_6496511     n/a 
      bfs_gap_inputs.GAP/GAP-road_6648699     n/a 
      bfs_gap_inputs.GAP/GAP-road_9811073     n/a 
      bfs_gap_inputs.GAP/GAP-road_22247478    n/a 
      bfs_gap_inputs.GAP/GAP-road_5720252     n/a 
      bfs_gap_inputs.GAP/GAP-road_12366459    n/a 
      bfs_gap_inputs.GAP/GAP-road_20413729    n/a 
      bfs_gap_inputs.GAP/GAP-road_4217374     n/a 
      bfs_gap_inputs.GAP/GAP-road_2674749     n/a 
      bfs_gap_inputs.GAP/GAP-road_22085557    n/a 
      bfs_gap_inputs.GAP/GAP-road_19445040    n/a 
      bfs_gap_inputs.GAP/GAP-road_2360788     n/a 
      bfs_gap_inputs.GAP/GAP-road_19115968    n/a 
      bfs_gap_inputs.GAP/GAP-road_7758767     n/a 
      bfs_gap_inputs.GAP/GAP-road_13468234    n/a 
       bfs_gap_inputs.GAP/GAP-road_30367      n/a 
      bfs_gap_inputs.GAP/GAP-road_18599547    n/a 
      bfs_gap_inputs.GAP/GAP-road_7526108     n/a 
      bfs_gap_inputs.GAP/GAP-road_16836280    n/a 
      bfs_gap_inputs.GAP/GAP-road_12742067    n/a 
      bfs_gap_inputs.GAP/GAP-road_7697995     n/a 
      bfs_gap_inputs.GAP/GAP-road_5876443     n/a 
      bfs_gap_inputs.GAP/GAP-road_9616340     n/a 
      bfs_gap_inputs.GAP/GAP-road_2497673     n/a 
      bfs_gap_inputs.GAP/GAP-road_10052290    n/a 
      bfs_gap_inputs.GAP/GAP-road_12493057    n/a 
      bfs_gap_inputs.GAP/GAP-road_1670855     n/a 
      bfs_gap_inputs.GAP/GAP-road_2760679     n/a 
      bfs_gap_inputs.GAP/GAP-road_2460941     n/a 
      bfs_gap_inputs.GAP/GAP-road_8489650     n/a 
      bfs_gap_inputs.GAP/GAP-road_5005225     n/a 
      bfs_gap_inputs.GAP/GAP-road_8744645     n/a 
      bfs_gap_inputs.GAP/GAP-road_8512023     n/a 
      bfs_gap_inputs.GAP/GAP-road_21912165    n/a 
      bfs_gap_inputs.GAP/GAP-road_1105390     n/a 
      bfs_gap_inputs.GAP/GAP-road_15432163    n/a 
      bfs_gap_inputs.GAP/GAP-road_1600177     n/a 
      bfs_gap_inputs.GAP/GAP-road_19079469    n/a 
      bfs_gap_inputs.GAP/GAP-road_16516637    n/a 
      bfs_gap_inputs.GAP/GAP-road_20202566    n/a 
      bfs_gap_inputs.GAP/GAP-road_21372803    n/a 
      bfs_gap_inputs.GAP/GAP-road_2898009     n/a 
      bfs_gap_inputs.GAP/GAP-road_8491277     n/a 
      bfs_gap_inputs.GAP/GAP-road_18798317    n/a 
      bfs_gap_inputs.GAP/GAP-road_23757560    n/a 
      bfs_gap_inputs.GAP/GAP-road_17161819    n/a 
      bfs_gap_inputs.GAP/GAP-road_23180739    n/a 
      bfs_gap_inputs.GAP/GAP-road_10997085    n/a 
      bfs_gap_inputs.GAP/GAP-road_3730630     n/a 
      bfs_gap_inputs.GAP/GAP-road_1079068     n/a 
      bfs_gap_inputs.GAP/GAP-road_15426822    n/a 
      bfs_gap_inputs.GAP/GAP-road_12190925    n/a 
      bfs_gap_inputs.GAP/GAP-road_1155218     n/a 
      bfs_gap_inputs.GAP/GAP-road_10693488    n/a 
      bfs_gap_inputs.GAP/GAP-road_14434835    n/a 
      bfs_gap_inputs.GAP/GAP-road_19963339    n/a 
      bfs_gap_inputs.GAP/GAP-road_3486185     n/a 
      bfs_gap_inputs.GAP/GAP-road_18383269    n/a 
      bfs_gap_inputs.GAP/GAP-road_20269908    n/a 
      bfs_gap_inputs.GAP/GAP-road_12370764    n/a 
      bfs_gap_inputs.GAP/GAP-road_7843140     n/a 
    bfs_gap_inputs.GAP/GAP-twitter_12441072   n/a 
    bfs_gap_inputs.GAP/GAP-twitter_54488257   n/a 
    bfs_gap_inputs.GAP/GAP-twitter_25451915   n/a 
    bfs_gap_inputs.GAP/GAP-twitter_57714473   n/a 
    bfs_gap_inputs.GAP/GAP-twitter_14839494   n/a 
    bfs_gap_inputs.GAP/GAP-twitter_32081104   n/a 
    bfs_gap_inputs.GAP/GAP-twitter_52957357   n/a 
    bfs_gap_inputs.GAP/GAP-twitter_50444380   n/a 
    bfs_gap_inputs.GAP/GAP-twitter_49590701   n/a 
    bfs_gap_inputs.GAP/GAP-twitter_20127816   n/a 
    bfs_gap_inputs.GAP/GAP-twitter_34939333   n/a 
    bfs_gap_inputs.GAP/GAP-twitter_48251001   n/a 
    bfs_gap_inputs.GAP/GAP-twitter_19524253   n/a 
    bfs_gap_inputs.GAP/GAP-twitter_43676726   n/a 
    bfs_gap_inputs.GAP/GAP-twitter_33055508   n/a 
    bfs_gap_inputs.GAP/GAP-twitter_15244687   n/a 
    bfs_gap_inputs.GAP/GAP-twitter_24946738   n/a 
     bfs_gap_inputs.GAP/GAP-twitter_6479472   n/a 
    bfs_gap_inputs.GAP/GAP-twitter_26077682   n/a 
    bfs_gap_inputs.GAP/GAP-twitter_22023875   n/a 
    bfs_gap_inputs.GAP/GAP-twitter_22081915   n/a 
    bfs_gap_inputs.GAP/GAP-twitter_40034162   n/a 
    bfs_gap_inputs.GAP/GAP-twitter_49496014   n/a 
    bfs_gap_inputs.GAP/GAP-twitter_42847507   n/a 
    bfs_gap_inputs.GAP/GAP-twitter_52409557   n/a 
    bfs_gap_inputs.GAP/GAP-twitter_55445388   n/a 
    bfs_gap_inputs.GAP/GAP-twitter_22028097   n/a 
    bfs_gap_inputs.GAP/GAP-twitter_48766648   n/a 
    bfs_gap_inputs.GAP/GAP-twitter_44521241   n/a 
    bfs_gap_inputs.GAP/GAP-twitter_60135542   n/a 
    bfs_gap_inputs.GAP/GAP-twitter_28528671   n/a 
     bfs_gap_inputs.GAP/GAP-twitter_9678012   n/a 
    bfs_gap_inputs.GAP/GAP-twitter_40020306   n/a 
    bfs_gap_inputs.GAP/GAP-twitter_31625735   n/a 
    bfs_gap_inputs.GAP/GAP-twitter_37446892   n/a 
    bfs_gap_inputs.GAP/GAP-twitter_51788952   n/a 
    bfs_gap_inputs.GAP/GAP-twitter_52584255   n/a 
    bfs_gap_inputs.GAP/GAP-twitter_20346696   n/a 
    bfs_gap_inputs.GAP/GAP-twitter_48387909   n/a 
    bfs_gap_inputs.GAP/GAP-twitter_37337427   n/a 
    bfs_gap_inputs.GAP/GAP-twitter_50501084   n/a 
    bfs_gap_inputs.GAP/GAP-twitter_30130061   n/a 
    bfs_gap_inputs.GAP/GAP-twitter_41185893   n/a 
    bfs_gap_inputs.GAP/GAP-twitter_56495703   n/a 
    bfs_gap_inputs.GAP/GAP-twitter_45663305   n/a 
    bfs_gap_inputs.GAP/GAP-twitter_33359460   n/a 
    bfs_gap_inputs.GAP/GAP-twitter_48143058   n/a 
    bfs_gap_inputs.GAP/GAP-twitter_33291513   n/a 
    bfs_gap_inputs.GAP/GAP-twitter_53461445   n/a 
    bfs_gap_inputs.GAP/GAP-twitter_29340610   n/a 
    bfs_gap_inputs.GAP/GAP-twitter_34148498   n/a 
    bfs_gap_inputs.GAP/GAP-twitter_49171806   n/a 
    bfs_gap_inputs.GAP/GAP-twitter_35550696   n/a 
    bfs_gap_inputs.GAP/GAP-twitter_14521507   n/a 
    bfs_gap_inputs.GAP/GAP-twitter_51633218   n/a 
    bfs_gap_inputs.GAP/GAP-twitter_46823382   n/a 
    bfs_gap_inputs.GAP/GAP-twitter_19396273   n/a 
    bfs_gap_inputs.GAP/GAP-twitter_19871750   n/a 
    bfs_gap_inputs.GAP/GAP-twitter_36862677   n/a 
    bfs_gap_inputs.GAP/GAP-twitter_49539126   n/a 
    bfs_gap_inputs.GAP/GAP-twitter_34016452   n/a 
    bfs_gap_inputs.GAP/GAP-twitter_36567395   n/a 
    bfs_gap_inputs.GAP/GAP-twitter_55487793   n/a 
    bfs_gap_inputs.GAP/GAP-twitter_14391370   n/a 
      bfs_gap_inputs.GAP/GAP-web_10219452     n/a 
      bfs_gap_inputs.GAP/GAP-web_44758211     n/a 
       bfs_gap_inputs.GAP/GAP-web_890671      n/a 
      bfs_gap_inputs.GAP/GAP-web_13843756     n/a 
      bfs_gap_inputs.GAP/GAP-web_14168062     n/a 
      bfs_gap_inputs.GAP/GAP-web_20906930     n/a 
      bfs_gap_inputs.GAP/GAP-web_12189584     n/a 
      bfs_gap_inputs.GAP/GAP-web_26352335     n/a 
      bfs_gap_inputs.GAP/GAP-web_43500686     n/a 
       bfs_gap_inputs.GAP/GAP-web_8987024     n/a 
       bfs_gap_inputs.GAP/GAP-web_5699762     n/a 
      bfs_gap_inputs.GAP/GAP-web_41436455     n/a 
       bfs_gap_inputs.GAP/GAP-web_5030727     n/a 
      bfs_gap_inputs.GAP/GAP-web_40735218     n/a 
      bfs_gap_inputs.GAP/GAP-web_16533563     n/a 
      bfs_gap_inputs.GAP/GAP-web_28700166     n/a 
        bfs_gap_inputs.GAP/GAP-web_64711      n/a 
      bfs_gap_inputs.GAP/GAP-web_39634750     n/a 
      bfs_gap_inputs.GAP/GAP-web_16037779     n/a 
      bfs_gap_inputs.GAP/GAP-web_27152739     n/a 
      bfs_gap_inputs.GAP/GAP-web_16404061     n/a 
      bfs_gap_inputs.GAP/GAP-web_20491963     n/a 
       bfs_gap_inputs.GAP/GAP-web_5322423     n/a 
      bfs_gap_inputs.GAP/GAP-web_21420953     n/a 
      bfs_gap_inputs.GAP/GAP-web_26622109     n/a 
       bfs_gap_inputs.GAP/GAP-web_5882875     n/a 
      bfs_gap_inputs.GAP/GAP-web_18091040     n/a 
      bfs_gap_inputs.GAP/GAP-web_10665896     n/a 
      bfs_gap_inputs.GAP/GAP-web_18634422     n/a 
      bfs_gap_inputs.GAP/GAP-web_18138715     n/a 
       bfs_gap_inputs.GAP/GAP-web_2355535     n/a 
      bfs_gap_inputs.GAP/GAP-web_32885205     n/a 
      bfs_gap_inputs.GAP/GAP-web_40657440     n/a 
      bfs_gap_inputs.GAP/GAP-web_35196167     n/a 
      bfs_gap_inputs.GAP/GAP-web_45544426     n/a 
       bfs_gap_inputs.GAP/GAP-web_6175519     n/a 
      bfs_gap_inputs.GAP/GAP-web_40058318     n/a 
      bfs_gap_inputs.GAP/GAP-web_50626230     n/a 
      bfs_gap_inputs.GAP/GAP-web_36571019     n/a 
      bfs_gap_inputs.GAP/GAP-web_49397052     n/a 
      bfs_gap_inputs.GAP/GAP-web_23434265     n/a 
       bfs_gap_inputs.GAP/GAP-web_2299444     n/a 
      bfs_gap_inputs.GAP/GAP-web_32873823     n/a 
      bfs_gap_inputs.GAP/GAP-web_25978282     n/a 
       bfs_gap_inputs.GAP/GAP-web_2461715     n/a 
      bfs_gap_inputs.GAP/GAP-web_22787314     n/a 
      bfs_gap_inputs.GAP/GAP-web_30759947     n/a 
       bfs_gap_inputs.GAP/GAP-web_7428894     n/a 
      bfs_gap_inputs.GAP/GAP-web_39173870     n/a 
      bfs_gap_inputs.GAP/GAP-web_43194209     n/a 
      bfs_gap_inputs.GAP/GAP-web_26361509     n/a 
      bfs_gap_inputs.GAP/GAP-web_39747211     n/a 
      bfs_gap_inputs.GAP/GAP-web_30670029     n/a 
      bfs_gap_inputs.GAP/GAP-web_41483033     n/a 
       bfs_gap_inputs.GAP/GAP-web_9358666     n/a 
       bfs_gap_inputs.GAP/GAP-web_9945008     n/a 
       bfs_gap_inputs.GAP/GAP-web_3355244     n/a 
      bfs_gap_inputs.GAP/GAP-web_33831269     n/a 
      bfs_gap_inputs.GAP/GAP-web_45124744     n/a 
      bfs_gap_inputs.GAP/GAP-web_16137877     n/a 
      bfs_gap_inputs.GAP/GAP-web_11235448     n/a 
      bfs_gap_inputs.GAP/GAP-web_37509144     n/a 
      bfs_gap_inputs.GAP/GAP-web_27402414     n/a 
      bfs_gap_inputs.GAP/GAP-web_39546083     n/a 
      bfs_gap_inputs.GAP/GAP-kron_2338012     n/a 
      bfs_gap_inputs.GAP/GAP-kron_31997659    n/a 
      bfs_gap_inputs.GAP/GAP-kron_23590940    n/a 
      bfs_gap_inputs.GAP/GAP-kron_43400604    n/a 
      bfs_gap_inputs.GAP/GAP-kron_75337937    n/a 
       bfs_gap_inputs.GAP/GAP-kron_169867     n/a 
     bfs_gap_inputs.GAP/GAP-kron_104041220    n/a 
      bfs_gap_inputs.GAP/GAP-kron_94177942    n/a 
      bfs_gap_inputs.GAP/GAP-kron_32871357    n/a 
      bfs_gap_inputs.GAP/GAP-kron_56230002    n/a 
      bfs_gap_inputs.GAP/GAP-kron_69883037    n/a 
      bfs_gap_inputs.GAP/GAP-kron_9346345     n/a 
      bfs_gap_inputs.GAP/GAP-kron_48915358    n/a 
     bfs_gap_inputs.GAP/GAP-kron_122571173    n/a 
      bfs_gap_inputs.GAP/GAP-kron_6183279     n/a 
      bfs_gap_inputs.GAP/GAP-kron_86323663    n/a 
     bfs_gap_inputs.GAP/GAP-kron_106725780    n/a 
      bfs_gap_inputs.GAP/GAP-kron_92389938    n/a 
      bfs_gap_inputs.GAP/GAP-kron_16210738    n/a 
      bfs_gap_inputs.GAP/GAP-kron_59816700    n/a 
     bfs_gap_inputs.GAP/GAP-kron_111669929    n/a 
     bfs_gap_inputs.GAP/GAP-kron_102831411    n/a 
     bfs_gap_inputs.GAP/GAP-kron_113384800    n/a 
      bfs_gap_inputs.GAP/GAP-kron_43872564    n/a 
      bfs_gap_inputs.GAP/GAP-kron_80508827    n/a 
      bfs_gap_inputs.GAP/GAP-kron_26105648    n/a 
      bfs_gap_inputs.GAP/GAP-kron_8807516     n/a 
     bfs_gap_inputs.GAP/GAP-kron_118452455    n/a 
     bfs_gap_inputs.GAP/GAP-kron_121818859    n/a 
      bfs_gap_inputs.GAP/GAP-kron_42361928    n/a 
      bfs_gap_inputs.GAP/GAP-kron_29493053    n/a 
      bfs_gap_inputs.GAP/GAP-kron_98461503    n/a 
      bfs_gap_inputs.GAP/GAP-kron_71931337    n/a 
     bfs_gap_inputs.GAP/GAP-kron_103808468    n/a 
      bfs_gap_inputs.GAP/GAP-kron_4092345     n/a 
     bfs_gap_inputs.GAP/GAP-kron_115276241    n/a 
      bfs_gap_inputs.GAP/GAP-kron_4649343     n/a 
      bfs_gap_inputs.GAP/GAP-kron_76656189    n/a 
      bfs_gap_inputs.GAP/GAP-kron_31312001    n/a 
     bfs_gap_inputs.GAP/GAP-kron_111334127    n/a 
     bfs_gap_inputs.GAP/GAP-kron_100962918    n/a 
      bfs_gap_inputs.GAP/GAP-kron_41823215    n/a 
      bfs_gap_inputs.GAP/GAP-kron_22631240    n/a 
      bfs_gap_inputs.GAP/GAP-kron_42848461    n/a 
      bfs_gap_inputs.GAP/GAP-kron_79485148    n/a 
     bfs_gap_inputs.GAP/GAP-kron_106818742    n/a 
      bfs_gap_inputs.GAP/GAP-kron_73347974    n/a 
      bfs_gap_inputs.GAP/GAP-kron_78848445    n/a 
     bfs_gap_inputs.GAP/GAP-kron_109920510    n/a 
     bfs_gap_inputs.GAP/GAP-kron_121492133    n/a 
     bfs_gap_inputs.GAP/GAP-kron_101037296    n/a 
      bfs_gap_inputs.GAP/GAP-kron_15438600    n/a 
      bfs_gap_inputs.GAP/GAP-kron_4584784     n/a 
     bfs_gap_inputs.GAP/GAP-kron_124503845    n/a 
      bfs_gap_inputs.GAP/GAP-kron_87241743    n/a 
     bfs_gap_inputs.GAP/GAP-kron_108297008    n/a 
      bfs_gap_inputs.GAP/GAP-kron_33955082    n/a 
      bfs_gap_inputs.GAP/GAP-kron_79934823    n/a 
      bfs_gap_inputs.GAP/GAP-kron_8608481     n/a 
      bfs_gap_inputs.GAP/GAP-kron_82435063    n/a 
      bfs_gap_inputs.GAP/GAP-kron_46579271    n/a 
       bfs_gap_inputs.GAP/GAP-kron_515421     n/a 
     bfs_gap_inputs.GAP/GAP-kron_121530467    n/a 
     bfs_gap_inputs.GAP/GAP-kron_127978736    n/a 
     bfs_gap_inputs.GAP/GAP-urand_27691419    n/a 
     bfs_gap_inputs.GAP/GAP-urand_121280314   n/a 
      bfs_gap_inputs.GAP/GAP-urand_2413431    n/a 
     bfs_gap_inputs.GAP/GAP-urand_37512113    n/a 
     bfs_gap_inputs.GAP/GAP-urand_38390877    n/a 
     bfs_gap_inputs.GAP/GAP-urand_56651037    n/a 
     bfs_gap_inputs.GAP/GAP-urand_128461248   n/a 
     bfs_gap_inputs.GAP/GAP-urand_33029842    n/a 
     bfs_gap_inputs.GAP/GAP-urand_71406328    n/a 
     bfs_gap_inputs.GAP/GAP-urand_117872827   n/a 
     bfs_gap_inputs.GAP/GAP-urand_24351938    n/a 
     bfs_gap_inputs.GAP/GAP-urand_15444519    n/a 
     bfs_gap_inputs.GAP/GAP-urand_127526281   n/a 
     bfs_gap_inputs.GAP/GAP-urand_112279428   n/a 
     bfs_gap_inputs.GAP/GAP-urand_13631649    n/a 
     bfs_gap_inputs.GAP/GAP-urand_110379302   n/a 
     bfs_gap_inputs.GAP/GAP-urand_44800623    n/a 
     bfs_gap_inputs.GAP/GAP-urand_77768193    n/a 
      bfs_gap_inputs.GAP/GAP-urand_175347     n/a 
     bfs_gap_inputs.GAP/GAP-urand_107397389   n/a 
     bfs_gap_inputs.GAP/GAP-urand_43457209    n/a 
     bfs_gap_inputs.GAP/GAP-urand_97215940    n/a 
     bfs_gap_inputs.GAP/GAP-urand_73575165    n/a 
     bfs_gap_inputs.GAP/GAP-urand_44449715    n/a 
     bfs_gap_inputs.GAP/GAP-urand_33931724    n/a 
     bfs_gap_inputs.GAP/GAP-urand_55526610    n/a 
     bfs_gap_inputs.GAP/GAP-urand_14422051    n/a 
     bfs_gap_inputs.GAP/GAP-urand_58043873    n/a 
     bfs_gap_inputs.GAP/GAP-urand_72137329    n/a 
      bfs_gap_inputs.GAP/GAP-urand_9647840    n/a 
     bfs_gap_inputs.GAP/GAP-urand_15940695    n/a 
     bfs_gap_inputs.GAP/GAP-urand_14209952    n/a 
     bfs_gap_inputs.GAP/GAP-urand_49020883    n/a 
     bfs_gap_inputs.GAP/GAP-urand_28901138    n/a 
     bfs_gap_inputs.GAP/GAP-urand_50493273    n/a 
     bfs_gap_inputs.GAP/GAP-urand_49150069    n/a 
     bfs_gap_inputs.GAP/GAP-urand_126525082   n/a 
      bfs_gap_inputs.GAP/GAP-urand_6382740    n/a 
     bfs_gap_inputs.GAP/GAP-urand_89108297    n/a 
      bfs_gap_inputs.GAP/GAP-urand_9239735    n/a 
     bfs_gap_inputs.GAP/GAP-urand_110168548   n/a 
     bfs_gap_inputs.GAP/GAP-urand_95370259    n/a 
     bfs_gap_inputs.GAP/GAP-urand_116653530   n/a 
     bfs_gap_inputs.GAP/GAP-urand_123410703   n/a 
     bfs_gap_inputs.GAP/GAP-urand_16733665    n/a 
     bfs_gap_inputs.GAP/GAP-urand_49030282    n/a 
     bfs_gap_inputs.GAP/GAP-urand_108545121   n/a 
     bfs_gap_inputs.GAP/GAP-urand_99095665    n/a 
     bfs_gap_inputs.GAP/GAP-urand_133850077   n/a 
     bfs_gap_inputs.GAP/GAP-urand_63499301    n/a 
     bfs_gap_inputs.GAP/GAP-urand_21541382    n/a 
      bfs_gap_inputs.GAP/GAP-urand_6230751    n/a 
     bfs_gap_inputs.GAP/GAP-urand_89077456    n/a 
     bfs_gap_inputs.GAP/GAP-urand_70392765    n/a 
      bfs_gap_inputs.GAP/GAP-urand_6670455    n/a 
     bfs_gap_inputs.GAP/GAP-urand_61746271    n/a 
     bfs_gap_inputs.GAP/GAP-urand_83349535    n/a 
     bfs_gap_inputs.GAP/GAP-urand_115272184   n/a 
     bfs_gap_inputs.GAP/GAP-urand_20129908    n/a 
     bfs_gap_inputs.GAP/GAP-urand_106148553   n/a 
     bfs_gap_inputs.GAP/GAP-urand_117042375   n/a 
     bfs_gap_inputs.GAP/GAP-urand_71431187    n/a 
     bfs_gap_inputs.GAP/GAP-urand_45287808    n/a 
     bfs_gap_inputs.GAP/GAP-urand_107702120   n/a 
   ========================================= =====
INFO:root:...k.time_buckley_leverett_finite_difference_2d

·· ...k.time_buckley_leverett_finite_difference_2d                 okINFO:root:================================================== =====
                     dataset                            
-------------------------------------------------- -----
   finite_difference_inputs_2d.fd2d_test_scale      n/a 
 finite_difference_inputs_2d.fd2d_realistic_scale   n/a 
================================================== =====

·· ================================================== =====
                        dataset                            
   -------------------------------------------------- -----
      finite_difference_inputs_2d.fd2d_test_scale      n/a 
    finite_difference_inputs_2d.fd2d_realistic_scale   n/a 
   ================================================== =====
INFO:root:...nn.JLApproxNearestNeighbor.time_jl_approx_nn

·· ...nn.JLApproxNearestNeighbor.time_jl_approx_nn                 okINFO:root:====================================================== =====
                       dataset                              
------------------------------------------------------ -----
 jl_projection_test_inputs.test_jl_preserves_distance   n/a 
              jl_projection_inputs.small                n/a 
             jl_projection_inputs.medium                n/a 
              jl_projection_inputs.large                n/a 
              jl_approx_nn_openml.mnist                 n/a 
             jl_approx_nn_openml.cifar10                n/a 
             jl_approx_nn_netflix.netflix               n/a 
====================================================== =====

·· ====================================================== =====
                          dataset                              
   ------------------------------------------------------ -----
    jl_projection_test_inputs.test_jl_preserves_distance   n/a 
                 jl_projection_inputs.small                n/a 
                jl_projection_inputs.medium                n/a 
                 jl_projection_inputs.large                n/a 
                 jl_approx_nn_openml.mnist                 n/a 
                jl_approx_nn_openml.cifar10                n/a 
                jl_approx_nn_netflix.netflix               n/a 
   ====================================================== =====
INFO:root:...nford.BellmanFordBenchmark.time_bellman_ford

·· ...nford.BellmanFordBenchmark.time_bellman_ford                 okINFO:root:============================================================== =====
                           dataset                                  
-------------------------------------------------------------- -----
   bellman_ford_test_inputs.test_bellman_ford_tribes_src_0      n/a 
 bellman_ford_test_inputs.test_bellman_ford_chesapeake_src_0    n/a 
 bellman_ford_test_inputs.test_bellman_ford_chesapeake_src_10   n/a 
 bellman_ford_test_inputs.test_bellman_ford_chesapeake_src_38   n/a 
     bellman_ford_test_inputs.test_bellman_ford_snap_toy        n/a 
    bellman_ford_inputs.snap-email-Eu-core-temporal-Dept3       n/a 
    bellman_ford_inputs.snap-email-Eu-core-temporal-Dept4       n/a 
    bellman_ford_inputs.snap-email-Eu-core-temporal-Dept2       n/a 
    bellman_ford_inputs.snap-email-Eu-core-temporal-Dept1       n/a 
            bellman_ford_inputs.snap-email-Eu-core              n/a 
         bellman_ford_gap_inputs.GAP/GAP-road_4795720           n/a 
        bellman_ford_gap_inputs.GAP/GAP-road_21003853           n/a 
         bellman_ford_gap_inputs.GAP/GAP-road_417968            n/a 
         bellman_ford_gap_inputs.GAP/GAP-road_6496511           n/a 
         bellman_ford_gap_inputs.GAP/GAP-road_6648699           n/a 
         bellman_ford_gap_inputs.GAP/GAP-road_9811073           n/a 
        bellman_ford_gap_inputs.GAP/GAP-road_22247478           n/a 
         bellman_ford_gap_inputs.GAP/GAP-road_5720252           n/a 
        bellman_ford_gap_inputs.GAP/GAP-road_12366459           n/a 
        bellman_ford_gap_inputs.GAP/GAP-road_20413729           n/a 
         bellman_ford_gap_inputs.GAP/GAP-road_4217374           n/a 
         bellman_ford_gap_inputs.GAP/GAP-road_2674749           n/a 
        bellman_ford_gap_inputs.GAP/GAP-road_22085557           n/a 
        bellman_ford_gap_inputs.GAP/GAP-road_19445040           n/a 
         bellman_ford_gap_inputs.GAP/GAP-road_2360788           n/a 
        bellman_ford_gap_inputs.GAP/GAP-road_19115968           n/a 
         bellman_ford_gap_inputs.GAP/GAP-road_7758767           n/a 
        bellman_ford_gap_inputs.GAP/GAP-road_13468234           n/a 
          bellman_ford_gap_inputs.GAP/GAP-road_30367            n/a 
        bellman_ford_gap_inputs.GAP/GAP-road_18599547           n/a 
         bellman_ford_gap_inputs.GAP/GAP-road_7526108           n/a 
        bellman_ford_gap_inputs.GAP/GAP-road_16836280           n/a 
        bellman_ford_gap_inputs.GAP/GAP-road_12742067           n/a 
         bellman_ford_gap_inputs.GAP/GAP-road_7697995           n/a 
         bellman_ford_gap_inputs.GAP/GAP-road_5876443           n/a 
         bellman_ford_gap_inputs.GAP/GAP-road_9616340           n/a 
         bellman_ford_gap_inputs.GAP/GAP-road_2497673           n/a 
        bellman_ford_gap_inputs.GAP/GAP-road_10052290           n/a 
        bellman_ford_gap_inputs.GAP/GAP-road_12493057           n/a 
         bellman_ford_gap_inputs.GAP/GAP-road_1670855           n/a 
         bellman_ford_gap_inputs.GAP/GAP-road_2760679           n/a 
         bellman_ford_gap_inputs.GAP/GAP-road_2460941           n/a 
         bellman_ford_gap_inputs.GAP/GAP-road_8489650           n/a 
         bellman_ford_gap_inputs.GAP/GAP-road_5005225           n/a 
         bellman_ford_gap_inputs.GAP/GAP-road_8744645           n/a 
         bellman_ford_gap_inputs.GAP/GAP-road_8512023           n/a 
        bellman_ford_gap_inputs.GAP/GAP-road_21912165           n/a 
         bellman_ford_gap_inputs.GAP/GAP-road_1105390           n/a 
        bellman_ford_gap_inputs.GAP/GAP-road_15432163           n/a 
         bellman_ford_gap_inputs.GAP/GAP-road_1600177           n/a 
        bellman_ford_gap_inputs.GAP/GAP-road_19079469           n/a 
        bellman_ford_gap_inputs.GAP/GAP-road_16516637           n/a 
        bellman_ford_gap_inputs.GAP/GAP-road_20202566           n/a 
        bellman_ford_gap_inputs.GAP/GAP-road_21372803           n/a 
         bellman_ford_gap_inputs.GAP/GAP-road_2898009           n/a 
         bellman_ford_gap_inputs.GAP/GAP-road_8491277           n/a 
        bellman_ford_gap_inputs.GAP/GAP-road_18798317           n/a 
        bellman_ford_gap_inputs.GAP/GAP-road_23757560           n/a 
        bellman_ford_gap_inputs.GAP/GAP-road_17161819           n/a 
        bellman_ford_gap_inputs.GAP/GAP-road_23180739           n/a 
        bellman_ford_gap_inputs.GAP/GAP-road_10997085           n/a 
         bellman_ford_gap_inputs.GAP/GAP-road_3730630           n/a 
         bellman_ford_gap_inputs.GAP/GAP-road_1079068           n/a 
        bellman_ford_gap_inputs.GAP/GAP-road_15426822           n/a 
        bellman_ford_gap_inputs.GAP/GAP-road_12190925           n/a 
         bellman_ford_gap_inputs.GAP/GAP-road_1155218           n/a 
        bellman_ford_gap_inputs.GAP/GAP-road_10693488           n/a 
        bellman_ford_gap_inputs.GAP/GAP-road_14434835           n/a 
        bellman_ford_gap_inputs.GAP/GAP-road_19963339           n/a 
         bellman_ford_gap_inputs.GAP/GAP-road_3486185           n/a 
        bellman_ford_gap_inputs.GAP/GAP-road_18383269           n/a 
        bellman_ford_gap_inputs.GAP/GAP-road_20269908           n/a 
        bellman_ford_gap_inputs.GAP/GAP-road_12370764           n/a 
         bellman_ford_gap_inputs.GAP/GAP-road_7843140           n/a 
       bellman_ford_gap_inputs.GAP/GAP-twitter_12441072         n/a 
       bellman_ford_gap_inputs.GAP/GAP-twitter_54488257         n/a 
       bellman_ford_gap_inputs.GAP/GAP-twitter_25451915         n/a 
       bellman_ford_gap_inputs.GAP/GAP-twitter_57714473         n/a 
       bellman_ford_gap_inputs.GAP/GAP-twitter_14839494         n/a 
       bellman_ford_gap_inputs.GAP/GAP-twitter_32081104         n/a 
       bellman_ford_gap_inputs.GAP/GAP-twitter_52957357         n/a 
       bellman_ford_gap_inputs.GAP/GAP-twitter_50444380         n/a 
       bellman_ford_gap_inputs.GAP/GAP-twitter_49590701         n/a 
       bellman_ford_gap_inputs.GAP/GAP-twitter_20127816         n/a 
       bellman_ford_gap_inputs.GAP/GAP-twitter_34939333         n/a 
       bellman_ford_gap_inputs.GAP/GAP-twitter_48251001         n/a 
       bellman_ford_gap_inputs.GAP/GAP-twitter_19524253         n/a 
       bellman_ford_gap_inputs.GAP/GAP-twitter_43676726         n/a 
       bellman_ford_gap_inputs.GAP/GAP-twitter_33055508         n/a 
       bellman_ford_gap_inputs.GAP/GAP-twitter_15244687         n/a 
       bellman_ford_gap_inputs.GAP/GAP-twitter_24946738         n/a 
       bellman_ford_gap_inputs.GAP/GAP-twitter_6479472          n/a 
       bellman_ford_gap_inputs.GAP/GAP-twitter_26077682         n/a 
       bellman_ford_gap_inputs.GAP/GAP-twitter_22023875         n/a 
       bellman_ford_gap_inputs.GAP/GAP-twitter_22081915         n/a 
       bellman_ford_gap_inputs.GAP/GAP-twitter_40034162         n/a 
       bellman_ford_gap_inputs.GAP/GAP-twitter_49496014         n/a 
       bellman_ford_gap_inputs.GAP/GAP-twitter_42847507         n/a 
       bellman_ford_gap_inputs.GAP/GAP-twitter_52409557         n/a 
       bellman_ford_gap_inputs.GAP/GAP-twitter_55445388         n/a 
       bellman_ford_gap_inputs.GAP/GAP-twitter_22028097         n/a 
       bellman_ford_gap_inputs.GAP/GAP-twitter_48766648         n/a 
       bellman_ford_gap_inputs.GAP/GAP-twitter_44521241         n/a 
       bellman_ford_gap_inputs.GAP/GAP-twitter_60135542         n/a 
       bellman_ford_gap_inputs.GAP/GAP-twitter_28528671         n/a 
       bellman_ford_gap_inputs.GAP/GAP-twitter_9678012          n/a 
       bellman_ford_gap_inputs.GAP/GAP-twitter_40020306         n/a 
       bellman_ford_gap_inputs.GAP/GAP-twitter_31625735         n/a 
       bellman_ford_gap_inputs.GAP/GAP-twitter_37446892         n/a 
       bellman_ford_gap_inputs.GAP/GAP-twitter_51788952         n/a 
       bellman_ford_gap_inputs.GAP/GAP-twitter_52584255         n/a 
       bellman_ford_gap_inputs.GAP/GAP-twitter_20346696         n/a 
       bellman_ford_gap_inputs.GAP/GAP-twitter_48387909         n/a 
       bellman_ford_gap_inputs.GAP/GAP-twitter_37337427         n/a 
       bellman_ford_gap_inputs.GAP/GAP-twitter_50501084         n/a 
       bellman_ford_gap_inputs.GAP/GAP-twitter_30130061         n/a 
       bellman_ford_gap_inputs.GAP/GAP-twitter_41185893         n/a 
       bellman_ford_gap_inputs.GAP/GAP-twitter_56495703         n/a 
       bellman_ford_gap_inputs.GAP/GAP-twitter_45663305         n/a 
       bellman_ford_gap_inputs.GAP/GAP-twitter_33359460         n/a 
       bellman_ford_gap_inputs.GAP/GAP-twitter_48143058         n/a 
       bellman_ford_gap_inputs.GAP/GAP-twitter_33291513         n/a 
       bellman_ford_gap_inputs.GAP/GAP-twitter_53461445         n/a 
       bellman_ford_gap_inputs.GAP/GAP-twitter_29340610         n/a 
       bellman_ford_gap_inputs.GAP/GAP-twitter_34148498         n/a 
       bellman_ford_gap_inputs.GAP/GAP-twitter_49171806         n/a 
       bellman_ford_gap_inputs.GAP/GAP-twitter_35550696         n/a 
       bellman_ford_gap_inputs.GAP/GAP-twitter_14521507         n/a 
       bellman_ford_gap_inputs.GAP/GAP-twitter_51633218         n/a 
       bellman_ford_gap_inputs.GAP/GAP-twitter_46823382         n/a 
       bellman_ford_gap_inputs.GAP/GAP-twitter_19396273         n/a 
       bellman_ford_gap_inputs.GAP/GAP-twitter_19871750         n/a 
       bellman_ford_gap_inputs.GAP/GAP-twitter_36862677         n/a 
       bellman_ford_gap_inputs.GAP/GAP-twitter_49539126         n/a 
       bellman_ford_gap_inputs.GAP/GAP-twitter_34016452         n/a 
       bellman_ford_gap_inputs.GAP/GAP-twitter_36567395         n/a 
       bellman_ford_gap_inputs.GAP/GAP-twitter_55487793         n/a 
       bellman_ford_gap_inputs.GAP/GAP-twitter_14391370         n/a 
         bellman_ford_gap_inputs.GAP/GAP-web_10219452           n/a 
         bellman_ford_gap_inputs.GAP/GAP-web_44758211           n/a 
          bellman_ford_gap_inputs.GAP/GAP-web_890671            n/a 
         bellman_ford_gap_inputs.GAP/GAP-web_13843756           n/a 
         bellman_ford_gap_inputs.GAP/GAP-web_14168062           n/a 
         bellman_ford_gap_inputs.GAP/GAP-web_20906930           n/a 
         bellman_ford_gap_inputs.GAP/GAP-web_12189584           n/a 
         bellman_ford_gap_inputs.GAP/GAP-web_26352335           n/a 
         bellman_ford_gap_inputs.GAP/GAP-web_43500686           n/a 
         bellman_ford_gap_inputs.GAP/GAP-web_8987024            n/a 
         bellman_ford_gap_inputs.GAP/GAP-web_5699762            n/a 
         bellman_ford_gap_inputs.GAP/GAP-web_41436455           n/a 
         bellman_ford_gap_inputs.GAP/GAP-web_5030727            n/a 
         bellman_ford_gap_inputs.GAP/GAP-web_40735218           n/a 
         bellman_ford_gap_inputs.GAP/GAP-web_16533563           n/a 
         bellman_ford_gap_inputs.GAP/GAP-web_28700166           n/a 
          bellman_ford_gap_inputs.GAP/GAP-web_64711             n/a 
         bellman_ford_gap_inputs.GAP/GAP-web_39634750           n/a 
         bellman_ford_gap_inputs.GAP/GAP-web_16037779           n/a 
         bellman_ford_gap_inputs.GAP/GAP-web_27152739           n/a 
         bellman_ford_gap_inputs.GAP/GAP-web_16404061           n/a 
         bellman_ford_gap_inputs.GAP/GAP-web_20491963           n/a 
         bellman_ford_gap_inputs.GAP/GAP-web_5322423            n/a 
         bellman_ford_gap_inputs.GAP/GAP-web_21420953           n/a 
         bellman_ford_gap_inputs.GAP/GAP-web_26622109           n/a 
         bellman_ford_gap_inputs.GAP/GAP-web_5882875            n/a 
         bellman_ford_gap_inputs.GAP/GAP-web_18091040           n/a 
         bellman_ford_gap_inputs.GAP/GAP-web_10665896           n/a 
         bellman_ford_gap_inputs.GAP/GAP-web_18634422           n/a 
         bellman_ford_gap_inputs.GAP/GAP-web_18138715           n/a 
         bellman_ford_gap_inputs.GAP/GAP-web_2355535            n/a 
         bellman_ford_gap_inputs.GAP/GAP-web_32885205           n/a 
         bellman_ford_gap_inputs.GAP/GAP-web_40657440           n/a 
         bellman_ford_gap_inputs.GAP/GAP-web_35196167           n/a 
         bellman_ford_gap_inputs.GAP/GAP-web_45544426           n/a 
         bellman_ford_gap_inputs.GAP/GAP-web_6175519            n/a 
         bellman_ford_gap_inputs.GAP/GAP-web_40058318           n/a 
         bellman_ford_gap_inputs.GAP/GAP-web_50626230           n/a 
         bellman_ford_gap_inputs.GAP/GAP-web_36571019           n/a 
         bellman_ford_gap_inputs.GAP/GAP-web_49397052           n/a 
         bellman_ford_gap_inputs.GAP/GAP-web_23434265           n/a 
         bellman_ford_gap_inputs.GAP/GAP-web_2299444            n/a 
         bellman_ford_gap_inputs.GAP/GAP-web_32873823           n/a 
         bellman_ford_gap_inputs.GAP/GAP-web_25978282           n/a 
         bellman_ford_gap_inputs.GAP/GAP-web_2461715            n/a 
         bellman_ford_gap_inputs.GAP/GAP-web_22787314           n/a 
         bellman_ford_gap_inputs.GAP/GAP-web_30759947           n/a 
         bellman_ford_gap_inputs.GAP/GAP-web_7428894            n/a 
         bellman_ford_gap_inputs.GAP/GAP-web_39173870           n/a 
         bellman_ford_gap_inputs.GAP/GAP-web_43194209           n/a 
         bellman_ford_gap_inputs.GAP/GAP-web_26361509           n/a 
         bellman_ford_gap_inputs.GAP/GAP-web_39747211           n/a 
         bellman_ford_gap_inputs.GAP/GAP-web_30670029           n/a 
         bellman_ford_gap_inputs.GAP/GAP-web_41483033           n/a 
         bellman_ford_gap_inputs.GAP/GAP-web_9358666            n/a 
         bellman_ford_gap_inputs.GAP/GAP-web_9945008            n/a 
         bellman_ford_gap_inputs.GAP/GAP-web_3355244            n/a 
         bellman_ford_gap_inputs.GAP/GAP-web_33831269           n/a 
         bellman_ford_gap_inputs.GAP/GAP-web_45124744           n/a 
         bellman_ford_gap_inputs.GAP/GAP-web_16137877           n/a 
         bellman_ford_gap_inputs.GAP/GAP-web_11235448           n/a 
         bellman_ford_gap_inputs.GAP/GAP-web_37509144           n/a 
         bellman_ford_gap_inputs.GAP/GAP-web_27402414           n/a 
         bellman_ford_gap_inputs.GAP/GAP-web_39546083           n/a 
         bellman_ford_gap_inputs.GAP/GAP-kron_2338012           n/a 
        bellman_ford_gap_inputs.GAP/GAP-kron_31997659           n/a 
        bellman_ford_gap_inputs.GAP/GAP-kron_23590940           n/a 
        bellman_ford_gap_inputs.GAP/GAP-kron_43400604           n/a 
        bellman_ford_gap_inputs.GAP/GAP-kron_75337937           n/a 
         bellman_ford_gap_inputs.GAP/GAP-kron_169867            n/a 
        bellman_ford_gap_inputs.GAP/GAP-kron_104041220          n/a 
        bellman_ford_gap_inputs.GAP/GAP-kron_94177942           n/a 
        bellman_ford_gap_inputs.GAP/GAP-kron_32871357           n/a 
        bellman_ford_gap_inputs.GAP/GAP-kron_56230002           n/a 
        bellman_ford_gap_inputs.GAP/GAP-kron_69883037           n/a 
         bellman_ford_gap_inputs.GAP/GAP-kron_9346345           n/a 
        bellman_ford_gap_inputs.GAP/GAP-kron_48915358           n/a 
        bellman_ford_gap_inputs.GAP/GAP-kron_122571173          n/a 
         bellman_ford_gap_inputs.GAP/GAP-kron_6183279           n/a 
        bellman_ford_gap_inputs.GAP/GAP-kron_86323663           n/a 
        bellman_ford_gap_inputs.GAP/GAP-kron_106725780          n/a 
        bellman_ford_gap_inputs.GAP/GAP-kron_92389938           n/a 
        bellman_ford_gap_inputs.GAP/GAP-kron_16210738           n/a 
        bellman_ford_gap_inputs.GAP/GAP-kron_59816700           n/a 
        bellman_ford_gap_inputs.GAP/GAP-kron_111669929          n/a 
        bellman_ford_gap_inputs.GAP/GAP-kron_102831411          n/a 
        bellman_ford_gap_inputs.GAP/GAP-kron_113384800          n/a 
        bellman_ford_gap_inputs.GAP/GAP-kron_43872564           n/a 
        bellman_ford_gap_inputs.GAP/GAP-kron_80508827           n/a 
        bellman_ford_gap_inputs.GAP/GAP-kron_26105648           n/a 
         bellman_ford_gap_inputs.GAP/GAP-kron_8807516           n/a 
        bellman_ford_gap_inputs.GAP/GAP-kron_118452455          n/a 
        bellman_ford_gap_inputs.GAP/GAP-kron_121818859          n/a 
        bellman_ford_gap_inputs.GAP/GAP-kron_42361928           n/a 
        bellman_ford_gap_inputs.GAP/GAP-kron_29493053           n/a 
        bellman_ford_gap_inputs.GAP/GAP-kron_98461503           n/a 
        bellman_ford_gap_inputs.GAP/GAP-kron_71931337           n/a 
        bellman_ford_gap_inputs.GAP/GAP-kron_103808468          n/a 
         bellman_ford_gap_inputs.GAP/GAP-kron_4092345           n/a 
        bellman_ford_gap_inputs.GAP/GAP-kron_115276241          n/a 
         bellman_ford_gap_inputs.GAP/GAP-kron_4649343           n/a 
        bellman_ford_gap_inputs.GAP/GAP-kron_76656189           n/a 
        bellman_ford_gap_inputs.GAP/GAP-kron_31312001           n/a 
        bellman_ford_gap_inputs.GAP/GAP-kron_111334127          n/a 
        bellman_ford_gap_inputs.GAP/GAP-kron_100962918          n/a 
        bellman_ford_gap_inputs.GAP/GAP-kron_41823215           n/a 
        bellman_ford_gap_inputs.GAP/GAP-kron_22631240           n/a 
        bellman_ford_gap_inputs.GAP/GAP-kron_42848461           n/a 
        bellman_ford_gap_inputs.GAP/GAP-kron_79485148           n/a 
        bellman_ford_gap_inputs.GAP/GAP-kron_106818742          n/a 
        bellman_ford_gap_inputs.GAP/GAP-kron_73347974           n/a 
        bellman_ford_gap_inputs.GAP/GAP-kron_78848445           n/a 
        bellman_ford_gap_inputs.GAP/GAP-kron_109920510          n/a 
        bellman_ford_gap_inputs.GAP/GAP-kron_121492133          n/a 
        bellman_ford_gap_inputs.GAP/GAP-kron_101037296          n/a 
        bellman_ford_gap_inputs.GAP/GAP-kron_15438600           n/a 
         bellman_ford_gap_inputs.GAP/GAP-kron_4584784           n/a 
        bellman_ford_gap_inputs.GAP/GAP-kron_124503845          n/a 
        bellman_ford_gap_inputs.GAP/GAP-kron_87241743           n/a 
        bellman_ford_gap_inputs.GAP/GAP-kron_108297008          n/a 
        bellman_ford_gap_inputs.GAP/GAP-kron_33955082           n/a 
        bellman_ford_gap_inputs.GAP/GAP-kron_79934823           n/a 
         bellman_ford_gap_inputs.GAP/GAP-kron_8608481           n/a 
        bellman_ford_gap_inputs.GAP/GAP-kron_82435063           n/a 
        bellman_ford_gap_inputs.GAP/GAP-kron_46579271           n/a 
         bellman_ford_gap_inputs.GAP/GAP-kron_515421            n/a 
        bellman_ford_gap_inputs.GAP/GAP-kron_121530467          n/a 
        bellman_ford_gap_inputs.GAP/GAP-kron_127978736          n/a 
        bellman_ford_gap_inputs.GAP/GAP-urand_27691419          n/a 
       bellman_ford_gap_inputs.GAP/GAP-urand_121280314          n/a 
        bellman_ford_gap_inputs.GAP/GAP-urand_2413431           n/a 
        bellman_ford_gap_inputs.GAP/GAP-urand_37512113          n/a 
        bellman_ford_gap_inputs.GAP/GAP-urand_38390877          n/a 
        bellman_ford_gap_inputs.GAP/GAP-urand_56651037          n/a 
       bellman_ford_gap_inputs.GAP/GAP-urand_128461248          n/a 
        bellman_ford_gap_inputs.GAP/GAP-urand_33029842          n/a 
        bellman_ford_gap_inputs.GAP/GAP-urand_71406328          n/a 
       bellman_ford_gap_inputs.GAP/GAP-urand_117872827          n/a 
        bellman_ford_gap_inputs.GAP/GAP-urand_24351938          n/a 
        bellman_ford_gap_inputs.GAP/GAP-urand_15444519          n/a 
       bellman_ford_gap_inputs.GAP/GAP-urand_127526281          n/a 
       bellman_ford_gap_inputs.GAP/GAP-urand_112279428          n/a 
        bellman_ford_gap_inputs.GAP/GAP-urand_13631649          n/a 
       bellman_ford_gap_inputs.GAP/GAP-urand_110379302          n/a 
        bellman_ford_gap_inputs.GAP/GAP-urand_44800623          n/a 
        bellman_ford_gap_inputs.GAP/GAP-urand_77768193          n/a 
         bellman_ford_gap_inputs.GAP/GAP-urand_175347           n/a 
       bellman_ford_gap_inputs.GAP/GAP-urand_107397389          n/a 
        bellman_ford_gap_inputs.GAP/GAP-urand_43457209          n/a 
        bellman_ford_gap_inputs.GAP/GAP-urand_97215940          n/a 
        bellman_ford_gap_inputs.GAP/GAP-urand_73575165          n/a 
        bellman_ford_gap_inputs.GAP/GAP-urand_44449715          n/a 
        bellman_ford_gap_inputs.GAP/GAP-urand_33931724          n/a 
        bellman_ford_gap_inputs.GAP/GAP-urand_55526610          n/a 
        bellman_ford_gap_inputs.GAP/GAP-urand_14422051          n/a 
        bellman_ford_gap_inputs.GAP/GAP-urand_58043873          n/a 
        bellman_ford_gap_inputs.GAP/GAP-urand_72137329          n/a 
        bellman_ford_gap_inputs.GAP/GAP-urand_9647840           n/a 
        bellman_ford_gap_inputs.GAP/GAP-urand_15940695          n/a 
        bellman_ford_gap_inputs.GAP/GAP-urand_14209952          n/a 
        bellman_ford_gap_inputs.GAP/GAP-urand_49020883          n/a 
        bellman_ford_gap_inputs.GAP/GAP-urand_28901138          n/a 
        bellman_ford_gap_inputs.GAP/GAP-urand_50493273          n/a 
        bellman_ford_gap_inputs.GAP/GAP-urand_49150069          n/a 
       bellman_ford_gap_inputs.GAP/GAP-urand_126525082          n/a 
        bellman_ford_gap_inputs.GAP/GAP-urand_6382740           n/a 
        bellman_ford_gap_inputs.GAP/GAP-urand_89108297          n/a 
        bellman_ford_gap_inputs.GAP/GAP-urand_9239735           n/a 
       bellman_ford_gap_inputs.GAP/GAP-urand_110168548          n/a 
        bellman_ford_gap_inputs.GAP/GAP-urand_95370259          n/a 
       bellman_ford_gap_inputs.GAP/GAP-urand_116653530          n/a 
       bellman_ford_gap_inputs.GAP/GAP-urand_123410703          n/a 
        bellman_ford_gap_inputs.GAP/GAP-urand_16733665          n/a 
        bellman_ford_gap_inputs.GAP/GAP-urand_49030282          n/a 
       bellman_ford_gap_inputs.GAP/GAP-urand_108545121          n/a 
        bellman_ford_gap_inputs.GAP/GAP-urand_99095665          n/a 
       bellman_ford_gap_inputs.GAP/GAP-urand_133850077          n/a 
        bellman_ford_gap_inputs.GAP/GAP-urand_63499301          n/a 
        bellman_ford_gap_inputs.GAP/GAP-urand_21541382          n/a 
        bellman_ford_gap_inputs.GAP/GAP-urand_6230751           n/a 
        bellman_ford_gap_inputs.GAP/GAP-urand_89077456          n/a 
        bellman_ford_gap_inputs.GAP/GAP-urand_70392765          n/a 
        bellman_ford_gap_inputs.GAP/GAP-urand_6670455           n/a 
        bellman_ford_gap_inputs.GAP/GAP-urand_61746271          n/a 
        bellman_ford_gap_inputs.GAP/GAP-urand_83349535          n/a 
       bellman_ford_gap_inputs.GAP/GAP-urand_115272184          n/a 
        bellman_ford_gap_inputs.GAP/GAP-urand_20129908          n/a 
       bellman_ford_gap_inputs.GAP/GAP-urand_106148553          n/a 
       bellman_ford_gap_inputs.GAP/GAP-urand_117042375          n/a 
        bellman_ford_gap_inputs.GAP/GAP-urand_71431187          n/a 
        bellman_ford_gap_inputs.GAP/GAP-urand_45287808          n/a 
       bellman_ford_gap_inputs.GAP/GAP-urand_107702120          n/a 
============================================================== =====

·· ============================================================== =====
                              dataset                                  
   -------------------------------------------------------------- -----
      bellman_ford_test_inputs.test_bellman_ford_tribes_src_0      n/a 
    bellman_ford_test_inputs.test_bellman_ford_chesapeake_src_0    n/a 
    bellman_ford_test_inputs.test_bellman_ford_chesapeake_src_10   n/a 
    bellman_ford_test_inputs.test_bellman_ford_chesapeake_src_38   n/a 
        bellman_ford_test_inputs.test_bellman_ford_snap_toy        n/a 
       bellman_ford_inputs.snap-email-Eu-core-temporal-Dept3       n/a 
       bellman_ford_inputs.snap-email-Eu-core-temporal-Dept4       n/a 
       bellman_ford_inputs.snap-email-Eu-core-temporal-Dept2       n/a 
       bellman_ford_inputs.snap-email-Eu-core-temporal-Dept1       n/a 
               bellman_ford_inputs.snap-email-Eu-core              n/a 
            bellman_ford_gap_inputs.GAP/GAP-road_4795720           n/a 
           bellman_ford_gap_inputs.GAP/GAP-road_21003853           n/a 
            bellman_ford_gap_inputs.GAP/GAP-road_417968            n/a 
            bellman_ford_gap_inputs.GAP/GAP-road_6496511           n/a 
            bellman_ford_gap_inputs.GAP/GAP-road_6648699           n/a 
            bellman_ford_gap_inputs.GAP/GAP-road_9811073           n/a 
           bellman_ford_gap_inputs.GAP/GAP-road_22247478           n/a 
            bellman_ford_gap_inputs.GAP/GAP-road_5720252           n/a 
           bellman_ford_gap_inputs.GAP/GAP-road_12366459           n/a 
           bellman_ford_gap_inputs.GAP/GAP-road_20413729           n/a 
            bellman_ford_gap_inputs.GAP/GAP-road_4217374           n/a 
            bellman_ford_gap_inputs.GAP/GAP-road_2674749           n/a 
           bellman_ford_gap_inputs.GAP/GAP-road_22085557           n/a 
           bellman_ford_gap_inputs.GAP/GAP-road_19445040           n/a 
            bellman_ford_gap_inputs.GAP/GAP-road_2360788           n/a 
           bellman_ford_gap_inputs.GAP/GAP-road_19115968           n/a 
            bellman_ford_gap_inputs.GAP/GAP-road_7758767           n/a 
           bellman_ford_gap_inputs.GAP/GAP-road_13468234           n/a 
             bellman_ford_gap_inputs.GAP/GAP-road_30367            n/a 
           bellman_ford_gap_inputs.GAP/GAP-road_18599547           n/a 
            bellman_ford_gap_inputs.GAP/GAP-road_7526108           n/a 
           bellman_ford_gap_inputs.GAP/GAP-road_16836280           n/a 
           bellman_ford_gap_inputs.GAP/GAP-road_12742067           n/a 
            bellman_ford_gap_inputs.GAP/GAP-road_7697995           n/a 
            bellman_ford_gap_inputs.GAP/GAP-road_5876443           n/a 
            bellman_ford_gap_inputs.GAP/GAP-road_9616340           n/a 
            bellman_ford_gap_inputs.GAP/GAP-road_2497673           n/a 
           bellman_ford_gap_inputs.GAP/GAP-road_10052290           n/a 
           bellman_ford_gap_inputs.GAP/GAP-road_12493057           n/a 
            bellman_ford_gap_inputs.GAP/GAP-road_1670855           n/a 
            bellman_ford_gap_inputs.GAP/GAP-road_2760679           n/a 
            bellman_ford_gap_inputs.GAP/GAP-road_2460941           n/a 
            bellman_ford_gap_inputs.GAP/GAP-road_8489650           n/a 
            bellman_ford_gap_inputs.GAP/GAP-road_5005225           n/a 
            bellman_ford_gap_inputs.GAP/GAP-road_8744645           n/a 
            bellman_ford_gap_inputs.GAP/GAP-road_8512023           n/a 
           bellman_ford_gap_inputs.GAP/GAP-road_21912165           n/a 
            bellman_ford_gap_inputs.GAP/GAP-road_1105390           n/a 
           bellman_ford_gap_inputs.GAP/GAP-road_15432163           n/a 
            bellman_ford_gap_inputs.GAP/GAP-road_1600177           n/a 
           bellman_ford_gap_inputs.GAP/GAP-road_19079469           n/a 
           bellman_ford_gap_inputs.GAP/GAP-road_16516637           n/a 
           bellman_ford_gap_inputs.GAP/GAP-road_20202566           n/a 
           bellman_ford_gap_inputs.GAP/GAP-road_21372803           n/a 
            bellman_ford_gap_inputs.GAP/GAP-road_2898009           n/a 
            bellman_ford_gap_inputs.GAP/GAP-road_8491277           n/a 
           bellman_ford_gap_inputs.GAP/GAP-road_18798317           n/a 
           bellman_ford_gap_inputs.GAP/GAP-road_23757560           n/a 
           bellman_ford_gap_inputs.GAP/GAP-road_17161819           n/a 
           bellman_ford_gap_inputs.GAP/GAP-road_23180739           n/a 
           bellman_ford_gap_inputs.GAP/GAP-road_10997085           n/a 
            bellman_ford_gap_inputs.GAP/GAP-road_3730630           n/a 
            bellman_ford_gap_inputs.GAP/GAP-road_1079068           n/a 
           bellman_ford_gap_inputs.GAP/GAP-road_15426822           n/a 
           bellman_ford_gap_inputs.GAP/GAP-road_12190925           n/a 
            bellman_ford_gap_inputs.GAP/GAP-road_1155218           n/a 
           bellman_ford_gap_inputs.GAP/GAP-road_10693488           n/a 
           bellman_ford_gap_inputs.GAP/GAP-road_14434835           n/a 
           bellman_ford_gap_inputs.GAP/GAP-road_19963339           n/a 
            bellman_ford_gap_inputs.GAP/GAP-road_3486185           n/a 
           bellman_ford_gap_inputs.GAP/GAP-road_18383269           n/a 
           bellman_ford_gap_inputs.GAP/GAP-road_20269908           n/a 
           bellman_ford_gap_inputs.GAP/GAP-road_12370764           n/a 
            bellman_ford_gap_inputs.GAP/GAP-road_7843140           n/a 
          bellman_ford_gap_inputs.GAP/GAP-twitter_12441072         n/a 
          bellman_ford_gap_inputs.GAP/GAP-twitter_54488257         n/a 
          bellman_ford_gap_inputs.GAP/GAP-twitter_25451915         n/a 
          bellman_ford_gap_inputs.GAP/GAP-twitter_57714473         n/a 
          bellman_ford_gap_inputs.GAP/GAP-twitter_14839494         n/a 
          bellman_ford_gap_inputs.GAP/GAP-twitter_32081104         n/a 
          bellman_ford_gap_inputs.GAP/GAP-twitter_52957357         n/a 
          bellman_ford_gap_inputs.GAP/GAP-twitter_50444380         n/a 
          bellman_ford_gap_inputs.GAP/GAP-twitter_49590701         n/a 
          bellman_ford_gap_inputs.GAP/GAP-twitter_20127816         n/a 
          bellman_ford_gap_inputs.GAP/GAP-twitter_34939333         n/a 
          bellman_ford_gap_inputs.GAP/GAP-twitter_48251001         n/a 
          bellman_ford_gap_inputs.GAP/GAP-twitter_19524253         n/a 
          bellman_ford_gap_inputs.GAP/GAP-twitter_43676726         n/a 
          bellman_ford_gap_inputs.GAP/GAP-twitter_33055508         n/a 
          bellman_ford_gap_inputs.GAP/GAP-twitter_15244687         n/a 
          bellman_ford_gap_inputs.GAP/GAP-twitter_24946738         n/a 
          bellman_ford_gap_inputs.GAP/GAP-twitter_6479472          n/a 
          bellman_ford_gap_inputs.GAP/GAP-twitter_26077682         n/a 
          bellman_ford_gap_inputs.GAP/GAP-twitter_22023875         n/a 
          bellman_ford_gap_inputs.GAP/GAP-twitter_22081915         n/a 
          bellman_ford_gap_inputs.GAP/GAP-twitter_40034162         n/a 
          bellman_ford_gap_inputs.GAP/GAP-twitter_49496014         n/a 
          bellman_ford_gap_inputs.GAP/GAP-twitter_42847507         n/a 
          bellman_ford_gap_inputs.GAP/GAP-twitter_52409557         n/a 
          bellman_ford_gap_inputs.GAP/GAP-twitter_55445388         n/a 
          bellman_ford_gap_inputs.GAP/GAP-twitter_22028097         n/a 
          bellman_ford_gap_inputs.GAP/GAP-twitter_48766648         n/a 
          bellman_ford_gap_inputs.GAP/GAP-twitter_44521241         n/a 
          bellman_ford_gap_inputs.GAP/GAP-twitter_60135542         n/a 
          bellman_ford_gap_inputs.GAP/GAP-twitter_28528671         n/a 
          bellman_ford_gap_inputs.GAP/GAP-twitter_9678012          n/a 
          bellman_ford_gap_inputs.GAP/GAP-twitter_40020306         n/a 
          bellman_ford_gap_inputs.GAP/GAP-twitter_31625735         n/a 
          bellman_ford_gap_inputs.GAP/GAP-twitter_37446892         n/a 
          bellman_ford_gap_inputs.GAP/GAP-twitter_51788952         n/a 
          bellman_ford_gap_inputs.GAP/GAP-twitter_52584255         n/a 
          bellman_ford_gap_inputs.GAP/GAP-twitter_20346696         n/a 
          bellman_ford_gap_inputs.GAP/GAP-twitter_48387909         n/a 
          bellman_ford_gap_inputs.GAP/GAP-twitter_37337427         n/a 
          bellman_ford_gap_inputs.GAP/GAP-twitter_50501084         n/a 
          bellman_ford_gap_inputs.GAP/GAP-twitter_30130061         n/a 
          bellman_ford_gap_inputs.GAP/GAP-twitter_41185893         n/a 
          bellman_ford_gap_inputs.GAP/GAP-twitter_56495703         n/a 
          bellman_ford_gap_inputs.GAP/GAP-twitter_45663305         n/a 
          bellman_ford_gap_inputs.GAP/GAP-twitter_33359460         n/a 
          bellman_ford_gap_inputs.GAP/GAP-twitter_48143058         n/a 
          bellman_ford_gap_inputs.GAP/GAP-twitter_33291513         n/a 
          bellman_ford_gap_inputs.GAP/GAP-twitter_53461445         n/a 
          bellman_ford_gap_inputs.GAP/GAP-twitter_29340610         n/a 
          bellman_ford_gap_inputs.GAP/GAP-twitter_34148498         n/a 
          bellman_ford_gap_inputs.GAP/GAP-twitter_49171806         n/a 
          bellman_ford_gap_inputs.GAP/GAP-twitter_35550696         n/a 
          bellman_ford_gap_inputs.GAP/GAP-twitter_14521507         n/a 
          bellman_ford_gap_inputs.GAP/GAP-twitter_51633218         n/a 
          bellman_ford_gap_inputs.GAP/GAP-twitter_46823382         n/a 
          bellman_ford_gap_inputs.GAP/GAP-twitter_19396273         n/a 
          bellman_ford_gap_inputs.GAP/GAP-twitter_19871750         n/a 
          bellman_ford_gap_inputs.GAP/GAP-twitter_36862677         n/a 
          bellman_ford_gap_inputs.GAP/GAP-twitter_49539126         n/a 
          bellman_ford_gap_inputs.GAP/GAP-twitter_34016452         n/a 
          bellman_ford_gap_inputs.GAP/GAP-twitter_36567395         n/a 
          bellman_ford_gap_inputs.GAP/GAP-twitter_55487793         n/a 
          bellman_ford_gap_inputs.GAP/GAP-twitter_14391370         n/a 
            bellman_ford_gap_inputs.GAP/GAP-web_10219452           n/a 
            bellman_ford_gap_inputs.GAP/GAP-web_44758211           n/a 
             bellman_ford_gap_inputs.GAP/GAP-web_890671            n/a 
            bellman_ford_gap_inputs.GAP/GAP-web_13843756           n/a 
            bellman_ford_gap_inputs.GAP/GAP-web_14168062           n/a 
            bellman_ford_gap_inputs.GAP/GAP-web_20906930           n/a 
            bellman_ford_gap_inputs.GAP/GAP-web_12189584           n/a 
            bellman_ford_gap_inputs.GAP/GAP-web_26352335           n/a 
            bellman_ford_gap_inputs.GAP/GAP-web_43500686           n/a 
            bellman_ford_gap_inputs.GAP/GAP-web_8987024            n/a 
            bellman_ford_gap_inputs.GAP/GAP-web_5699762            n/a 
            bellman_ford_gap_inputs.GAP/GAP-web_41436455           n/a 
            bellman_ford_gap_inputs.GAP/GAP-web_5030727            n/a 
            bellman_ford_gap_inputs.GAP/GAP-web_40735218           n/a 
            bellman_ford_gap_inputs.GAP/GAP-web_16533563           n/a 
            bellman_ford_gap_inputs.GAP/GAP-web_28700166           n/a 
             bellman_ford_gap_inputs.GAP/GAP-web_64711             n/a 
            bellman_ford_gap_inputs.GAP/GAP-web_39634750           n/a 
            bellman_ford_gap_inputs.GAP/GAP-web_16037779           n/a 
            bellman_ford_gap_inputs.GAP/GAP-web_27152739           n/a 
            bellman_ford_gap_inputs.GAP/GAP-web_16404061           n/a 
            bellman_ford_gap_inputs.GAP/GAP-web_20491963           n/a 
            bellman_ford_gap_inputs.GAP/GAP-web_5322423            n/a 
            bellman_ford_gap_inputs.GAP/GAP-web_21420953           n/a 
            bellman_ford_gap_inputs.GAP/GAP-web_26622109           n/a 
            bellman_ford_gap_inputs.GAP/GAP-web_5882875            n/a 
            bellman_ford_gap_inputs.GAP/GAP-web_18091040           n/a 
            bellman_ford_gap_inputs.GAP/GAP-web_10665896           n/a 
            bellman_ford_gap_inputs.GAP/GAP-web_18634422           n/a 
            bellman_ford_gap_inputs.GAP/GAP-web_18138715           n/a 
            bellman_ford_gap_inputs.GAP/GAP-web_2355535            n/a 
            bellman_ford_gap_inputs.GAP/GAP-web_32885205           n/a 
            bellman_ford_gap_inputs.GAP/GAP-web_40657440           n/a 
            bellman_ford_gap_inputs.GAP/GAP-web_35196167           n/a 
            bellman_ford_gap_inputs.GAP/GAP-web_45544426           n/a 
            bellman_ford_gap_inputs.GAP/GAP-web_6175519            n/a 
            bellman_ford_gap_inputs.GAP/GAP-web_40058318           n/a 
            bellman_ford_gap_inputs.GAP/GAP-web_50626230           n/a 
            bellman_ford_gap_inputs.GAP/GAP-web_36571019           n/a 
            bellman_ford_gap_inputs.GAP/GAP-web_49397052           n/a 
            bellman_ford_gap_inputs.GAP/GAP-web_23434265           n/a 
            bellman_ford_gap_inputs.GAP/GAP-web_2299444            n/a 
            bellman_ford_gap_inputs.GAP/GAP-web_32873823           n/a 
            bellman_ford_gap_inputs.GAP/GAP-web_25978282           n/a 
            bellman_ford_gap_inputs.GAP/GAP-web_2461715            n/a 
            bellman_ford_gap_inputs.GAP/GAP-web_22787314           n/a 
            bellman_ford_gap_inputs.GAP/GAP-web_30759947           n/a 
            bellman_ford_gap_inputs.GAP/GAP-web_7428894            n/a 
            bellman_ford_gap_inputs.GAP/GAP-web_39173870           n/a 
            bellman_ford_gap_inputs.GAP/GAP-web_43194209           n/a 
            bellman_ford_gap_inputs.GAP/GAP-web_26361509           n/a 
            bellman_ford_gap_inputs.GAP/GAP-web_39747211           n/a 
            bellman_ford_gap_inputs.GAP/GAP-web_30670029           n/a 
            bellman_ford_gap_inputs.GAP/GAP-web_41483033           n/a 
            bellman_ford_gap_inputs.GAP/GAP-web_9358666            n/a 
            bellman_ford_gap_inputs.GAP/GAP-web_9945008            n/a 
            bellman_ford_gap_inputs.GAP/GAP-web_3355244            n/a 
            bellman_ford_gap_inputs.GAP/GAP-web_33831269           n/a 
            bellman_ford_gap_inputs.GAP/GAP-web_45124744           n/a 
            bellman_ford_gap_inputs.GAP/GAP-web_16137877           n/a 
            bellman_ford_gap_inputs.GAP/GAP-web_11235448           n/a 
            bellman_ford_gap_inputs.GAP/GAP-web_37509144           n/a 
            bellman_ford_gap_inputs.GAP/GAP-web_27402414           n/a 
            bellman_ford_gap_inputs.GAP/GAP-web_39546083           n/a 
            bellman_ford_gap_inputs.GAP/GAP-kron_2338012           n/a 
           bellman_ford_gap_inputs.GAP/GAP-kron_31997659           n/a 
           bellman_ford_gap_inputs.GAP/GAP-kron_23590940           n/a 
           bellman_ford_gap_inputs.GAP/GAP-kron_43400604           n/a 
           bellman_ford_gap_inputs.GAP/GAP-kron_75337937           n/a 
            bellman_ford_gap_inputs.GAP/GAP-kron_169867            n/a 
           bellman_ford_gap_inputs.GAP/GAP-kron_104041220          n/a 
           bellman_ford_gap_inputs.GAP/GAP-kron_94177942           n/a 
           bellman_ford_gap_inputs.GAP/GAP-kron_32871357           n/a 
           bellman_ford_gap_inputs.GAP/GAP-kron_56230002           n/a 
           bellman_ford_gap_inputs.GAP/GAP-kron_69883037           n/a 
            bellman_ford_gap_inputs.GAP/GAP-kron_9346345           n/a 
           bellman_ford_gap_inputs.GAP/GAP-kron_48915358           n/a 
           bellman_ford_gap_inputs.GAP/GAP-kron_122571173          n/a 
            bellman_ford_gap_inputs.GAP/GAP-kron_6183279           n/a 
           bellman_ford_gap_inputs.GAP/GAP-kron_86323663           n/a 
           bellman_ford_gap_inputs.GAP/GAP-kron_106725780          n/a 
           bellman_ford_gap_inputs.GAP/GAP-kron_92389938           n/a 
           bellman_ford_gap_inputs.GAP/GAP-kron_16210738           n/a 
           bellman_ford_gap_inputs.GAP/GAP-kron_59816700           n/a 
           bellman_ford_gap_inputs.GAP/GAP-kron_111669929          n/a 
           bellman_ford_gap_inputs.GAP/GAP-kron_102831411          n/a 
           bellman_ford_gap_inputs.GAP/GAP-kron_113384800          n/a 
           bellman_ford_gap_inputs.GAP/GAP-kron_43872564           n/a 
           bellman_ford_gap_inputs.GAP/GAP-kron_80508827           n/a 
           bellman_ford_gap_inputs.GAP/GAP-kron_26105648           n/a 
            bellman_ford_gap_inputs.GAP/GAP-kron_8807516           n/a 
           bellman_ford_gap_inputs.GAP/GAP-kron_118452455          n/a 
           bellman_ford_gap_inputs.GAP/GAP-kron_121818859          n/a 
           bellman_ford_gap_inputs.GAP/GAP-kron_42361928           n/a 
           bellman_ford_gap_inputs.GAP/GAP-kron_29493053           n/a 
           bellman_ford_gap_inputs.GAP/GAP-kron_98461503           n/a 
           bellman_ford_gap_inputs.GAP/GAP-kron_71931337           n/a 
           bellman_ford_gap_inputs.GAP/GAP-kron_103808468          n/a 
            bellman_ford_gap_inputs.GAP/GAP-kron_4092345           n/a 
           bellman_ford_gap_inputs.GAP/GAP-kron_115276241          n/a 
            bellman_ford_gap_inputs.GAP/GAP-kron_4649343           n/a 
           bellman_ford_gap_inputs.GAP/GAP-kron_76656189           n/a 
           bellman_ford_gap_inputs.GAP/GAP-kron_31312001           n/a 
           bellman_ford_gap_inputs.GAP/GAP-kron_111334127          n/a 
           bellman_ford_gap_inputs.GAP/GAP-kron_100962918          n/a 
           bellman_ford_gap_inputs.GAP/GAP-kron_41823215           n/a 
           bellman_ford_gap_inputs.GAP/GAP-kron_22631240           n/a 
           bellman_ford_gap_inputs.GAP/GAP-kron_42848461           n/a 
           bellman_ford_gap_inputs.GAP/GAP-kron_79485148           n/a 
           bellman_ford_gap_inputs.GAP/GAP-kron_106818742          n/a 
           bellman_ford_gap_inputs.GAP/GAP-kron_73347974           n/a 
           bellman_ford_gap_inputs.GAP/GAP-kron_78848445           n/a 
           bellman_ford_gap_inputs.GAP/GAP-kron_109920510          n/a 
           bellman_ford_gap_inputs.GAP/GAP-kron_121492133          n/a 
           bellman_ford_gap_inputs.GAP/GAP-kron_101037296          n/a 
           bellman_ford_gap_inputs.GAP/GAP-kron_15438600           n/a 
            bellman_ford_gap_inputs.GAP/GAP-kron_4584784           n/a 
           bellman_ford_gap_inputs.GAP/GAP-kron_124503845          n/a 
           bellman_ford_gap_inputs.GAP/GAP-kron_87241743           n/a 
           bellman_ford_gap_inputs.GAP/GAP-kron_108297008          n/a 
           bellman_ford_gap_inputs.GAP/GAP-kron_33955082           n/a 
           bellman_ford_gap_inputs.GAP/GAP-kron_79934823           n/a 
            bellman_ford_gap_inputs.GAP/GAP-kron_8608481           n/a 
           bellman_ford_gap_inputs.GAP/GAP-kron_82435063           n/a 
           bellman_ford_gap_inputs.GAP/GAP-kron_46579271           n/a 
            bellman_ford_gap_inputs.GAP/GAP-kron_515421            n/a 
           bellman_ford_gap_inputs.GAP/GAP-kron_121530467          n/a 
           bellman_ford_gap_inputs.GAP/GAP-kron_127978736          n/a 
           bellman_ford_gap_inputs.GAP/GAP-urand_27691419          n/a 
          bellman_ford_gap_inputs.GAP/GAP-urand_121280314          n/a 
           bellman_ford_gap_inputs.GAP/GAP-urand_2413431           n/a 
           bellman_ford_gap_inputs.GAP/GAP-urand_37512113          n/a 
           bellman_ford_gap_inputs.GAP/GAP-urand_38390877          n/a 
           bellman_ford_gap_inputs.GAP/GAP-urand_56651037          n/a 
          bellman_ford_gap_inputs.GAP/GAP-urand_128461248          n/a 
           bellman_ford_gap_inputs.GAP/GAP-urand_33029842          n/a 
           bellman_ford_gap_inputs.GAP/GAP-urand_71406328          n/a 
          bellman_ford_gap_inputs.GAP/GAP-urand_117872827          n/a 
           bellman_ford_gap_inputs.GAP/GAP-urand_24351938          n/a 
           bellman_ford_gap_inputs.GAP/GAP-urand_15444519          n/a 
          bellman_ford_gap_inputs.GAP/GAP-urand_127526281          n/a 
          bellman_ford_gap_inputs.GAP/GAP-urand_112279428          n/a 
           bellman_ford_gap_inputs.GAP/GAP-urand_13631649          n/a 
          bellman_ford_gap_inputs.GAP/GAP-urand_110379302          n/a 
           bellman_ford_gap_inputs.GAP/GAP-urand_44800623          n/a 
           bellman_ford_gap_inputs.GAP/GAP-urand_77768193          n/a 
            bellman_ford_gap_inputs.GAP/GAP-urand_175347           n/a 
          bellman_ford_gap_inputs.GAP/GAP-urand_107397389          n/a 
           bellman_ford_gap_inputs.GAP/GAP-urand_43457209          n/a 
           bellman_ford_gap_inputs.GAP/GAP-urand_97215940          n/a 
           bellman_ford_gap_inputs.GAP/GAP-urand_73575165          n/a 
           bellman_ford_gap_inputs.GAP/GAP-urand_44449715          n/a 
           bellman_ford_gap_inputs.GAP/GAP-urand_33931724          n/a 
           bellman_ford_gap_inputs.GAP/GAP-urand_55526610          n/a 
           bellman_ford_gap_inputs.GAP/GAP-urand_14422051          n/a 
           bellman_ford_gap_inputs.GAP/GAP-urand_58043873          n/a 
           bellman_ford_gap_inputs.GAP/GAP-urand_72137329          n/a 
           bellman_ford_gap_inputs.GAP/GAP-urand_9647840           n/a 
           bellman_ford_gap_inputs.GAP/GAP-urand_15940695          n/a 
           bellman_ford_gap_inputs.GAP/GAP-urand_14209952          n/a 
           bellman_ford_gap_inputs.GAP/GAP-urand_49020883          n/a 
           bellman_ford_gap_inputs.GAP/GAP-urand_28901138          n/a 
           bellman_ford_gap_inputs.GAP/GAP-urand_50493273          n/a 
           bellman_ford_gap_inputs.GAP/GAP-urand_49150069          n/a 
          bellman_ford_gap_inputs.GAP/GAP-urand_126525082          n/a 
           bellman_ford_gap_inputs.GAP/GAP-urand_6382740           n/a 
           bellman_ford_gap_inputs.GAP/GAP-urand_89108297          n/a 
           bellman_ford_gap_inputs.GAP/GAP-urand_9239735           n/a 
          bellman_ford_gap_inputs.GAP/GAP-urand_110168548          n/a 
           bellman_ford_gap_inputs.GAP/GAP-urand_95370259          n/a 
          bellman_ford_gap_inputs.GAP/GAP-urand_116653530          n/a 
          bellman_ford_gap_inputs.GAP/GAP-urand_123410703          n/a 
           bellman_ford_gap_inputs.GAP/GAP-urand_16733665          n/a 
           bellman_ford_gap_inputs.GAP/GAP-urand_49030282          n/a 
          bellman_ford_gap_inputs.GAP/GAP-urand_108545121          n/a 
           bellman_ford_gap_inputs.GAP/GAP-urand_99095665          n/a 
          bellman_ford_gap_inputs.GAP/GAP-urand_133850077          n/a 
           bellman_ford_gap_inputs.GAP/GAP-urand_63499301          n/a 
           bellman_ford_gap_inputs.GAP/GAP-urand_21541382          n/a 
           bellman_ford_gap_inputs.GAP/GAP-urand_6230751           n/a 
           bellman_ford_gap_inputs.GAP/GAP-urand_89077456          n/a 
           bellman_ford_gap_inputs.GAP/GAP-urand_70392765          n/a 
           bellman_ford_gap_inputs.GAP/GAP-urand_6670455           n/a 
           bellman_ford_gap_inputs.GAP/GAP-urand_61746271          n/a 
           bellman_ford_gap_inputs.GAP/GAP-urand_83349535          n/a 
          bellman_ford_gap_inputs.GAP/GAP-urand_115272184          n/a 
           bellman_ford_gap_inputs.GAP/GAP-urand_20129908          n/a 
          bellman_ford_gap_inputs.GAP/GAP-urand_106148553          n/a 
          bellman_ford_gap_inputs.GAP/GAP-urand_117042375          n/a 
           bellman_ford_gap_inputs.GAP/GAP-urand_71431187          n/a 
           bellman_ford_gap_inputs.GAP/GAP-urand_45287808          n/a 
          bellman_ford_gap_inputs.GAP/GAP-urand_107702120          n/a 
   ============================================================== =====
INFO:root:...tralityBenchmark.time_betweenness_centrality

·· ...tralityBenchmark.time_betweenness_centrality                 okINFO:root:============================================================================ =====
                                  dataset                                         
---------------------------------------------------------------------------- -----
             betweenness_centrality_test_inputs.test_joels_case               n/a 
            betweenness_centrality_test_inputs.test_basic_empty               n/a 
            betweenness_centrality_test_inputs.test_basic_chain               n/a 
        betweenness_centrality_test_inputs.test_basic_two_components          n/a 
 betweenness_centrality_test_inputs.test_matrix_vertex_algorithm_comparison   n/a 
          betweenness_centrality_test_inputs.test_undirected_graph            n/a 
              betweenness_centrality_test_inputs.test_networkx                n/a 
        betweenness_centrality_test_inputs.test_centrality_snap_toy           n/a 
      betweenness_centrality_inputs.snap-email-Eu-core-temporal-Dept3         n/a 
      betweenness_centrality_inputs.snap-email-Eu-core-temporal-Dept4         n/a 
               betweenness_centrality_gap_inputs.GAP/GAP-road                 n/a 
             betweenness_centrality_gap_inputs.GAP/GAP-twitter                n/a 
               betweenness_centrality_gap_inputs.GAP/GAP-web                  n/a 
               betweenness_centrality_gap_inputs.GAP/GAP-kron                 n/a 
              betweenness_centrality_gap_inputs.GAP/GAP-urand                 n/a 
============================================================================ =====

·· ============================================================================ =====
                                     dataset                                         
   ---------------------------------------------------------------------------- -----
                betweenness_centrality_test_inputs.test_joels_case               n/a 
               betweenness_centrality_test_inputs.test_basic_empty               n/a 
               betweenness_centrality_test_inputs.test_basic_chain               n/a 
           betweenness_centrality_test_inputs.test_basic_two_components          n/a 
    betweenness_centrality_test_inputs.test_matrix_vertex_algorithm_comparison   n/a 
             betweenness_centrality_test_inputs.test_undirected_graph            n/a 
                 betweenness_centrality_test_inputs.test_networkx                n/a 
           betweenness_centrality_test_inputs.test_centrality_snap_toy           n/a 
         betweenness_centrality_inputs.snap-email-Eu-core-temporal-Dept3         n/a 
         betweenness_centrality_inputs.snap-email-Eu-core-temporal-Dept4         n/a 
                  betweenness_centrality_gap_inputs.GAP/GAP-road                 n/a 
                betweenness_centrality_gap_inputs.GAP/GAP-twitter                n/a 
                  betweenness_centrality_gap_inputs.GAP/GAP-web                  n/a 
                  betweenness_centrality_gap_inputs.GAP/GAP-kron                 n/a 
                 betweenness_centrality_gap_inputs.GAP/GAP-urand                 n/a 
   ============================================================================ =====
INFO:root:...tsBenchmark.time_simply_connected_components

·· ...tsBenchmark.time_simply_connected_components                 okINFO:root:======================================================================== =====
                                dataset                                       
------------------------------------------------------------------------ -----
        connected_components_test_inputs.test_cc_fully_connected          n/a 
  connected_components_test_inputs.test_cc_two_disconnected_components    n/a 
        connected_components_test_inputs.test_cc_isolated_nodes           n/a 
 connected_components_test_inputs.test_cc_directed_star_pointing_inward   n/a 
          connected_components_test_inputs.test_cc_single_node            n/a 
           connected_components_test_inputs.test_cc_snap_toy              n/a 
             connected_components_inputs.snap-email-Eu-core               n/a 
           connected_components_inputs.snap-facebook_combined             n/a 
                connected_components_inputs.snap-ca-GrQc                  n/a 
              connected_components_gap_inputs.GAP/GAP-road                n/a 
            connected_components_gap_inputs.GAP/GAP-twitter               n/a 
              connected_components_gap_inputs.GAP/GAP-web                 n/a 
              connected_components_gap_inputs.GAP/GAP-kron                n/a 
             connected_components_gap_inputs.GAP/GAP-urand                n/a 
======================================================================== =====

·· ======================================================================== =====
                                   dataset                                       
   ------------------------------------------------------------------------ -----
           connected_components_test_inputs.test_cc_fully_connected          n/a 
     connected_components_test_inputs.test_cc_two_disconnected_components    n/a 
           connected_components_test_inputs.test_cc_isolated_nodes           n/a 
    connected_components_test_inputs.test_cc_directed_star_pointing_inward   n/a 
             connected_components_test_inputs.test_cc_single_node            n/a 
              connected_components_test_inputs.test_cc_snap_toy              n/a 
                connected_components_inputs.snap-email-Eu-core               n/a 
              connected_components_inputs.snap-facebook_combined             n/a 
                   connected_components_inputs.snap-ca-GrQc                  n/a 
                 connected_components_gap_inputs.GAP/GAP-road                n/a 
               connected_components_gap_inputs.GAP/GAP-twitter               n/a 
                 connected_components_gap_inputs.GAP/GAP-web                 n/a 
                 connected_components_gap_inputs.GAP/GAP-kron                n/a 
                connected_components_gap_inputs.GAP/GAP-urand                n/a 
   ======================================================================== =====
INFO:root:fastsv.FastSVBenchmark.time_fastsv

·· fastsv.FastSVBenchmark.time_fastsv                              okINFO:root:=========================================== =====
                  dataset                        
------------------------------------------- -----
        fastsv_test_inputs.no-edges          n/a 
    fastsv_test_inputs.single-component      n/a 
     fastsv_test_inputs.two-components       n/a 
          fastsv_test_inputs.chain           n/a 
          fastsv_test_inputs.star            n/a 
 fastsv_test_inputs.isolated-and-connected   n/a 
      fastsv_inputs.snap-email-Eu-core       n/a 
    fastsv_inputs.snap-facebook_combined     n/a 
         fastsv_inputs.snap-ca-GrQc          n/a 
       fastsv_gap_inputs.GAP/GAP-road        n/a 
     fastsv_gap_inputs.GAP/GAP-twitter       n/a 
       fastsv_gap_inputs.GAP/GAP-web         n/a 
       fastsv_gap_inputs.GAP/GAP-kron        n/a 
      fastsv_gap_inputs.GAP/GAP-urand        n/a 
=========================================== =====

·· =========================================== =====
                     dataset                        
   ------------------------------------------- -----
           fastsv_test_inputs.no-edges          n/a 
       fastsv_test_inputs.single-component      n/a 
        fastsv_test_inputs.two-components       n/a 
             fastsv_test_inputs.chain           n/a 
             fastsv_test_inputs.star            n/a 
    fastsv_test_inputs.isolated-and-connected   n/a 
         fastsv_inputs.snap-email-Eu-core       n/a 
       fastsv_inputs.snap-facebook_combined     n/a 
            fastsv_inputs.snap-ca-GrQc          n/a 
          fastsv_gap_inputs.GAP/GAP-road        n/a 
        fastsv_gap_inputs.GAP/GAP-twitter       n/a 
          fastsv_gap_inputs.GAP/GAP-web         n/a 
          fastsv_gap_inputs.GAP/GAP-kron        n/a 
         fastsv_gap_inputs.GAP/GAP-urand        n/a 
   =========================================== =====
INFO:root:...rCliqueCountBenchmark.time_four_clique_count

·· ...rCliqueCountBenchmark.time_four_clique_count                 okINFO:root:============================================================== =====
                           dataset                                  
-------------------------------------------------------------- -----
 four_clique_count_test_inputs.test_4clique_count_complete_k3   n/a 
  four_clique_count_test_inputs.test_4clique_count_single_k4    n/a 
 four_clique_count_test_inputs.test_4clique_count_overlapping   n/a 
     four_clique_count_test_inputs.test_4clique_snap_toy        n/a 
  four_clique_count_inputs.snap-email-Eu-core-temporal-Dept3    n/a 
  four_clique_count_inputs.snap-email-Eu-core-temporal-Dept4    n/a 
          four_clique_count_gap_inputs.GAP/GAP-road             n/a 
         four_clique_count_gap_inputs.GAP/GAP-twitter           n/a 
           four_clique_count_gap_inputs.GAP/GAP-web             n/a 
          four_clique_count_gap_inputs.GAP/GAP-kron             n/a 
          four_clique_count_gap_inputs.GAP/GAP-urand            n/a 
============================================================== =====

·· ============================================================== =====
                              dataset                                  
   -------------------------------------------------------------- -----
    four_clique_count_test_inputs.test_4clique_count_complete_k3   n/a 
     four_clique_count_test_inputs.test_4clique_count_single_k4    n/a 
    four_clique_count_test_inputs.test_4clique_count_overlapping   n/a 
        four_clique_count_test_inputs.test_4clique_snap_toy        n/a 
     four_clique_count_inputs.snap-email-Eu-core-temporal-Dept3    n/a 
     four_clique_count_inputs.snap-email-Eu-core-temporal-Dept4    n/a 
             four_clique_count_gap_inputs.GAP/GAP-road             n/a 
            four_clique_count_gap_inputs.GAP/GAP-twitter           n/a 
              four_clique_count_gap_inputs.GAP/GAP-web             n/a 
             four_clique_count_gap_inputs.GAP/GAP-kron             n/a 
             four_clique_count_gap_inputs.GAP/GAP-urand            n/a 
   ============================================================== =====
INFO:root:...osttTensorBenchmark.time_frostt_tensor_shell

·· ...osttTensorBenchmark.time_frostt_tensor_shell                 okINFO:root:================================== =====
             dataset                    
---------------------------------- -----
    frostt_tensor.matmul_2_2_2      n/a 
    frostt_tensor.matmul_3_3_3      n/a 
    frostt_tensor.matmul_4_3_2      n/a 
    frostt_tensor.matmul_4_4_3      n/a 
    frostt_tensor.matmul_4_4_4      n/a 
    frostt_tensor.matmul_5_5_5      n/a 
    frostt_tensor.matmul_6_3_3      n/a 
       frostt_tensor.nell_2         n/a 
 frostt_tensor.chicago_crime_comm   n/a 
    frostt_tensor.lbnl_network      n/a 
        frostt_tensor.toy           n/a 
        frostt_tensor.nips          n/a 
    frostt_tensor.uber_pickups      n/a 
 frostt_tensor.chicago_crime_geo    n/a 
  frostt_tensor.vast_2015_mc1_3d    n/a 
       frostt_tensor.nell_1         n/a 
  frostt_tensor.vast_2015_mc1_5d    n/a 
       frostt_tensor.enron          n/a 
     frostt_tensor.flickr_3d        n/a 
     frostt_tensor.flickr_4d        n/a 
    frostt_tensor.delicious_3d      n/a 
    frostt_tensor.delicious_4d      n/a 
   frostt_tensor.amazon_reviews     n/a 
      frostt_tensor.patents         n/a 
    frostt_tensor.reddit_2015       n/a 
        frostt_tensor.fb_m          n/a 
       frostt_tensor.darpa          n/a 
       frostt_tensor.lanl2          n/a 
================================== =====

·· ================================== =====
                dataset                    
   ---------------------------------- -----
       frostt_tensor.matmul_2_2_2      n/a 
       frostt_tensor.matmul_3_3_3      n/a 
       frostt_tensor.matmul_4_3_2      n/a 
       frostt_tensor.matmul_4_4_3      n/a 
       frostt_tensor.matmul_4_4_4      n/a 
       frostt_tensor.matmul_5_5_5      n/a 
       frostt_tensor.matmul_6_3_3      n/a 
          frostt_tensor.nell_2         n/a 
    frostt_tensor.chicago_crime_comm   n/a 
       frostt_tensor.lbnl_network      n/a 
           frostt_tensor.toy           n/a 
           frostt_tensor.nips          n/a 
       frostt_tensor.uber_pickups      n/a 
    frostt_tensor.chicago_crime_geo    n/a 
     frostt_tensor.vast_2015_mc1_3d    n/a 
          frostt_tensor.nell_1         n/a 
     frostt_tensor.vast_2015_mc1_5d    n/a 
          frostt_tensor.enron          n/a 
        frostt_tensor.flickr_3d        n/a 
        frostt_tensor.flickr_4d        n/a 
       frostt_tensor.delicious_3d      n/a 
       frostt_tensor.delicious_4d      n/a 
      frostt_tensor.amazon_reviews     n/a 
         frostt_tensor.patents         n/a 
       frostt_tensor.reddit_2015       n/a 
           frostt_tensor.fb_m          n/a 
          frostt_tensor.darpa          n/a 
          frostt_tensor.lanl2          n/a 
   ================================== =====
INFO:root:...l_counting.MCCompBenchmark.time_mccomp_shell

·· ...l_counting.MCCompBenchmark.time_mccomp_shell                 okINFO:root:=================================== =====
              dataset                    
----------------------------------- -----
    mccomp.track1_mc_random_mc_1     n/a 
    mccomp.track1_mc_random_mc_2     n/a 
    mccomp.track1_mc_random_mc_3     n/a 
    mccomp.track1_mc_random_mc_4     n/a 
    mccomp.track1_mc_random_mc_5     n/a 
    mccomp.track1_mc_random_mc_6     n/a 
    mccomp.track1_mc_random_mc_7     n/a 
    mccomp.track1_mc_random_mc_8     n/a 
    mccomp.track1_mc_random_mc_9     n/a 
   mccomp.track1_mc_random_mc_10     n/a 
   mccomp.track3_pmc_random_pmc_1    n/a 
   mccomp.track3_pmc_random_pmc_2    n/a 
   mccomp.track3_pmc_random_pmc_3    n/a 
   mccomp.track3_pmc_random_pmc_4    n/a 
   mccomp.track3_pmc_random_pmc_5    n/a 
   mccomp.track3_pmc_random_pmc_6    n/a 
   mccomp.track3_pmc_random_pmc_7    n/a 
   mccomp.track3_pmc_random_pmc_8    n/a 
   mccomp.track3_pmc_random_pmc_9    n/a 
  mccomp.track3_pmc_random_pmc_10    n/a 
  mccomp.track4_pwmc_random_pwmc_1   n/a 
  mccomp.track4_pwmc_random_pwmc_2   n/a 
  mccomp.track4_pwmc_random_pwmc_3   n/a 
  mccomp.track4_pwmc_random_pwmc_4   n/a 
  mccomp.track4_pwmc_random_pwmc_5   n/a 
  mccomp.track4_pwmc_random_pwmc_6   n/a 
  mccomp.track4_pwmc_random_pwmc_7   n/a 
  mccomp.track4_pwmc_random_pwmc_8   n/a 
  mccomp.track4_pwmc_random_pwmc_9   n/a 
 mccomp.track4_pwmc_random_pwmc_10   n/a 
  mccomp.track5b_amc_random_amc_1    n/a 
  mccomp.track5b_amc_random_amc_2    n/a 
  mccomp.track5b_amc_random_amc_3    n/a 
  mccomp.track5b_amc_random_amc_4    n/a 
  mccomp.track5b_amc_random_amc_5    n/a 
  mccomp.track5b_amc_random_amc_6    n/a 
  mccomp.track5b_amc_random_amc_7    n/a 
  mccomp.track5b_amc_random_amc_8    n/a 
  mccomp.track5b_amc_random_amc_9    n/a 
  mccomp.track5b_amc_random_amc_10   n/a 
=================================== =====

·· =================================== =====
                 dataset                    
   ----------------------------------- -----
       mccomp.track1_mc_random_mc_1     n/a 
       mccomp.track1_mc_random_mc_2     n/a 
       mccomp.track1_mc_random_mc_3     n/a 
       mccomp.track1_mc_random_mc_4     n/a 
       mccomp.track1_mc_random_mc_5     n/a 
       mccomp.track1_mc_random_mc_6     n/a 
       mccomp.track1_mc_random_mc_7     n/a 
       mccomp.track1_mc_random_mc_8     n/a 
       mccomp.track1_mc_random_mc_9     n/a 
      mccomp.track1_mc_random_mc_10     n/a 
      mccomp.track3_pmc_random_pmc_1    n/a 
      mccomp.track3_pmc_random_pmc_2    n/a 
      mccomp.track3_pmc_random_pmc_3    n/a 
      mccomp.track3_pmc_random_pmc_4    n/a 
      mccomp.track3_pmc_random_pmc_5    n/a 
      mccomp.track3_pmc_random_pmc_6    n/a 
      mccomp.track3_pmc_random_pmc_7    n/a 
      mccomp.track3_pmc_random_pmc_8    n/a 
      mccomp.track3_pmc_random_pmc_9    n/a 
     mccomp.track3_pmc_random_pmc_10    n/a 
     mccomp.track4_pwmc_random_pwmc_1   n/a 
     mccomp.track4_pwmc_random_pwmc_2   n/a 
     mccomp.track4_pwmc_random_pwmc_3   n/a 
     mccomp.track4_pwmc_random_pwmc_4   n/a 
     mccomp.track4_pwmc_random_pwmc_5   n/a 
     mccomp.track4_pwmc_random_pwmc_6   n/a 
     mccomp.track4_pwmc_random_pwmc_7   n/a 
     mccomp.track4_pwmc_random_pwmc_8   n/a 
     mccomp.track4_pwmc_random_pwmc_9   n/a 
    mccomp.track4_pwmc_random_pwmc_10   n/a 
     mccomp.track5b_amc_random_amc_1    n/a 
     mccomp.track5b_amc_random_amc_2    n/a 
     mccomp.track5b_amc_random_amc_3    n/a 
     mccomp.track5b_amc_random_amc_4    n/a 
     mccomp.track5b_amc_random_amc_5    n/a 
     mccomp.track5b_amc_random_amc_6    n/a 
     mccomp.track5b_amc_random_amc_7    n/a 
     mccomp.track5b_amc_random_amc_8    n/a 
     mccomp.track5b_amc_random_amc_9    n/a 
     mccomp.track5b_amc_random_amc_10   n/a 
   =================================== =====
INFO:root:...delCounting.time_Model Counting using einsum

·· ...delCounting.time_Model Counting using einsum                 okINFO:root:================================== =====
             dataset                    
---------------------------------- -----
       mc_generator.test_1          n/a 
       mc_generator.test_2          n/a 
       mc_generator.test_3          n/a 
       mc_generator.test_4          n/a 
 mccomp_mc.track1_mc_random_mc_1    n/a 
 mccomp_mc.track1_mc_random_mc_2    n/a 
 mccomp_mc.track1_mc_random_mc_3    n/a 
 mccomp_mc.track1_mc_random_mc_4    n/a 
 mccomp_mc.track1_mc_random_mc_5    n/a 
 mccomp_mc.track1_mc_random_mc_6    n/a 
 mccomp_mc.track1_mc_random_mc_7    n/a 
 mccomp_mc.track1_mc_random_mc_8    n/a 
 mccomp_mc.track1_mc_random_mc_9    n/a 
 mccomp_mc.track1_mc_random_mc_10   n/a 
================================== =====

·· ================================== =====
                dataset                    
   ---------------------------------- -----
          mc_generator.test_1          n/a 
          mc_generator.test_2          n/a 
          mc_generator.test_3          n/a 
          mc_generator.test_4          n/a 
    mccomp_mc.track1_mc_random_mc_1    n/a 
    mccomp_mc.track1_mc_random_mc_2    n/a 
    mccomp_mc.track1_mc_random_mc_3    n/a 
    mccomp_mc.track1_mc_random_mc_4    n/a 
    mccomp_mc.track1_mc_random_mc_5    n/a 
    mccomp_mc.track1_mc_random_mc_6    n/a 
    mccomp_mc.track1_mc_random_mc_7    n/a 
    mccomp_mc.track1_mc_random_mc_8    n/a 
    mccomp_mc.track1_mc_random_mc_9    n/a 
    mccomp_mc.track1_mc_random_mc_10   n/a 
   ================================== =====
INFO:root:....MaskedMRIEdgeBenchmark.time_masked_mri_edge

·· ....MaskedMRIEdgeBenchmark.time_masked_mri_edge                 okINFO:root:===================================================================== =====
                               dataset                                     
--------------------------------------------------------------------- -----
          masked_mri_test_inputs.test_masked_mri_zero_image            n/a 
           masked_mri_test_inputs.test_masked_mri_basic_roi            n/a 
 masked_mri_test_inputs.test_masked_mri_generator_builds_default_roi   n/a 
                    masked_mri_inputs.masked_mri_1                     n/a 
                    masked_mri_inputs.masked_mri_2                     n/a 
                    masked_mri_inputs.masked_mri_3                     n/a 
                    masked_mri_inputs.masked_mri_4                     n/a 
===================================================================== =====

·· ===================================================================== =====
                                  dataset                                     
   --------------------------------------------------------------------- -----
             masked_mri_test_inputs.test_masked_mri_zero_image            n/a 
              masked_mri_test_inputs.test_masked_mri_basic_roi            n/a 
    masked_mri_test_inputs.test_masked_mri_generator_builds_default_roi   n/a 
                       masked_mri_inputs.masked_mri_1                     n/a 
                       masked_mri_inputs.masked_mri_2                     n/a 
                       masked_mri_inputs.masked_mri_3                     n/a 
                       masked_mri_inputs.masked_mri_4                     n/a 
   ===================================================================== =====
INFO:root:...etflixPrizeBenchmark.time_netflixprize_shell

·· ...etflixPrizeBenchmark.time_netflixprize_shell                 okINFO:root:====================== =====
       dataset              
---------------------- -----
 netflixprize.netflix   n/a 
====================== =====

·· ====================== =====
          dataset              
   ---------------------- -----
    netflixprize.netflix   n/a 
   ====================== =====
INFO:root:...ICOTBackwardEuler.time_slicot_backward_euler

·· ...ICOTBackwardEuler.time_slicot_backward_euler                 okINFO:root:============================= =====
           dataset                 
----------------------------- -----
    slicot_ode.slicot_eady     n/a 
  slicot_ode.slicot_cdplayer   n/a 
    slicot_ode.slicot_fom      n/a 
   slicot_ode.slicot_random    n/a 
    slicot_ode.slicot_pde      n/a 
 slicot_ode.slicot_heat_cont   n/a 
  slicot_ode.slicot_orr_som    n/a 
    slicot_ode.slicot_iss      n/a 
   slicot_ode.slicot_build     n/a 
    slicot_ode.slicot_beam     n/a 
============================= =====

·· ============================= =====
              dataset                 
   ----------------------------- -----
       slicot_ode.slicot_eady     n/a 
     slicot_ode.slicot_cdplayer   n/a 
       slicot_ode.slicot_fom      n/a 
      slicot_ode.slicot_random    n/a 
       slicot_ode.slicot_pde      n/a 
    slicot_ode.slicot_heat_cont   n/a 
     slicot_ode.slicot_orr_som    n/a 
       slicot_ode.slicot_iss      n/a 
      slicot_ode.slicot_build     n/a 
       slicot_ode.slicot_beam     n/a 
   ============================= =====
INFO:root:...OGBNodePropBenchmark.time_ogb_nodeprop_shell

·· ...OGBNodePropBenchmark.time_ogb_nodeprop_shell                 okINFO:root:============================ =====
          dataset                 
---------------------------- -----
  ogb_nodeprop.ogbn_arxiv     n/a 
 ogb_nodeprop.ogbn_products   n/a 
 ogb_nodeprop.ogbn_proteins   n/a 
============================ =====

·· ============================ =====
             dataset                 
   ---------------------------- -----
     ogb_nodeprop.ogbn_arxiv     n/a 
    ogb_nodeprop.ogbn_products   n/a 
    ogb_nodeprop.ogbn_proteins   n/a 
   ============================ =====
INFO:root:...MLDatasetBenchmark.time_openml_dataset_shell

·· ...MLDatasetBenchmark.time_openml_dataset_shell                 okINFO:root:======================== =====
        dataset               
------------------------ -----
  openml_dataset.mnist    n/a 
 openml_dataset.cifar10   n/a 
======================== =====

·· ======================== =====
           dataset               
   ------------------------ -----
     openml_dataset.mnist    n/a 
    openml_dataset.cifar10   n/a 
   ======================== =====
INFO:root:pagerank.PageRankBenchmark.time_pagerank

·· pagerank.PageRankBenchmark.time_pagerank                        okINFO:root:===================================================== =====
                       dataset                             
----------------------------------------------------- -----
  pagerank_test_inputs.test_pagerank_two_node_cycle    n/a 
 pagerank_test_inputs.test_pagerank_three_node_chain   n/a 
   pagerank_test_inputs.test_pagerank_two_node_sink    n/a 
 pagerank_test_inputs.test_pagerank_against_networkx   n/a 
     pagerank_test_inputs.test_pagerank_snap_toy       n/a 
          pagerank_inputs.snap-email-Eu-core           n/a 
             pagerank_inputs.snap-ca-GrQc              n/a 
         pagerank_inputs.snap-p2p-Gnutella04           n/a 
           pagerank_gap_inputs.GAP/GAP-road            n/a 
         pagerank_gap_inputs.GAP/GAP-twitter           n/a 
           pagerank_gap_inputs.GAP/GAP-web             n/a 
           pagerank_gap_inputs.GAP/GAP-kron            n/a 
          pagerank_gap_inputs.GAP/GAP-urand            n/a 
===================================================== =====

·· ===================================================== =====
                          dataset                             
   ----------------------------------------------------- -----
     pagerank_test_inputs.test_pagerank_two_node_cycle    n/a 
    pagerank_test_inputs.test_pagerank_three_node_chain   n/a 
      pagerank_test_inputs.test_pagerank_two_node_sink    n/a 
    pagerank_test_inputs.test_pagerank_against_networkx   n/a 
        pagerank_test_inputs.test_pagerank_snap_toy       n/a 
             pagerank_inputs.snap-email-Eu-core           n/a 
                pagerank_inputs.snap-ca-GrQc              n/a 
            pagerank_inputs.snap-p2p-Gnutella04           n/a 
              pagerank_gap_inputs.GAP/GAP-road            n/a 
            pagerank_gap_inputs.GAP/GAP-twitter           n/a 
              pagerank_gap_inputs.GAP/GAP-web             n/a 
              pagerank_gap_inputs.GAP/GAP-kron            n/a 
             pagerank_gap_inputs.GAP/GAP-urand            n/a 
   ===================================================== =====
INFO:root:...tumStatevectorBenchmark.time_rqc_statevector

·· ...tumStatevectorBenchmark.time_rqc_statevector                 okINFO:root:================================================= =====
                     dataset                           
------------------------------------------------- -----
      quantum_test_inputs.statevector_basic        n/a 
          quantum_test_inputs.gate_H_q0            n/a 
          quantum_test_inputs.gate_H_q1            n/a 
          quantum_test_inputs.gate_H_q2            n/a 
          quantum_test_inputs.gate_H_q3            n/a 
          quantum_test_inputs.gate_X_q0            n/a 
          quantum_test_inputs.gate_X_q1            n/a 
          quantum_test_inputs.gate_X_q2            n/a 
          quantum_test_inputs.gate_X_q3            n/a 
          quantum_test_inputs.gate_Y_q0            n/a 
          quantum_test_inputs.gate_Y_q1            n/a 
          quantum_test_inputs.gate_Y_q2            n/a 
          quantum_test_inputs.gate_Y_q3            n/a 
          quantum_test_inputs.gate_Z_q0            n/a 
          quantum_test_inputs.gate_Z_q1            n/a 
          quantum_test_inputs.gate_Z_q2            n/a 
          quantum_test_inputs.gate_Z_q3            n/a 
          quantum_test_inputs.gate_S_q0            n/a 
          quantum_test_inputs.gate_S_q1            n/a 
          quantum_test_inputs.gate_S_q2            n/a 
          quantum_test_inputs.gate_S_q3            n/a 
          quantum_test_inputs.gate_T_q0            n/a 
          quantum_test_inputs.gate_T_q1            n/a 
          quantum_test_inputs.gate_T_q2            n/a 
          quantum_test_inputs.gate_T_q3            n/a 
 quantum_test_inputs.h_twice_returns_to_original   n/a 
     quantum_state_inputs.single_layer_small       n/a 
      quantum_state_inputs.single_layer_tiny       n/a 
================================================= =====

·· ================================================= =====
                        dataset                           
   ------------------------------------------------- -----
         quantum_test_inputs.statevector_basic        n/a 
             quantum_test_inputs.gate_H_q0            n/a 
             quantum_test_inputs.gate_H_q1            n/a 
             quantum_test_inputs.gate_H_q2            n/a 
             quantum_test_inputs.gate_H_q3            n/a 
             quantum_test_inputs.gate_X_q0            n/a 
             quantum_test_inputs.gate_X_q1            n/a 
             quantum_test_inputs.gate_X_q2            n/a 
             quantum_test_inputs.gate_X_q3            n/a 
             quantum_test_inputs.gate_Y_q0            n/a 
             quantum_test_inputs.gate_Y_q1            n/a 
             quantum_test_inputs.gate_Y_q2            n/a 
             quantum_test_inputs.gate_Y_q3            n/a 
             quantum_test_inputs.gate_Z_q0            n/a 
             quantum_test_inputs.gate_Z_q1            n/a 
             quantum_test_inputs.gate_Z_q2            n/a 
             quantum_test_inputs.gate_Z_q3            n/a 
             quantum_test_inputs.gate_S_q0            n/a 
             quantum_test_inputs.gate_S_q1            n/a 
             quantum_test_inputs.gate_S_q2            n/a 
             quantum_test_inputs.gate_S_q3            n/a 
             quantum_test_inputs.gate_T_q0            n/a 
             quantum_test_inputs.gate_T_q1            n/a 
             quantum_test_inputs.gate_T_q2            n/a 
             quantum_test_inputs.gate_T_q3            n/a 
    quantum_test_inputs.h_twice_returns_to_original   n/a 
        quantum_state_inputs.single_layer_small       n/a 
         quantum_state_inputs.single_layer_tiny       n/a 
   ================================================= =====
INFO:root:...ge.MRISobelEdgeBenchmark.time_mri_sobel_edge

·· ...ge.MRISobelEdgeBenchmark.time_mri_sobel_edge                 okINFO:root:===================================================== =====
                       dataset                             
----------------------------------------------------- -----
     mri_sobel_test_inputs.test_sobel_zero_image       n/a 
    mri_sobel_test_inputs.test_sobel_vertical_edge     n/a 
   mri_sobel_test_inputs.test_sobel_horizontal_edge    n/a 
 mri_sobel_test_inputs.test_sobel_generator_metadata   n/a 
             mri_sobel_inputs.mri_sobel_1              n/a 
             mri_sobel_inputs.mri_sobel_2              n/a 
             mri_sobel_inputs.mri_sobel_3              n/a 
             mri_sobel_inputs.mri_sobel_4              n/a 
===================================================== =====

·· ===================================================== =====
                          dataset                             
   ----------------------------------------------------- -----
        mri_sobel_test_inputs.test_sobel_zero_image       n/a 
       mri_sobel_test_inputs.test_sobel_vertical_edge     n/a 
      mri_sobel_test_inputs.test_sobel_horizontal_edge    n/a 
    mri_sobel_test_inputs.test_sobel_generator_metadata   n/a 
                mri_sobel_inputs.mri_sobel_1              n/a 
                mri_sobel_inputs.mri_sobel_2              n/a 
                mri_sobel_inputs.mri_sobel_3              n/a 
                mri_sobel_inputs.mri_sobel_4              n/a 
   ===================================================== =====
INFO:root:...aphBenchmark.time_subgraph_gcare_graph_shell

·· ...aphBenchmark.time_subgraph_gcare_graph_shell                 okINFO:root:============================= =====
           dataset                 
----------------------------- -----
  subgraph_gcare_graph.human   n/a 
  subgraph_gcare_graph.aids    n/a 
 subgraph_gcare_graph.lubm80   n/a 
  subgraph_gcare_graph.yago    n/a 
============================= =====

·· ============================= =====
              dataset                 
   ----------------------------- -----
     subgraph_gcare_graph.human   n/a 
     subgraph_gcare_graph.aids    n/a 
    subgraph_gcare_graph.lubm80   n/a 
     subgraph_gcare_graph.yago    n/a 
   ============================= =====
INFO:root:...atrixBenchmark.time_suitesparse_matrix_shell

·· ...atrixBenchmark.time_suitesparse_matrix_shell[2026-09-10T22:40:47.106] error: *** JOB 13076610 ON atl1-1-01-002-26-1 CANCELLED AT 2026-09-10T22:40:47 DUE TO TIME LIMIT ***
---------------------------------------
Begin Slurm Epilog: Sep-10-2026 22:40:49
Job ID:        13076610
User ID:       wahrens6
Account:       gts-wahrens6
Job name:      dataset-upload
Resources:     cpu=1,mem=450G,node=1
Rsrc Used:     cput=04:00:24,vmem=0,walltime=04:00:24,mem=269610504K,energy_used=0
Partition:     cpu-amd
QOS:           embers
Nodes:         atl1-1-01-002-26-1
---------------------------------------
